<?xml version="1.0"?>
<COLLADA xmlns="http://www.collada.org/2005/11/COLLADASchema" version="1.4.1">
  <asset>
    <contributor>
      <author>Assimp</author>
      <authoring_tool>Assimp Exporter</authoring_tool>
    </contributor>
    <created>2020-02-12T14:55:36</created>
    <modified>2020-02-12T14:55:36</modified>
    <unit name="meter" meter="0.01" />
    <up_axis>Y_UP</up_axis>
  </asset>
  <library_effects>
    <effect id="DefaultMaterial-fx" name="DefaultMaterial">
      <profile_COMMON>
        <technique sid="standard">
          <phong>
          </phong>
        </technique>
      </profile_COMMON>
    </effect>
  </library_effects>
  <library_materials>
    <material id="DefaultMaterial" name="DefaultMaterial">
      <instance_effect url="#DefaultMaterial-fx"/>
    </material>
  </library_materials>
  <library_geometries>
    <geometry id="meshId0" name="meshId0_name" >
      <mesh>
        <source id="meshId0-positions" name="meshId0-positions">
          <float_array id="meshId0-positions-array" count="5754"> -1.56805e-07 -0.681083 -0.604195 -2.25408e-07 -0.620306 -0.63294 0.0620389 -0.620306 -0.629892 0.0592214 -0.681083 -0.601286 -1.56805e-07 0.126298 -0.484432 -1.56805e-07 0.171448 -0.434616 0.0425997 0.171448 -0.432524 0.0474825 0.126298 -0.482099 -1.56805e-07 -0.738749 -0.569631 0.0558335 -0.738749 -0.566888 -1.56805e-07 0.0764823 -0.529581 0.0519079 0.0764823 -0.527031 -1.56805e-07 -0.79275 -0.529581 0.0519079 -0.79275 -0.527031 -1.56805e-07 0.0224815 -0.569631 0.0558335 0.0224815 -0.566888 -1.56805e-07 -0.842566 -0.484431 0.0474825 -0.842566 -0.482099 -1.59052e-07 -0.0351849 -0.604195 0.0592214 -0.0351849 -0.601286 -1.56805e-07 -0.887715 -0.434616 0.0425997 -0.887715 -0.432523 -1.56805e-07 -0.0959615 -0.63294 0.0620389 -0.0959615 -0.629892 -1.56805e-07 -0.927765 -0.380615 0.0373067 -0.927765 -0.378782 -1.56805e-07 -0.159263 -0.65559 0.0642589 -0.159263 -0.652433 -1.05456e-07 -0.962329 -0.322948 0.0316544 -0.962329 -0.321393 -3.2239e-07 -0.22448 -0.671926 0.0658601 -0.22448 -0.66869 -1.56805e-07 0.323657 -0.0671507 -7.04063e-07 0.326956 3.87655e-07 0.0065818 0.323657 -0.0668274 -1.13113e-07 -0.991074 -0.262172 0.0256972 -0.991074 -0.26091 -1.56805e-07 -0.290983 -0.681791 0.0668271 -0.290983 -0.678508 -1.56805e-07 0.313792 -0.133655 0.0131003 0.313792 -0.133011 -1.56805e-07 -0.358134 -0.68509 0.0671504 -0.358134 -0.681791 -1.56805e-07 0.297456 -0.198871 0.0194927 0.297456 -0.197914 -1.56805e-07 -0.425285 -0.681791 0.0668271 -0.425285 -0.678508 -1.56805e-07 0.274806 -0.262173 0.0256973 0.274806 -0.26091 -3.2239e-07 -0.491788 -0.671926 0.0658601 -0.491788 -0.66869 -1.56805e-07 0.246061 -0.322949 0.0316544 0.246061 -0.321394 -1.56805e-07 -0.557005 -0.65559 0.0642589 -0.557005 -0.652433 -1.56805e-07 0.211497 -0.380616 0.0373067 0.211497 -0.378783 0.0671504 -0.358134 -0.681791 0.0668271 -0.290983 -0.678508 0.133011 -0.290983 -0.66869 0.133654 -0.358134 -0.671926 0.0194927 0.297456 -0.197914 0.0131003 0.313792 -0.133011 0.0260746 0.313792 -0.131086 0.0387978 0.297456 -0.19505 0.0668271 -0.425285 -0.678508 0.133011 -0.425285 -0.66869 0.0256973 0.274806 -0.26091 0.0511472 0.274806 -0.257135 0.0658601 -0.491788 -0.66869 0.131086 -0.491788 -0.659015 0.0316544 0.246061 -0.321394 0.0630042 0.246061 -0.316744 0.0642589 -0.557005 -0.652433 0.127899 -0.557005 -0.642993 0.0373067 0.211497 -0.378783 0.0742543 0.211497 -0.373302 0.0620389 -0.620306 -0.629892 0.12348 -0.620306 -0.620778 0.0425997 0.171448 -0.432524 0.0847894 0.171448 -0.426265 0.0592214 -0.681083 -0.601286 0.117873 -0.681083 -0.592585 0.0474825 0.126298 -0.482099 0.0945078 0.126298 -0.475123 0.0558335 -0.738749 -0.566888 0.111129 -0.738749 -0.558686 0.0519079 0.0764823 -0.527031 0.103316 0.0764823 -0.519406 0.0519079 -0.79275 -0.527031 0.103316 -0.79275 -0.519405 0.0558335 0.0224815 -0.566888 0.111129 0.0224815 -0.558686 0.0474825 -0.842566 -0.482099 0.0945078 -0.842565 -0.475123 0.0592214 -0.0351849 -0.601286 0.117873 -0.0351849 -0.592586 0.0425997 -0.887715 -0.432523 0.0847893 -0.887715 -0.426265 0.0620389 -0.0959615 -0.629892 0.12348 -0.0959615 -0.620779 0.0373067 -0.927765 -0.378782 0.0742543 -0.927765 -0.373302 0.0642589 -0.159263 -0.652433 0.127899 -0.159263 -0.642993 0.0316544 -0.962329 -0.321393 0.0630041 -0.962329 -0.316743 0.0658601 -0.22448 -0.66869 0.131086 -0.22448 -0.659015 0.0065818 0.323657 -0.0668274 -7.04063e-07 0.326956 3.87655e-07 0.0131004 0.323657 -0.0658604 0.0256972 -0.991074 -0.26091 0.0511472 -0.991074 -0.257134 0.197913 -0.425285 -0.652433 0.19505 -0.491788 -0.642993 0.0761046 0.274806 -0.250884 0.0937471 0.246061 -0.309043 0.190308 -0.557005 -0.62736 0.110487 0.211497 -0.364226 0.183733 -0.620306 -0.605686 0.126162 0.171448 -0.415902 0.175389 -0.681083 -0.578178 0.140623 0.126298 -0.463572 0.165355 -0.738749 -0.545103 0.153729 0.0764823 -0.506778 0.153729 -0.79275 -0.506778 0.165355 0.0224815 -0.545103 0.140623 -0.842565 -0.463572 0.175389 -0.0351849 -0.578179 0.126162 -0.887715 -0.415901 0.183733 -0.0959615 -0.605686 0.110487 -0.927765 -0.364226 0.190308 -0.159263 -0.62736 0.093747 -0.962329 -0.309042 0.19505 -0.22448 -0.642993 0.0194928 0.323657 -0.0642592 0.0761045 -0.991074 -0.250883 0.197913 -0.290983 -0.652433 0.0387978 0.313792 -0.127899 0.198871 -0.358134 -0.65559 0.0577292 0.297456 -0.190308 0.250883 -0.557005 -0.605686 0.242216 -0.620306 -0.58476 0.145655 0.211497 -0.351643 0.16632 0.171448 -0.401533 0.231215 -0.681083 -0.558203 0.185384 0.126298 -0.447556 0.217988 -0.738749 -0.52627 0.202662 0.0764823 -0.489269 0.202662 -0.79275 -0.489269 0.217988 0.0224815 -0.526271 0.185384 -0.842565 -0.447556 0.231215 -0.0351849 -0.558203 0.16632 -0.887715 -0.401533 0.242216 -0.0959615 -0.584761 0.145655 -0.927765 -0.351642 0.250883 -0.159263 -0.605686 0.123587 -0.962329 -0.298366 0.257135 -0.22448 -0.620778 0.0256974 0.323657 -0.0620391 0.100329 -0.991074 -0.242215 0.26091 -0.290983 -0.629892 0.0511474 0.313792 -0.123481 0.262172 -0.358134 -0.63294 0.0761047 0.297456 -0.183733 0.26091 -0.425285 -0.629892 0.100329 0.274806 -0.242216 0.257135 -0.491788 -0.620778 0.123587 0.246061 -0.298366 0.284816 -0.681083 -0.532852 0.268522 -0.738749 -0.50237 0.228359 0.126298 -0.42723 0.249643 0.0764823 -0.467049 0.249643 -0.79275 -0.467049 0.268522 0.0224815 -0.50237 0.228359 -0.842565 -0.42723 0.284816 -0.0351849 -0.532852 0.204877 -0.887715 -0.383297 0.298366 -0.0959615 -0.558203 0.179421 -0.927765 -0.335672 0.309043 -0.159263 -0.578179 0.152237 -0.962329 -0.284815 0.316744 -0.22448 -0.592586 0.0316546 0.323657 -0.0592216 0.123587 -0.991074 -0.231215 0.321394 -0.290983 -0.601286 0.0630043 0.313792 -0.117873 0.322949 -0.358134 -0.604195 0.0937472 0.297456 -0.175389 0.321394 -0.425285 -0.601286 0.123587 0.274806 -0.231216 0.316744 -0.491788 -0.592586 0.152237 0.246061 -0.284816 0.309043 -0.557005 -0.578179 0.179421 0.211497 -0.335673 0.298366 -0.620306 -0.558203 0.204877 0.171448 -0.383297 0.29422 -0.79275 -0.440331 0.269136 -0.842565 -0.40279 0.31647 0.0224815 -0.473631 0.335673 -0.0351849 -0.50237 0.24146 -0.887715 -0.36137 0.351643 -0.0959615 -0.526271 0.211459 -0.927765 -0.31647 0.364226 -0.159263 -0.545103 0.179421 -0.962329 -0.268522 0.373302 -0.22448 -0.558686 0.037307 0.323657 -0.0558337 0.145655 -0.991074 -0.217988 0.378783 -0.290983 -0.566888 0.0742545 0.313792 -0.11113 0.380615 -0.358134 -0.569631 0.110487 0.297456 -0.165355 0.378783 -0.425285 -0.566888 0.145655 0.274806 -0.217988 0.373302 -0.491788 -0.558686 0.179421 0.246061 -0.268522 0.364226 -0.557005 -0.545103 0.211459 0.211497 -0.31647 0.351643 -0.620306 -0.52627 0.24146 0.171448 -0.36137 0.335673 -0.681083 -0.50237 0.269136 0.126298 -0.40279 0.31647 -0.738749 -0.473631 0.29422 0.0764823 -0.440331 0.275718 -0.887715 -0.335963 0.24146 -0.927765 -0.294219 0.401533 -0.0959615 -0.489269 0.415902 -0.159263 -0.506778 0.204877 -0.962329 -0.249642 0.426265 -0.22448 -0.519406 0.0426 0.323657 -0.0519081 0.16632 -0.991074 -0.202662 0.432524 -0.290983 -0.527031 0.0847896 0.313792 -0.103316 0.434616 -0.358134 -0.529581 0.126163 0.297456 -0.153729 0.432524 -0.425285 -0.527031 0.166321 0.274806 -0.202662 0.426265 -0.491788 -0.519405 0.204877 0.246061 -0.249643 0.415902 -0.557005 -0.506778 0.24146 0.211497 -0.29422 0.401533 -0.620306 -0.489269 0.275718 0.171448 -0.335963 0.383297 -0.681083 -0.467049 0.30732 0.126298 -0.374471 0.36137 -0.738749 -0.440331 0.335963 0.0764823 -0.409372 0.335963 -0.79275 -0.409372 0.36137 0.0224815 -0.440331 0.30732 -0.842565 -0.37447 0.383297 -0.0351849 -0.467049 0.0474828 0.323657 -0.0474826 0.228359 -0.962329 -0.228359 0.185384 -0.991074 -0.185383 0.475123 -0.22448 -0.475123 0.482099 -0.290983 -0.482099 0.0945081 0.313792 -0.094508 0.484432 -0.358134 -0.484431 0.140623 0.297456 -0.140623 0.482099 -0.425285 -0.482099 0.185384 0.274806 -0.185384 0.475123 -0.491788 -0.475123 0.22836 0.246061 -0.228359 0.463572 -0.557005 -0.463572 0.269136 0.211497 -0.269136 0.447556 -0.620306 -0.447556 0.30732 0.171448 -0.30732 0.42723 -0.681083 -0.42723 0.342545 0.126298 -0.342545 0.40279 -0.738749 -0.40279 0.374471 0.0764824 -0.374471 0.374471 -0.79275 -0.37447 0.40279 0.0224815 -0.40279 0.342545 -0.842565 -0.342544 0.427231 -0.0351849 -0.42723 0.30732 -0.887715 -0.30732 0.447556 -0.0959615 -0.447556 0.269136 -0.927765 -0.269135 0.463572 -0.159263 -0.463572 0.103316 0.313792 -0.0847894 0.15373 0.297456 -0.126162 0.529581 -0.358134 -0.434616 0.527031 -0.425284 -0.432523 0.202662 0.274806 -0.16632 0.519406 -0.491788 -0.426265 0.249643 0.246061 -0.204877 0.506778 -0.557005 -0.415902 0.29422 0.211497 -0.24146 0.489269 -0.620306 -0.401533 0.335963 0.171448 -0.275718 0.467049 -0.681083 -0.383297 0.374471 0.126298 -0.30732 0.440331 -0.738749 -0.36137 0.409372 0.0764824 -0.335963 0.409372 -0.79275 -0.335963 0.440331 0.0224815 -0.36137 0.374471 -0.842565 -0.30732 0.467049 -0.0351848 -0.383297 0.335963 -0.887715 -0.275717 0.489269 -0.0959615 -0.401533 0.29422 -0.927765 -0.241459 0.506778 -0.159263 -0.415902 0.249643 -0.962329 -0.204876 0.519406 -0.22448 -0.426265 0.0519083 0.323657 -0.0425998 0.202662 -0.991074 -0.16632 0.527031 -0.290983 -0.432523 0.217989 0.274806 -0.145655 0.268523 0.246061 -0.179421 0.558686 -0.491788 -0.373302 0.545103 -0.557005 -0.364226 0.31647 0.211497 -0.211458 0.526271 -0.620306 -0.351642 0.36137 0.171448 -0.24146 0.50237 -0.681083 -0.335672 0.40279 0.126298 -0.269136 0.473631 -0.738749 -0.31647 0.440331 0.0764824 -0.29422 0.440331 -0.79275 -0.294219 0.473631 0.0224815 -0.31647 0.40279 -0.842565 -0.269135 0.50237 -0.0351848 -0.335673 0.36137 -0.887715 -0.241459 0.526271 -0.0959614 -0.351643 0.31647 -0.927765 -0.211458 0.545103 -0.159263 -0.364226 0.268522 -0.962329 -0.17942 0.558686 -0.22448 -0.373302 0.0558339 0.323657 -0.0373068 0.217988 -0.991074 -0.145655 0.566888 -0.290983 -0.378782 0.11113 0.313792 -0.0742543 0.569631 -0.358134 -0.380615 0.165355 0.297456 -0.110487 0.566888 -0.425284 -0.378782 0.335673 0.211497 -0.179421 0.383298 0.171448 -0.204877 0.558203 -0.620306 -0.298366 0.532853 -0.681083 -0.284815 0.427231 0.126298 -0.228359 0.50237 -0.738749 -0.268522 0.467049 0.0764824 -0.249643 0.467049 -0.79275 -0.249643 0.50237 0.0224815 -0.268522 0.42723 -0.842565 -0.228359 0.532853 -0.0351848 -0.284815 0.383297 -0.887715 -0.204876 0.558204 -0.0959614 -0.298366 0.335673 -0.927765 -0.17942 0.578179 -0.159263 -0.309043 0.284816 -0.962329 -0.152237 0.592586 -0.22448 -0.316744 0.0592218 0.323657 -0.0316544 0.231215 -0.991074 -0.123587 0.601286 -0.290983 -0.321394 0.117873 0.313792 -0.0630041 0.604195 -0.358134 -0.322949 0.175389 0.297456 -0.0937471 0.601286 -0.425284 -0.321394 0.231216 0.274806 -0.123587 0.592586 -0.491788 -0.316743 0.284816 0.246061 -0.152237 0.578179 -0.557005 -0.309043 0.447557 0.126298 -0.185384 0.48927 0.0764824 -0.202662 0.526271 -0.738749 -0.217988 0.489269 -0.79275 -0.202662 0.526271 0.0224816 -0.217988 0.447556 -0.842565 -0.185383 0.558204 -0.0351848 -0.231215 0.401533 -0.887715 -0.16632 0.584761 -0.0959614 -0.242215 0.351643 -0.927765 -0.145655 0.605686 -0.159263 -0.250883 0.298366 -0.962329 -0.123587 0.620779 -0.22448 -0.257135 0.0620393 0.323657 -0.0256972 0.242216 -0.991074 -0.100329 0.629893 -0.290983 -0.26091 0.123481 0.313792 -0.0511472 0.63294 -0.358134 -0.262172 0.183733 0.297456 -0.0761045 0.629893 -0.425284 -0.26091 0.242216 0.274806 -0.100329 0.620779 -0.491788 -0.257135 0.298366 0.246061 -0.123587 0.605686 -0.557005 -0.250883 0.351643 0.211497 -0.145655 0.584761 -0.620306 -0.242215 0.401533 0.171448 -0.16632 0.558204 -0.681083 -0.231215 0.545103 0.0224816 -0.165355 0.578179 -0.0351848 -0.175388 0.463572 -0.842565 -0.140623 0.415902 -0.887715 -0.126162 0.605686 -0.0959614 -0.183733 0.364226 -0.927765 -0.110486 0.627361 -0.159263 -0.190307 0.309043 -0.962329 -0.0937466 0.642993 -0.22448 -0.19505 0.0642594 0.323657 -0.0194926 0.250883 -0.991074 -0.0761041 0.652433 -0.290983 -0.197913 0.1279 0.313792 -0.0387976 0.65559 -0.358134 -0.198871 0.190308 0.297456 -0.057729 0.652433 -0.425284 -0.197913 0.250884 0.274806 -0.0761044 0.642993 -0.491788 -0.195049 0.309043 0.246061 -0.0937469 0.627361 -0.557005 -0.190307 0.364227 0.211497 -0.110487 0.605686 -0.620306 -0.183733 0.415902 0.171448 -0.126162 0.578179 -0.681083 -0.175388 0.463572 0.126298 -0.140623 0.545103 -0.738749 -0.165355 0.506778 0.0764824 -0.153729 0.506778 -0.79275 -0.153729 0.620779 -0.0959614 -0.12348 0.642993 -0.159263 -0.127899 0.373302 -0.927765 -0.0742539 0.316744 -0.962329 -0.0630037 0.659015 -0.22448 -0.131086 0.0658606 0.323657 -0.0131002 0.257135 -0.991074 -0.0511468 0.66869 -0.290983 -0.13301 0.131087 0.313792 -0.0260744 0.671926 -0.358134 -0.133654 0.19505 0.297456 -0.0387976 0.66869 -0.425284 -0.13301 0.257135 0.274806 -0.051147 0.659015 -0.491788 -0.131086 0.316744 0.246061 -0.063004 0.642993 -0.557005 -0.127899 0.373302 0.211497 -0.0742541 0.620778 -0.620306 -0.12348 0.426265 0.171448 -0.0847891 0.592586 -0.681083 -0.117872 0.475123 0.126298 -0.0945076 0.558686 -0.738749 -0.111129 0.519406 0.0764824 -0.103316 0.519406 -0.79275 -0.103316 0.558686 0.0224816 -0.111129 0.475123 -0.842565 -0.0945074 0.592586 -0.0351848 -0.117872 0.426265 -0.887715 -0.0847889 0.66869 -0.22448 -0.06586 0.678508 -0.290983 -0.0668268 0.0668276 0.323657 -0.00658159 0.133011 0.313792 -0.0131001 0.681791 -0.358134 -0.0671502 0.197914 0.297456 -0.0194925 0.678508 -0.425284 -0.0668268 0.26091 0.274806 -0.0256971 0.66869 -0.491788 -0.0658599 0.321394 0.246061 -0.0316542 0.652433 -0.557005 -0.0642586 0.378783 0.211497 -0.0373065 0.629892 -0.620306 -0.0620387 0.432524 0.171448 -0.0425995 0.601286 -0.681083 -0.0592211 0.482099 0.126298 -0.0474823 0.566888 -0.738749 -0.0558331 0.527032 0.0764824 -0.0519078 0.527031 -0.79275 -0.0519076 0.566888 0.0224816 -0.0558333 0.482099 -0.842565 -0.0474821 0.601286 -0.0351848 -0.0592211 0.432523 -0.887715 -0.0425993 0.629893 -0.0959614 -0.0620386 0.378783 -0.927765 -0.0373063 0.652433 -0.159263 -0.0642587 0.321394 -0.962329 -0.031654 0.26091 -0.991074 -0.0256969 0.68509 -0.358134 3.72813e-07 0.681791 -0.425284 4.14379e-07 0.198871 0.297456 3.52777e-07 0.262173 0.274806 3.7178e-07 0.671926 -0.491788 3.84379e-07 0.322949 0.246061 3.4839e-07 0.65559 -0.557005 4.51152e-07 0.380616 0.211497 3.74438e-07 0.63294 -0.620306 3.4917e-07 0.434616 0.171448 3.47785e-07 0.604195 -0.681083 4.35637e-07 0.484432 0.126298 3.39828e-07 0.569631 -0.738749 4.9097e-07 0.529582 0.0764824 3.32631e-07 0.529581 -0.79275 4.99768e-07 0.569631 0.0224816 3.26116e-07 0.484432 -0.842565 5.0278e-07 0.604195 -0.0351848 3.86554e-07 0.434616 -0.887715 5.10136e-07 0.63294 -0.0959614 3.81143e-07 0.380615 -0.927765 5.47287e-07 0.65559 -0.159263 3.71039e-07 0.322949 -0.962329 5.70783e-07 0.671926 -0.224479 3.05099e-07 0.0671509 0.323657 3.62545e-07 0.262172 -0.991074 5.29527e-07 0.681791 -0.290983 3.92499e-07 0.133655 0.313792 3.39907e-07 0.66869 -0.491788 0.0658607 0.652433 -0.557005 0.0642595 0.321394 0.246061 0.0316549 0.378783 0.211497 0.0373072 0.629892 -0.620306 0.0620394 0.432524 0.171448 0.0426002 0.601286 -0.681083 0.0592219 0.482099 0.126298 0.047483 0.566888 -0.738749 0.0558341 0.527031 0.0764824 0.0519084 0.527031 -0.79275 0.0519086 0.566888 0.0224816 0.055834 0.482099 -0.842565 0.0474831 0.601286 -0.0351848 0.0592219 0.432523 -0.887715 0.0426004 0.629893 -0.0959614 0.0620394 0.378783 -0.927765 0.0373074 0.652433 -0.159263 0.0642594 0.321394 -0.962329 0.0316551 0.66869 -0.224479 0.0658606 0.0668275 0.323657 0.00658232 0.26091 -0.991074 0.0256979 0.678508 -0.290983 0.0668276 0.133011 0.313792 0.0131008 0.681791 -0.358134 0.0671509 0.197914 0.297456 0.0194932 0.678508 -0.425284 0.0668276 0.26091 0.274806 0.0256978 0.620779 -0.620306 0.123481 0.592586 -0.681083 0.117873 0.426265 0.171448 0.0847898 0.475123 0.126298 0.0945083 0.558686 -0.738749 0.11113 0.519406 0.0764825 0.103317 0.519406 -0.79275 0.103317 0.558686 0.0224816 0.11113 0.475123 -0.842565 0.0945084 0.592586 -0.0351848 0.117873 0.426265 -0.887715 0.0847899 0.620779 -0.0959614 0.123481 0.373302 -0.927765 0.0742549 0.642993 -0.159263 0.1279 0.316744 -0.962329 0.0630048 0.659015 -0.224479 0.131087 0.0658606 0.323657 0.0131009 0.257135 -0.991074 0.0511478 0.66869 -0.290983 0.133011 0.131087 0.313792 0.0260751 0.671926 -0.358134 0.133655 0.19505 0.297456 0.0387983 0.66869 -0.425284 0.133011 0.257135 0.274806 0.0511478 0.659015 -0.491788 0.131087 0.316744 0.246061 0.0630047 0.642993 -0.557005 0.1279 0.373302 0.211497 0.0742548 0.545103 -0.738749 0.165356 0.506778 -0.79275 0.15373 0.506778 0.0764825 0.15373 0.545103 0.0224816 0.165356 0.463572 -0.842565 0.140624 0.578179 -0.0351848 0.175389 0.415902 -0.887715 0.126163 0.605686 -0.0959614 0.183733 0.364226 -0.927765 0.110487 0.627361 -0.159263 0.190308 0.309043 -0.962329 0.0937477 0.642993 -0.224479 0.19505 0.0642594 0.323657 0.0194933 0.250883 -0.991074 0.0761052 0.652433 -0.290983 0.197914 0.1279 0.313792 0.0387983 0.65559 -0.358134 0.198871 0.190308 0.297456 0.0577297 0.652433 -0.425284 0.197914 0.250884 0.274806 0.0761052 0.642993 -0.491788 0.19505 0.309043 0.246061 0.0937476 0.62736 -0.557005 0.190308 0.364226 0.211497 0.110487 0.605686 -0.620306 0.183733 0.415902 0.171448 0.126163 0.578179 -0.681083 0.175389 0.463572 0.126298 0.140623 0.447556 -0.842565 0.185384 0.401533 -0.887715 0.166321 0.558203 -0.0351848 0.231216 0.58476 -0.0959613 0.242216 0.351643 -0.927765 0.145656 0.605686 -0.159263 0.250884 0.298366 -0.962329 0.123588 0.620779 -0.224479 0.257135 0.0620393 0.323657 0.025698 0.242216 -0.991074 0.10033 0.629892 -0.290983 0.26091 0.123481 0.313792 0.0511478 0.63294 -0.358134 0.262173 0.183733 0.297456 0.0761052 0.629892 -0.425284 0.26091 0.242216 0.274806 0.10033 0.620779 -0.491788 0.257135 0.298366 0.246061 0.123588 0.605686 -0.557005 0.250884 0.351643 0.211497 0.145656 0.584761 -0.620306 0.242216 0.401533 0.171448 0.166321 0.558203 -0.681083 0.231216 0.447557 0.126298 0.185384 0.52627 -0.738749 0.217989 0.489269 0.0764825 0.202662 0.489269 -0.79275 0.202663 0.526271 0.0224816 0.217989 0.335673 -0.927765 0.179421 0.284816 -0.962329 0.152238 0.578179 -0.159263 0.309043 0.592586 -0.224479 0.316744 0.0592218 0.323657 0.0316552 0.231215 -0.991074 0.123588 0.601286 -0.290983 0.321394 0.117873 0.313792 0.0630048 0.604195 -0.358134 0.322949 0.175389 0.297456 0.0937478 0.601286 -0.425284 0.321394 0.231216 0.274806 0.123588 0.592586 -0.491788 0.316744 0.284816 0.246061 0.152238 0.578179 -0.557005 0.309043 0.335673 0.211497 0.179421 0.558203 -0.620306 0.298366 0.383297 0.171448 0.204877 0.532852 -0.681083 0.284816 0.427231 0.126298 0.22836 0.50237 -0.738749 0.268523 0.467049 0.0764825 0.249643 0.467049 -0.79275 0.249643 0.50237 0.0224816 0.268523 0.42723 -0.842565 0.22836 0.532852 -0.0351847 0.284816 0.383297 -0.887715 0.204877 0.558203 -0.0959613 0.298366 0.566888 -0.290983 0.378783 0.569631 -0.358134 0.380616 0.11113 0.313792 0.074255 0.165356 0.297456 0.110488 0.566888 -0.425284 0.378783 0.217989 0.274806 0.145656 0.558686 -0.491788 0.373303 0.268523 0.246061 0.179421 0.545103 -0.557005 0.364227 0.31647 0.211497 0.211459 0.526271 -0.620306 0.351643 0.36137 0.171448 0.24146 0.50237 -0.681083 0.335673 0.40279 0.126298 0.269136 0.473631 -0.738749 0.316471 0.440331 0.0764825 0.29422 0.440331 -0.79275 0.29422 0.473631 0.0224816 0.316471 0.40279 -0.842565 0.269136 0.50237 -0.0351847 0.335673 0.36137 -0.887715 0.24146 0.526271 -0.0959613 0.351643 0.31647 -0.927765 0.211459 0.545103 -0.159263 0.364227 0.268522 -0.962329 0.179421 0.558686 -0.224479 0.373302 0.0558339 0.323657 0.0373075 0.217988 -0.991074 0.145656 0.527031 -0.425284 0.432524 0.519406 -0.491788 0.426266 0.202662 0.274806 0.166321 0.249643 0.246061 0.204877 0.506778 -0.557005 0.415902 0.29422 0.211497 0.24146 0.489269 -0.620306 0.401533 0.335963 0.171448 0.275718 0.467049 -0.681083 0.383298 0.374471 0.126298 0.307321 0.440331 -0.738749 0.361371 0.409372 0.0764825 0.335963 0.409372 -0.79275 0.335963 0.440331 0.0224816 0.361371 0.374471 -0.842565 0.307321 0.467049 -0.0351847 0.383298 0.335963 -0.887715 0.275718 0.489269 -0.0959613 0.401533 0.29422 -0.927765 0.24146 0.506778 -0.159263 0.415902 0.249643 -0.962329 0.204877 0.519406 -0.224479 0.426266 0.0519083 0.323657 0.0426005 0.202662 -0.991074 0.166321 0.527031 -0.290983 0.432524 0.103316 0.313792 0.0847901 0.529581 -0.358134 0.434617 0.15373 0.297456 0.126163 0.463572 -0.557005 0.463573 0.447556 -0.620306 0.447557 0.269136 0.211497 0.269136 0.30732 0.171448 0.307321 0.42723 -0.681083 0.427231 0.342545 0.126298 0.342545 0.40279 -0.738749 0.402791 0.374471 0.0764825 0.374471 0.37447 -0.79275 0.374471 0.40279 0.0224817 0.402791 0.342545 -0.842565 0.342545 0.42723 -0.0351847 0.427231 0.30732 -0.887715 0.307321 0.447556 -0.0959613 0.447557 0.269136 -0.927765 0.269136 0.463572 -0.159263 0.463573 0.228359 -0.962329 0.22836 0.475123 -0.224479 0.475124 0.0474828 0.323657 0.0474833 0.185384 -0.991074 0.185384 0.482099 -0.290983 0.482099 0.0945081 0.313792 0.0945086 0.484432 -0.358134 0.484432 0.140623 0.297456 0.140624 0.482099 -0.425284 0.482099 0.185384 0.274806 0.185385 0.475123 -0.491788 0.475124 0.22836 0.246061 0.22836 0.383297 -0.681083 0.46705 0.36137 -0.738749 0.440331 0.30732 0.126298 0.374471 0.335963 0.0764825 0.409372 0.335963 -0.79275 0.409372 0.36137 0.0224817 0.440331 0.30732 -0.842565 0.374471 0.383297 -0.0351847 0.46705 0.275717 -0.887715 0.335963 0.401533 -0.0959613 0.48927 0.24146 -0.927765 0.29422 0.415902 -0.159263 0.506778 0.204877 -0.962329 0.249644 0.426265 -0.224479 0.519406 0.0426 0.323657 0.0519088 0.16632 -0.991074 0.202663 0.432523 -0.290983 0.527032 0.0847896 0.313792 0.103317 0.434616 -0.358134 0.529582 0.126163 0.297456 0.15373 0.432523 -0.425284 0.527032 0.166321 0.274806 0.202663 0.426265 -0.491788 0.519406 0.204877 0.246061 0.249644 0.415902 -0.557005 0.506778 0.24146 0.211497 0.29422 0.401533 -0.620306 0.48927 0.275718 0.171448 0.335963 0.294219 -0.79275 0.440331 0.269136 -0.842565 0.402791 0.31647 0.0224817 0.473631 0.335673 -0.0351847 0.50237 0.24146 -0.887715 0.361371 0.351643 -0.0959613 0.526271 0.211458 -0.927765 0.316471 0.364226 -0.159263 0.545104 0.179421 -0.962329 0.268523 0.373302 -0.224479 0.558686 0.037307 0.323657 0.0558344 0.145655 -0.991074 0.217989 0.378782 -0.290983 0.566889 0.0742545 0.313792 0.11113 0.380615 -0.358134 0.569632 0.110487 0.297456 0.165356 0.378782 -0.425284 0.566889 0.145655 0.274806 0.217989 0.373302 -0.491788 0.558686 0.179421 0.246061 0.268523 0.364226 -0.557005 0.545104 0.211459 0.211497 0.316471 0.351643 -0.620306 0.526271 0.24146 0.171448 0.361371 0.335673 -0.681083 0.50237 0.269136 0.126298 0.402791 0.31647 -0.738749 0.473631 0.29422 0.0764825 0.440331 0.322949 -0.358134 0.604196 0.321394 -0.425284 0.601286 0.0937473 0.297456 0.175389 0.123587 0.274806 0.231216 0.316744 -0.491788 0.592586 0.152237 0.246061 0.284816 0.309043 -0.557005 0.578179 0.179421 0.211497 0.335674 0.298366 -0.620306 0.558204 0.204877 0.171448 0.383298 0.284815 -0.681083 0.532853 0.228359 0.126298 0.427231 0.268522 -0.738749 0.50237 0.249643 0.0764825 0.46705 0.249643 -0.79275 0.46705 0.268522 0.0224817 0.50237 0.228359 -0.842565 0.427231 0.284815 -0.0351847 0.532853 0.204877 -0.887715 0.383298 0.298366 -0.0959613 0.558204 0.179421 -0.927765 0.335673 0.309043 -0.159263 0.578179 0.152237 -0.962329 0.284816 0.316744 -0.224479 0.592586 0.0316546 0.323657 0.0592223 0.123587 -0.991074 0.231216 0.321394 -0.290983 0.601286 0.0630043 0.313792 0.117873 0.257135 -0.491788 0.620779 0.250883 -0.557005 0.605687 0.123587 0.246061 0.298367 0.145655 0.211497 0.351643 0.242216 -0.620306 0.584761 0.16632 0.171448 0.401534 0.231215 -0.681083 0.558204 0.185384 0.126298 0.447557 0.217988 -0.738749 0.526271 0.202662 0.0764825 0.48927 0.202662 -0.79275 0.48927 0.217988 0.0224817 0.526271 0.185384 -0.842565 0.447557 0.231215 -0.0351847 0.558204 0.16632 -0.887715 0.401533 0.242216 -0.0959613 0.584761 0.145655 -0.927765 0.351643 0.250883 -0.159263 0.605687 0.123587 -0.962329 0.298367 0.257135 -0.224479 0.620779 0.0256974 0.323657 0.0620399 0.100329 -0.991074 0.242216 0.26091 -0.290983 0.629893 0.0511473 0.313792 0.123481 0.262172 -0.358134 0.632941 0.0761048 0.297456 0.183734 0.26091 -0.425284 0.629893 0.100329 0.274806 0.242217 0.183733 -0.620306 0.605686 0.175388 -0.681083 0.578179 0.126162 0.171448 0.415902 0.140623 0.126298 0.463573 0.165355 -0.738749 0.545103 0.153729 0.0764825 0.506778 0.153729 -0.79275 0.506778 0.165355 0.0224817 0.545103 0.140623 -0.842565 0.463573 0.175388 -0.0351847 0.578179 0.126162 -0.887715 0.415902 0.183733 -0.0959613 0.605686 0.110487 -0.927765 0.364227 0.190308 -0.159263 0.627361 0.093747 -0.962329 0.309044 0.19505 -0.224479 0.642994 0.0194928 0.323657 0.0642599 0.0761045 -0.991074 0.250884 0.197913 -0.290983 0.652433 0.0387978 0.313792 0.1279 0.198871 -0.358134 0.65559 0.0577293 0.297456 0.190309 0.197913 -0.425284 0.652433 0.0761047 0.274806 0.250884 0.19505 -0.491788 0.642994 0.0937471 0.246061 0.309044 0.190307 -0.557005 0.627361 0.110487 0.211497 0.364227 0.111129 -0.738749 0.558686 0.103316 -0.79275 0.519406 0.103316 0.0764825 0.519406 0.111129 0.0224817 0.558686 0.0945078 -0.842565 0.475124 0.117872 -0.0351847 0.592586 0.0847893 -0.887715 0.426266 0.12348 -0.0959613 0.620779 0.0742543 -0.927765 0.373303 0.127899 -0.159263 0.642993 0.0630041 -0.962329 0.316744 0.131086 -0.224479 0.659016 0.0131003 0.323657 0.0658611 0.0511472 -0.991074 0.257135 0.133011 -0.290983 0.668691 0.0260746 0.313792 0.131087 0.133654 -0.358134 0.671926 0.0387978 0.297456 0.195051 0.133011 -0.425284 0.668691 0.0511473 0.274806 0.257136 0.131086 -0.491788 0.659016 0.0630042 0.246061 0.316744 0.127899 -0.557005 0.642993 0.0742543 0.211497 0.373303 0.12348 -0.620306 0.620779 0.0847893 0.171448 0.426266 0.117872 -0.681083 0.592586 0.0945078 0.126298 0.475124 0.0474825 -0.842565 0.482099 0.0425997 -0.887715 0.432524 0.0592213 -0.0351847 0.601286 0.0620389 -0.0959613 0.629893 0.0373067 -0.927765 0.378783 0.0642589 -0.159263 0.652434 0.0316544 -0.962329 0.321395 0.0658603 -0.224479 0.668691 0.00658177 0.323657 0.0668281 0.0256973 -0.991074 0.260911 0.0668271 -0.290983 0.678508 0.0131003 0.313792 0.133012 0.0671504 -0.358134 0.681791 0.0194927 0.297456 0.197914 0.0668271 -0.425284 0.678508 0.0256973 0.274806 0.260911 0.0658603 -0.491788 0.668691 0.0316544 0.246061 0.321395 0.0642588 -0.557005 0.652433 0.0373068 0.211497 0.378783 0.062039 -0.620306 0.629893 0.0425997 0.171448 0.432524 0.0592214 -0.681083 0.601286 0.0474825 0.126298 0.482099 0.0558334 -0.738749 0.566889 0.0519079 0.0764825 0.527032 0.0519079 -0.79275 0.527032 0.0558335 0.0224817 0.566889 -1.30978e-07 -0.927765 0.380616 -1.48843e-07 -0.962329 0.32295 -1.74365e-07 -0.159263 0.65559 9.39064e-09 -0.224479 0.671926 -1.82659e-07 0.323657 0.0671514 -1.18217e-07 -0.991074 0.262173 -1.08009e-07 -0.290983 0.681791 -1.59052e-07 0.313792 0.133655 -1.43739e-07 -0.358134 0.68509 -1.05456e-07 0.297456 0.198872 -1.08009e-07 -0.425284 0.681791 -1.43739e-07 0.274806 0.262173 9.39064e-09 -0.491788 0.671926 -1.36082e-07 0.246061 0.32295 -2.04991e-07 -0.557005 0.65559 -1.20769e-07 0.211497 0.380616 -3.14439e-08 -0.620306 0.632941 -1.46291e-07 0.171448 0.434617 -1.08009e-07 -0.681083 0.604196 -1.59052e-07 0.126298 0.484432 -1.84573e-07 -0.738749 0.569632 -1.59052e-07 0.0764825 0.529582 -1.79469e-07 -0.79275 0.529582 -1.3353e-07 0.0224817 0.569632 -1.18217e-07 -0.842565 0.484432 -1.99886e-07 -0.0351847 0.604196 -9.77999e-08 -0.887715 0.434617 -1.13113e-07 -0.0959613 0.632941 -0.00658214 0.323657 0.0668281 -0.0131006 0.313792 0.133012 -0.0668273 -0.290983 0.678508 -0.0671507 -0.358134 0.681791 -0.0194929 0.297456 0.197914 -0.0668273 -0.425284 0.678508 -0.0256976 0.274806 0.260911 -0.0658603 -0.491788 0.668691 -0.0316547 0.246061 0.321395 -0.0642592 -0.557005 0.652433 -0.037307 0.211497 0.378783 -0.062039 -0.620306 0.629893 -0.0426 0.171448 0.432524 -0.0592216 -0.681083 0.601286 -0.0474828 0.126298 0.482099 -0.0558338 -0.738749 0.566889 -0.0519082 0.0764825 0.527032 -0.0519082 -0.79275 0.527032 -0.0558337 0.0224817 0.566889 -0.0474827 -0.842565 0.482099 -0.0592217 -0.0351847 0.601286 -0.0425999 -0.887715 0.432524 -0.0620391 -0.0959613 0.629893 -0.037307 -0.927765 0.378783 -0.0642592 -0.159263 0.652434 -0.0316547 -0.962329 0.321395 -0.0658603 -0.224479 0.668691 -0.0256975 -0.991074 0.260911 -0.0256976 0.274806 0.260911 -0.0194929 0.297456 0.197914 -0.038798 0.297456 0.195051 -0.0511475 0.274806 0.257136 -0.0658603 -0.491788 0.668691 -0.0668273 -0.425284 0.678508 -0.133011 -0.425284 0.668691 -0.131086 -0.491788 0.659016 -0.0316547 0.246061 0.321395 -0.0630044 0.246061 0.316744 -0.0642592 -0.557005 0.652433 -0.127899 -0.557005 0.642993 -0.037307 0.211497 0.378783 -0.0742546 0.211497 0.373303 -0.062039 -0.620306 0.629893 -0.123481 -0.620306 0.620779 -0.0426 0.171448 0.432524 -0.0847896 0.171448 0.426266 -0.0592216 -0.681083 0.601286 -0.117873 -0.681083 0.592586 -0.0474828 0.126298 0.482099 -0.0945081 0.126298 0.475124 -0.0558338 -0.738749 0.566889 -0.11113 -0.738749 0.558686 -0.0519082 0.0764825 0.527032 -0.103316 0.0764825 0.519406 -0.0519082 -0.79275 0.527032 -0.103316 -0.79275 0.519406 -0.0558337 0.0224817 0.566889 -0.11113 0.0224817 0.558686 -0.0474827 -0.842565 0.482099 -0.094508 -0.842565 0.475124 -0.0592217 -0.0351847 0.601286 -0.117873 -0.0351847 0.592586 -0.0425999 -0.887715 0.432524 -0.0847895 -0.887715 0.426266 -0.0620391 -0.0959613 0.629893 -0.123481 -0.0959613 0.620779 -0.037307 -0.927765 0.378783 -0.0742545 -0.927765 0.373303 -0.0642592 -0.159263 0.652434 -0.127899 -0.159263 0.642993 -0.0316547 -0.962329 0.321395 -0.0630044 -0.962329 0.316744 -0.0658603 -0.224479 0.668691 -0.131086 -0.224479 0.659016 -0.00658214 0.323657 0.0668281 -0.0131007 0.323657 0.0658611 -0.0256975 -0.991074 0.260911 -0.0511474 -0.991074 0.257135 -0.0668273 -0.290983 0.678508 -0.133011 -0.290983 0.668691 -0.0131006 0.313792 0.133012 -0.0260749 0.313792 0.131087 -0.0671507 -0.358134 0.681791 -0.133655 -0.358134 0.671926 -0.0937474 0.246061 0.309044 -0.110487 0.211497 0.364227 -0.190308 -0.557005 0.627361 -0.183733 -0.620306 0.605686 -0.126163 0.171448 0.415902 -0.175389 -0.681083 0.578179 -0.140623 0.126298 0.463573 -0.165355 -0.738749 0.545103 -0.15373 0.0764825 0.506778 -0.15373 -0.79275 0.506778 -0.165355 0.0224817 0.545103 -0.140623 -0.842565 0.463573 -0.175389 -0.0351847 0.578179 -0.126162 -0.887715 0.415902 -0.183733 -0.0959613 0.605686 -0.110487 -0.927765 0.364227 -0.190308 -0.159263 0.627361 -0.0937473 -0.962329 0.309044 -0.19505 -0.224479 0.642994 -0.0194931 0.323657 0.0642599 -0.0761048 -0.991074 0.250884 -0.197913 -0.290983 0.652433 -0.0387981 0.313792 0.1279 -0.198871 -0.358134 0.65559 -0.0577295 0.297456 0.190309 -0.197913 -0.425284 0.652433 -0.0761049 0.274806 0.250884 -0.19505 -0.491788 0.642994 -0.166321 0.171448 0.401534 -0.185384 0.126298 0.447557 -0.231216 -0.681083 0.558204 -0.217989 -0.738749 0.526271 -0.202662 0.0764825 0.48927 -0.202662 -0.79275 0.48927 -0.217989 0.0224817 0.526271 -0.185384 -0.842565 0.447557 -0.231216 -0.0351847 0.558204 -0.16632 -0.887715 0.401533 -0.242216 -0.0959613 0.584761 -0.145655 -0.927765 0.351643 -0.250884 -0.159263 0.605687 -0.123587 -0.962329 0.298367 -0.257135 -0.224479 0.620779 -0.0256978 0.323657 0.0620399 -0.100329 -0.991074 0.242216 -0.26091 -0.290983 0.629893 -0.0511476 0.313792 0.123481 -0.262173 -0.358134 0.632941 -0.076105 0.297456 0.183734 -0.26091 -0.425284 0.629893 -0.100329 0.274806 0.242217 -0.257135 -0.491788 0.620779 -0.123588 0.246061 0.298367 -0.250884 -0.557005 0.605686 -0.145655 0.211497 0.351643 -0.242216 -0.620306 0.584761 -0.249643 0.0764825 0.46705 -0.268522 0.0224817 0.50237 -0.249643 -0.79275 0.467049 -0.22836 -0.842565 0.427231 -0.284816 -0.0351847 0.532853 -0.204877 -0.887715 0.383298 -0.298366 -0.0959613 0.558204 -0.179421 -0.927765 0.335673 -0.309043 -0.159263 0.578179 -0.152237 -0.962329 0.284816 -0.316744 -0.224479 0.592586 -0.031655 0.323657 0.0592223 -0.123587 -0.991074 0.231216 -0.321394 -0.290983 0.601286 -0.0630046 0.313792 0.117873 -0.322949 -0.358134 0.604196 -0.0937475 0.297456 0.175389 -0.321394 -0.425284 0.601286 -0.123588 0.274806 0.231216 -0.316744 -0.491788 0.592586 -0.152237 0.246061 0.284816 -0.309043 -0.557005 0.578179 -0.179421 0.211497 0.335674 -0.298366 -0.620306 0.558204 -0.204877 0.171448 0.383298 -0.284816 -0.681083 0.532853 -0.22836 0.126298 0.427231 -0.268522 -0.738749 0.50237 -0.335673 -0.0351847 0.50237 -0.351643 -0.0959613 0.526271 -0.24146 -0.887715 0.361371 -0.211459 -0.927765 0.316471 -0.364226 -0.159263 0.545103 -0.179421 -0.962329 0.268523 -0.373302 -0.224479 0.558687 -0.0373073 0.323657 0.0558344 -0.145655 -0.991074 0.217989 -0.378783 -0.290983 0.566889 -0.0742548 0.313792 0.11113 -0.380616 -0.358134 0.569632 -0.110487 0.297456 0.165356 -0.378783 -0.425284 0.566889 -0.145656 0.274806 0.217989 -0.373302 -0.491788 0.558687 -0.179421 0.246061 0.268523 -0.364226 -0.557005 0.545103 -0.211459 0.211497 0.316471 -0.351643 -0.620306 0.526271 -0.24146 0.171448 0.361371 -0.335673 -0.681083 0.50237 -0.269136 0.126298 0.402791 -0.31647 -0.738749 0.473631 -0.29422 0.0764825 0.440331 -0.29422 -0.79275 0.440331 -0.31647 0.0224817 0.473631 -0.269136 -0.842565 0.402791 -0.415902 -0.159263 0.506778 -0.426265 -0.224479 0.519406 -0.0426004 0.323657 0.0519088 -0.204877 -0.962329 0.249644 -0.166321 -0.991074 0.202663 -0.432523 -0.290983 0.527032 -0.0847899 0.313792 0.103317 -0.434616 -0.358134 0.529582 -0.126163 0.297456 0.15373 -0.432523 -0.425284 0.527032 -0.166321 0.274806 0.202663 -0.426265 -0.491788 0.519406 -0.204877 0.246061 0.249644 -0.415902 -0.557005 0.506778 -0.24146 0.211497 0.29422 -0.401533 -0.620306 0.48927 -0.275718 0.171448 0.335963 -0.383297 -0.681083 0.46705 -0.30732 0.126298 0.374471 -0.36137 -0.738749 0.440331 -0.335963 0.0764825 0.409372 -0.335963 -0.79275 0.409372 -0.36137 0.0224817 0.440331 -0.30732 -0.842565 0.374471 -0.383298 -0.0351847 0.46705 -0.275718 -0.887715 0.335963 -0.401533 -0.0959613 0.48927 -0.24146 -0.927765 0.29422 -0.482099 -0.290983 0.482099 -0.484432 -0.358134 0.484432 -0.0945084 0.313792 0.0945086 -0.140624 0.297456 0.140624 -0.482099 -0.425284 0.482099 -0.185384 0.274806 0.185385 -0.475123 -0.491788 0.475124 -0.22836 0.246061 0.22836 -0.463572 -0.557005 0.463572 -0.269136 0.211497 0.269136 -0.447556 -0.620306 0.447557 -0.30732 0.171448 0.307321 -0.427231 -0.681083 0.427231 -0.342545 0.126298 0.342545 -0.40279 -0.738749 0.40279 -0.374471 0.0764825 0.374471 -0.374471 -0.79275 0.374471 -0.40279 0.0224817 0.40279 -0.342545 -0.842565 0.342545 -0.427231 -0.0351847 0.427231 -0.30732 -0.887715 0.307321 -0.447556 -0.0959613 0.447557 -0.269136 -0.927765 0.269136 -0.463572 -0.159263 0.463572 -0.22836 -0.962329 0.22836 -0.475123 -0.224479 0.475124 -0.0474832 0.323657 0.0474833 -0.185384 -0.991074 0.185384 -0.527031 -0.425284 0.432524 -0.519406 -0.491788 0.426266 -0.202663 0.274806 0.166321 -0.249643 0.246061 0.204877 -0.506778 -0.557005 0.415902 -0.29422 0.211497 0.24146 -0.489269 -0.620306 0.401534 -0.335963 0.171448 0.275718 -0.467049 -0.681083 0.383298 -0.374471 0.126298 0.307321 -0.440331 -0.738749 0.361371 -0.409372 0.0764825 0.335963 -0.409372 -0.79275 0.335963 -0.440331 0.0224816 0.361371 -0.374471 -0.842565 0.307321 -0.467049 -0.0351847 0.383298 -0.335963 -0.887715 0.275718 -0.489269 -0.0959613 0.401533 -0.29422 -0.927765 0.24146 -0.506778 -0.159263 0.415902 -0.249643 -0.962329 0.204877 -0.519406 -0.224479 0.426266 -0.0519087 0.323657 0.0426005 -0.202662 -0.991074 0.166321 -0.527031 -0.290983 0.432524 -0.103317 0.313792 0.08479 -0.529582 -0.358134 0.434617 -0.15373 0.297456 0.126163 -0.545103 -0.557005 0.364227 -0.526271 -0.620306 0.351643 -0.316471 0.211497 0.211459 -0.36137 0.171448 0.24146 -0.50237 -0.681083 0.335673 -0.40279 0.126298 0.269136 -0.473631 -0.738749 0.31647 -0.440331 0.0764825 0.29422 -0.440331 -0.79275 0.29422 -0.473631 0.0224816 0.31647 -0.40279 -0.842565 0.269136 -0.50237 -0.0351847 0.335673 -0.36137 -0.887715 0.24146 -0.526271 -0.0959613 0.351643 -0.31647 -0.927765 0.211459 -0.545103 -0.159263 0.364227 -0.268522 -0.962329 0.179421 -0.558686 -0.224479 0.373303 -0.0558343 0.323657 0.0373075 -0.217989 -0.991074 0.145656 -0.566888 -0.290983 0.378783 -0.11113 0.313792 0.074255 -0.569631 -0.358134 0.380616 -0.165356 0.297456 0.110487 -0.566888 -0.425284 0.378783 -0.217989 0.274806 0.145656 -0.558686 -0.491788 0.373303 -0.268523 0.246061 0.179421 -0.532853 -0.681083 0.284816 -0.50237 -0.738749 0.268523 -0.427231 0.126298 0.22836 -0.467049 0.0764825 0.249643 -0.467049 -0.79275 0.249643 -0.50237 0.0224816 0.268523 -0.427231 -0.842565 0.22836 -0.532853 -0.0351847 0.284816 -0.383297 -0.887715 0.204877 -0.558203 -0.0959613 0.298366 -0.335673 -0.927765 0.179421 -0.578179 -0.159263 0.309043 -0.284816 -0.962329 0.152238 -0.592586 -0.224479 0.316744 -0.0592222 0.323657 0.0316551 -0.231216 -0.991074 0.123588 -0.601286 -0.290983 0.321394 -0.117873 0.313792 0.0630048 -0.604195 -0.358134 0.322949 -0.175389 0.297456 0.0937477 -0.601286 -0.425284 0.321394 -0.231216 0.274806 0.123588 -0.592586 -0.491788 0.316744 -0.284816 0.246061 0.152238 -0.578179 -0.557005 0.309043 -0.335673 0.211497 0.179421 -0.558203 -0.620306 0.298366 -0.383298 0.171448 0.204877 -0.489269 -0.79275 0.202662 -0.447556 -0.842565 0.185384 -0.526271 0.0224816 0.217989 -0.558204 -0.0351848 0.231216 -0.401533 -0.887715 0.166321 -0.584761 -0.0959613 0.242216 -0.351643 -0.927765 0.145656 -0.605686 -0.159263 0.250884 -0.298366 -0.962329 0.123588 -0.620779 -0.224479 0.257135 -0.0620397 0.323657 0.0256979 -0.242216 -0.991074 0.10033 -0.629893 -0.290983 0.26091 -0.123481 0.313792 0.0511478 -0.63294 -0.358134 0.262173 -0.183734 0.297456 0.0761052 -0.629893 -0.425284 0.26091 -0.242216 0.274806 0.10033 -0.620779 -0.491788 0.257136 -0.298366 0.246061 0.123588 -0.605686 -0.557005 0.250884 -0.351643 0.211497 0.145656 -0.584761 -0.620306 0.242216 -0.401533 0.171448 0.166321 -0.558204 -0.681083 0.231216 -0.447557 0.126298 0.185384 -0.526271 -0.738749 0.217989 -0.48927 0.0764825 0.202662 -0.415902 -0.887715 0.126163 -0.364226 -0.927765 0.110487 -0.605686 -0.0959614 0.183733 -0.627361 -0.159263 0.190308 -0.309043 -0.962329 0.0937477 -0.642993 -0.224479 0.19505 -0.0642597 0.323657 0.0194932 -0.250883 -0.991074 0.0761052 -0.652433 -0.290983 0.197914 -0.1279 0.313792 0.0387983 -0.65559 -0.358134 0.198871 -0.190308 0.297456 0.0577297 -0.652433 -0.425284 0.197914 -0.250884 0.274806 0.0761051 -0.642993 -0.491788 0.19505 -0.309043 0.246061 0.0937476 -0.627361 -0.557005 0.190308 -0.364227 0.211497 0.110487 -0.605686 -0.620306 0.183733 -0.415902 0.171448 0.126163 -0.578179 -0.681083 0.175389 -0.463572 0.126298 0.140623 -0.545103 -0.738749 0.165356 -0.506778 0.0764825 0.15373 -0.506778 -0.79275 0.15373 -0.545103 0.0224816 0.165356 -0.463572 -0.842565 0.140624 -0.578179 -0.0351848 0.175389 -0.065861 0.323657 0.0131008 -0.316744 -0.962329 0.0630048 -0.257135 -0.991074 0.0511479 -0.659015 -0.224479 0.131087 -0.66869 -0.290983 0.133011 -0.131087 0.313792 0.0260751 -0.671926 -0.358134 0.133655 -0.19505 0.297456 0.0387982 -0.66869 -0.425284 0.133011 -0.257135 0.274806 0.0511478 -0.659015 -0.491788 0.131087 -0.316744 0.246061 0.0630047 -0.642993 -0.557005 0.1279 -0.373303 0.211497 0.0742548 -0.620779 -0.620306 0.123481 -0.426265 0.171448 0.0847898 -0.592586 -0.681083 0.117873 -0.475124 0.126298 0.0945083 -0.558686 -0.738749 0.11113 -0.519406 0.0764825 0.103317 -0.519406 -0.79275 0.103317 -0.558686 0.0224816 0.11113 -0.475123 -0.842565 0.0945084 -0.592586 -0.0351848 0.117873 -0.426265 -0.887715 0.0847899 -0.620779 -0.0959614 0.123481 -0.373302 -0.927765 0.074255 -0.642993 -0.159263 0.1279 -0.133011 0.313792 0.0131008 -0.197914 0.297456 0.0194931 -0.681791 -0.358134 0.0671509 -0.678508 -0.425284 0.0668275 -0.260911 0.274806 0.0256978 -0.668691 -0.491788 0.0658608 -0.321394 0.246061 0.0316549 -0.652433 -0.557005 0.0642594 -0.378783 0.211497 0.0373072 -0.629893 -0.620306 0.0620395 -0.432524 0.171448 0.0426002 -0.601286 -0.681083 0.059222 -0.482099 0.126298 0.0474829 -0.566888 -0.738749 0.055834 -0.527032 0.0764824 0.0519084 -0.527031 -0.79275 0.0519085 -0.566888 0.0224816 0.0558339 -0.482099 -0.842565 0.0474831 -0.601286 -0.0351848 0.0592219 -0.432523 -0.887715 0.0426004 -0.629893 -0.0959614 0.0620394 -0.378783 -0.927765 0.0373074 -0.652433 -0.159263 0.0642593 -0.321394 -0.962329 0.0316551 -0.668691 -0.224479 0.0658608 -0.0668279 0.323657 0.00658227 -0.26091 -0.991074 0.025698 -0.678508 -0.290983 0.0668275 -0.262173 0.274806 3.69228e-07 -0.322949 0.246061 3.63702e-07 -0.671926 -0.491788 5.57926e-07 -0.65559 -0.557005 3.899e-07 -0.380616 0.211497 3.51469e-07 -0.63294 -0.620306 5.22717e-07 -0.434617 0.171448 3.19711e-07 -0.604195 -0.681083 4.81575e-07 -0.484432 0.126298 3.09202e-07 -0.569631 -0.738749 4.29719e-07 -0.529582 0.0764824 3.22422e-07 -0.529581 -0.79275 4.33412e-07 -0.569631 0.0224816 3.15907e-07 -0.484432 -0.842565 5.53823e-07 -0.604195 -0.0351848 3.76345e-07 -0.434616 -0.887715 5.33105e-07 -0.63294 -0.0959614 3.96456e-07 -0.380616 -0.927765 5.52391e-07 -0.65559 -0.159263 2.68952e-07 -0.322949 -0.962329 5.50366e-07 -0.671926 -0.224479 5.14376e-07 -0.0671512 0.323657 3.13416e-07 -0.262172 -0.991074 5.85675e-07 -0.681791 -0.290983 3.26142e-07 -0.133655 0.313792 3.13109e-07 -0.68509 -0.358134 3.67709e-07 -0.198872 0.297456 3.22151e-07 -0.681791 -0.425284 3.48023e-07 -0.378783 0.211497 -0.0373065 -0.432524 0.171448 -0.0425995 -0.629893 -0.620306 -0.0620385 -0.601286 -0.681083 -0.059221 -0.482099 0.126298 -0.0474823 -0.566888 -0.738749 -0.0558332 -0.527032 0.0764824 -0.0519077 -0.527031 -0.79275 -0.0519076 -0.566888 0.0224816 -0.0558333 -0.482099 -0.842565 -0.047482 -0.601286 -0.0351848 -0.0592211 -0.432523 -0.887715 -0.0425993 -0.629893 -0.0959614 -0.0620386 -0.378783 -0.927765 -0.0373063 -0.652433 -0.159263 -0.0642588 -0.321394 -0.962329 -0.031654 -0.668691 -0.22448 -0.0658597 -0.0668279 0.323657 -0.00658164 -0.26091 -0.991074 -0.0256968 -0.678508 -0.290983 -0.0668268 -0.133011 0.313792 -0.0131002 -0.681791 -0.358134 -0.0671502 -0.197914 0.297456 -0.0194925 -0.678508 -0.425284 -0.0668268 -0.260911 0.274806 -0.0256971 -0.668691 -0.491788 -0.0658597 -0.321394 0.246061 -0.0316542 -0.652433 -0.557005 -0.0642586 -0.475124 0.126298 -0.0945076 -0.519406 0.0764824 -0.103316 -0.558686 -0.738749 -0.111129 -0.519406 -0.79275 -0.103316 -0.558686 0.0224816 -0.111129 -0.475123 -0.842565 -0.0945073 -0.592586 -0.0351848 -0.117872 -0.426265 -0.887715 -0.0847889 -0.620779 -0.0959614 -0.12348 -0.373302 -0.927765 -0.0742538 -0.642993 -0.159263 -0.127899 -0.316744 -0.962329 -0.0630037 -0.659015 -0.22448 -0.131086 -0.0658609 0.323657 -0.0131002 -0.257135 -0.991074 -0.0511467 -0.66869 -0.290983 -0.13301 -0.131087 0.313792 -0.0260745 -0.671926 -0.358134 -0.133654 -0.19505 0.297456 -0.0387976 -0.66869 -0.425284 -0.13301 -0.257135 0.274806 -0.051147 -0.659015 -0.491788 -0.131086 -0.316744 0.246061 -0.0630039 -0.642993 -0.557005 -0.127899 -0.373303 0.211497 -0.0742541 -0.620779 -0.620306 -0.12348 -0.426266 0.171448 -0.0847891 -0.592586 -0.681083 -0.117872 -0.545103 0.0224816 -0.165355 -0.578179 -0.0351848 -0.175388 -0.463572 -0.842565 -0.140622 -0.415902 -0.887715 -0.126162 -0.605686 -0.0959614 -0.183732 -0.364227 -0.927765 -0.110486 -0.627361 -0.159263 -0.190307 -0.309043 -0.962329 -0.0937466 -0.642993 -0.22448 -0.195049 -0.0642597 0.323657 -0.0194926 -0.250883 -0.991074 -0.076104 -0.652433 -0.290983 -0.197913 -0.1279 0.313792 -0.0387976 -0.65559 -0.358134 -0.198871 -0.190308 0.297456 -0.057729 -0.652433 -0.425284 -0.197913 -0.250884 0.274806 -0.0761044 -0.642993 -0.491788 -0.195049 -0.309043 0.246061 -0.0937469 -0.627361 -0.557005 -0.190307 -0.364227 0.211497 -0.110487 -0.605686 -0.620306 -0.183732 -0.415902 0.171448 -0.126162 -0.578179 -0.681083 -0.175388 -0.463572 0.126298 -0.140623 -0.545103 -0.738749 -0.165355 -0.506778 0.0764824 -0.153729 -0.506778 -0.79275 -0.153729 -0.401533 -0.887715 -0.16632 -0.351643 -0.927765 -0.145655 -0.584761 -0.0959614 -0.242215 -0.605686 -0.159263 -0.250883 -0.298366 -0.962329 -0.123587 -0.620779 -0.22448 -0.257134 -0.0620396 0.323657 -0.0256973 -0.242216 -0.991074 -0.100328 -0.629892 -0.290983 -0.26091 -0.123481 0.313792 -0.0511472 -0.63294 -0.358134 -0.262172 -0.183733 0.297456 -0.0761045 -0.629892 -0.425284 -0.26091 -0.242216 0.274806 -0.100329 -0.620779 -0.491788 -0.257134 -0.298366 0.246061 -0.123587 -0.605686 -0.557005 -0.250883 -0.351643 0.211497 -0.145655 -0.584761 -0.620306 -0.242215 -0.401533 0.171448 -0.16632 -0.558204 -0.681083 -0.231215 -0.447557 0.126298 -0.185384 -0.526271 -0.738749 -0.217988 -0.48927 0.0764824 -0.202662 -0.48927 -0.79275 -0.202662 -0.526271 0.0224816 -0.217988 -0.447557 -0.842565 -0.185383 -0.558204 -0.0351848 -0.231215 -0.284816 -0.962329 -0.152237 -0.231215 -0.991074 -0.123587 -0.592586 -0.22448 -0.316743 -0.601286 -0.290983 -0.321394 -0.0592221 0.323657 -0.0316545 -0.117873 0.313792 -0.0630041 -0.604195 -0.358134 -0.322949 -0.175389 0.297456 -0.0937471 -0.601286 -0.425284 -0.321394 -0.231216 0.274806 -0.123587 -0.592586 -0.491788 -0.316743 -0.284816 0.246061 -0.152237 -0.578179 -0.557005 -0.309042 -0.335673 0.211497 -0.179421 -0.558204 -0.620306 -0.298365 -0.383298 0.171448 -0.204876 -0.532853 -0.681083 -0.284815 -0.427231 0.126298 -0.228359 -0.50237 -0.738749 -0.268522 -0.467049 0.0764824 -0.249643 -0.467049 -0.79275 -0.249643 -0.50237 0.0224815 -0.268522 -0.427231 -0.842565 -0.228359 -0.532853 -0.0351848 -0.284815 -0.383297 -0.887715 -0.204876 -0.558204 -0.0959614 -0.298366 -0.335673 -0.927765 -0.17942 -0.578179 -0.159263 -0.309043 -0.569631 -0.358134 -0.380615 -0.566888 -0.425284 -0.378782 -0.165356 0.297456 -0.110487 -0.217989 0.274806 -0.145655 -0.558686 -0.491788 -0.373302 -0.268523 0.246061 -0.179421 -0.545103 -0.557005 -0.364226 -0.316471 0.211497 -0.211459 -0.526271 -0.620306 -0.351642 -0.361371 0.171448 -0.24146 -0.50237 -0.681083 -0.335672 -0.40279 0.126298 -0.269136 -0.473631 -0.738749 -0.31647 -0.440331 0.0764824 -0.294219 -0.440331 -0.79275 -0.294219 -0.473631 0.0224815 -0.31647 -0.40279 -0.842565 -0.269135 -0.50237 -0.0351848 -0.335672 -0.36137 -0.887715 -0.241459 -0.526271 -0.0959614 -0.351642 -0.31647 -0.927765 -0.211458 -0.545103 -0.159263 -0.364226 -0.268522 -0.962329 -0.17942 -0.558686 -0.22448 -0.373302 -0.0558342 0.323657 -0.0373068 -0.217988 -0.991074 -0.145655 -0.566888 -0.290983 -0.378782 -0.11113 0.313792 -0.0742543 -0.519406 -0.491788 -0.426265 -0.506778 -0.557005 -0.415901 -0.249643 0.246061 -0.204877 -0.29422 0.211497 -0.24146 -0.48927 -0.620306 -0.401532 -0.335963 0.171448 -0.275717 -0.467049 -0.681083 -0.383297 -0.374471 0.126298 -0.30732 -0.440331 -0.738749 -0.36137 -0.409372 0.0764824 -0.335963 -0.409372 -0.79275 -0.335962 -0.440331 0.0224815 -0.36137 -0.374471 -0.842565 -0.30732 -0.467049 -0.0351848 -0.383297 -0.335963 -0.887715 -0.275717 -0.48927 -0.0959615 -0.401533 -0.29422 -0.927765 -0.241459 -0.506778 -0.159263 -0.415902 -0.249643 -0.962329 -0.204876 -0.519406 -0.22448 -0.426265 -0.0519086 0.323657 -0.0425999 -0.202662 -0.991074 -0.16632 -0.527031 -0.290983 -0.432523 -0.103317 0.313792 -0.0847894 -0.529582 -0.358134 -0.434616 -0.15373 0.297456 -0.126162 -0.527031 -0.425284 -0.432523 -0.202662 0.274806 -0.16632 -0.447557 -0.620306 -0.447556 -0.427231 -0.681083 -0.42723 -0.30732 0.171448 -0.30732 -0.342545 0.126298 -0.342545 -0.40279 -0.738749 -0.40279 -0.374471 0.0764824 -0.37447 -0.374471 -0.79275 -0.37447 -0.40279 0.0224815 -0.40279 -0.342545 -0.842565 -0.342544 -0.427231 -0.0351849 -0.42723 -0.30732 -0.887715 -0.307319 -0.447557 -0.0959615 -0.447556 -0.269136 -0.927765 -0.269135 -0.463572 -0.159263 -0.463572 -0.22836 -0.962329 -0.228359 -0.475124 -0.22448 -0.475123 -0.0474831 0.323657 -0.0474827 -0.185384 -0.991074 -0.185383 -0.482099 -0.290983 -0.482098 -0.0945084 0.313792 -0.0945079 -0.484432 -0.358134 -0.484431 -0.140624 0.297456 -0.140623 -0.482099 -0.425285 -0.482098 -0.185384 0.274806 -0.185384 -0.475124 -0.491788 -0.475123 -0.22836 0.246061 -0.228359 -0.463572 -0.557005 -0.463572 -0.269136 0.211497 -0.269136 -0.36137 -0.738749 -0.44033 -0.335963 -0.79275 -0.409372 -0.335963 0.0764823 -0.409372 -0.36137 0.0224815 -0.440331 -0.30732 -0.842565 -0.37447 -0.383298 -0.0351849 -0.467049 -0.275718 -0.887715 -0.335962 -0.401533 -0.0959615 -0.489269 -0.24146 -0.927765 -0.294219 -0.415902 -0.159263 -0.506778 -0.204877 -0.962329 -0.249642 -0.426266 -0.22448 -0.519405 -0.0426003 0.323657 -0.0519081 -0.16632 -0.991074 -0.202661 -0.432524 -0.290983 -0.527031 -0.0847899 0.313792 -0.103316 -0.434616 -0.358134 -0.529581 -0.126163 0.297456 -0.153729 -0.432524 -0.425285 -0.527031 -0.166321 0.274806 -0.202662 -0.426266 -0.491788 -0.519405 -0.204877 0.246061 -0.249643 -0.415902 -0.557005 -0.506777 -0.24146 0.211497 -0.29422 -0.401533 -0.620306 -0.489269 -0.275718 0.171448 -0.335963 -0.383298 -0.681083 -0.467049 -0.30732 0.126298 -0.374471 -0.269136 -0.842565 -0.40279 -0.24146 -0.887715 -0.36137 -0.335673 -0.0351849 -0.50237 -0.351643 -0.0959615 -0.52627 -0.211459 -0.927765 -0.31647 -0.364226 -0.159263 -0.545103 -0.179421 -0.962329 -0.268522 -0.373303 -0.22448 -0.558686 -0.0373073 0.323657 -0.0558337 -0.145655 -0.991074 -0.217988 -0.378783 -0.290983 -0.566888 -0.0742548 0.313792 -0.11113 -0.380616 -0.358134 -0.569631 -0.110487 0.297456 -0.165355 -0.378783 -0.425285 -0.566888 -0.145656 0.274806 -0.217988 -0.373303 -0.491788 -0.558686 -0.179421 0.246061 -0.268522 -0.364226 -0.557005 -0.545103 -0.211459 0.211497 -0.31647 -0.351643 -0.620306 -0.52627 -0.24146 0.171448 -0.36137 -0.335673 -0.681083 -0.502369 -0.269136 0.126298 -0.40279 -0.31647 -0.738749 -0.47363 -0.29422 0.0764823 -0.440331 -0.29422 -0.79275 -0.44033 -0.31647 0.0224815 -0.473631 -0.179421 -0.927765 -0.335672 -0.152237 -0.962329 -0.284815 -0.309043 -0.159263 -0.578178 -0.316744 -0.22448 -0.592586 -0.0316549 0.323657 -0.0592216 -0.123587 -0.991074 -0.231215 -0.321394 -0.290983 -0.601285 -0.0630046 0.313792 -0.117873 -0.322949 -0.358134 -0.604195 -0.0937476 0.297456 -0.175389 -0.321394 -0.425285 -0.601285 -0.123588 0.274806 -0.231215 -0.316744 -0.491788 -0.592586 -0.152237 0.246061 -0.284815 -0.309043 -0.557005 -0.578178 -0.179421 0.211497 -0.335673 -0.298366 -0.620306 -0.558203 -0.204877 0.171448 -0.383297 -0.284816 -0.681083 -0.532852 -0.22836 0.126298 -0.42723 -0.268522 -0.738749 -0.502369 -0.249643 0.0764823 -0.467049 -0.249643 -0.79275 -0.467049 -0.268522 0.0224815 -0.50237 -0.22836 -0.842565 -0.42723 -0.284816 -0.0351849 -0.532852 -0.204877 -0.887715 -0.383297 -0.298366 -0.0959615 -0.558203 -0.0256977 0.323657 -0.0620391 -0.0511476 0.313792 -0.123481 -0.26091 -0.290983 -0.629892 -0.262173 -0.358134 -0.63294 -0.076105 0.297456 -0.183733 -0.26091 -0.425285 -0.629892 -0.100329 0.274806 -0.242216 -0.257135 -0.491788 -0.620778 -0.123587 0.246061 -0.298366 -0.250884 -0.557005 -0.605686 -0.145656 0.211497 -0.351643 -0.242216 -0.620306 -0.58476 -0.166321 0.171448 -0.401533 -0.231216 -0.681083 -0.558203 -0.185384 0.126298 -0.447556 -0.217989 -0.738749 -0.52627 -0.202662 0.0764823 -0.489269 -0.202662 -0.79275 -0.489269 -0.217989 0.0224815 -0.52627 -0.185384 -0.842565 -0.447556 -0.231216 -0.0351849 -0.558203 -0.166321 -0.887715 -0.401532 -0.242216 -0.0959615 -0.58476 -0.145655 -0.927765 -0.351642 -0.250884 -0.159263 -0.605686 -0.123587 -0.962329 -0.298365 -0.257135 -0.22448 -0.620778 -0.100329 -0.991074 -0.242215 -0.0577295 0.297456 -0.190308 -0.0761049 0.274806 -0.250883 -0.197913 -0.425285 -0.652433 -0.19505 -0.491788 -0.642993 -0.0937473 0.246061 -0.309043 -0.190308 -0.557005 -0.62736 -0.110487 0.211497 -0.364226 -0.183733 -0.620306 -0.605686 -0.126163 0.171448 -0.415902 -0.175389 -0.681083 -0.578178 -0.140623 0.126298 -0.463572 -0.165355 -0.738749 -0.545103 -0.153729 0.0764823 -0.506778 -0.153729 -0.79275 -0.506777 -0.165355 0.0224815 -0.545103 -0.140623 -0.842565 -0.463572 -0.175389 -0.0351849 -0.578178 -0.126163 -0.887715 -0.415901 -0.183733 -0.0959615 -0.605686 -0.110487 -0.927765 -0.364226 -0.190308 -0.159263 -0.62736 -0.0937472 -0.962329 -0.309042 -0.19505 -0.22448 -0.642993 -0.0194931 0.323657 -0.0642592 -0.0761047 -0.991074 -0.250883 -0.197913 -0.290983 -0.652433 -0.0387981 0.313792 -0.127899 -0.198871 -0.358134 -0.655589 -0.0630044 0.246061 -0.316744 -0.0742546 0.211497 -0.373302 -0.127899 -0.557005 -0.642992 -0.123481 -0.620306 -0.620778 -0.0847896 0.171448 -0.426265 -0.117873 -0.681083 -0.592585 -0.0945081 0.126298 -0.475123 -0.11113 -0.738749 -0.558685 -0.103316 0.0764823 -0.519405 -0.103316 -0.79275 -0.519405 -0.11113 0.0224815 -0.558686 -0.0945081 -0.842565 -0.475123 -0.117873 -0.0351849 -0.592585 -0.0847895 -0.887715 -0.426265 -0.123481 -0.0959615 -0.620778 -0.0742546 -0.927765 -0.373302 -0.127899 -0.159263 -0.642993 -0.0630043 -0.962329 -0.316743 -0.131087 -0.22448 -0.659015 -0.0131007 0.323657 -0.0658604 -0.0511474 -0.991074 -0.257134 -0.133011 -0.290983 -0.66869 -0.0260749 0.313792 -0.131086 -0.133655 -0.358134 -0.671925 -0.0387981 0.297456 -0.19505 -0.133011 -0.425285 -0.66869 -0.0511475 0.274806 -0.257135 -0.131087 -0.491788 -0.659015 -0.0426 0.171448 -0.432523 -0.0474827 0.126298 -0.482099 -0.0592216 -0.681083 -0.601285 -0.0558337 -0.738749 -0.566888 -0.0519082 0.0764823 -0.527031 -0.0519081 -0.79275 -0.527031 -0.0558338 0.0224815 -0.566888 -0.0474827 -0.842566 -0.482098 -0.0592216 -0.0351849 -0.601285 -0.0426 -0.887715 -0.432523 -0.0620391 -0.0959615 -0.629892 -0.037307 -0.927765 -0.378782 -0.0642591 -0.159263 -0.652433 -0.0316546 -0.962329 -0.321393 -0.0658606 -0.22448 -0.66869 -0.00658209 0.323657 -0.0668273 -0.0256975 -0.991074 -0.260909 -0.0668272 -0.290983 -0.678507 -0.0131006 0.313792 -0.133011 -0.0671507 -0.358134 -0.68179 -0.019493 0.297456 -0.197914 -0.0668272 -0.425285 -0.678507 -0.0256976 0.274806 -0.26091 -0.0658606 -0.491788 -0.66869 -0.0316547 0.246061 -0.321394 -0.0642592 -0.557005 -0.652433 -0.037307 0.211497 -0.378783 -0.0620392 -0.620306 -0.629892 -0.0375776 -1 0.188915 -0.0188797 -1 0.191689 -0.148894 -1 -0.122193 -0.160154 -1 -0.107011 -0.169872 -1 -0.0907977 -0.177954 -1 -0.0737102 0.1362 -1 0.1362 0.148894 -1 0.122195 0.0737107 -1 -0.177953 0.0559132 -1 -0.184321 -0.0188797 -1 0.191689 -1.08585e-07 -1 0.192616 0.0188795 -1 0.191689 0.160154 -1 0.107012 0.0375773 -1 -0.188914 -1.04834e-07 -1 -0.192615 -0.0188797 -1 -0.191687 0.169872 -1 0.0907989 0.0375773 -1 0.188915 0.0188795 -1 -0.191688 -0.184322 -1 -0.0559127 0.0559133 -1 0.184322 0.177954 -1 0.0737114 -0.188915 -1 -0.0375768 -0.191688 -1 -0.018879 0.184322 -1 0.0559139 -0.192616 -1 5.83803e-07 0.188914 -1 0.037578 -0.188915 -1 0.037578 -0.184322 -1 0.0559139 -0.191688 -1 0.0188802 0.191688 -1 0.0188802 0.192616 -1 5.42552e-07 0.0737107 -1 0.177954 -0.177954 -1 0.0737114 0.191688 -1 -0.0188791 -0.0375775 -1 -0.188914 0.0907983 -1 0.169872 -0.169872 -1 0.0907989 0.188914 -1 -0.0375769 0.184322 -1 -0.0559128 -0.0559134 -1 -0.184321 -0.160154 -1 0.107012 0.107011 -1 0.160155 0.177954 -1 -0.0737103 -0.0737109 -1 -0.177953 -0.148894 -1 0.122195 0.169872 -1 -0.0907979 -0.0907984 -1 -0.169871 -0.1362 -1 0.1362 0.160154 -1 -0.107011 -0.122194 -1 0.148894 -0.107012 -1 0.160155 0.1362 -1 -0.136199 0.122194 -1 -0.148893 0.148894 -1 -0.122194 0.0188795 -1 -0.191688 -0.0907985 -1 0.169872 -0.107012 -1 -0.160153 -0.0737109 -1 0.177954 -0.122194 -1 -0.148893 0.107011 -1 -0.160153 -0.0559135 -1 0.184322 -0.1362 -1 -0.136199 0.122194 -1 0.148894 0.0907983 -1 -0.169871 -8.54937e-08 -0.999999 5.71481e-07 -8.54937e-08 -0.999999 5.71481e-07 </float_array>
          <technique_common>
            <accessor count="1918" offset="0" source="#meshId0-positions-array" stride="3">
              <param name="X" type="float" />
              <param name="Y" type="float" />
              <param name="Z" type="float" />
            </accessor>
          </technique_common>
        </source>
        <source id="meshId0-normals" name="meshId0-normals">
          <float_array id="meshId0-normals-array" count="5754"> -2.03838e-06 -0.47076 -0.882262 -2.52427e-06 -0.382143 -0.924103 0.0905764 -0.382143 -0.919653 0.0864759 -0.47076 -0.878013 -1.26475e-06 0.706341 -0.707872 -1.08849e-06 0.772259 -0.635308 0.0622711 0.772259 -0.632248 0.0693834 0.706341 -0.704463 -1.77746e-06 -0.554864 -0.831941 0.0815445 -0.554863 -0.827935 -1.53028e-06 0.633642 -0.773626 0.0758285 0.633642 -0.769901 -1.54158e-06 -0.633643 -0.773626 0.0758284 -0.633643 -0.7699 -1.94402e-06 0.554862 -0.831942 0.0815441 0.554862 -0.827936 -1.39557e-06 -0.706342 -0.707871 0.0693835 -0.706342 -0.704462 -2.27399e-06 0.47076 -0.882261 0.0864757 0.47076 -0.878013 -1.08849e-06 -0.77226 -0.635307 0.0622711 -0.77226 -0.632248 -2.67304e-06 0.382143 -0.924103 0.0905773 0.382143 -0.919653 -7.07861e-07 -0.830762 -0.556628 0.0545584 -0.830762 -0.553947 -1.6652e-06 0.289861 -0.957069 0.0938093 0.28986 -0.952461 -8.00392e-07 -0.881285 -0.472586 0.0463208 -0.881284 -0.470311 -1.06778e-06 0.194797 -0.980844 0.09614 0.194797 -0.97612 -3.89623e-09 0.995034 -0.0995355 -4.40538e-07 1 -1.85431e-07 0.00975465 0.995034 -0.0990561 -7.49073e-07 -0.958419 -0.285366 0.0279696 -0.958418 -0.283993 -2.22497e-06 0.0978662 -0.9952 0.0975469 0.0978676 -0.990407 -7.71966e-09 0.980491 -0.196564 0.0192674 0.980491 -0.195618 -3.2262e-06 -1.62921e-07 -1 0.0980172 -1.62136e-07 -0.995185 -8.9091e-09 0.956514 -0.291688 0.0285906 0.956514 -0.290283 -2.15116e-06 -0.0978667 -0.9952 0.097547 -0.0978683 -0.990407 -9.50807e-07 0.923337 -0.383991 0.0376377 0.923337 -0.382142 -1.0285e-06 -0.194798 -0.980843 0.0961401 -0.194798 -0.97612 -1.27041e-06 0.881284 -0.472587 0.0463216 0.881284 -0.470312 -1.66401e-06 -0.289863 -0.957068 0.0938086 -0.289861 -0.95246 -7.24503e-07 0.830762 -0.556628 0.0545593 0.830762 -0.553948 0.0980172 -1.62136e-07 -0.995185 0.0975469 0.0978676 -0.990407 0.194154 0.0978678 -0.976077 0.19509 -1.5979e-07 -0.980785 0.0285906 0.956514 -0.290283 0.0192674 0.980491 -0.195618 0.0383478 0.980491 -0.192788 0.0569054 0.956514 -0.286083 0.097547 -0.0978683 -0.990407 0.194154 -0.0978683 -0.976077 0.0376377 0.923337 -0.382142 0.0749125 0.923337 -0.376613 0.0961401 -0.194798 -0.97612 0.191353 -0.194798 -0.961997 0.0463216 0.881284 -0.470312 0.0921973 0.881284 -0.463507 0.0938086 -0.289861 -0.95246 0.186715 -0.28986 -0.938679 0.0545593 0.830762 -0.553948 0.108593 0.830762 -0.545933 0.0905764 -0.382143 -0.919653 0.180283 -0.382143 -0.906347 0.0622711 0.772259 -0.632248 0.123942 0.772259 -0.6231 0.0864759 -0.47076 -0.878013 0.17212 -0.470761 -0.865308 0.0693834 0.706341 -0.704463 0.138099 0.706341 -0.69427 0.0815445 -0.554863 -0.827935 0.162304 -0.554863 -0.815956 0.0758285 0.633642 -0.769901 0.150927 0.633642 -0.758761 0.0758284 -0.633643 -0.7699 0.150927 -0.633643 -0.758761 0.0815441 0.554862 -0.827936 0.162304 0.554863 -0.815956 0.0693835 -0.706342 -0.704462 0.138099 -0.706342 -0.694269 0.0864757 0.47076 -0.878013 0.172121 0.47076 -0.865309 0.0622711 -0.77226 -0.632248 0.123942 -0.77226 -0.6231 0.0905773 0.382143 -0.919653 0.180283 0.382143 -0.906347 0.0545584 -0.830762 -0.553947 0.108593 -0.830762 -0.545932 0.0938093 0.28986 -0.952461 0.186715 0.289859 -0.938679 0.0463208 -0.881284 -0.470311 0.0921973 -0.881284 -0.463506 0.09614 0.194797 -0.97612 0.191353 0.194797 -0.961997 0.00975465 0.995034 -0.0990561 -4.40538e-07 1 -1.85431e-07 0.0194203 0.995034 -0.0976228 0.0279696 -0.958418 -0.283993 0.055672 -0.958418 -0.279883 0.288891 -0.0978683 -0.952346 0.284724 -0.194798 -0.938609 0.111466 0.923337 -0.367457 0.137185 0.881284 -0.452238 0.277822 -0.28986 -0.915858 0.16158 0.830762 -0.53266 0.268253 -0.382143 -0.884312 0.18442 0.772259 -0.607951 0.256107 -0.470761 -0.844271 0.205484 0.706341 -0.677391 0.2415 -0.554863 -0.796118 0.224572 0.633642 -0.740314 0.224572 -0.633643 -0.740314 0.2415 0.554863 -0.796119 0.205484 -0.706342 -0.67739 0.256107 0.47076 -0.844271 0.18442 -0.77226 -0.607951 0.268253 0.382143 -0.884312 0.161581 -0.830762 -0.53266 0.277823 0.289859 -0.915858 0.137185 -0.881284 -0.452237 0.284724 0.194797 -0.938609 0.0288956 0.995034 -0.0952494 0.0828373 -0.958418 -0.273079 0.288891 0.097868 -0.952346 0.0570597 0.980491 -0.1881 0.290285 -1.54715e-07 -0.95694 0.084672 0.956514 -0.279128 0.366254 -0.28986 -0.884217 0.353639 -0.382143 -0.85376 0.213012 0.830762 -0.514258 0.243122 0.772259 -0.586948 0.337627 -0.470761 -0.815103 0.270891 0.706341 -0.653988 0.318371 -0.554863 -0.768614 0.296054 0.633642 -0.714737 0.296054 -0.633643 -0.714737 0.31837 0.554863 -0.768614 0.27089 -0.706342 -0.653988 0.337627 0.47076 -0.815103 0.243121 -0.77226 -0.586947 0.353639 0.382143 -0.85376 0.213012 -0.830762 -0.514257 0.366255 0.289859 -0.884217 0.180852 -0.881284 -0.436613 0.375353 0.194797 -0.906181 0.0380905 0.995034 -0.0919586 0.109206 -0.958418 -0.263644 0.380846 0.097868 -0.919444 0.0752231 0.980491 -0.181602 0.382683 -1.49329e-07 -0.92388 0.111624 0.956514 -0.269484 0.380846 -0.0978683 -0.919444 0.146947 0.923337 -0.354762 0.375352 -0.194798 -0.906181 0.180851 0.881284 -0.436614 0.415895 -0.470761 -0.778084 0.392174 -0.554864 -0.733707 0.333689 0.706341 -0.624287 0.364685 0.633642 -0.682277 0.364685 -0.633643 -0.682277 0.392174 0.554863 -0.733707 0.333688 -0.706342 -0.624286 0.415895 0.47076 -0.778085 0.299481 -0.77226 -0.560291 0.435619 0.382143 -0.814986 0.262392 -0.830762 -0.490902 0.451159 0.28986 -0.84406 0.222775 -0.881284 -0.416784 0.462366 0.194797 -0.865027 0.0469201 0.995034 -0.0877823 0.13452 -0.958419 -0.251671 0.469134 0.0978681 -0.877688 0.0926595 0.980491 -0.173354 0.471397 -1.43683e-07 -0.881921 0.137501 0.956514 -0.257246 0.469134 -0.0978684 -0.877688 0.181012 0.923337 -0.33865 0.462366 -0.194798 -0.865027 0.222776 0.881284 -0.416785 0.451159 -0.28986 -0.844059 0.262392 0.830762 -0.490902 0.435619 -0.382143 -0.814986 0.299482 0.772259 -0.560291 0.429804 -0.633643 -0.643246 0.393272 -0.706342 -0.588573 0.462202 0.554863 -0.691734 0.490158 0.47076 -0.733573 0.352958 -0.77226 -0.528239 0.513404 0.382143 -0.768364 0.309246 -0.830762 -0.462819 0.531719 0.28986 -0.795774 0.262555 -0.881284 -0.392942 0.544928 0.194797 -0.815542 0.0552976 0.995034 -0.0827606 0.158541 -0.958419 -0.237273 0.552903 0.097868 -0.827478 0.109206 0.980491 -0.163437 0.55557 -1.34273e-07 -0.83147 0.162052 0.956514 -0.24253 0.552903 -0.0978684 -0.827478 0.213334 0.923337 -0.319277 0.544927 -0.194798 -0.815541 0.262555 0.881284 -0.392942 0.531719 -0.289861 -0.795774 0.309246 0.830762 -0.46282 0.513404 -0.382143 -0.768364 0.352958 0.772259 -0.528239 0.490158 -0.470761 -0.733573 0.393272 0.706341 -0.588574 0.462202 -0.554864 -0.691734 0.429803 0.633643 -0.643246 0.403034 -0.77226 -0.491099 0.353121 -0.830762 -0.430279 0.586245 0.382143 -0.714341 0.607158 0.28986 -0.739824 0.299806 -0.881284 -0.365315 0.622241 0.194797 -0.758202 0.0631407 0.995034 -0.0769418 0.181035 -0.958418 -0.220591 0.631348 0.0978677 -0.769299 0.1247 0.980491 -0.151946 0.634394 -1.24749e-07 -0.77301 0.185045 0.956514 -0.225478 0.631348 -0.0978681 -0.769299 0.243601 0.923337 -0.296829 0.622241 -0.194798 -0.758202 0.299806 0.881284 -0.365315 0.607158 -0.28986 -0.739824 0.353121 0.830762 -0.43028 0.586245 -0.382143 -0.714341 0.403035 0.772259 -0.491099 0.5597 -0.470761 -0.681997 0.449069 0.706341 -0.547192 0.527778 -0.554864 -0.643099 0.490783 0.633643 -0.598021 0.490783 -0.633643 -0.598021 0.527778 0.554863 -0.6431 0.449069 -0.706341 -0.547192 0.559701 0.47076 -0.681997 0.0703789 0.995034 -0.0703821 0.334169 -0.881284 -0.334169 0.201784 -0.958419 -0.201784 0.693561 0.194797 -0.693561 0.703712 0.0978675 -0.703712 0.138992 0.980491 -0.138992 0.707107 -1.15202e-07 -0.707107 0.206255 0.956514 -0.206254 0.703712 -0.0978679 -0.703712 0.271523 0.923337 -0.271523 0.693561 -0.194798 -0.693561 0.33417 0.881284 -0.33417 0.67675 -0.289861 -0.67675 0.393596 0.830762 -0.393596 0.65344 -0.382143 -0.65344 0.44923 0.772259 -0.44923 0.623853 -0.470761 -0.623852 0.500541 0.706341 -0.500541 0.588271 -0.554864 -0.588271 0.547036 0.633642 -0.547036 0.547036 -0.633643 -0.547036 0.588272 0.554863 -0.588272 0.500541 -0.706341 -0.50054 0.623853 0.47076 -0.623853 0.44923 -0.772259 -0.44923 0.65344 0.382143 -0.653439 0.393596 -0.830762 -0.393595 0.67675 0.28986 -0.67675 0.151946 0.980491 -0.124699 0.225477 0.956514 -0.185045 0.773011 -1.03356e-07 -0.634393 0.7693 -0.0978678 -0.631348 0.296829 0.923337 -0.243601 0.758202 -0.194798 -0.62224 0.365315 0.881284 -0.299806 0.739824 -0.289861 -0.607158 0.430279 0.830762 -0.353121 0.714341 -0.382143 -0.586245 0.491099 0.772259 -0.403035 0.681997 -0.470761 -0.5597 0.547192 0.706341 -0.449069 0.6431 -0.554864 -0.527778 0.598021 0.633642 -0.490783 0.598021 -0.633643 -0.490783 0.6431 0.554863 -0.527778 0.547192 -0.706341 -0.449069 0.681997 0.47076 -0.5597 0.4911 -0.772259 -0.403034 0.714342 0.382143 -0.586244 0.430279 -0.830762 -0.353121 0.739824 0.289861 -0.607158 0.365314 -0.881284 -0.299806 0.758202 0.194797 -0.622241 0.0769426 0.995034 -0.0631445 0.220591 -0.958418 -0.181035 0.7693 0.0978674 -0.631348 0.319277 0.923337 -0.213334 0.392942 0.881284 -0.262556 0.815542 -0.194797 -0.544927 0.795774 -0.289861 -0.531719 0.462819 0.830762 -0.309246 0.768364 -0.382143 -0.513404 0.528239 0.772259 -0.352958 0.733573 -0.470761 -0.490158 0.588574 0.706341 -0.393272 0.691734 -0.554864 -0.462202 0.643247 0.633642 -0.429804 0.643247 -0.633643 -0.429803 0.691734 0.554863 -0.462202 0.588574 -0.706341 -0.393272 0.733574 0.47076 -0.490158 0.528239 -0.772259 -0.352958 0.768364 0.382143 -0.513404 0.462819 -0.830762 -0.309246 0.795774 0.289861 -0.531719 0.392941 -0.881284 -0.262555 0.815542 0.194796 -0.544928 0.0827627 0.995034 -0.0552988 0.237274 -0.958418 -0.158541 0.827478 0.0978673 -0.552903 0.163437 0.980491 -0.109205 0.83147 -9.28948e-08 -0.55557 0.242529 0.956514 -0.162053 0.827478 -0.0978677 -0.552903 0.490902 0.830762 -0.262393 0.560291 0.772259 -0.299482 0.814986 -0.382143 -0.435619 0.778085 -0.470761 -0.415895 0.624287 0.706341 -0.333688 0.733707 -0.554864 -0.392174 0.682277 0.633643 -0.364685 0.682277 -0.633643 -0.364684 0.733707 0.554863 -0.392175 0.624287 -0.706341 -0.333688 0.778085 0.47076 -0.415895 0.560291 -0.772259 -0.299482 0.814986 0.382143 -0.435619 0.490902 -0.830762 -0.262392 0.844059 0.289861 -0.451159 0.416784 -0.881284 -0.222776 0.865027 0.194796 -0.462367 0.0877836 0.995034 -0.0469206 0.251671 -0.958418 -0.134521 0.877688 0.0978673 -0.469134 0.173354 0.980491 -0.0926599 0.881921 -7.91813e-08 -0.471397 0.257245 0.956514 -0.137501 0.877688 -0.0978677 -0.469134 0.33865 0.923337 -0.181012 0.865027 -0.194797 -0.462366 0.416785 0.881284 -0.222776 0.84406 -0.289861 -0.451159 0.653988 0.706341 -0.270891 0.714737 0.633643 -0.296054 0.768614 -0.554864 -0.31837 0.714737 -0.633643 -0.296053 0.768614 0.554863 -0.31837 0.653988 -0.706341 -0.27089 0.815103 0.47076 -0.337627 0.586948 -0.772259 -0.243121 0.85376 0.382143 -0.353639 0.514257 -0.830762 -0.213012 0.884216 0.289861 -0.366254 0.436613 -0.881284 -0.180851 0.906182 0.194796 -0.375353 0.0919602 0.995034 -0.0380906 0.263644 -0.958418 -0.109205 0.919444 0.0978674 -0.380846 0.181602 0.980491 -0.0752222 0.92388 -5.87756e-08 -0.382683 0.269484 0.956514 -0.111624 0.919445 -0.0978676 -0.380846 0.354761 0.923337 -0.146947 0.906181 -0.194797 -0.375352 0.436614 0.881284 -0.180852 0.884216 -0.289861 -0.366254 0.514257 0.830762 -0.213013 0.85376 -0.382143 -0.353639 0.586948 0.772259 -0.243122 0.815103 -0.470761 -0.337627 0.796119 0.554863 -0.2415 0.844272 0.47076 -0.256107 0.677391 -0.706341 -0.205484 0.607951 -0.772259 -0.184419 0.884312 0.382143 -0.268253 0.53266 -0.830762 -0.16158 0.915858 0.289861 -0.277822 0.452238 -0.881284 -0.137185 0.938609 0.194796 -0.284724 0.0952505 0.995034 -0.0288937 0.273079 -0.958418 -0.0828374 0.952347 0.0978674 -0.288891 0.1881 0.980491 -0.0570598 0.95694 -4.37219e-08 -0.290284 0.279128 0.956514 -0.0846727 0.952347 -0.0978676 -0.288891 0.367456 0.923337 -0.111467 0.938609 -0.194797 -0.284724 0.452238 0.881284 -0.137185 0.915858 -0.289861 -0.277822 0.53266 0.830762 -0.161581 0.884312 -0.382143 -0.268253 0.607952 0.772259 -0.18442 0.844271 -0.470761 -0.256106 0.677391 0.706341 -0.205484 0.796118 -0.554864 -0.241499 0.740314 0.633643 -0.224572 0.740314 -0.633643 -0.224571 0.906347 0.382143 -0.180284 0.938679 0.289861 -0.186715 0.545933 -0.830762 -0.108593 0.463506 -0.881284 -0.0921969 0.961997 0.194796 -0.191353 0.0976225 0.995034 -0.0194185 0.279883 -0.958418 -0.0556721 0.976077 0.0978674 -0.194153 0.192787 0.980491 -0.0383479 0.980785 -3.17842e-08 -0.19509 0.286083 0.956514 -0.0569057 0.976077 -0.0978675 -0.194153 0.376613 0.923337 -0.0749133 0.961997 -0.194797 -0.191353 0.463507 0.881284 -0.0921975 0.938679 -0.289861 -0.186715 0.545933 0.830761 -0.108593 0.906347 -0.382143 -0.180283 0.623101 0.772259 -0.123942 0.865309 -0.470761 -0.17212 0.69427 0.706341 -0.138099 0.815956 -0.554864 -0.162304 0.758761 0.633643 -0.150927 0.758761 -0.633643 -0.150927 0.815956 0.554863 -0.162304 0.69427 -0.706341 -0.138099 0.865309 0.47076 -0.17212 0.6231 -0.772259 -0.123942 0.976121 0.194796 -0.0961394 0.990407 0.0978673 -0.0975461 0.0990554 0.995034 -0.00975624 0.195618 0.980491 -0.0192668 0.995185 -1.59689e-08 -0.0980166 0.290283 0.956514 -0.0285906 0.990407 -0.0978673 -0.0975461 0.382142 0.923337 -0.0376379 0.976121 -0.194797 -0.0961393 0.470312 0.881284 -0.0463216 0.95246 -0.289861 -0.0938091 0.553948 0.830761 -0.0545588 0.919653 -0.382143 -0.0905781 0.632249 0.772259 -0.062271 0.878012 -0.470761 -0.0864766 0.704463 0.706341 -0.0693837 0.827935 -0.554864 -0.0815442 0.769901 0.633643 -0.0758286 0.769901 -0.633642 -0.0758284 0.827936 0.554863 -0.0815445 0.704463 -0.706341 -0.0693833 0.878013 0.47076 -0.0864765 0.632248 -0.772259 -0.0622709 0.919653 0.382143 -0.0905777 0.553948 -0.830762 -0.054559 0.95246 0.289861 -0.093809 0.470311 -0.881284 -0.0463214 0.283992 -0.958418 -0.0279706 1 1.19048e-09 -1.42858e-08 0.9952 -0.0978672 3.38015e-08 0.291688 0.956514 -1.55242e-07 0.383991 0.923337 -1.46866e-07 0.980844 -0.194797 1.26902e-08 0.472588 0.881284 -1.48927e-07 0.957069 -0.289861 8.53134e-08 0.556629 0.830761 4.47374e-08 0.924103 -0.382143 2.06044e-08 0.635308 0.772259 1.76179e-07 0.882261 -0.470761 3.06357e-07 0.707872 0.706341 1.51905e-07 0.831941 -0.554864 8.08997e-07 0.773626 0.633643 2.64212e-08 0.773626 -0.633642 5.98657e-07 0.831942 0.554863 -1.04675e-07 0.707871 -0.706341 2.44704e-07 0.882261 0.47076 1.52963e-07 0.635307 -0.772259 5.77622e-07 0.924103 0.382143 1.48394e-07 0.556628 -0.830762 5.65058e-07 0.957069 0.289861 -3.65118e-08 0.472587 -0.881284 2.46971e-07 0.980844 0.194796 -6.38768e-08 0.0995351 0.995034 -1.53354e-07 0.285367 -0.958418 1.50886e-07 0.9952 0.0978672 1.02455e-08 0.196564 0.980491 -1.61227e-07 0.976121 -0.194797 0.0961397 0.95246 -0.289861 0.0938095 0.470312 0.881284 0.0463216 0.553948 0.830761 0.0545592 0.919653 -0.382143 0.0905781 0.632248 0.772259 0.0622712 0.878012 -0.470761 0.0864772 0.704463 0.706341 0.0693838 0.827935 -0.554864 0.0815451 0.769901 0.633642 0.0758289 0.769901 -0.633642 0.0758289 0.827936 0.554863 0.081545 0.704463 -0.706341 0.0693837 0.878013 0.47076 0.0864773 0.632248 -0.772259 0.0622714 0.919653 0.382143 0.0905782 0.553948 -0.830762 0.0545596 0.95246 0.289861 0.0938092 0.470312 -0.881284 0.0463219 0.976121 0.194796 0.0961395 0.0990549 0.995034 0.00975597 0.283993 -0.958418 0.027971 0.990407 0.0978673 0.0975468 0.195618 0.980491 0.0192665 0.995185 2.0731e-08 0.0980173 0.290283 0.956514 0.0285903 0.990407 -0.0978673 0.0975468 0.382142 0.923337 0.0376376 0.906347 -0.382143 0.180284 0.865308 -0.470761 0.172121 0.6231 0.772259 0.123942 0.69427 0.706341 0.138099 0.815956 -0.554863 0.162304 0.758761 0.633642 0.150927 0.758761 -0.633642 0.150927 0.815956 0.554863 0.162304 0.69427 -0.706341 0.138099 0.865309 0.47076 0.172121 0.6231 -0.77226 0.123942 0.906347 0.382143 0.180284 0.545933 -0.830762 0.108593 0.938679 0.289861 0.186715 0.463507 -0.881284 0.0921975 0.961997 0.194796 0.191353 0.0976219 0.995034 0.0194182 0.279884 -0.958418 0.0556725 0.976077 0.0978673 0.194154 0.192787 0.980491 0.0383477 0.980785 3.41653e-08 0.195091 0.286083 0.956514 0.0569053 0.976077 -0.0978672 0.194154 0.376613 0.923337 0.074913 0.961997 -0.194797 0.191353 0.463507 0.881283 0.0921975 0.938679 -0.289861 0.186715 0.545933 0.830761 0.108593 0.796118 -0.554863 0.2415 0.740314 -0.633642 0.224572 0.740314 0.633642 0.224572 0.796119 0.554863 0.2415 0.677391 -0.706341 0.205484 0.844271 0.47076 0.256107 0.607951 -0.77226 0.18442 0.884311 0.382143 0.268253 0.53266 -0.830762 0.161581 0.915858 0.289861 0.277823 0.452238 -0.881284 0.137185 0.938609 0.194796 0.284724 0.0952494 0.995034 0.0288934 0.273079 -0.958418 0.0828376 0.952347 0.0978672 0.288891 0.188101 0.980491 0.0570594 0.95694 4.61029e-08 0.290285 0.279128 0.956514 0.0846722 0.952347 -0.097867 0.288891 0.367456 0.923337 0.111466 0.938609 -0.194797 0.284724 0.452239 0.881283 0.137185 0.915858 -0.289861 0.277823 0.532661 0.830761 0.161581 0.884312 -0.382143 0.268253 0.607951 0.772259 0.18442 0.844271 -0.470761 0.256107 0.677391 0.706341 0.205484 0.653988 -0.706341 0.270891 0.586947 -0.772259 0.243122 0.815103 0.47076 0.337627 0.85376 0.382143 0.353639 0.514258 -0.830761 0.213013 0.884216 0.289861 0.366254 0.436614 -0.881284 0.180851 0.906182 0.194796 0.375353 0.0919583 0.995034 0.0380903 0.263645 -0.958418 0.109205 0.919444 0.0978672 0.380846 0.181602 0.980491 0.0752217 0.92388 6.2347e-08 0.382683 0.269484 0.956514 0.111624 0.919444 -0.0978669 0.380846 0.354761 0.923337 0.146947 0.906181 -0.194797 0.375353 0.436615 0.881283 0.180851 0.884216 -0.289861 0.366255 0.514258 0.830761 0.213013 0.85376 -0.382143 0.353639 0.586947 0.772259 0.243122 0.815103 -0.470761 0.337626 0.653988 0.706341 0.270891 0.768613 -0.554863 0.318371 0.714738 0.633642 0.296054 0.714738 -0.633642 0.296055 0.768614 0.554863 0.31837 0.490903 -0.830761 0.262393 0.416785 -0.881284 0.222776 0.844059 0.289861 0.451159 0.865027 0.194796 0.462367 0.087783 0.995034 0.0469203 0.251671 -0.958418 0.134521 0.877687 0.0978673 0.469134 0.173353 0.980491 0.0926594 0.881921 7.68003e-08 0.471397 0.257245 0.956514 0.1375 0.877687 -0.0978669 0.469134 0.33865 0.923337 0.181012 0.865027 -0.194797 0.462367 0.416785 0.881284 0.222776 0.844059 -0.289861 0.451159 0.490903 0.830761 0.262393 0.814986 -0.382143 0.435619 0.560291 0.772259 0.299482 0.778084 -0.470761 0.415895 0.624287 0.706341 0.333689 0.733707 -0.554863 0.392175 0.682278 0.633642 0.364685 0.682278 -0.633642 0.364685 0.733707 0.554863 0.392175 0.624287 -0.706341 0.333689 0.778085 0.47076 0.415895 0.560291 -0.772259 0.299482 0.814986 0.382143 0.435619 0.827478 0.0978673 0.552903 0.831469 9.17044e-08 0.55557 0.163436 0.980491 0.109205 0.242529 0.956514 0.162053 0.827478 -0.0978669 0.552903 0.319276 0.923337 0.213334 0.815542 -0.194797 0.544928 0.392942 0.881284 0.262556 0.795773 -0.289862 0.531719 0.46282 0.830761 0.309246 0.768364 -0.382143 0.513405 0.528239 0.772259 0.352958 0.733573 -0.470761 0.490158 0.588574 0.706341 0.393272 0.691734 -0.554863 0.462202 0.643247 0.633642 0.429804 0.643247 -0.633642 0.429804 0.691734 0.554863 0.462202 0.588573 -0.706341 0.393273 0.733573 0.47076 0.490158 0.528239 -0.772259 0.352958 0.768364 0.382143 0.513404 0.46282 -0.830761 0.309246 0.795774 0.289861 0.531719 0.392942 -0.881284 0.262556 0.815542 0.194796 0.544928 0.0827621 0.995034 0.0552986 0.237274 -0.958418 0.158541 0.7693 -0.0978667 0.631348 0.758202 -0.194797 0.622241 0.296829 0.923337 0.243601 0.365315 0.881284 0.299807 0.739824 -0.289861 0.607158 0.43028 0.830761 0.353122 0.714341 -0.382143 0.586245 0.4911 0.772259 0.403035 0.681996 -0.470761 0.5597 0.547192 0.706341 0.449069 0.643099 -0.554864 0.527778 0.598021 0.633642 0.490784 0.598021 -0.633642 0.490784 0.6431 0.554863 0.527779 0.547192 -0.706341 0.449069 0.681997 0.47076 0.559701 0.491099 -0.772259 0.403035 0.714341 0.382143 0.586245 0.43028 -0.830761 0.353122 0.739824 0.289861 0.607158 0.365315 -0.881284 0.299806 0.758202 0.194796 0.622241 0.0769451 0.995034 0.0631443 0.220591 -0.958418 0.181035 0.7693 0.0978671 0.631348 0.151946 0.980491 0.124699 0.77301 1.02165e-07 0.634393 0.225478 0.956514 0.185044 0.676749 -0.289862 0.67675 0.65344 -0.382143 0.65344 0.393596 0.830761 0.393596 0.449231 0.772259 0.44923 0.623852 -0.470761 0.623853 0.500541 0.706341 0.500541 0.588271 -0.554864 0.588272 0.547036 0.633642 0.547037 0.547037 -0.633642 0.547037 0.588271 0.554863 0.588272 0.500541 -0.706341 0.500541 0.623853 0.47076 0.623853 0.44923 -0.772259 0.449231 0.653439 0.382143 0.65344 0.393596 -0.830761 0.393596 0.67675 0.289861 0.67675 0.33417 -0.881284 0.33417 0.693561 0.194796 0.693561 0.0703822 0.995034 0.0703819 0.201784 -0.958418 0.201785 0.703712 0.0978668 0.703712 0.138991 0.980491 0.138992 0.707107 1.15202e-07 0.707107 0.206254 0.956514 0.206254 0.703712 -0.0978664 0.703712 0.271522 0.923337 0.271523 0.693561 -0.194797 0.693561 0.33417 0.881284 0.33417 0.5597 -0.470761 0.681997 0.527778 -0.554864 0.643099 0.449069 0.706341 0.547192 0.490784 0.633642 0.598021 0.490783 -0.633642 0.598021 0.527778 0.554863 0.6431 0.449069 -0.706341 0.547192 0.5597 0.47076 0.681997 0.403035 -0.772259 0.4911 0.586245 0.382143 0.714341 0.353122 -0.830761 0.43028 0.607158 0.289862 0.739824 0.299806 -0.881284 0.365315 0.622241 0.194796 0.758202 0.0631408 0.995034 0.0769416 0.181034 -0.958418 0.220592 0.631348 0.0978668 0.7693 0.1247 0.980491 0.151946 0.634393 1.2832e-07 0.77301 0.185044 0.956514 0.225477 0.631348 -0.0978663 0.7693 0.243601 0.923337 0.296829 0.62224 -0.194797 0.758202 0.299806 0.881284 0.365315 0.607157 -0.289862 0.739824 0.353122 0.830761 0.43028 0.586245 -0.382142 0.714342 0.403035 0.772259 0.4911 0.429804 -0.633642 0.643247 0.393272 -0.706341 0.588574 0.462202 0.554863 0.691734 0.490158 0.47076 0.733573 0.352958 -0.772259 0.528239 0.513404 0.382143 0.768364 0.309246 -0.830761 0.46282 0.531719 0.289862 0.795773 0.262555 -0.881284 0.392942 0.544928 0.194796 0.815542 0.0552976 0.995034 0.0827603 0.158541 -0.958418 0.237274 0.552903 0.0978667 0.827478 0.109206 0.980491 0.163437 0.55557 1.37845e-07 0.83147 0.162053 0.956514 0.242529 0.552903 -0.0978663 0.827478 0.213334 0.923337 0.319277 0.544927 -0.194797 0.815542 0.262556 0.881283 0.392942 0.531718 -0.289862 0.795774 0.309247 0.830761 0.46282 0.513404 -0.382142 0.768364 0.352958 0.772259 0.528239 0.490158 -0.470761 0.733573 0.393272 0.706341 0.588574 0.462202 -0.554864 0.691734 0.429804 0.633642 0.643247 0.471397 1.42493e-07 0.881921 0.469134 -0.0978661 0.877688 0.137501 0.956514 0.257245 0.181012 0.923337 0.33865 0.462367 -0.194797 0.865027 0.222776 0.881284 0.416785 0.451159 -0.289862 0.844059 0.262393 0.830761 0.490903 0.435619 -0.382142 0.814987 0.299482 0.772259 0.560291 0.415895 -0.470761 0.778085 0.333688 0.706341 0.624287 0.392174 -0.554864 0.733707 0.364685 0.633642 0.682278 0.364685 -0.633642 0.682278 0.392175 0.554863 0.733707 0.333688 -0.706341 0.624287 0.415895 0.47076 0.778085 0.299482 -0.772259 0.560291 0.435619 0.382143 0.814986 0.262393 -0.830761 0.490903 0.451159 0.289862 0.844059 0.222776 -0.881284 0.416785 0.462367 0.194796 0.865027 0.0469202 0.995034 0.0877821 0.134521 -0.958418 0.251671 0.469134 0.0978664 0.877688 0.0926594 0.980491 0.173354 0.375353 -0.194797 0.906181 0.366254 -0.289862 0.884216 0.180851 0.881284 0.436614 0.213012 0.830761 0.514258 0.353639 -0.382142 0.85376 0.243122 0.772259 0.586948 0.337627 -0.470761 0.815103 0.270891 0.706341 0.653988 0.31837 -0.554864 0.768614 0.296054 0.633642 0.714738 0.296054 -0.633641 0.714738 0.31837 0.554863 0.768614 0.270891 -0.706341 0.653988 0.337627 0.47076 0.815103 0.243122 -0.772259 0.586948 0.353639 0.382143 0.85376 0.213012 -0.830761 0.514258 0.366254 0.289862 0.884216 0.180851 -0.881284 0.436614 0.375353 0.194796 0.906182 0.0380892 0.995034 0.0919584 0.109205 -0.958418 0.263644 0.380846 0.0978664 0.919445 0.0752217 0.980491 0.181601 0.382683 1.49329e-07 0.92388 0.111625 0.956514 0.269484 0.380846 -0.0978661 0.919445 0.146947 0.923337 0.354761 0.268253 -0.382142 0.884312 0.256107 -0.470761 0.844271 0.18442 0.772259 0.607952 0.205485 0.706341 0.677391 0.2415 -0.554864 0.796118 0.224572 0.633642 0.740315 0.224572 -0.633642 0.740315 0.2415 0.554863 0.796119 0.205484 -0.706341 0.677391 0.256107 0.470761 0.844271 0.18442 -0.772259 0.607952 0.268253 0.382143 0.884312 0.161581 -0.830761 0.532661 0.277822 0.289862 0.915858 0.137185 -0.881284 0.452238 0.284724 0.194796 0.938609 0.0288943 0.995034 0.0952492 0.0828381 -0.958418 0.273079 0.288891 0.0978663 0.952347 0.0570584 0.980491 0.1881 0.290285 1.57096e-07 0.95694 0.0846725 0.956514 0.279127 0.288891 -0.0978661 0.952347 0.111467 0.923337 0.367456 0.284724 -0.194797 0.938609 0.137185 0.881284 0.452238 0.277822 -0.289863 0.915857 0.161581 0.830761 0.532661 0.162304 -0.554864 0.815956 0.150927 -0.633642 0.758762 0.150927 0.633642 0.758762 0.162304 0.554863 0.815956 0.138099 -0.706341 0.69427 0.172121 0.470761 0.865309 0.123942 -0.772259 0.623101 0.180284 0.382143 0.906347 0.108593 -0.830761 0.545934 0.186715 0.289862 0.938679 0.092197 -0.881284 0.463507 0.191353 0.194796 0.961997 0.0194203 0.995034 0.0976226 0.0556721 -0.958418 0.279883 0.194154 0.0978662 0.976077 0.0383477 0.980491 0.192787 0.19509 1.586e-07 0.980785 0.0569059 0.956514 0.286083 0.194154 -0.0978659 0.976077 0.0749136 0.923337 0.376613 0.191353 -0.194797 0.961997 0.0921978 0.881284 0.463507 0.186715 -0.289862 0.938679 0.108593 0.830761 0.545934 0.180284 -0.382142 0.906347 0.123942 0.772259 0.6231 0.172121 -0.470761 0.865309 0.138099 0.706341 0.69427 0.0693833 -0.706341 0.704463 0.0622707 -0.772259 0.632249 0.0864766 0.470761 0.878013 0.0905779 0.382143 0.919654 0.0545588 -0.830761 0.553949 0.0938091 0.289862 0.95246 0.0463212 -0.881284 0.470311 0.0961397 0.194797 0.976121 0.00975601 0.995034 0.0990558 0.0279706 -0.958418 0.283992 0.0975467 0.0978666 0.990407 0.0192686 0.980491 0.195617 0.0980171 1.62136e-07 0.995185 0.0285906 0.956514 0.290283 0.0975467 -0.0978663 0.990407 0.0376382 0.923337 0.382142 0.0961396 -0.194797 0.97612 0.0463217 0.881284 0.470312 0.0938091 -0.289862 0.95246 0.0545591 0.830761 0.553949 0.0905782 -0.382142 0.919654 0.0622712 0.772259 0.632249 0.0864767 -0.470761 0.878013 0.0693836 0.706341 0.704463 0.0815442 -0.554864 0.827935 0.0758287 0.633642 0.769901 0.0758284 -0.633642 0.769902 0.0815446 0.554863 0.827936 -3.68492e-07 -0.830761 0.556629 4.75363e-08 -0.881284 0.472587 -1.04745e-07 0.289861 0.957069 6.42811e-08 0.194797 0.980844 4.45283e-09 0.995034 0.0995352 4.71627e-07 -0.958418 0.285367 -2.14282e-08 0.0978669 0.9952 -3.56292e-09 0.980491 0.196564 -1.66667e-08 1.64111e-07 1 5.64243e-09 0.956514 0.291687 -1.78569e-08 -0.0978666 0.9952 4.63967e-07 0.923337 0.383991 7.6185e-08 -0.194797 0.980844 5.40725e-08 0.881284 0.472588 -8.33197e-08 -0.289862 0.957069 -2.49624e-08 0.830761 0.556629 -5.3556e-08 -0.382142 0.924104 3.21614e-07 0.772259 0.635308 -2.83208e-07 -0.470761 0.882261 -1.78385e-09 0.706341 0.707872 -3.08736e-07 -0.554864 0.831941 -7.13696e-09 0.633642 0.773627 -2.57525e-07 -0.633642 0.773627 -1.55855e-07 0.554863 0.831942 -1.17139e-07 -0.706341 0.707872 -3.64124e-07 0.470761 0.882261 1.36731e-08 -0.772259 0.635308 -1.7971e-07 0.382143 0.924103 -0.00975465 0.995034 0.0990559 -0.0192674 0.980491 0.195617 -0.0975467 0.0978667 0.990407 -0.0980173 1.63327e-07 0.995185 -0.0285912 0.956514 0.290283 -0.0975468 -0.0978664 0.990407 -0.0376383 0.923337 0.382142 -0.0961394 -0.194797 0.976121 -0.0463216 0.881284 0.470312 -0.0938092 -0.289862 0.95246 -0.0545594 0.830761 0.553949 -0.090578 -0.382142 0.919654 -0.0622713 0.772259 0.632249 -0.0864769 -0.470761 0.878013 -0.0693837 0.706341 0.704463 -0.0815448 -0.554864 0.827935 -0.0758288 0.633642 0.769901 -0.075829 -0.633642 0.769901 -0.0815448 0.554863 0.827935 -0.0693836 -0.706341 0.704463 -0.0864769 0.47076 0.878013 -0.0622707 -0.772259 0.632249 -0.0905779 0.382143 0.919653 -0.0545591 -0.830761 0.553949 -0.0938091 0.289862 0.95246 -0.0463216 -0.881284 0.470311 -0.0961394 0.194796 0.976121 -0.0279706 -0.958418 0.283993 -0.0376383 0.923337 0.382142 -0.0285912 0.956514 0.290283 -0.0569059 0.956514 0.286083 -0.0749136 0.923337 0.376613 -0.0961394 -0.194797 0.976121 -0.0975468 -0.0978664 0.990407 -0.194154 -0.097866 0.976077 -0.191353 -0.194797 0.961997 -0.0463216 0.881284 0.470312 -0.0921978 0.881284 0.463507 -0.0938092 -0.289862 0.95246 -0.186715 -0.289862 0.938679 -0.0545594 0.830761 0.553949 -0.108593 0.830761 0.545933 -0.090578 -0.382142 0.919654 -0.180283 -0.382142 0.906347 -0.0622713 0.772259 0.632249 -0.123943 0.772259 0.6231 -0.0864769 -0.470761 0.878013 -0.172121 -0.470761 0.865309 -0.0693837 0.706341 0.704463 -0.138099 0.706341 0.69427 -0.0815448 -0.554864 0.827935 -0.162304 -0.554864 0.815956 -0.0758288 0.633642 0.769901 -0.150927 0.633642 0.758762 -0.075829 -0.633642 0.769901 -0.150927 -0.633642 0.758762 -0.0815448 0.554863 0.827935 -0.162304 0.554863 0.815956 -0.0693836 -0.706341 0.704463 -0.138099 -0.706341 0.69427 -0.0864769 0.47076 0.878013 -0.172121 0.47076 0.865309 -0.0622707 -0.772259 0.632249 -0.123942 -0.772259 0.623101 -0.0905779 0.382143 0.919653 -0.180284 0.382143 0.906347 -0.0545591 -0.830761 0.553949 -0.108593 -0.830761 0.545934 -0.0938091 0.289862 0.95246 -0.186715 0.289862 0.938679 -0.0463216 -0.881284 0.470311 -0.0921974 -0.881284 0.463506 -0.0961394 0.194796 0.976121 -0.191353 0.194796 0.961997 -0.00975465 0.995034 0.0990559 -0.0194203 0.995034 0.0976227 -0.0279706 -0.958418 0.283993 -0.0556726 -0.958418 0.279884 -0.0975467 0.0978667 0.990407 -0.194154 0.0978664 0.976077 -0.0192674 0.980491 0.195617 -0.0383477 0.980491 0.192787 -0.0980173 1.63327e-07 0.995185 -0.19509 1.586e-07 0.980785 -0.137185 0.881284 0.452238 -0.161581 0.830761 0.53266 -0.277822 -0.289862 0.915857 -0.268253 -0.382142 0.884312 -0.18442 0.772259 0.607952 -0.256107 -0.470761 0.844271 -0.205484 0.706341 0.677391 -0.2415 -0.554864 0.796118 -0.224572 0.633642 0.740315 -0.224572 -0.633641 0.740315 -0.2415 0.554863 0.796119 -0.205484 -0.706341 0.677391 -0.256107 0.470761 0.844271 -0.18442 -0.772259 0.607952 -0.268253 0.382143 0.884312 -0.161581 -0.830761 0.532661 -0.277822 0.289862 0.915857 -0.137185 -0.881284 0.452238 -0.284724 0.194796 0.938609 -0.0288957 0.995034 0.0952493 -0.0828377 -0.958418 0.273079 -0.288891 0.0978667 0.952347 -0.0570597 0.980491 0.1881 -0.290285 1.57096e-07 0.95694 -0.0846725 0.956514 0.279127 -0.288891 -0.0978664 0.952347 -0.111467 0.923337 0.367457 -0.284724 -0.194797 0.938609 -0.243122 0.772259 0.586948 -0.270891 0.706341 0.653988 -0.337626 -0.470761 0.815103 -0.31837 -0.554864 0.768613 -0.296054 0.633642 0.714738 -0.296054 -0.633641 0.714738 -0.31837 0.554863 0.768614 -0.270891 -0.706341 0.653988 -0.337627 0.47076 0.815103 -0.243121 -0.772259 0.586948 -0.353639 0.382143 0.85376 -0.213013 -0.830761 0.514258 -0.366255 0.289862 0.884216 -0.180852 -0.881284 0.436614 -0.375353 0.194796 0.906181 -0.0380906 0.995034 0.0919586 -0.109205 -0.958418 0.263645 -0.380846 0.0978669 0.919445 -0.0752222 0.980491 0.181601 -0.382684 1.5171e-07 0.923879 -0.111624 0.956514 0.269484 -0.380846 -0.0978666 0.919445 -0.146947 0.923337 0.354761 -0.375353 -0.194797 0.906181 -0.180851 0.881284 0.436614 -0.366254 -0.289862 0.884216 -0.213013 0.830761 0.514258 -0.353639 -0.382142 0.85376 -0.364685 0.633642 0.682278 -0.392175 0.554863 0.733707 -0.364685 -0.633641 0.682278 -0.333689 -0.706341 0.624287 -0.415895 0.470761 0.778085 -0.299482 -0.772259 0.560291 -0.435619 0.382143 0.814986 -0.262393 -0.830761 0.490903 -0.451159 0.289861 0.844059 -0.222776 -0.881284 0.416784 -0.462367 0.194796 0.865027 -0.0469216 0.995034 0.0877823 -0.134521 -0.958418 0.251671 -0.469134 0.0978664 0.877688 -0.0926599 0.980491 0.173354 -0.471397 1.44874e-07 0.881921 -0.1375 0.956514 0.257245 -0.469134 -0.0978662 0.877688 -0.181012 0.923337 0.33865 -0.462366 -0.194797 0.865027 -0.222776 0.881284 0.416785 -0.451159 -0.289862 0.844059 -0.262393 0.830761 0.490903 -0.435619 -0.382142 0.814987 -0.299483 0.772259 0.560291 -0.415895 -0.470761 0.778085 -0.333689 0.706341 0.624287 -0.392174 -0.554864 0.733707 -0.490158 0.470761 0.733573 -0.513404 0.382143 0.768364 -0.352958 -0.772259 0.528239 -0.309246 -0.830761 0.46282 -0.531719 0.289861 0.795774 -0.262555 -0.881284 0.392942 -0.544927 0.194796 0.815542 -0.0552978 0.995034 0.0827605 -0.15854 -0.958419 0.237274 -0.552903 0.0978665 0.827478 -0.109206 0.980491 0.163437 -0.55557 2.33083e-07 0.83147 -0.162053 0.956514 0.242529 -0.552903 -0.097866 0.827478 -0.213335 0.923337 0.319277 -0.544927 -0.194797 0.815542 -0.262556 0.881283 0.392943 -0.531719 -0.289862 0.795774 -0.309247 0.830761 0.46282 -0.513404 -0.382142 0.768364 -0.352959 0.772259 0.528239 -0.490157 -0.470761 0.733573 -0.393273 0.706341 0.588574 -0.462202 -0.554864 0.691734 -0.429804 0.633642 0.643247 -0.429804 -0.633641 0.643247 -0.462202 0.554863 0.691734 -0.393273 -0.706341 0.588574 -0.607158 0.289862 0.739824 -0.62224 0.194796 0.758203 -0.0631409 0.995034 0.0769418 -0.299806 -0.881284 0.365315 -0.181035 -0.958418 0.220592 -0.631348 0.0978665 0.7693 -0.124699 0.980491 0.151946 -0.634393 2.23559e-07 0.77301 -0.185044 0.956514 0.225477 -0.631348 -0.097866 0.7693 -0.243601 0.923337 0.296829 -0.62224 -0.194797 0.758203 -0.299806 0.881284 0.365315 -0.607158 -0.289862 0.739824 -0.353122 0.830761 0.43028 -0.586245 -0.382142 0.714342 -0.403035 0.772259 0.491099 -0.5597 -0.470761 0.681997 -0.449069 0.706341 0.547192 -0.527778 -0.554864 0.643099 -0.490783 0.633642 0.598022 -0.490783 -0.633642 0.598022 -0.527778 0.554863 0.6431 -0.449069 -0.706341 0.547192 -0.5597 0.47076 0.681997 -0.403035 -0.772259 0.4911 -0.586245 0.382143 0.714341 -0.353122 -0.830761 0.43028 -0.703712 0.0978663 0.703712 -0.707107 1.15202e-07 0.707107 -0.138991 0.980491 0.138992 -0.206254 0.956514 0.206254 -0.703712 -0.097866 0.703712 -0.271523 0.923337 0.271523 -0.693561 -0.194797 0.693561 -0.33417 0.881284 0.33417 -0.67675 -0.289862 0.676749 -0.393596 0.830761 0.393596 -0.65344 -0.382142 0.65344 -0.44923 0.772259 0.44923 -0.623853 -0.470761 0.623853 -0.500541 0.706341 0.500541 -0.588271 -0.554864 0.588271 -0.547037 0.633642 0.547037 -0.547036 -0.633642 0.547037 -0.588271 0.554863 0.588272 -0.500541 -0.706341 0.500541 -0.623853 0.47076 0.623853 -0.449231 -0.772259 0.44923 -0.65344 0.382143 0.65344 -0.393597 -0.830761 0.393596 -0.67675 0.289862 0.67675 -0.33417 -0.881284 0.33417 -0.693561 0.194796 0.693562 -0.070383 0.995034 0.0703821 -0.201785 -0.958418 0.201785 -0.7693 -0.0978662 0.631348 -0.758202 -0.194797 0.622241 -0.296829 0.923337 0.243601 -0.365316 0.881284 0.299806 -0.739824 -0.289862 0.607158 -0.43028 0.830761 0.353122 -0.714342 -0.382142 0.586245 -0.491099 0.772259 0.403035 -0.681997 -0.470761 0.5597 -0.547192 0.706341 0.449069 -0.643099 -0.554864 0.527778 -0.598022 0.633642 0.490783 -0.598022 -0.633641 0.490784 -0.6431 0.554863 0.527778 -0.547192 -0.706341 0.449069 -0.681997 0.47076 0.559701 -0.4911 -0.772259 0.403035 -0.714342 0.382143 0.586245 -0.43028 -0.830761 0.353122 -0.739824 0.289862 0.607158 -0.365315 -0.881284 0.299806 -0.758203 0.194796 0.622241 -0.0769468 0.995034 0.0631445 -0.220591 -0.958418 0.181035 -0.7693 0.0978664 0.631348 -0.151947 0.980491 0.124699 -0.77301 1.04546e-07 0.634394 -0.225478 0.956514 0.185044 -0.795773 -0.289862 0.531719 -0.768364 -0.382142 0.513404 -0.46282 0.830761 0.309246 -0.528239 0.772259 0.352958 -0.733573 -0.470761 0.490158 -0.588574 0.706341 0.393272 -0.691734 -0.554864 0.462202 -0.643247 0.633642 0.429804 -0.643247 -0.633642 0.429804 -0.691734 0.554863 0.462202 -0.588574 -0.706341 0.393272 -0.733574 0.47076 0.490158 -0.528239 -0.772259 0.352958 -0.768364 0.382143 0.513404 -0.46282 -0.830761 0.309247 -0.795773 0.289862 0.531719 -0.392942 -0.881284 0.262555 -0.815542 0.194795 0.544928 -0.0827631 0.995034 0.0552988 -0.237274 -0.958418 0.158541 -0.827478 0.0978666 0.552903 -0.163437 0.980491 0.109205 -0.83147 9.40854e-08 0.55557 -0.242529 0.956514 0.162053 -0.827478 -0.0978663 0.552903 -0.319277 0.923337 0.213334 -0.815542 -0.194797 0.544928 -0.392943 0.881284 0.262556 -0.778085 -0.470761 0.415895 -0.733706 -0.554864 0.392174 -0.624287 0.706341 0.333688 -0.682278 0.633642 0.364685 -0.682278 -0.633642 0.364685 -0.733707 0.554863 0.392174 -0.624287 -0.706341 0.333688 -0.778085 0.47076 0.415895 -0.560291 -0.772259 0.299482 -0.814986 0.382143 0.435619 -0.490902 -0.830761 0.262393 -0.844059 0.289862 0.451159 -0.416784 -0.881284 0.222776 -0.865027 0.194796 0.462367 -0.0877834 0.995034 0.0469206 -0.251671 -0.958418 0.134521 -0.877688 0.0978666 0.469134 -0.173353 0.980491 0.0926596 -0.881921 8.03717e-08 0.471397 -0.257246 0.956514 0.1375 -0.877688 -0.0978664 0.469134 -0.33865 0.923337 0.181012 -0.865027 -0.194797 0.462367 -0.416785 0.881284 0.222776 -0.844059 -0.289862 0.451159 -0.490903 0.830761 0.262393 -0.814987 -0.382142 0.435619 -0.560291 0.772259 0.299482 -0.714738 -0.633642 0.296054 -0.653988 -0.706341 0.270891 -0.768614 0.554864 0.31837 -0.815103 0.47076 0.337627 -0.586948 -0.772259 0.243122 -0.85376 0.382143 0.353639 -0.514258 -0.830761 0.213013 -0.884216 0.289862 0.366254 -0.436613 -0.881284 0.180851 -0.906182 0.194796 0.375353 -0.0919584 0.995034 0.0380904 -0.263645 -0.958418 0.109205 -0.919445 0.0978666 0.380846 -0.181602 0.980491 0.0752217 -0.923879 6.7109e-08 0.382684 -0.269484 0.956514 0.111624 -0.919445 -0.0978665 0.380846 -0.354761 0.923337 0.146947 -0.906181 -0.194797 0.375353 -0.436614 0.881284 0.180851 -0.884216 -0.289862 0.366254 -0.514258 0.830761 0.213013 -0.85376 -0.382142 0.353639 -0.586948 0.772259 0.243122 -0.815103 -0.470761 0.337627 -0.653988 0.706341 0.270891 -0.768613 -0.554864 0.31837 -0.714738 0.633642 0.296054 -0.607952 -0.772259 0.184421 -0.53266 -0.830761 0.161581 -0.884312 0.382143 0.268253 -0.915857 0.289862 0.277822 -0.452237 -0.881284 0.137185 -0.938609 0.194796 0.284724 -0.0952494 0.995034 0.0288934 -0.273079 -0.958418 0.0828376 -0.952347 0.0978666 0.288891 -0.188101 0.980491 0.0570593 -0.95694 6.39601e-08 0.290285 -0.279128 0.956514 0.0846722 -0.952347 -0.0978666 0.288891 -0.367457 0.923337 0.111466 -0.938609 -0.194797 0.284724 -0.452238 0.881284 0.137185 -0.915857 -0.289862 0.277822 -0.532661 0.830761 0.161581 -0.884312 -0.382142 0.268253 -0.607951 0.772259 0.18442 -0.844271 -0.47076 0.256107 -0.677391 0.706341 0.205484 -0.796118 -0.554864 0.2415 -0.740315 0.633642 0.224572 -0.740314 -0.633642 0.224572 -0.796118 0.554864 0.2415 -0.677391 -0.706341 0.205485 -0.844272 0.47076 0.256107 -0.0976229 0.995034 0.0194182 -0.463506 -0.881284 0.0921972 -0.279883 -0.958418 0.0556724 -0.961997 0.194796 0.191353 -0.976077 0.0978666 0.194154 -0.192788 0.980491 0.0383475 -0.980785 4.48795e-08 0.19509 -0.286083 0.956514 0.0569052 -0.976077 -0.0978666 0.194154 -0.376613 0.923337 0.0749126 -0.961997 -0.194797 0.191353 -0.463507 0.881284 0.092197 -0.938679 -0.289862 0.186715 -0.545934 0.830761 0.108593 -0.906347 -0.382142 0.180284 -0.6231 0.772259 0.123943 -0.865309 -0.470761 0.172121 -0.69427 0.706341 0.138099 -0.815955 -0.554864 0.162304 -0.758762 0.633642 0.150927 -0.758761 -0.633642 0.150927 -0.815956 0.554863 0.162304 -0.69427 -0.706341 0.1381 -0.865309 0.47076 0.172121 -0.623101 -0.772259 0.123943 -0.906347 0.382143 0.180284 -0.545933 -0.830761 0.108593 -0.938679 0.289862 0.186715 -0.195618 0.980491 0.0192665 -0.290283 0.956514 0.0285902 -0.995185 1.59689e-08 0.0980166 -0.990407 -0.0978665 0.0975463 -0.382142 0.923337 0.0376375 -0.976121 -0.194797 0.0961397 -0.470312 0.881284 0.0463215 -0.95246 -0.289862 0.0938092 -0.553949 0.830761 0.054559 -0.919654 -0.382142 0.0905783 -0.632249 0.772259 0.062271 -0.878013 -0.470761 0.0864771 -0.704463 0.706341 0.0693836 -0.827935 -0.554864 0.081545 -0.769902 0.633642 0.0758285 -0.769901 -0.633642 0.075829 -0.827935 0.554863 0.0815445 -0.704463 -0.706341 0.0693837 -0.878013 0.47076 0.0864769 -0.632249 -0.772259 0.0622713 -0.919654 0.382143 0.0905781 -0.553948 -0.830761 0.0545594 -0.95246 0.289862 0.0938091 -0.470311 -0.881284 0.0463216 -0.976121 0.194796 0.0961396 -0.0990558 0.995034 0.00975595 -0.283993 -0.958418 0.0279709 -0.990407 0.0978666 0.0975463 -0.383991 0.923337 -2.18154e-07 -0.472588 0.881284 -2.40435e-07 -0.980844 -0.194797 3.12669e-07 -0.957068 -0.289862 1.76965e-07 -0.556629 0.830761 -2.23905e-07 -0.924104 -0.382142 1.03913e-07 -0.635308 0.772259 -1.30573e-07 -0.882261 -0.470761 8.26464e-08 -0.707872 0.706341 -1.25186e-07 -0.831941 -0.554864 7.90964e-08 -0.773627 0.633642 -3.55406e-07 -0.773626 -0.633642 7.94435e-08 -0.831941 0.554863 -3.46191e-07 -0.707872 -0.706341 1.33511e-07 -0.882261 0.47076 -6.36071e-08 -0.635308 -0.772259 1.169e-07 -0.924103 0.382143 -2.29846e-08 -0.556629 -0.830761 1.40103e-07 -0.957069 0.289862 7.18036e-08 -0.472586 -0.881284 1.3942e-07 -0.980844 0.194796 2.64671e-07 -0.099535 0.995034 -2.29498e-07 -0.285367 -0.958418 1.55846e-07 -0.9952 0.0978663 -6.83246e-08 -0.196564 0.980491 -2.51784e-07 -1 2.13349e-15 1.30953e-08 -0.291687 0.956514 -2.82642e-07 -0.9952 -0.0978663 -3.64357e-08 -0.553948 0.830761 -0.0545593 -0.632248 0.772259 -0.0622713 -0.919654 -0.382142 -0.0905778 -0.878013 -0.470761 -0.0864769 -0.704463 0.706341 -0.0693838 -0.827935 -0.554864 -0.0815446 -0.769902 0.633642 -0.075829 -0.769901 -0.633642 -0.0758283 -0.827936 0.554863 -0.0815449 -0.704463 -0.706341 -0.0693832 -0.878013 0.47076 -0.0864768 -0.632249 -0.772259 -0.0622709 -0.919654 0.382143 -0.0905775 -0.553948 -0.830762 -0.0545589 -0.95246 0.289862 -0.0938087 -0.470311 -0.881284 -0.0463214 -0.976121 0.194796 -0.0961393 -0.0990561 0.995034 -0.00975636 -0.283992 -0.958419 -0.0279707 -0.990407 0.0978662 -0.0975469 -0.195618 0.980491 -0.0192669 -0.995185 -1.71595e-08 -0.0980173 -0.290283 0.956513 -0.0285908 -0.990407 -0.0978662 -0.0975468 -0.382142 0.923337 -0.037638 -0.976121 -0.194797 -0.096139 -0.470312 0.881284 -0.0463218 -0.95246 -0.289862 -0.0938086 -0.69427 0.706341 -0.138099 -0.758762 0.633641 -0.150927 -0.815956 -0.554864 -0.162303 -0.758761 -0.633642 -0.150927 -0.815956 0.554863 -0.162304 -0.69427 -0.706341 -0.138098 -0.865309 0.47076 -0.172121 -0.623101 -0.772259 -0.123942 -0.906347 0.382143 -0.180283 -0.545933 -0.830762 -0.108592 -0.938679 0.289862 -0.186715 -0.463506 -0.881284 -0.092197 -0.961997 0.194795 -0.191353 -0.0976242 0.995034 -0.0194186 -0.279883 -0.958418 -0.0556722 -0.976077 0.0978659 -0.194154 -0.192788 0.980491 -0.038348 -0.980785 -3.29748e-08 -0.195091 -0.286083 0.956513 -0.0569057 -0.976077 -0.097866 -0.194154 -0.376613 0.923337 -0.0749134 -0.961997 -0.194797 -0.191353 -0.463506 0.881284 -0.0921974 -0.938679 -0.289862 -0.186715 -0.545933 0.830761 -0.108593 -0.906347 -0.382142 -0.180283 -0.6231 0.772259 -0.123942 -0.865309 -0.470761 -0.17212 -0.796118 0.554863 -0.2415 -0.844271 0.47076 -0.256107 -0.677391 -0.706342 -0.205484 -0.607952 -0.772259 -0.18442 -0.884312 0.382143 -0.268253 -0.53266 -0.830762 -0.16158 -0.915857 0.289862 -0.277822 -0.452237 -0.881284 -0.137185 -0.938609 0.194795 -0.284723 -0.0952523 0.995034 -0.0288939 -0.273079 -0.958418 -0.0828376 -0.952347 0.0978657 -0.288891 -0.188101 0.980491 -0.0570599 -0.95694 -4.49123e-08 -0.290284 -0.279128 0.956514 -0.0846728 -0.952347 -0.0978658 -0.288891 -0.367457 0.923337 -0.111467 -0.938609 -0.194797 -0.284724 -0.452238 0.881284 -0.137185 -0.915857 -0.289862 -0.277822 -0.532661 0.830761 -0.161581 -0.884312 -0.382142 -0.268253 -0.607952 0.772259 -0.18442 -0.844271 -0.470761 -0.256107 -0.677391 0.706341 -0.205484 -0.796118 -0.554864 -0.2415 -0.740315 0.633641 -0.224572 -0.740314 -0.633642 -0.224571 -0.586948 -0.772259 -0.243122 -0.514258 -0.830762 -0.213012 -0.85376 0.382143 -0.353639 -0.884216 0.289862 -0.366254 -0.436613 -0.881284 -0.180851 -0.906182 0.194795 -0.375352 -0.0919606 0.995034 -0.0380908 -0.263644 -0.958419 -0.109205 -0.919445 0.0978657 -0.380846 -0.181602 0.980491 -0.0752221 -0.92388 -5.9966e-08 -0.382683 -0.269485 0.956513 -0.111624 -0.919445 -0.0978658 -0.380846 -0.354763 0.923336 -0.146947 -0.906182 -0.194797 -0.375352 -0.436614 0.881284 -0.180851 -0.884216 -0.289862 -0.366254 -0.514258 0.830761 -0.213013 -0.85376 -0.382142 -0.353639 -0.586948 0.772259 -0.243122 -0.815103 -0.470761 -0.337627 -0.653988 0.706341 -0.270891 -0.768614 -0.554864 -0.31837 -0.714738 0.633641 -0.296054 -0.714738 -0.633642 -0.296054 -0.768614 0.554863 -0.31837 -0.653988 -0.706342 -0.27089 -0.815103 0.47076 -0.337627 -0.416784 -0.881285 -0.222775 -0.251671 -0.958419 -0.134521 -0.865027 0.194795 -0.462366 -0.877688 0.0978656 -0.469134 -0.0877834 0.995034 -0.0469209 -0.173354 0.980491 -0.0926599 -0.881921 -7.68003e-08 -0.471397 -0.257246 0.956513 -0.137501 -0.877688 -0.0978658 -0.469134 -0.338651 0.923337 -0.181012 -0.865027 -0.194797 -0.462366 -0.416784 0.881284 -0.222776 -0.844059 -0.289862 -0.451159 -0.490902 0.830762 -0.262393 -0.814987 -0.382142 -0.435619 -0.560291 0.772259 -0.299482 -0.778085 -0.470761 -0.415895 -0.624287 0.706341 -0.333689 -0.733707 -0.554864 -0.392174 -0.682278 0.633641 -0.364685 -0.682278 -0.633642 -0.364685 -0.733707 0.554863 -0.392174 -0.624287 -0.706342 -0.333688 -0.778085 0.47076 -0.415895 -0.560291 -0.772259 -0.299482 -0.814986 0.382143 -0.435619 -0.490903 -0.830761 -0.262393 -0.844059 0.289862 -0.451159 -0.831469 -9.05139e-08 -0.555571 -0.827478 -0.0978657 -0.552903 -0.242529 0.956514 -0.162053 -0.319277 0.923337 -0.213334 -0.815542 -0.194797 -0.544927 -0.392942 0.881284 -0.262555 -0.795773 -0.289863 -0.531718 -0.46282 0.830762 -0.309246 -0.768364 -0.382142 -0.513404 -0.528239 0.772259 -0.352958 -0.733573 -0.470761 -0.490158 -0.588574 0.706341 -0.393272 -0.691734 -0.554864 -0.462202 -0.643247 0.633642 -0.429804 -0.643247 -0.633642 -0.429803 -0.691734 0.554863 -0.462202 -0.588573 -0.706342 -0.393272 -0.733574 0.47076 -0.490158 -0.528239 -0.772259 -0.352958 -0.768364 0.382143 -0.513404 -0.46282 -0.830762 -0.309246 -0.795773 0.289862 -0.531719 -0.392941 -0.881285 -0.262555 -0.815542 0.194795 -0.544928 -0.0827624 0.995034 -0.0552991 -0.237273 -0.958419 -0.158541 -0.827478 0.0978656 -0.552904 -0.163436 0.980491 -0.109205 -0.758203 -0.194797 -0.62224 -0.739824 -0.289863 -0.607158 -0.365314 0.881284 -0.299806 -0.43028 0.830761 -0.353122 -0.714342 -0.382142 -0.586245 -0.491099 0.772259 -0.403035 -0.681997 -0.470761 -0.5597 -0.547192 0.706341 -0.449069 -0.6431 -0.554863 -0.527778 -0.598022 0.633641 -0.490784 -0.598021 -0.633642 -0.490783 -0.6431 0.554863 -0.527778 -0.547192 -0.706342 -0.449068 -0.681998 0.47076 -0.559701 -0.491099 -0.772259 -0.403035 -0.714342 0.382142 -0.586245 -0.43028 -0.830762 -0.353121 -0.739824 0.289862 -0.607158 -0.365314 -0.881285 -0.299805 -0.758203 0.194796 -0.622241 -0.0769416 0.995034 -0.0631448 -0.220591 -0.958419 -0.181035 -0.7693 0.0978653 -0.631348 -0.151945 0.980491 -0.124699 -0.77301 -1.03356e-07 -0.634393 -0.225477 0.956514 -0.185045 -0.7693 -0.0978655 -0.631348 -0.296829 0.923337 -0.243602 -0.65344 -0.382142 -0.65344 -0.623853 -0.470761 -0.623853 -0.44923 0.772259 -0.44923 -0.500541 0.706341 -0.500541 -0.588271 -0.554864 -0.588271 -0.547037 0.633641 -0.547037 -0.547036 -0.633642 -0.547036 -0.588271 0.554863 -0.588272 -0.500541 -0.706342 -0.50054 -0.623853 0.470759 -0.623853 -0.44923 -0.772259 -0.44923 -0.65344 0.382142 -0.65344 -0.393595 -0.830762 -0.393596 -0.676749 0.289863 -0.676749 -0.334169 -0.881285 -0.334169 -0.693562 0.194796 -0.693561 -0.0703785 0.995034 -0.0703824 -0.201784 -0.958419 -0.201784 -0.703713 0.0978648 -0.703712 -0.138991 0.980491 -0.138992 -0.707107 -1.16393e-07 -0.707107 -0.206255 0.956513 -0.206255 -0.703713 -0.097865 -0.703712 -0.271523 0.923337 -0.271523 -0.693561 -0.194797 -0.693561 -0.334169 0.881284 -0.33417 -0.676749 -0.289863 -0.676749 -0.393596 0.830761 -0.393596 -0.527778 -0.554864 -0.643099 -0.490783 -0.633642 -0.598021 -0.490783 0.633641 -0.598022 -0.527778 0.554863 -0.6431 -0.449069 -0.706342 -0.547192 -0.559701 0.470759 -0.681998 -0.403035 -0.772259 -0.491099 -0.586245 0.382143 -0.714342 -0.353121 -0.830762 -0.430279 -0.607158 0.289863 -0.739824 -0.299805 -0.881285 -0.365314 -0.622241 0.194796 -0.758202 -0.0631409 0.995034 -0.0769421 -0.181034 -0.958419 -0.220591 -0.631348 0.0978647 -0.7693 -0.1247 0.980491 -0.151946 -0.634394 -2.22368e-07 -0.77301 -0.185046 0.956513 -0.225478 -0.631348 -0.0978651 -0.7693 -0.243603 0.923336 -0.29683 -0.622241 -0.194797 -0.758202 -0.299806 0.881284 -0.365315 -0.607158 -0.289863 -0.739824 -0.353121 0.830761 -0.43028 -0.586245 -0.382142 -0.714342 -0.403035 0.772259 -0.4911 -0.5597 -0.470761 -0.681997 -0.449069 0.706341 -0.547193 -0.393272 -0.706342 -0.588573 -0.352958 -0.772259 -0.528239 -0.490158 0.470759 -0.733574 -0.513404 0.382143 -0.768364 -0.309246 -0.830762 -0.462819 -0.531718 0.289863 -0.795773 -0.262555 -0.881284 -0.392941 -0.544928 0.194796 -0.815542 -0.0552977 0.995034 -0.0827609 -0.158541 -0.958418 -0.237273 -0.552903 0.0978646 -0.827478 -0.109206 0.980491 -0.163437 -0.55557 -2.30702e-07 -0.83147 -0.162054 0.956513 -0.24253 -0.552903 -0.097865 -0.827478 -0.213335 0.923337 -0.319277 -0.544928 -0.194797 -0.815541 -0.262555 0.881284 -0.392942 -0.531719 -0.289863 -0.795773 -0.309246 0.830761 -0.46282 -0.513405 -0.382142 -0.768364 -0.352958 0.772259 -0.528239 -0.490158 -0.470761 -0.733573 -0.393272 0.706341 -0.588574 -0.462202 -0.554863 -0.691734 -0.429804 0.633641 -0.643247 -0.429804 -0.633642 -0.643247 -0.462202 0.554863 -0.691734 -0.262393 -0.830762 -0.490902 -0.222775 -0.881285 -0.416784 -0.451159 0.289863 -0.844059 -0.462367 0.194796 -0.865027 -0.0469216 0.995034 -0.0877825 -0.13452 -0.958418 -0.251671 -0.469134 0.0978641 -0.877688 -0.0926615 0.980491 -0.173354 -0.471397 -1.43683e-07 -0.881921 -0.137501 0.956513 -0.257246 -0.469134 -0.0978643 -0.877688 -0.181012 0.923337 -0.338651 -0.462367 -0.194797 -0.865027 -0.222776 0.881284 -0.416785 -0.451159 -0.289863 -0.844059 -0.262393 0.830761 -0.490903 -0.435619 -0.382142 -0.814986 -0.299482 0.772259 -0.560292 -0.415895 -0.470761 -0.778085 -0.333688 0.706341 -0.624287 -0.392174 -0.554864 -0.733707 -0.364685 0.633642 -0.682278 -0.364685 -0.633642 -0.682278 -0.392174 0.554864 -0.733707 -0.333688 -0.706342 -0.624287 -0.415895 0.470759 -0.778085 -0.299482 -0.772259 -0.560291 -0.435619 0.382142 -0.814987 -0.0380906 0.995034 -0.0919589 -0.075223 0.980491 -0.181602 -0.380846 0.0978639 -0.919445 -0.382683 -1.50519e-07 -0.92388 -0.111624 0.956513 -0.269485 -0.380846 -0.0978642 -0.919445 -0.146948 0.923337 -0.354762 -0.375353 -0.194797 -0.906181 -0.180852 0.881284 -0.436613 -0.366254 -0.289864 -0.884216 -0.213013 0.830761 -0.514258 -0.353639 -0.382142 -0.85376 -0.243122 0.772259 -0.586948 -0.337627 -0.470761 -0.815103 -0.270891 0.706341 -0.653988 -0.31837 -0.554864 -0.768614 -0.296054 0.633642 -0.714738 -0.296054 -0.633642 -0.714737 -0.31837 0.554863 -0.768614 -0.270891 -0.706341 -0.653988 -0.337627 0.470759 -0.815103 -0.243122 -0.772259 -0.586948 -0.353639 0.382142 -0.85376 -0.213013 -0.830762 -0.514257 -0.366254 0.289863 -0.884216 -0.180851 -0.881285 -0.436612 -0.375353 0.194796 -0.906181 -0.109205 -0.958418 -0.263644 -0.084672 0.956514 -0.279128 -0.111467 0.923337 -0.367457 -0.288891 -0.0978645 -0.952347 -0.284724 -0.194797 -0.938609 -0.137185 0.881284 -0.452237 -0.277822 -0.289864 -0.915857 -0.161581 0.830761 -0.53266 -0.268253 -0.382142 -0.884312 -0.18442 0.772259 -0.607952 -0.256107 -0.47076 -0.844271 -0.205484 0.706341 -0.677391 -0.2415 -0.554864 -0.796118 -0.224572 0.633642 -0.740315 -0.224572 -0.633642 -0.740314 -0.2415 0.554863 -0.796118 -0.205484 -0.706341 -0.677391 -0.256107 0.47076 -0.844272 -0.18442 -0.772259 -0.607952 -0.268253 0.382142 -0.884312 -0.161581 -0.830762 -0.53266 -0.277822 0.289863 -0.915857 -0.137185 -0.881285 -0.452236 -0.284724 0.194796 -0.938609 -0.0288943 0.995034 -0.0952496 -0.0828374 -0.958418 -0.273079 -0.288891 0.0978642 -0.952347 -0.0570584 0.980491 -0.1881 -0.290285 -1.55905e-07 -0.95694 -0.0921972 0.881284 -0.463506 -0.108593 0.830761 -0.545933 -0.186715 -0.289864 -0.938678 -0.180284 -0.382142 -0.906347 -0.123943 0.772259 -0.623101 -0.172121 -0.47076 -0.865309 -0.138099 0.706341 -0.69427 -0.162304 -0.554864 -0.815956 -0.150927 0.633642 -0.758762 -0.150927 -0.633643 -0.758761 -0.162304 0.554863 -0.815956 -0.138099 -0.706342 -0.69427 -0.172121 0.47076 -0.865309 -0.123943 -0.772259 -0.623101 -0.180283 0.382142 -0.906347 -0.108593 -0.830762 -0.545933 -0.186715 0.289863 -0.938678 -0.0921967 -0.881285 -0.463505 -0.191353 0.194796 -0.961997 -0.0194203 0.995034 -0.0976229 -0.0556722 -0.958418 -0.279883 -0.194154 0.0978642 -0.976077 -0.0383469 0.980491 -0.192787 -0.19509 -1.5979e-07 -0.980785 -0.0569041 0.956514 -0.286083 -0.194154 -0.0978645 -0.976077 -0.0749122 0.923337 -0.376614 -0.191353 -0.194797 -0.961997 -0.0622722 0.772259 -0.632248 -0.0693848 0.706341 -0.704463 -0.0864782 -0.47076 -0.878013 -0.0815464 -0.554864 -0.827935 -0.0758303 0.633642 -0.769901 -0.07583 -0.633643 -0.769901 -0.0815462 0.554863 -0.827936 -0.0693848 -0.706342 -0.704462 -0.086478 0.47076 -0.878013 -0.0622724 -0.772259 -0.632248 -0.0905799 0.382143 -0.919653 -0.0545595 -0.830762 -0.553947 -0.0938109 0.289863 -0.95246 -0.0463211 -0.881285 -0.47031 -0.0961412 0.194796 -0.976121 -0.00975464 0.995034 -0.0990561 -0.0279705 -0.958418 -0.283992 -0.097549 0.0978645 -0.990407 -0.0192665 0.980491 -0.195618 -0.0980203 -1.63327e-07 -0.995184 -0.0285893 0.956514 -0.290283 -0.097549 -0.0978648 -0.990407 -0.0376382 0.923337 -0.382142 -0.0961413 -0.194798 -0.97612 -0.0463224 0.881284 -0.470311 -0.0938104 -0.289864 -0.952459 -0.0545597 0.830761 -0.553948 -0.0905792 -0.382142 -0.919654 -0.0128279 -0.997836 0.0644887 -0.00644508 -0.997836 0.0654355 -0.0508262 -0.997836 -0.0417124 -0.0546703 -0.997836 -0.0365297 -0.0579881 -0.997836 -0.0309951 -0.0607466 -0.997836 -0.025162 0.0464925 -0.997836 0.0464938 0.0508252 -0.997836 0.0417127 0.0251629 -0.997836 -0.0607466 0.0190874 -0.997836 -0.0629205 -0.00644508 -0.997836 0.0654355 2.97094e-10 -0.997836 0.0657521 0.00644508 -0.997836 0.0654354 0.0546701 -0.997836 0.0365299 0.0128277 -0.997836 -0.0644883 -2.812e-07 -0.997836 -0.0657515 -0.00644495 -0.997836 -0.0654352 0.0579884 -0.997836 0.0309954 0.0128279 -0.997836 0.0644887 0.00644396 -0.997836 -0.0654354 -0.0629207 -0.997836 -0.0190866 0.0190879 -0.997836 0.0629208 0.0607475 -0.997836 0.0251623 -0.0644886 -0.997836 -0.0128274 -0.0654353 -0.997836 -0.00644468 0.0629206 -0.997836 0.0190869 -0.0657521 -0.997836 1.61974e-07 0.0644885 -0.997836 0.0128277 -0.0644885 -0.997836 0.0128277 -0.0629211 -0.997836 0.0190869 -0.0654355 -0.997836 0.00644497 0.0654352 -0.997836 0.00644496 0.0657516 -0.997836 1.63014e-07 0.0251628 -0.997836 0.0607469 -0.0607475 -0.997836 0.0251623 0.0654352 -0.997836 -0.00644464 -0.0128303 -0.997836 -0.0644884 0.0309952 -0.997836 0.0579881 -0.0579885 -0.997836 0.0309954 0.0644882 -0.997836 -0.0128274 0.0629205 -0.997836 -0.0190866 -0.0190876 -0.997836 -0.0629205 -0.0546701 -0.997836 0.0365299 0.0365304 -0.997836 0.0546709 0.0607472 -0.997836 -0.025162 -0.0251601 -0.997836 -0.0607467 -0.0508252 -0.997836 0.0417127 0.0579878 -0.997836 -0.0309951 -0.0309952 -0.997836 -0.0579879 -0.0464929 -0.997836 0.0464937 0.0546707 -0.997836 -0.0365296 -0.0417135 -0.997836 0.050827 -0.0365299 -0.997836 0.0546709 0.0464925 -0.997836 -0.0464934 0.0417124 -0.997836 -0.0508268 0.0508267 -0.997836 -0.0417124 0.00644396 -0.997836 -0.0654354 -0.0309946 -0.997836 0.0579882 -0.0365306 -0.997836 -0.0546706 -0.0251624 -0.997836 0.060747 -0.0417124 -0.997836 -0.0508268 0.0365304 -0.997836 -0.0546705 -0.0190874 -0.997836 0.0629208 -0.0464935 -0.997836 -0.0464935 0.0417133 -0.997836 0.0508271 0.0309956 -0.997836 -0.0579878 -2.39835e-08 -1 1.6292e-07 -2.39835e-08 -1 1.6292e-07 </float_array>
          <technique_common>
            <accessor count="1918" offset="0" source="#meshId0-normals-array" stride="3">
              <param name="X" type="float" />
              <param name="Y" type="float" />
              <param name="Z" type="float" />
            </accessor>
          </technique_common>
        </source>
        <source id="meshId0-tangents" name="meshId0-tangents">
          <float_array id="meshId0-tangents-array" count="5754"> 0.876506 0.424712 -0.226621 0.920372 0.361363 -0.149436 0.92715 0.369489 -0.062219 0.886589 0.438343 -0.147704 0.698514 -0.50655 -0.505455 0.624755 -0.496061 -0.602996 0.620851 -0.525967 -0.581294 0.693504 -0.541769 -0.474909 0.823619 0.471829 -0.314688 0.834263 0.492497 -0.247893 0.76694 -0.49645 -0.406621 0.760191 -0.536396 -0.366592 0.7594 0.503338 -0.412264 0.770215 0.527588 -0.358356 0.829389 -0.464782 -0.309987 0.820838 -0.508562 -0.259981 0.686921 0.514432 -0.513322 0.695298 0.540625 -0.473587 0.882869 -0.414325 -0.22108 0.875813 -0.45598 -0.158222 0.603554 0.506544 -0.61574 0.608342 0.531569 -0.589369 0.925158 -0.350773 -0.145057 0.917827 -0.390426 -0.0718363 0.507275 0.479693 -0.715938 0.508478 0.500569 -0.700629 0.957734 -0.275305 -0.0833815 0.948514 -0.31672 -0.00296599 0.408839 0.431285 -0.804266 0.401666 0.44751 -0.798999 0.981775 -0.186405 -0.0370214 0.97293 -0.225437 0.0508369 0.167831 -0.0981237 -0.98092 0.114813 -1.33761e-07 -0.993387 0.166774 -0.0992922 -0.980983 0.309125 0.271389 -0.911477 0.302702 0.278885 -0.911369 0.995761 -0.0915343 -0.00900355 0.988731 -0.123082 0.0852194 0.226688 -0.191447 -0.954966 0.224693 -0.194896 -0.95474 0.999995 0.00327428 -3.22684e-06 0.994911 -0.0234633 0.0979903 0.300697 -0.278188 -0.912246 0.298367 -0.28533 -0.910804 0.994612 0.103168 -0.0101476 0.992698 0.0805201 0.089816 0.381958 -0.354877 -0.853329 0.379221 -0.367004 -0.849411 0.97851 0.202251 -0.0401687 0.979757 0.191521 0.0582776 0.464671 -0.418468 -0.780362 0.461573 -0.436425 -0.772324 0.953535 0.288348 -0.0873324 0.957147 0.289536 0.00615605 0.546313 -0.466221 -0.695831 0.542971 -0.490266 -0.681779 0.991106 -0.090446 0.0976155 0.994919 0.0153414 0.0995072 0.979396 0.0370203 0.198526 0.978871 -0.062454 0.19471 0.0735784 0.2876 0.95492 -0.0163645 0.195937 0.98048 -0.0133306 0.193414 0.981027 0.0777902 0.281428 0.956424 0.974369 -0.193297 0.115068 0.964924 -0.160185 0.207997 0.178049 0.370097 0.911771 0.181491 0.358742 0.915623 0.945185 -0.289586 0.150884 0.937912 -0.252611 0.237714 0.29139 0.43842 0.850223 0.291536 0.4212 0.858835 0.904037 -0.375935 0.203447 0.89834 -0.336371 0.282561 0.407739 0.487877 0.771833 0.402408 0.465437 0.788312 0.851448 -0.449268 0.270543 0.846855 -0.408407 0.340647 0.521418 0.514982 0.68038 0.509534 0.489302 0.707785 0.788015 -0.506906 0.349398 0.784252 -0.466063 0.409554 0.627565 0.518026 0.581216 0.609437 0.491961 0.62174 0.714449 -0.546657 0.436724 0.711464 -0.507176 0.486407 0.722612 0.497124 0.480313 0.699686 0.473742 0.534798 0.63165 -0.566916 0.528795 0.629595 -0.530134 0.56795 0.804325 0.453922 0.383426 0.778669 0.435892 0.4513 0.540795 -0.566767 0.621543 0.539969 -0.533949 0.65064 0.871594 0.39112 0.295549 0.845365 0.380358 0.375082 0.44342 -0.546117 0.710728 0.444181 -0.518338 0.730773 0.924068 0.31208 0.220691 0.899114 0.309629 0.309393 0.341542 -0.505784 0.792169 0.34421 -0.483784 0.804657 0.961864 0.22051 0.161843 0.939503 0.226621 0.256858 0.238026 -0.447518 0.862016 0.242842 -0.431533 0.868796 0.985331 0.12029 0.121053 0.966293 0.134588 0.219461 -0.0854407 0.0995279 0.99136 -0.137712 1.22803e-07 0.990472 -0.0841672 0.0989217 0.991529 0.131899 -0.278081 0.951459 0.139547 -0.270098 0.952667 0.94258 -0.145055 0.300835 0.917183 -0.229372 0.325828 0.186103 0.343824 0.920408 0.293872 0.39979 0.868221 0.879694 -0.306268 0.363783 0.401141 0.437859 0.80459 0.830712 -0.373063 0.413208 0.503976 0.456747 0.733069 0.770978 -0.42737 0.472173 0.599515 0.456235 0.657595 0.701356 -0.467186 0.538365 0.685763 0.436984 0.582043 0.622866 -0.490919 0.609128 0.761357 0.400332 0.509971 0.536751 -0.497432 0.681513 0.825359 0.348148 0.444495 0.444521 -0.486142 0.752374 0.877124 0.282706 0.38824 0.348079 -0.457086 0.818482 0.91621 0.206616 0.343321 0.250122 -0.41094 0.87668 0.942344 0.122732 0.311328 -0.0824473 0.097337 0.991831 0.150361 -0.258863 0.954139 0.955406 0.0340832 0.293322 -0.00949643 0.188932 0.981944 0.955427 -0.0562204 0.289826 0.0829061 0.272399 0.958606 0.851912 -0.277787 0.443936 0.805626 -0.339355 0.485597 0.393328 0.408892 0.823469 0.491337 0.423687 0.760972 0.749039 -0.390052 0.535536 0.582156 0.420856 0.695683 0.682939 -0.428068 0.591906 0.664118 0.401262 0.630821 0.608247 -0.451887 0.65256 0.736044 0.366266 0.569287 0.526133 -0.460287 0.715066 0.797071 0.317631 0.513604 0.43802 -0.452489 0.776783 0.846571 0.257427 0.465885 0.345689 -0.428211 0.834946 0.884099 0.187974 0.427826 0.251629 -0.387697 0.886777 0.909366 0.111777 0.400699 -0.0814596 0.0948111 0.992157 0.155584 -0.245481 0.956835 0.922234 0.0314589 0.38535 -0.00750471 0.182669 0.983146 0.92271 -0.0502999 0.382199 0.0848082 0.261021 0.961601 0.910939 -0.130825 0.391248 0.186139 0.326434 0.926711 0.887201 -0.207492 0.412094 0.290486 0.376266 0.879796 0.718664 -0.354159 0.598409 0.656421 -0.389973 0.64578 0.557736 0.385971 0.734818 0.635115 0.366555 0.679902 0.585912 -0.413328 0.697042 0.703079 0.333537 0.628039 0.508269 -0.42293 0.750195 0.760837 0.288557 0.58126 0.424817 -0.417891 0.803056 0.807791 0.233489 0.541255 0.337189 -0.39772 0.853301 0.843507 0.170388 0.509377 0.24762 -0.362353 0.898546 0.867695 0.101443 0.486637 -0.0811259 0.0913847 0.992506 0.155602 -0.230397 0.960575 0.880207 0.0289378 0.473707 -0.00731179 0.174769 0.984582 0.881035 -0.0448222 0.470923 0.0835278 0.24759 0.965258 0.8703 -0.117541 0.478291 0.181701 0.307013 0.934199 0.848248 -0.18696 0.4955 0.281602 0.35113 0.892977 0.815258 -0.250895 0.521925 0.379292 0.378987 0.844101 0.771838 -0.30728 0.556638 0.471991 0.390438 0.790432 0.556207 -0.375387 0.741429 0.483476 -0.385629 0.785838 0.662823 0.302036 0.685157 0.717015 0.260773 0.646442 0.40521 -0.382714 0.830262 0.761148 0.210731 0.613389 0.322869 -0.366048 0.872791 0.79481 0.153719 0.587067 0.238416 -0.335351 0.911426 0.81772 0.0916442 0.568273 -0.0814428 0.0871062 0.992864 0.15084 -0.213981 0.965121 0.829727 0.0265001 0.55754 -0.00889088 0.165378 0.98619 0.830813 -0.0397292 0.555132 0.0791273 0.232391 0.969398 0.821079 -0.105089 0.561057 0.172961 0.285944 0.942508 0.800743 -0.167622 0.575077 0.267514 0.324784 0.907167 0.770146 -0.225425 0.596707 0.359416 0.348477 0.86567 0.729749 -0.276704 0.625221 0.446351 0.357213 0.820469 0.680261 -0.319588 0.659628 0.52666 0.351661 0.773927 0.6222 -0.352893 0.698809 0.599129 0.332836 0.728193 0.379569 -0.347232 0.85753 0.303066 -0.333536 0.892695 0.707085 0.189008 0.681401 0.738464 0.137852 0.660052 0.224357 -0.307057 0.924868 0.759914 0.0823079 0.644792 -0.0824533 0.0820331 0.993213 0.141742 -0.196529 0.970199 0.771278 0.0241258 0.636041 -0.0122576 0.154652 0.987893 0.772537 -0.0349719 0.634006 0.0716964 0.215689 0.973826 0.763777 -0.093358 0.638693 0.160145 0.263555 0.951258 0.74518 -0.149347 0.649924 0.248575 0.297539 0.921781 0.717063 -0.201243 0.667325 0.334128 0.317595 0.887407 0.679833 -0.247515 0.690335 0.414861 0.324145 0.850189 0.634347 -0.28617 0.71813 0.489372 0.317954 0.812047 0.580764 -0.316757 0.749918 0.556597 0.300047 0.774707 0.51952 -0.338182 0.784686 0.615706 0.271647 0.739672 0.452142 -0.348571 0.821015 0.666039 0.234133 0.708219 -0.0841825 0.07623 0.99353 0.205811 -0.277765 0.938344 0.128763 -0.178275 0.975519 0.694821 0.073378 0.71543 0.705423 0.0217854 0.708452 -0.01741 0.142752 0.989605 0.706778 -0.0305077 0.706778 0.0613587 0.197729 0.978334 0.698973 -0.0822162 0.710407 0.143536 0.240117 0.960074 0.682186 -0.131793 0.719203 0.225178 0.269634 0.936265 0.656806 -0.177557 0.732857 0.303873 0.28651 0.90861 0.623134 -0.218564 0.750955 0.377994 0.291313 0.878782 0.581474 -0.253773 0.772973 0.446344 0.284851 0.848314 0.531896 -0.282457 0.798313 0.508 0.268118 0.818565 0.476212 -0.301881 0.825887 0.562219 0.242251 0.790711 0.414733 -0.311869 0.85483 0.608415 0.208492 0.765743 0.348334 -0.311632 0.884053 0.64612 0.16818 0.744476 0.278187 -0.300442 0.91233 0.674998 0.12269 0.727547 -0.0243199 0.129835 0.991237 0.0483108 0.178725 0.982712 0.634175 -0.0262108 0.772745 0.627338 -0.0713355 0.775473 0.123464 0.21585 0.968589 0.612434 -0.11469 0.782158 0.197745 0.241248 0.950103 0.589656 -0.155217 0.792599 0.26913 0.255334 0.928641 0.559464 -0.191377 0.806458 0.336254 0.258754 0.905527 0.521853 -0.222935 0.823389 0.398098 0.252321 0.881959 0.477344 -0.248461 0.842858 0.453866 0.236968 0.858983 0.427197 -0.266109 0.864112 0.50291 0.21373 0.837497 0.371888 -0.275485 0.886458 0.544711 0.183715 0.818254 0.312016 -0.276029 0.909095 0.578853 0.148094 0.801871 0.248677 -0.266959 0.931071 0.605017 0.108127 0.788836 0.183175 -0.247714 0.951359 0.623035 0.0649234 0.779495 -0.0866777 0.0697681 0.99379 0.112366 -0.1594 0.980799 0.632796 0.0194149 0.774075 0.100282 0.190934 0.976467 0.166712 0.212518 0.962831 0.536504 -0.0984618 0.838134 0.5164 -0.133862 0.845821 0.23039 0.224139 0.946933 0.489533 -0.16583 0.856071 0.290167 0.226478 0.929791 0.456087 -0.193684 0.868603 0.345189 0.220313 0.912308 0.417663 -0.214735 0.882863 0.394776 0.206507 0.895269 0.373315 -0.230552 0.8986 0.438377 0.185978 0.87934 0.324178 -0.239428 0.915195 0.475542 0.159697 0.865076 0.271127 -0.240515 0.93201 0.505917 0.128669 0.852931 0.215005 -0.233238 0.948353 0.529234 0.0939312 0.843261 0.156875 -0.217092 0.963463 0.545266 0.0567639 0.836339 -0.0899923 0.0627246 0.993965 0.0930161 -0.140037 0.985767 0.55404 0.0176399 0.832303 -0.0329191 0.116052 0.992697 0.555434 -0.0221291 0.831266 0.0327829 0.158864 0.986756 0.549527 -0.0610938 0.833239 0.188163 0.192971 0.962994 0.240282 0.194476 0.951022 0.414838 -0.140134 0.899039 0.386166 -0.163719 0.907784 0.288198 0.188777 0.938778 0.352563 -0.182507 0.917818 0.331346 0.176645 0.926826 0.314319 -0.196134 0.928835 0.369267 0.158882 0.915641 0.271966 -0.203914 0.940454 0.401586 0.136321 0.905619 0.226174 -0.205181 0.952232 0.428007 0.109814 0.897079 0.177668 -0.199389 0.963679 0.448312 0.0802183 0.890271 0.127358 -0.186046 0.974252 0.462338 0.0484341 0.88538 -0.0941634 0.0551804 0.994026 0.0711715 -0.120291 0.990184 0.469977 0.0156946 0.882539 -0.0430863 0.101545 0.993897 0.47132 -0.0180561 0.881777 0.0150337 0.138311 0.990275 0.466317 -0.0513345 0.883127 0.0743783 0.165508 0.9834 0.45511 -0.0832675 0.886533 0.132548 0.183537 0.974036 0.43786 -0.113173 0.891891 0.227744 0.157643 0.960875 0.264235 0.147282 0.953146 0.2833 -0.150976 0.947073 0.251382 -0.162266 0.954189 0.296278 0.132322 0.945891 0.216072 -0.16876 0.961682 0.323577 0.113455 0.939375 0.177792 -0.170015 0.96927 0.345893 0.0913864 0.933813 0.137212 -0.165474 0.976622 0.363053 0.0668199 0.92937 0.0950904 -0.154691 0.983376 0.374934 0.0404598 0.926168 -0.0991469 0.0472123 0.993952 0.0472856 -0.100234 0.99384 0.38145 0.0132074 0.924295 -0.0546582 0.0864402 0.994757 0.382643 -0.0145198 0.923782 -0.00462687 0.117197 0.993098 0.378533 -0.0419389 0.924637 0.0461548 0.139683 0.98912 0.369204 -0.0683853 0.926829 0.0957257 0.154375 0.983364 0.354701 -0.0934676 0.930296 0.142983 0.161846 0.976402 0.335483 -0.115667 0.934918 0.187177 0.16272 0.968755 0.3121 -0.134153 0.94053 0.220142 0.106182 0.969672 0.242281 0.0909813 0.965931 0.157201 -0.133886 0.978449 0.126599 -0.135015 0.982722 0.260373 0.0732768 0.962723 0.09419 -0.131542 0.986826 0.274286 0.0536285 0.960152 0.060566 -0.123112 0.990543 0.283929 0.0325971 0.958291 -0.104889 0.0388962 0.993723 0.0218048 -0.0799215 0.996563 0.28925 0.0108148 0.957193 -0.0674611 0.0708579 0.995203 0.290266 -0.0112664 0.95688 -0.0258876 0.095641 0.995079 0.287004 -0.0331492 0.957356 0.0160146 0.113552 0.993403 0.279543 -0.0541855 0.958603 0.0567195 0.125084 0.990524 0.268012 -0.0738626 0.96058 0.095385 0.130774 0.986813 0.252486 -0.0918816 0.963228 0.131445 0.131174 0.982607 0.233579 -0.106867 0.966447 0.164472 0.126838 0.978193 0.211122 -0.119331 0.970148 0.194131 0.118321 0.973814 0.185468 -0.128579 0.974202 0.172271 0.0553991 0.983491 0.182859 0.0405868 0.982301 0.0491663 -0.0976218 0.994008 0.0242768 -0.0913797 0.99552 0.190202 0.0247782 0.981432 -0.111281 0.0303029 0.993327 -0.00485714 -0.0594026 0.998222 0.194272 0.00841051 0.980912 -0.0812813 0.0549042 0.995178 0.195083 -0.00813799 0.980753 -0.0484343 0.073747 0.9961 0.192666 -0.0245139 0.980958 -0.0156295 0.0871893 0.996069 0.187065 -0.040353 0.981518 0.0160189 0.0956986 0.995282 0.178495 -0.0547903 0.982414 0.0459233 0.0997456 0.993953 0.167035 -0.0678729 0.983612 0.0736959 0.0997917 0.992275 0.152446 -0.0799517 0.985073 0.0990468 0.0962849 0.990413 0.136166 -0.0883912 0.986735 0.121747 0.0896638 0.988503 0.117055 -0.0952926 0.988543 0.141613 0.0803577 0.986655 0.0959347 -0.099344 0.990418 0.158493 0.0687967 0.98496 0.0731969 -0.100193 0.992272 0.0946489 0.0169673 0.995366 0.0974309 0.00596775 0.995224 -0.118224 0.0215031 0.992754 -0.0958741 0.0386727 0.994642 0.0980153 -0.00510244 0.995172 -0.0719265 0.0516014 0.996074 0.0964387 -0.0159941 0.99521 -0.0483615 0.0606555 0.996987 0.0927602 -0.026417 0.995338 -0.0258811 0.0662403 0.997468 0.0871124 -0.0359501 0.99555 -0.00484196 0.0687457 0.997622 0.0796035 -0.0444681 0.995834 0.0145515 0.0685234 0.997543 0.070223 -0.0520201 0.996174 0.0321446 0.0659061 0.997308 0.058977 -0.0584531 0.996547 0.047814 0.0612136 0.996979 0.0467129 -0.0625474 0.996948 0.0614675 0.0547461 0.996607 0.0329774 -0.0650777 0.997335 0.0730264 0.046802 0.996231 0.0182391 -0.0655156 0.997685 0.0824337 0.0376678 0.995884 0.00271942 -0.0637265 0.997964 0.0896487 0.0276287 0.99559 -0.0132651 -0.0595424 0.998138 -0.0322921 -0.0387156 0.998728 1.49192e-08 -0.00218004 0.999998 -0.000752645 -0.00765321 0.99997 -0.0960358 0.0292862 0.994947 -0.0817623 0.0340029 0.996072 -0.0025439 -0.012809 0.999915 -0.068497 0.0367316 0.996975 -0.00529923 -0.0174968 0.999833 -0.0563495 0.0377554 0.997697 -0.00898049 -0.0217167 0.999724 -0.0453592 0.037315 0.998274 -0.0132805 -0.0248886 0.999602 -0.0355468 0.0356236 0.998733 -0.0187206 -0.0280675 0.999431 -0.0269254 0.0328737 0.999097 -0.0246428 -0.0300859 0.999243 -0.0195047 0.0292449 0.999382 -0.0309118 -0.0309784 0.999042 -0.0132862 0.0248997 0.999602 -0.0376053 -0.0309356 0.998814 -0.00827004 0.0199983 0.999766 -0.0445627 -0.0298573 0.99856 -0.00444896 0.0146898 0.999882 -0.0515626 -0.0276501 0.998287 -0.00181249 0.00912665 0.999957 -0.125613 0.0125654 0.992 -0.0601097 -0.0178973 0.998031 -0.000339918 0.00345648 0.999994 -0.111016 0.0222561 0.993569 -0.0979025 0.000581161 0.995196 -0.0977864 0.0007667 0.995207 -0.111332 0.00718095 0.993757 -0.108032 0.00674739 0.994125 -0.0976186 0.000968781 0.995223 -0.105399 0.00610606 0.994411 -0.0974103 0.00114386 0.995244 -0.103328 0.00535055 0.994633 -0.0965561 0.00220183 0.995325 -0.101721 0.00454579 0.994803 -0.0959056 0.00259015 0.995387 -0.100504 0.00374779 0.99493 -0.0950012 0.0030363 0.995473 -0.0996054 0.0029908 0.995023 -0.0936804 0.00358413 0.995596 -0.0989654 0.00230413 0.995088 -0.0920964 0.00398509 0.995742 -0.0985307 0.00170419 0.995133 -0.0901079 0.00425994 0.995923 -0.0982565 0.00121154 0.99516 -0.133269 0.00354974 0.991073 -0.0879343 0.00301521 0.996122 -0.0980999 0.000844558 0.995176 -0.126469 0.00573995 0.991954 -0.0980173 0.00061673 0.995184 -0.120434 0.00687768 0.992698 -0.0979671 0.000513194 0.995189 -0.115418 0.00727898 0.99329 -0.185452 0.0236069 0.98237 -0.180474 0.027746 0.983188 -0.164942 -0.0251594 0.985982 -0.170507 -0.0249949 0.985039 -0.173836 0.0322688 0.984246 -0.175827 -0.0238643 0.984132 -0.166783 0.0349902 0.985373 -0.180734 -0.021846 0.983289 -0.158672 0.0369412 0.98664 -0.18509 -0.0190231 0.982537 -0.149322 0.038095 0.988054 -0.188776 -0.0155032 0.981898 -0.139308 0.0378004 0.989527 -0.191692 -0.0113964 0.981389 -0.1284 0.0361508 0.991063 -0.193757 -0.00681943 0.981026 -0.141034 -0.00548302 0.989989 -0.115415 0.0239786 0.993028 -0.194908 -0.00189137 0.98082 -0.141988 -0.0107941 0.98981 -0.19509 0.00328007 0.98078 -0.14479 -0.0155532 0.98934 -0.194261 0.00852592 0.980913 -0.14892 -0.0194708 0.988657 -0.192376 0.0138366 0.981224 -0.15389 -0.0224066 0.987834 -0.189409 0.018997 0.981714 -0.159326 -0.0243056 0.986927 -0.250024 0.0618247 0.966264 -0.236326 0.0674351 0.969331 -0.248497 -0.0524623 0.967211 -0.259401 -0.0476427 0.964594 -0.221311 0.0707132 0.972636 -0.268906 -0.0412485 0.962283 -0.20383 0.0726852 0.976304 -0.276832 -0.0335119 0.960334 -0.185642 0.0715807 0.980007 -0.283035 -0.0246824 0.958792 -0.165959 0.0679778 0.983787 -0.287401 -0.0149931 0.957693 -0.148765 -0.0144709 0.988767 -0.142216 0.0449437 0.988815 -0.289835 -0.00474425 0.957065 -0.157307 -0.0272699 0.987173 -0.29028 0.00576912 0.956924 -0.168779 -0.0379345 0.984924 -0.2887 0.0164256 0.957279 -0.181857 -0.0462045 0.982239 -0.285061 0.0269107 0.958132 -0.195686 -0.052022 0.979286 -0.27923 0.0373799 0.959496 -0.20967 -0.0554334 0.976199 -0.271426 0.0467182 0.961325 -0.223361 -0.0565427 0.973094 -0.261756 0.0547752 0.963578 -0.2364 -0.0554947 0.97007 -0.281385 0.105268 0.953804 -0.257892 0.106315 0.960307 -0.350234 -0.063793 0.934487 -0.362279 -0.0518304 0.930627 -0.230586 0.105295 0.967338 -0.371674 -0.0382544 0.927575 -0.202305 0.0996985 0.974235 -0.378284 -0.0233853 0.925394 -0.156296 -0.0233549 0.987434 -0.168005 0.0658572 0.983584 -0.381981 -0.00760781 0.924139 -0.172187 -0.0436067 0.984099 -0.382669 0.00852246 0.923846 -0.192064 -0.0601989 0.979534 -0.380315 0.0247662 0.924525 -0.213824 -0.072879 0.97415 -0.37493 0.0404822 0.926169 -0.236242 -0.081658 0.968257 -0.366477 0.0556109 0.928764 -0.258516 -0.0866653 0.962112 -0.354961 0.0697077 0.932279 -0.280038 -0.0881072 0.955937 -0.34052 0.0821559 0.936641 -0.300332 -0.0862381 0.949928 -0.323793 0.0917825 0.941665 -0.319004 -0.0813492 0.944256 -0.303733 0.100086 0.947486 -0.335731 -0.0737538 0.939066 -0.273868 0.138762 0.951705 -0.236973 0.131263 0.962608 -0.456741 -0.052239 0.888065 -0.465514 -0.032141 0.884457 -0.16343 -0.0320779 0.986033 -0.192466 0.0866553 0.97747 -0.470429 -0.0108375 0.882371 -0.186401 -0.0597189 0.980657 -0.471367 0.0112125 0.881866 -0.214336 -0.082268 0.973289 -0.46827 0.0330546 0.882967 -0.244426 -0.0994452 0.964555 -0.461165 0.0542922 0.885652 -0.275095 -0.111298 0.954953 -0.450185 0.0741142 0.889854 -0.30533 -0.118023 0.944904 -0.435218 0.0926835 0.895542 -0.334379 -0.119908 0.93478 -0.416465 0.109051 0.902588 -0.361646 -0.117308 0.924906 -0.39444 0.122149 0.910767 -0.386645 -0.110623 0.91557 -0.368721 0.1325 0.920048 -0.408969 -0.10029 0.907021 -0.339217 0.139672 0.930282 -0.428281 -0.0867674 0.899471 -0.308215 0.141216 0.940777 -0.444287 -0.0705606 0.893101 -0.554331 -0.0144411 0.832171 -0.555522 0.0132057 0.831397 -0.199711 -0.0755199 0.97694 -0.235292 -0.104058 0.966338 -0.551765 0.0408213 0.833 -0.27328 -0.125845 0.953667 -0.543103 0.0675182 0.836947 -0.311791 -0.140922 0.939642 -0.529615 0.0926972 0.843158 -0.349596 -0.149525 0.924892 -0.511307 0.115964 0.851539 -0.385803 -0.152003 0.909973 -0.488303 0.136533 0.861927 -0.419712 -0.14879 0.895379 -0.461483 0.152655 0.873917 -0.45074 -0.140387 0.881547 -0.430058 0.165431 0.887515 -0.478396 -0.127358 0.86886 -0.39491 0.173273 0.902232 -0.502285 -0.110282 0.857641 -0.355466 0.176376 0.917897 -0.522065 -0.0897994 0.848166 -0.313951 0.172629 0.933613 -0.53741 -0.0667444 0.840676 -0.269442 0.162647 0.949182 -0.548259 -0.0412947 0.835289 -0.170042 -0.0405755 0.984601 -0.215287 0.107265 0.970642 -0.629952 0.0485097 0.775118 -0.619803 0.0809414 0.780572 -0.30002 -0.152009 0.941744 -0.345889 -0.170501 0.922654 -0.603978 0.111475 0.789167 -0.390814 -0.181182 0.902462 -0.582679 0.139151 0.800701 -0.433762 -0.18444 0.881948 -0.555811 0.163784 0.815015 -0.473927 -0.180767 0.86181 -0.523509 0.184452 0.831815 -0.510645 -0.170744 0.842667 -0.487212 0.198812 0.850352 -0.54334 -0.155052 0.82507 -0.445931 0.208018 0.87056 -0.571541 -0.134425 0.809488 -0.400303 0.210856 0.891794 -0.594841 -0.1097 0.796323 -0.351345 0.206213 0.913254 -0.612886 -0.0819208 0.785913 -0.299293 0.19377 0.934279 -0.625738 -0.0508277 0.778376 -0.17599 -0.048783 0.983182 -0.236168 0.1276 0.963298 -0.632907 -0.0181604 0.774015 -0.211878 -0.090919 0.973058 -0.63432 0.0151707 0.772922 -0.254617 -0.125479 0.958867 -0.672449 0.130835 0.728487 -0.648041 0.163736 0.743796 -0.428518 -0.212988 0.878071 -0.477733 -0.217259 0.851217 -0.617759 0.191927 0.762587 -0.523717 -0.213325 0.824751 -0.58147 0.215317 0.784558 -0.565728 -0.20183 0.79951 -0.539462 0.232848 0.809174 -0.603086 -0.1836 0.776259 -0.492729 0.242956 0.835578 -0.635221 -0.159605 0.755659 -0.441083 0.24556 0.863218 -0.661883 -0.130446 0.73817 -0.385339 0.239627 0.891119 -0.682671 -0.0970726 0.724249 -0.32613 0.224532 0.918273 -0.697239 -0.0606353 0.71427 -0.181148 -0.0566342 0.981824 -0.254827 0.147554 0.955663 -0.705393 -0.0221311 0.708471 -0.222714 -0.105809 0.969125 -0.707001 0.0172734 0.707001 -0.272047 -0.14642 0.951079 -0.702028 0.0565827 0.709898 -0.324301 -0.177847 0.929085 -0.690484 0.0947982 0.717109 -0.376986 -0.199978 0.904373 -0.673326 0.221407 0.705415 -0.633163 0.24768 0.733321 -0.568556 -0.246531 0.784835 -0.615439 -0.233731 0.752731 -0.586988 0.266765 0.764383 -0.657071 -0.213079 0.723087 -0.534809 0.278103 0.797896 -0.69281 -0.185744 0.696788 -0.477476 0.280356 0.832717 -0.722548 -0.152146 0.674371 -0.415462 0.272831 0.867729 -0.745884 -0.113027 0.656415 -0.349533 0.25483 0.901603 -0.762069 -0.0708239 0.64361 -0.185457 -0.0640542 0.980562 -0.270981 0.167005 0.947987 -0.771091 -0.0264098 0.636177 -0.232054 -0.120073 0.965263 -0.772867 0.0192388 0.634276 -0.28734 -0.166751 0.943202 -0.767327 0.0648051 0.637973 -0.345803 -0.203248 0.91603 -0.754489 0.109004 0.647198 -0.4047 -0.229279 0.88524 -0.734472 0.150517 0.661737 -0.462272 -0.244914 0.852245 -0.707468 0.188131 0.681246 -0.517229 -0.250486 0.818371 -0.628175 0.301892 0.717117 -0.571601 0.313576 0.75825 -0.704735 -0.243643 0.666323 -0.743668 -0.213121 0.63367 -0.509098 0.315169 0.800929 -0.776435 -0.174463 0.605566 -0.44132 0.305728 0.843663 -0.801842 -0.130166 0.583187 -0.369121 0.284521 0.884758 -0.819506 -0.082031 0.56717 -0.18885 -0.0709681 0.979438 -0.284349 0.185811 0.940542 -0.829358 -0.031174 0.557846 -0.23978 -0.13358 0.961593 -0.831285 0.0210701 0.555447 -0.300285 -0.18632 0.935475 -0.825218 0.0732023 0.560051 -0.364247 -0.228067 0.902945 -0.811185 0.123689 0.57156 -0.428684 -0.258298 0.865744 -0.789313 0.171014 0.589694 -0.491672 -0.27691 0.825578 -0.759956 0.213428 0.613934 -0.551807 -0.284125 0.784081 -0.723381 0.249823 0.643668 -0.607985 -0.280424 0.742776 -0.678371 0.281154 0.678797 -0.659318 -0.266489 0.703053 -0.881693 0.0227601 0.471274 -0.875143 0.0818163 0.476897 -0.31072 -0.204949 0.928143 -0.379392 -0.252128 0.890221 -0.860018 0.138951 0.49098 -0.448632 -0.286889 0.846419 -0.836426 0.192467 0.513175 -0.516354 -0.308886 0.798729 -0.804621 0.240562 0.542877 -0.581032 -0.318173 0.749111 -0.765455 0.280758 0.57901 -0.641437 -0.315168 0.699448 -0.71819 0.313707 0.621121 -0.696523 -0.300645 0.651513 -0.663463 0.337288 0.667872 -0.745389 -0.275726 0.606936 -0.602788 0.349284 0.717389 -0.787702 -0.241111 0.566914 -0.53563 0.349888 0.768556 -0.822891 -0.19788 0.53263 -0.46257 0.338178 0.819551 -0.850213 -0.147894 0.505237 -0.384533 0.313427 0.868273 -0.869082 -0.0938862 0.485676 -0.191326 -0.0772996 0.978478 -0.294651 0.203803 0.933619 -0.879642 -0.0364286 0.47424 -0.245816 -0.146188 0.958229 -0.900528 0.154835 0.406295 -0.875439 0.21473 0.433011 -0.464281 -0.314857 0.827834 -0.536007 -0.340702 0.772411 -0.841611 0.268331 0.468711 -0.60456 -0.352561 0.714288 -0.799562 0.313514 0.512259 -0.66861 -0.3507 0.655721 -0.750364 0.347979 0.562018 -0.727029 -0.335831 0.598872 -0.69274 0.372743 0.617393 -0.778923 -0.309 0.545708 -0.62819 0.385064 0.676094 -0.824335 -0.270158 0.49748 -0.556827 0.384357 0.736351 -0.861514 -0.222438 0.456415 -0.478942 0.36998 0.796071 -0.890185 -0.167577 0.423661 -0.395451 0.341309 0.852717 -0.910263 -0.106836 0.400009 -0.192926 -0.0829713 0.977699 -0.301596 0.22078 0.927521 -0.921458 -0.0422351 0.386176 -0.250113 -0.157744 0.95528 -0.923607 0.0242821 0.38257 -0.318513 -0.222435 0.921451 -0.916625 0.0906711 0.389329 -0.39104 -0.27521 0.878264 -0.870373 0.297308 0.392502 -0.826333 0.346576 0.443914 -0.622113 -0.387155 0.680505 -0.689225 -0.386953 0.612565 -0.77457 0.383988 0.502588 -0.750557 -0.372048 0.546118 -0.714853 0.409174 0.567064 -0.805338 -0.343111 0.483431 -0.647449 0.420928 0.635318 -0.852843 -0.301111 0.426605 -0.57247 0.418402 0.705137 -0.891678 -0.248949 0.378067 -0.490221 0.40088 0.773937 -0.921486 -0.188978 0.33934 -0.401636 0.367851 0.838674 -0.942657 -0.120989 0.311062 -0.193663 -0.0879108 0.977121 -0.304872 0.236511 0.922559 -0.954408 -0.0486453 0.294515 -0.252659 -0.168093 0.952842 -0.956626 0.0256307 0.290189 -0.323583 -0.238554 0.915634 -0.949268 0.0997957 0.298213 -0.399038 -0.297056 0.867483 -0.932318 0.171473 0.318403 -0.475432 -0.341947 0.810578 -0.905901 0.238158 0.350177 -0.55038 -0.372154 0.747384 -0.791236 0.420902 0.443607 -0.729978 0.446141 0.517774 -0.766427 -0.40977 0.49465 -0.823464 -0.379439 0.421821 -0.660447 0.456702 0.596014 -0.872833 -0.334331 0.355506 -0.582445 0.451768 0.675768 -0.91297 -0.277891 0.298768 -0.496284 0.430541 0.753881 -0.944394 -0.210285 0.252787 -0.402952 0.39265 0.826714 -0.966138 -0.135463 0.219607 -0.193606 -0.0920502 0.976752 -0.30414 0.250718 0.919043 -0.978182 -0.055667 0.200154 -0.253469 -0.177075 0.950998 -0.980437 0.026639 0.195021 -0.325878 -0.253057 0.910915 -0.972778 0.10912 0.204439 -0.40328 -0.317359 0.858282 -0.955077 0.189021 0.228252 -0.481926 -0.367845 0.795259 -0.927468 0.263056 0.265716 -0.559281 -0.402964 0.724448 -0.89038 0.328176 0.315476 -0.633452 -0.421766 0.648731 -0.844635 0.381504 0.375561 -0.702927 -0.423929 0.57112 -0.667317 0.492049 0.559085 -0.58677 0.48411 0.649106 -0.884091 -0.369998 0.285456 -0.92538 -0.30899 0.219536 -0.497107 0.458538 0.736633 -0.957942 -0.234317 0.165658 -0.399449 0.415194 0.817346 -0.980353 -0.151158 0.126722 -0.192803 -0.0953299 0.976596 -0.299034 0.263071 0.917264 -0.992557 -0.0633361 0.104017 -0.25255 -0.184536 0.949824 -0.994827 0.0268237 0.0979819 -0.325353 -0.265683 0.907501 -0.986988 0.118306 0.1089 -0.403686 -0.335771 0.851056 -0.968581 0.207668 0.13684 -0.483653 -0.392166 0.782487 -0.939889 0.289726 0.180743 -0.562576 -0.432765 0.70443 -0.901232 0.361488 0.238972 -0.638464 -0.456081 0.619963 -0.853926 0.41893 0.30872 -0.709747 -0.461288 0.532422 -0.799981 0.459029 0.386422 -0.775138 -0.448234 0.445249 -0.738265 0.483322 0.470494 -0.833771 -0.417148 0.361682 -0.492761 0.484359 0.722899 -0.391533 0.434858 0.810926 -0.962018 -0.261265 0.0791276 -0.985213 -0.168053 0.0333756 -0.191286 -0.0976972 0.97666 -0.289209 0.273172 0.917462 -0.99747 -0.0707403 0.0069565 -0.249915 -0.190327 0.949378 -0.999682 0.0252108 -2.00701e-08 -0.322008 -0.276151 0.905567 -0.991915 0.126292 0.0124194 -0.400241 -0.351893 0.846155 -0.972586 0.228091 0.0452993 -0.480593 -0.414433 0.772836 -0.943145 0.318113 0.0963449 -0.56024 -0.461073 0.688145 -0.902273 0.398442 0.164767 -0.637099 -0.489684 0.595243 -0.85318 0.460202 0.245556 -0.709572 -0.49879 0.497711 -0.800788 0.49829 0.332334 -0.77633 -0.487638 0.399402 -0.740106 0.520256 0.426117 -0.836088 -0.456399 0.304395 -0.668377 0.526531 0.525392 -0.886778 -0.407778 0.217583 -0.585579 0.514991 0.626005 -0.928935 -0.342143 0.141486 -0.190353 -0.099097 0.976701 -0.248132 -0.194222 0.949057 -0.990891 -0.102387 -0.087477 -0.995182 -0.00235727 -0.098017 -0.319544 -0.283909 0.904039 -0.990918 0.102097 -0.0875084 -0.397394 -0.364704 0.842062 -0.975073 0.21545 -0.0530405 -0.477524 -0.433073 0.764473 -0.948846 0.315727 0.00263216 -0.556909 -0.48579 0.673692 -0.909522 0.407902 0.0799144 -0.633303 -0.520186 0.573005 -0.858494 0.482374 0.174078 -0.705018 -0.534325 0.466311 -0.807209 0.524023 0.271685 -0.770701 -0.527155 0.35795 -0.749269 0.545665 0.375294 -0.829032 -0.498861 0.252672 -0.676835 0.5521 0.486909 -0.878663 -0.451414 0.155492 -0.590405 0.539254 0.600522 -0.919845 -0.38602 0.0698057 -0.492743 0.504921 0.708703 -0.952638 -0.304103 -0.00127913 -0.387113 0.449863 0.80484 -0.976793 -0.207033 -0.0548896 -0.282102 0.280124 0.917578 -0.201626 0.367531 -0.907892 -0.0974719 0.28635 -0.953154 -0.10123 0.279542 -0.954782 -0.204251 0.355459 -0.912102 -0.95331 -0.264032 -0.146584 -0.978077 -0.174541 -0.113579 -0.967852 -0.143075 -0.206863 -0.944542 -0.229947 -0.234444 -0.313881 0.43413 -0.844399 -0.312887 0.416271 -0.85371 -0.915731 -0.350296 -0.196797 -0.908644 -0.312308 -0.277181 -0.428226 0.481699 -0.764584 -0.421597 0.458857 -0.782116 -0.868078 -0.422295 -0.260974 -0.861191 -0.383873 -0.333153 -0.539001 0.507135 -0.672527 -0.525917 0.481368 -0.70121 -0.806684 -0.484085 -0.339002 -0.800572 -0.444988 -0.401334 -0.641539 0.509182 -0.573725 -0.622547 0.483288 -0.615523 -0.725064 -0.536936 -0.431255 -0.721692 -0.497175 -0.481641 -0.732582 0.488403 -0.474117 -0.709274 0.46524 -0.529606 -0.63116 -0.567251 -0.529021 -0.630044 -0.529803 -0.567762 -0.810288 0.446785 -0.379232 -0.78472 0.42875 -0.447648 -0.532199 -0.571073 -0.625012 -0.532737 -0.537966 -0.653287 -0.873942 0.38725 -0.293706 -0.848135 0.375971 -0.373247 -0.429428 -0.551112 -0.715449 -0.431555 -0.523495 -0.734652 -0.923531 0.313335 -0.22116 -0.899256 0.309317 -0.309291 -0.323958 -0.510038 -0.796814 -0.327865 -0.488521 -0.808611 -0.959206 0.229955 -0.164456 -0.937826 0.231998 -0.258185 -0.21821 -0.450519 -0.865689 -0.224094 -0.435184 -0.872008 -0.982373 0.139374 -0.124569 -0.963803 0.148095 -0.2217 0.0620333 0.099472 -0.993105 0.0608074 0.0986358 -0.993264 -0.11012 -0.27942 -0.953833 -0.11868 -0.271979 -0.954957 -0.994242 0.0347652 -0.10136 -0.97827 0.0544736 -0.200052 -0.00736455 0.195509 -0.980674 -0.0102108 0.192534 -0.981237 -0.992376 -0.0750762 -0.0977407 -0.979723 -0.04652 -0.194879 -0.314162 0.394273 -0.863627 -0.419114 0.43089 -0.799173 -0.887253 -0.288032 -0.360305 -0.840587 -0.355564 -0.408641 -0.51912 0.448704 -0.727446 -0.781141 -0.413693 -0.467629 -0.611499 0.447744 -0.652376 -0.708262 -0.460034 -0.535475 -0.694473 0.428868 -0.577737 -0.623913 -0.490084 -0.608729 -0.766851 0.393617 -0.506957 -0.531606 -0.500583 -0.683237 -0.827843 0.344124 -0.443005 -0.434203 -0.490909 -0.755298 -0.877222 0.282491 -0.388177 -0.333795 -0.461932 -0.821705 -0.915183 0.209917 -0.344055 -0.233033 -0.415027 -0.879459 -0.940792 0.131121 -0.312599 0.059189 0.0968251 -0.99354 -0.130857 -0.261187 -0.956377 -0.954609 0.0459411 -0.294298 -0.0137582 0.187617 -0.982146 -0.956058 -0.042944 -0.290017 -0.105814 0.269917 -0.957052 -0.945002 -0.130178 -0.300041 -0.20805 0.339885 -0.917166 -0.92204 -0.212212 -0.32374 -0.505504 0.415566 -0.756155 -0.593318 0.412477 -0.691257 -0.75511 -0.381542 -0.533136 -0.687089 -0.423541 -0.590357 -0.672271 0.393333 -0.627168 -0.608591 -0.451594 -0.652441 -0.74135 0.359581 -0.566659 -0.521759 -0.463194 -0.716393 -0.799869 0.313004 -0.512091 -0.429106 -0.457047 -0.779087 -0.847012 0.25644 -0.465627 -0.33291 -0.43313 -0.837597 -0.883404 0.190209 -0.428272 -0.235874 -0.392113 -0.889163 -0.908434 0.11677 -0.401387 0.0582893 0.0940812 -0.993857 -0.137263 -0.24815 -0.958948 -0.921672 0.039409 -0.385964 -0.015485 0.180947 -0.983371 -0.923123 -0.0404474 -0.38237 -0.107206 0.258005 -0.960177 -0.912713 -0.119399 -0.390767 -0.207333 0.321935 -0.923781 -0.890677 -0.194777 -0.410801 -0.309836 0.370278 -0.875726 -0.857256 -0.264461 -0.441783 -0.410285 0.401627 -0.818756 -0.812206 -0.32728 -0.482917 -0.642912 0.358687 -0.676762 -0.708333 0.326737 -0.625706 -0.585288 -0.413892 -0.697231 -0.503999 -0.425972 -0.751354 -0.763863 0.283462 -0.579795 -0.416659 -0.42243 -0.804952 -0.809045 0.230654 -0.540596 -0.325437 -0.402738 -0.855508 -0.843277 0.171128 -0.509509 -0.232884 -0.367041 -0.900581 -0.867148 0.104343 -0.486997 0.0580554 0.090447 -0.994208 -0.138263 -0.233341 -0.962515 -0.87984 0.0338688 -0.474061 -0.0154172 0.172669 -0.984859 -0.881278 -0.038197 -0.471053 -0.105443 0.244101 -0.964 -0.871473 -0.109618 -0.478035 -0.202202 0.302042 -0.931603 -0.850546 -0.178257 -0.494768 -0.300128 0.344763 -0.889416 -0.818669 -0.242114 -0.520733 -0.395414 0.371487 -0.840026 -0.775851 -0.299662 -0.55521 -0.485411 0.382237 -0.786302 -0.722283 -0.348882 -0.59715 -0.568309 0.377635 -0.731038 -0.65836 -0.387757 -0.645141 -0.720298 0.255157 -0.645031 -0.762805 0.206952 -0.612617 -0.39736 -0.387408 -0.831878 -0.311749 -0.371222 -0.874647 -0.795246 0.152308 -0.586845 -0.224417 -0.34029 -0.913148 -0.817598 0.0922913 -0.568345 0.0584649 0.085972 -0.994581 -0.134284 -0.21715 -0.966858 -0.829545 0.028837 -0.557695 -0.0135643 0.162935 -0.986544 -0.83093 -0.0360233 -0.55521 -0.100567 0.228489 -0.968338 -0.821746 -0.100373 -0.560944 -0.192835 0.280575 -0.940262 -0.802067 -0.162432 -0.574722 -0.285343 0.318103 -0.904096 -0.771991 -0.220524 -0.596154 -0.374872 0.340776 -0.862173 -0.731517 -0.27324 -0.624678 -0.459231 0.348904 -0.816929 -0.681754 -0.317331 -0.659176 -0.536827 0.343302 -0.770689 -0.622945 -0.352004 -0.698593 -0.606693 0.324957 -0.725484 -0.554716 -0.376805 -0.741828 -0.668168 0.294954 -0.683048 -0.478966 -0.38904 -0.786918 -0.739413 0.134773 -0.659625 -0.760184 0.0809015 -0.644651 0.059569 0.0807158 -0.994956 -0.210858 -0.312245 -0.926305 -0.125772 -0.199894 -0.971712 -0.771278 0.0241257 -0.636041 -0.00993209 0.1519 -0.988346 -0.772567 -0.0338718 -0.634029 -0.0926928 0.211429 -0.972988 -0.764035 -0.0914513 -0.638661 -0.179472 0.257848 -0.94937 -0.745745 -0.147059 -0.649799 -0.265818 0.290596 -0.919182 -0.717843 -0.199103 -0.667127 -0.349053 0.309715 -0.884442 -0.680541 -0.246084 -0.69015 -0.427405 0.315671 -0.847158 -0.634251 -0.286321 -0.718154 -0.499356 0.309441 -0.809252 -0.579705 -0.318071 -0.750182 -0.563823 0.292309 -0.772437 -0.51696 -0.340725 -0.785277 -0.621376 0.263974 -0.737705 -0.447108 -0.352581 -0.822059 -0.669669 0.227833 -0.706849 -0.371703 -0.352231 -0.858935 -0.709174 0.184204 -0.680545 -0.292283 -0.33893 -0.894258 -0.705595 0.0197448 -0.708341 -0.706752 -0.0316931 -0.706751 -0.00451283 0.139725 -0.99018 -0.0819675 0.193156 -0.977738 -0.698903 -0.0827617 -0.710412 -0.162398 0.234121 -0.958548 -0.682116 -0.132089 -0.719215 -0.241939 0.262464 -0.934119 -0.656581 -0.178195 -0.732904 -0.318351 0.278484 -0.906145 -0.622602 -0.219675 -0.751072 -0.390326 0.282647 -0.876217 -0.580517 -0.25532 -0.773183 -0.456668 0.275767 -0.845818 -0.529751 -0.285208 -0.798762 -0.515785 0.25957 -0.816449 -0.472541 -0.305669 -0.826602 -0.567297 0.235258 -0.789194 -0.409084 -0.316576 -0.855821 -0.612373 0.201533 -0.76445 -0.340268 -0.317034 -0.885272 -0.648628 0.162368 -0.743584 -0.267523 -0.306113 -0.913634 -0.676398 0.118142 -0.727 -0.192624 -0.28321 -0.939515 -0.695443 0.0701581 -0.715148 0.0614208 0.0747461 -0.995309 -0.113213 -0.181818 -0.976793 -0.626974 -0.0743026 -0.775488 -0.611766 -0.117586 -0.78225 -0.141947 0.209602 -0.967429 -0.214139 0.23387 -0.948393 -0.588659 -0.158115 -0.792768 -0.283159 0.247227 -0.926661 -0.557874 -0.194788 -0.806743 -0.348416 0.249914 -0.90341 -0.519648 -0.226599 -0.823783 -0.407996 0.243374 -0.879948 -0.474425 -0.252322 -0.843359 -0.462391 0.227402 -0.85702 -0.422969 -0.270626 -0.864789 -0.508623 0.205732 -0.836049 -0.365726 -0.280824 -0.887346 -0.548727 0.176575 -0.817142 -0.303657 -0.281885 -0.910128 -0.58172 0.141406 -0.801003 -0.237975 -0.272954 -0.932129 -0.606827 0.102238 -0.788231 -0.17014 -0.253429 -0.952274 -0.624004 0.0599504 -0.779118 0.0640646 0.0681357 -0.995617 -0.097085 -0.16311 -0.98182 -0.633126 0.0156431 -0.773891 0.00267137 0.126571 -0.991954 -0.634117 -0.0295023 -0.772674 -0.0685546 0.173887 -0.982376 -0.514797 -0.138641 -0.846027 -0.487392 -0.170536 -0.856368 -0.243802 0.216112 -0.94544 -0.302458 0.217283 -0.928067 -0.453301 -0.198431 -0.86899 -0.35514 0.211107 -0.910664 -0.413669 -0.220167 -0.883405 -0.402567 0.197606 -0.893807 -0.368155 -0.236233 -0.899253 -0.444942 0.176648 -0.877965 -0.317367 -0.245533 -0.915965 -0.480244 0.151246 -0.863997 -0.262378 -0.246884 -0.932848 -0.509195 0.12097 -0.852107 -0.204145 -0.239593 -0.949168 -0.531391 0.0869017 -0.842657 -0.143863 -0.223091 -0.964123 -0.546557 0.0501768 -0.835917 0.0675376 0.0609618 -0.995853 -0.0778688 -0.143912 -0.986522 -0.554569 0.0117735 -0.832054 0.0115158 0.112582 -0.993576 -0.555363 -0.0273048 -0.831159 -0.0527025 0.153803 -0.986695 -0.548943 -0.0660687 -0.833245 -0.118469 0.184461 -0.975674 -0.535375 -0.103514 -0.838247 -0.182922 0.204905 -0.961537 -0.382487 -0.170136 -0.908162 -0.34799 -0.188878 -0.918275 -0.298252 0.179286 -0.937498 -0.339511 0.167164 -0.925629 -0.308493 -0.202719 -0.929375 -0.375881 0.149365 -0.914551 -0.264582 -0.210727 -0.941058 -0.406648 0.127139 -0.904695 -0.21701 -0.212071 -0.952855 -0.431689 0.101118 -0.896337 -0.166573 -0.206124 -0.964244 -0.450821 0.0720283 -0.889704 -0.114275 -0.192334 -0.974653 -0.463854 0.0407413 -0.884974 0.0718475 0.0533041 -0.99599 -0.0560525 -0.124327 -0.990657 -0.470681 0.00807404 -0.882267 0.0219028 0.097899 -0.994955 -0.471248 -0.0251204 -0.881643 -0.0346814 0.133059 -0.990501 -0.465563 -0.0580202 -0.883111 -0.0923026 0.158851 -0.982979 -0.453689 -0.0897995 -0.886624 -0.148989 0.175534 -0.973134 -0.435755 -0.119603 -0.892083 -0.202613 0.184058 -0.961806 -0.411937 -0.146658 -0.899333 -0.251444 0.185922 -0.949847 -0.245018 -0.169622 -0.954565 -0.208129 -0.17627 -0.962087 -0.303127 0.122359 -0.945062 -0.328956 0.103615 -0.938643 -0.168179 -0.177444 -0.969654 -0.349924 0.0818137 -0.933199 -0.125825 -0.172602 -0.976922 -0.365879 0.0575767 -0.92888 -0.0818714 -0.161268 -0.983509 -0.37669 0.0315848 -0.925801 0.0769503 0.0452392 -0.996008 -0.0321142 -0.104427 -0.994014 -0.382269 0.00451263 -0.92404 0.0336961 0.0826532 -0.996008 -0.382583 -0.0229608 -0.923636 -0.014772 0.111793 -0.993622 -0.377641 -0.050151 -0.924593 -0.0638219 0.132888 -0.989074 -0.367504 -0.076394 -0.926879 -0.111497 0.146468 -0.982912 -0.352292 -0.100981 -0.930426 -0.158066 0.152308 -0.975611 -0.332165 -0.123278 -0.93513 -0.198757 0.153659 -0.967928 -0.307362 -0.142588 -0.940849 -0.237591 0.148189 -0.959995 -0.278251 -0.158158 -0.947398 -0.272627 0.137401 -0.952258 -0.116517 -0.142983 -0.982843 -0.0824712 -0.139061 -0.986844 -0.264718 0.0629051 -0.962272 -0.277394 0.0434429 -0.959773 -0.0471493 -0.129975 -0.990396 -0.285903 0.0226493 -0.957991 0.0828216 0.0368461 -0.995883 -0.00650249 -0.0842696 -0.996422 -0.290186 0.00105175 -0.95697 0.0466765 0.066955 -0.996664 -0.290222 -0.0208193 -0.956733 0.0066756 0.0901076 -0.99591 -0.286028 -0.0424327 -0.957281 -0.0334946 0.106635 -0.993734 -0.277659 -0.0632534 -0.958595 -0.0723364 0.117064 -0.990487 -0.265219 -0.0827352 -0.960632 -0.108844 0.12209 -0.986533 -0.248849 -0.10037 -0.963328 -0.14395 0.121216 -0.982133 -0.228754 -0.115603 -0.966596 -0.174841 0.116737 -0.977652 -0.205211 -0.12789 -0.970326 -0.202793 0.108001 -0.973248 -0.178385 -0.136922 -0.974388 -0.227272 0.0957107 -0.969117 -0.148665 -0.142123 -0.978621 -0.247968 0.0805039 -0.965418 0.0893324 0.0281937 -0.995603 -0.0106289 -0.0985118 -0.995079 0.0203437 -0.0638979 -0.997749 -0.192369 0.0138691 -0.981225 -0.195316 -0.00235192 -0.980737 0.0606451 0.050912 -0.99686 -0.195056 -0.0187214 -0.980613 0.0293696 0.0681125 -0.997245 -0.191609 -0.0348532 -0.980852 -0.00172694 0.0801668 -0.99678 -0.185027 -0.0503442 -0.981443 -0.0315741 0.0875564 -0.995659 -0.175396 -0.064794 -0.982363 -0.0596017 0.090775 -0.994086 -0.162822 -0.0778522 -0.983579 -0.0860234 0.0898388 -0.992234 -0.147482 -0.0890679 -0.985046 -0.109626 0.085856 -0.990258 -0.129647 -0.0979697 -0.986708 -0.130676 0.0789188 -0.988279 -0.109311 -0.104554 -0.988494 -0.149021 0.0693887 -0.986396 -0.0868658 -0.10824 -0.990322 -0.16447 0.0577113 -0.984692 -0.0626656 -0.108664 -0.992101 -0.176899 0.0443004 -0.983232 -0.0370961 -0.105517 -0.993725 -0.18622 0.0295491 -0.982064 0.0753681 0.0346188 -0.996555 0.0529856 0.0458966 -0.99754 -0.098003 -0.0166715 -0.995046 -0.0952992 -0.02739 -0.995072 0.0310767 0.053546 -0.998082 -0.0905088 -0.0376251 -0.995185 0.0103534 0.0579953 -0.998263 -0.083704 -0.0470943 -0.995377 -0.00892135 0.0596054 -0.998182 -0.0749443 -0.0556338 -0.995635 -0.026928 0.0584219 -0.997929 -0.0643497 -0.0629326 -0.995941 -0.0428922 0.055211 -0.997553 -0.0523783 -0.0682631 -0.996291 -0.0569811 0.0500916 -0.997118 -0.0385262 -0.0724571 -0.996627 -0.0691377 0.04331 -0.996667 -0.0234277 -0.0745639 -0.996941 -0.0792747 0.0351494 -0.996233 -0.00725772 -0.0744674 -0.997197 -0.0873218 0.0258955 -0.995843 0.00971549 -0.0719787 -0.997359 -0.093236 0.0158183 -0.995518 0.0271791 -0.0669287 -0.997387 -0.0969902 0.00518964 -0.995272 0.09639 0.0193528 -0.995156 0.0479827 -0.0433413 -0.997907 -0.0985759 -0.00572877 -0.995113 0.0645019 0.0268244 -0.997557 0.0529589 0.0283989 -0.998193 0.00497399 -0.0250467 -0.999674 0.00894672 -0.029541 -0.999524 0.0425778 0.0285278 -0.998686 0.0137482 -0.0332464 -0.999353 0.0328205 0.027 -0.999096 0.0194194 -0.0363945 -0.999149 0.0246296 0.0246828 -0.999392 0.0262904 -0.0394189 -0.998877 0.0175437 0.021419 -0.999617 0.0332461 -0.040591 -0.998623 0.011587 0.0173725 -0.999782 0.0409511 -0.04104 -0.998318 0.00678423 0.0127143 -0.999896 0.0490563 -0.0403569 -0.99798 0.00314091 0.00759535 -0.999966 0.0573853 -0.0384496 -0.997611 0.000652802 0.00215567 -0.999997 0.0657649 -0.0352664 -0.997212 -0.000685832 -0.00345197 -0.999994 0.103866 0.0103897 -0.994537 0.076038 -0.0226403 -0.996848 -0.000895763 -0.00910967 -0.999958 0.0906029 0.0181634 -0.995721 -1.49192e-08 -0.0146764 -0.999892 0.0771639 0.0235307 -0.996741 0.00196991 -0.0200316 -0.999797 0.0943873 -0.00244334 -0.995533 0.0925894 -0.00448514 -0.995694 0.102803 -0.0116486 -0.994633 0.103485 -0.0103083 -0.994578 0.0922525 -0.00580213 -0.995719 0.104552 -0.00985609 -0.994471 0.0921403 -0.00720507 -0.99572 0.105276 -0.00891378 -0.994403 0.0923602 -0.00851588 -0.995689 0.105551 -0.00759261 -0.994385 0.0928692 -0.00968363 -0.995631 0.105623 -0.00629177 -0.994386 0.0936136 -0.0106832 -0.995551 0.105331 -0.00492668 -0.994425 0.0945435 -0.0114999 -0.995454 0.1046 -0.00354871 -0.994508 0.0956158 -0.0121112 -0.995345 0.111524 0.00135839 -0.993761 0.10413 -0.00182944 -0.994562 0.0967839 -0.0125244 -0.995227 0.106103 0.00162938 -0.994354 0.0980094 -0.0127353 -0.995104 0.101604 0.00109899 -0.994824 0.0992572 -0.0127516 -0.99498 0.0981603 5.95119e-05 -0.995171 0.100496 -0.0125861 -0.994858 0.0957313 -0.00123175 -0.995406 0.101695 -0.0122298 -0.99474 0.15934 -0.0362674 -0.986557 0.166069 -0.0358655 -0.985462 0.182093 0.0197847 -0.983082 0.176429 0.0231215 -0.984042 0.172381 -0.03446 -0.984427 0.169636 0.0258757 -0.985167 0.178138 -0.0321448 -0.98348 0.161798 0.027768 -0.986433 0.18322 -0.0290305 -0.982643 0.152982 0.0285896 -0.987815 0.18753 -0.0252244 -0.981935 0.143192 0.0281857 -0.989293 0.190987 -0.0208403 -0.981371 0.119349 -0.00766599 -0.992823 0.131882 0.0190568 -0.991082 0.193521 -0.0160103 -0.980965 0.121643 -0.0148982 -0.992462 0.195079 -0.0108549 -0.980727 0.125993 -0.021322 -0.991802 0.19562 -0.00551785 -0.980664 0.131641 -0.0267042 -0.990938 0.195119 -0.000149053 -0.98078 0.13779 -0.0310982 -0.989973 0.193595 0.00502632 -0.981069 0.1445 -0.0343072 -0.98891 0.191086 0.00984445 -0.981524 0.152823 -0.0352017 -0.987627 0.18729 0.0148521 -0.982192 0.250857 -0.0605692 -0.966127 0.261755 -0.0547764 -0.963579 0.232582 0.0593579 -0.970764 0.216976 0.0618363 -0.974216 0.271087 -0.0475412 -0.96138 0.199795 0.0620898 -0.977869 0.278709 -0.0391023 -0.959579 0.181018 0.0599177 -0.981653 0.284506 -0.0297015 -0.958214 0.127084 -0.0166331 -0.991753 0.158941 0.0399762 -0.986478 0.288384 -0.0195948 -0.957314 0.136976 -0.0313399 -0.990079 0.290272 -0.00904966 -0.956901 0.149979 -0.0436692 -0.987724 0.290126 0.00168186 -0.956987 0.164571 -0.0534076 -0.984918 0.287916 0.0123397 -0.957576 0.179838 -0.0605514 -0.981831 0.283609 0.0227491 -0.95867 0.194439 -0.0656877 -0.978713 0.277281 0.0324089 -0.960242 0.210897 -0.0668618 -0.975219 0.268996 0.0410758 -0.962265 0.22525 -0.0667533 -0.972012 0.258907 0.0483931 -0.964689 0.238575 -0.0646778 -0.968968 0.246495 0.054934 -0.967586 0.270526 0.0959606 -0.957918 0.245288 0.0955251 -0.964732 0.356367 -0.0663017 -0.931991 0.367205 -0.0532024 -0.928617 0.217548 0.0916337 -0.971739 0.375276 -0.0387427 -0.926103 0.134549 -0.0254853 -0.990579 0.184985 0.0608752 -0.980854 0.38046 -0.0233158 -0.924503 0.151832 -0.0476199 -0.987259 0.382673 -0.00731766 -0.923855 0.173225 -0.0658738 -0.982677 0.381865 0.00883849 -0.924176 0.196518 -0.0800185 -0.97723 0.378013 0.0247878 -0.925469 0.220453 -0.09009 -0.971228 0.371107 0.0401676 -0.927721 0.244645 -0.095955 -0.964853 0.361138 0.0546419 -0.93091 0.26692 -0.0989246 -0.958628 0.348338 0.0674013 -0.934942 0.28876 -0.0978936 -0.952383 0.332954 0.0779714 -0.939714 0.308897 -0.093781 -0.946461 0.314671 0.0866941 -0.945234 0.32701 -0.0869514 -0.941012 0.293685 0.0929457 -0.951373 0.342906 -0.0776753 -0.936153 0.252178 0.123357 -0.959786 0.20971 0.0816883 -0.974345 0.462421 -0.0480163 -0.885359 0.468862 -0.0271999 -0.882853 0.141635 -0.0341567 -0.98933 0.16597 -0.0636545 -0.984074 0.471389 -0.00567706 -0.881907 0.19545 -0.087848 -0.976771 0.469949 0.0159931 -0.882549 0.227074 -0.106492 -0.968038 0.464526 0.0372793 -0.884774 0.259274 -0.119643 -0.958365 0.455138 0.0576664 -0.888552 0.291149 -0.127429 -0.948153 0.441865 0.0765358 -0.893811 0.32131 -0.130609 -0.937924 0.424955 0.0930977 -0.900414 0.349972 -0.12901 -0.927834 0.403923 0.107939 -0.908403 0.376385 -0.123204 -0.918235 0.379725 0.119127 -0.917398 0.400093 -0.113703 -0.909394 0.352221 0.126765 -0.927292 0.420797 -0.100948 -0.901521 0.321775 0.13023 -0.937817 0.438227 -0.0854167 -0.894797 0.289093 0.128784 -0.948599 0.452162 -0.0676061 -0.88937 0.555566 -0.00412283 -0.831462 0.553527 0.0231581 -0.83251 0.216336 -0.109512 -0.970158 0.255872 -0.132763 -0.957551 0.54661 0.0499023 -0.835899 0.295903 -0.149156 -0.943501 0.534851 0.075416 -0.841574 0.335229 -0.158922 -0.928636 0.518353 0.0989507 -0.849423 0.372698 -0.162622 -0.913592 0.497256 0.119834 -0.859288 0.407952 -0.160487 -0.898788 0.471512 0.13775 -0.871035 0.440353 -0.153059 -0.884682 0.441522 0.151641 -0.884343 0.469386 -0.140934 -0.871674 0.407587 0.160847 -0.898889 0.494665 -0.124706 -0.86009 0.369881 0.164886 -0.914331 0.515875 -0.104985 -0.850206 0.329543 0.16261 -0.930032 0.532759 -0.0823951 -0.842247 0.286302 0.154082 -0.945669 0.545101 -0.0575937 -0.83639 0.148144 -0.042589 -0.988048 0.232809 0.102345 -0.967122 0.552738 -0.0312793 -0.832768 0.179178 -0.079352 -0.980611 0.623469 0.0627021 -0.77933 0.609473 0.0934844 -0.787276 0.329933 -0.178579 -0.92696 0.376325 -0.190486 -0.906694 0.589925 0.121796 -0.798219 0.420594 -0.194958 -0.886055 0.564992 0.146814 -0.81193 0.46209 -0.192415 -0.865708 0.534725 0.167977 -0.828162 0.500146 -0.183455 -0.846285 0.499238 0.184543 -0.846584 0.534198 -0.168761 -0.828343 0.459266 0.195165 -0.866594 0.563789 -0.149064 -0.812356 0.414903 0.199453 -0.887735 0.58856 -0.125109 -0.798715 0.366563 0.196678 -0.909368 0.608224 -0.0976409 -0.787737 0.317357 0.184864 -0.930113 0.622521 -0.0675281 -0.779684 0.153987 -0.0507133 -0.986771 0.254414 0.122642 -0.959287 0.631281 -0.0356028 -0.774737 0.19123 -0.0946174 -0.976974 0.634391 -0.00266651 -0.773008 0.235565 -0.130774 -0.96302 0.631789 0.0303679 -0.774545 0.282535 -0.158761 -0.946028 0.655876 0.145175 -0.740777 0.627422 0.174271 -0.758927 0.464508 -0.227627 -0.855815 0.51182 -0.224866 -0.829141 0.593203 0.198306 -0.780247 0.555151 -0.214504 -0.803614 0.552123 0.218085 -0.804735 0.593875 -0.197318 -0.779986 0.506686 0.229782 -0.830945 0.627481 -0.174163 -0.758904 0.45612 0.23411 -0.858573 0.655575 -0.145903 -0.740901 0.400962 0.230139 -0.886716 0.677846 -0.11338 -0.726409 0.344111 0.215997 -0.913747 0.69394 -0.0778682 -0.71581 0.159001 -0.0584651 -0.985546 0.273475 0.142695 -0.951236 0.703732 -0.0402184 -0.709326 0.2019 -0.109349 -0.973283 0.707106 -0.00133175 -0.707106 0.252871 -0.151522 -0.955561 0.703983 0.037639 -0.709218 0.30672 -0.184394 -0.933767 0.694353 0.0757682 -0.715634 0.360948 -0.207861 -0.909126 0.678271 0.111972 -0.72623 0.413939 -0.222129 -0.882787 0.645586 0.229973 -0.728238 0.600778 0.250995 -0.758991 0.604802 -0.24631 -0.757328 0.647799 -0.226759 -0.72728 0.549414 0.264659 -0.792527 0.685058 -0.200238 -0.700429 0.493122 0.268803 -0.827391 0.716259 -0.167514 -0.677431 0.430971 0.263766 -0.862955 0.741026 -0.129481 -0.658875 0.367735 0.24658 -0.896643 0.758678 -0.0886486 -0.645406 0.163143 -0.065768 -0.984408 0.289911 0.162325 -0.943187 0.769395 -0.0451818 -0.637174 0.211065 -0.123423 -0.969649 0.77301 -0.000306423 -0.634394 0.26802 -0.171621 -0.948004 0.769408 0.0450453 -0.637168 0.328122 -0.209543 -0.921101 0.758575 0.0891657 -0.645456 0.388588 -0.236913 -0.890434 0.740566 0.130997 -0.659092 0.447633 -0.253826 -0.857436 0.715548 0.169216 -0.677759 0.503968 -0.260642 -0.823457 0.683612 0.202894 -0.701077 0.556629 -0.257896 -0.789717 0.587461 0.299397 -0.751832 0.525871 0.303226 -0.794678 0.736193 -0.226985 -0.637572 0.77008 -0.189938 -0.609016 0.457963 0.296429 -0.838093 0.796829 -0.147131 -0.586017 0.386122 0.277244 -0.879799 0.816057 -0.100234 -0.569214 0.166415 -0.0725436 -0.983384 0.303456 0.181383 -0.935422 0.827651 -0.0503797 -0.558977 0.218611 -0.136705 -0.966189 0.831469 0.000909737 -0.55557 0.280804 -0.190917 -0.940585 0.827433 0.0526032 -0.559095 0.346451 -0.234065 -0.908397 0.815507 0.103004 -0.569508 0.412511 -0.265623 -0.871366 0.795792 0.150531 -0.586563 0.477006 -0.285519 -0.831231 0.768427 0.193866 -0.609865 0.538538 -0.293996 -0.789647 0.733581 0.231732 -0.638874 0.596043 -0.291553 -0.748151 0.691455 0.262889 -0.672888 0.648624 -0.278927 -0.708157 0.643325 0.284977 -0.710578 0.695541 -0.257048 -0.670932 0.48069 0.328583 -0.813001 0.401324 0.306714 -0.863056 0.844924 -0.165771 -0.50855 0.865517 -0.112759 -0.488021 0.168729 -0.0787214 -0.982514 0.313418 0.199788 -0.928361 0.877915 -0.0561367 -0.475515 0.224438 -0.149055 -0.963021 0.881919 0.00223536 -0.471395 0.291063 -0.209228 -0.933545 0.877486 0.0604994 -0.475771 0.361482 -0.257773 -0.896038 0.864619 0.117255 -0.488554 0.43241 -0.293843 -0.852454 0.843405 0.170715 -0.509436 0.501692 -0.317119 -0.804824 0.814015 0.219215 -0.537889 0.567821 -0.327661 -0.755127 0.776627 0.261304 -0.573211 0.629632 -0.325871 -0.705246 0.731524 0.295479 -0.614463 0.68615 -0.312457 -0.656938 0.679265 0.320134 -0.660389 0.73657 -0.288389 -0.611798 0.619496 0.334857 -0.709997 0.780219 -0.254859 -0.571231 0.553032 0.338025 -0.761508 0.81655 -0.213245 -0.536444 0.170138 -0.0842241 -0.981814 0.228506 -0.160322 -0.960251 0.919731 -0.062212 -0.387587 0.923875 0.00319987 -0.382681 0.298666 -0.226351 -0.927127 0.919105 0.0685611 -0.388003 0.373008 -0.280449 -0.884428 0.905436 0.132032 -0.403426 0.448033 -0.321373 -0.834258 0.88294 0.191694 -0.428567 0.521387 -0.34848 -0.77892 0.851827 0.245508 -0.462727 0.591465 -0.361571 -0.720719 0.812291 0.291818 -0.505001 0.657011 -0.360868 -0.661899 0.764556 0.329055 -0.554235 0.716963 -0.347005 -0.604609 0.709024 0.355614 -0.608953 0.770429 -0.320972 -0.550832 0.645546 0.370671 -0.667738 0.816644 -0.284124 -0.50236 0.574674 0.372801 -0.728539 0.854948 -0.238239 -0.460767 0.497093 0.360977 -0.789047 0.885011 -0.185008 -0.427233 0.413101 0.334807 -0.846907 0.906722 -0.125627 -0.402582 0.320281 0.217159 -0.922096 0.303525 -0.24206 -0.921564 0.380867 -0.301835 -0.873977 0.951888 0.0768636 -0.296651 0.937543 0.147554 -0.315024 0.459174 -0.347959 -0.817364 0.913999 0.213679 -0.344887 0.535845 -0.379397 -0.754273 0.881474 0.272965 -0.38535 0.609175 -0.395606 -0.687315 0.840268 0.323354 -0.435193 0.677845 -0.396533 -0.619102 0.790272 0.363655 -0.493179 0.740706 -0.382653 -0.552206 0.73224 0.391539 -0.557245 0.796811 -0.354869 -0.489039 0.665495 0.406648 -0.625903 0.845226 -0.31474 -0.431893 0.590652 0.407321 -0.696577 0.885146 -0.264518 -0.382814 0.508656 0.392421 -0.766338 0.916541 -0.205541 -0.343082 0.419524 0.361891 -0.832487 0.939181 -0.139447 -0.313838 0.170728 -0.0889765 -0.981293 0.323506 0.233319 -0.917009 0.952687 -0.0688037 -0.296065 0.230832 -0.170346 -0.957966 0.956932 0.004038 -0.290282 0.465685 -0.373283 -0.80237 0.544863 -0.409599 -0.731678 0.93632 0.236732 -0.259349 0.902558 0.302024 -0.306872 0.620708 -0.429582 -0.655882 0.860474 0.355768 -0.36471 0.691845 -0.432809 -0.57795 0.808197 0.399662 -0.432537 0.757074 -0.419466 -0.500887 0.748836 0.427791 -0.506201 0.815541 -0.390073 -0.427477 0.67921 0.442642 -0.585442 0.865799 -0.34669 -0.36083 0.600687 0.441422 -0.666574 0.906756 -0.292511 -0.303696 0.515225 0.422626 -0.745608 0.939192 -0.227625 -0.257107 0.420599 0.387456 -0.82035 0.962592 -0.154313 -0.222719 0.170527 -0.0929142 -0.980963 0.322642 0.24801 -0.913451 0.976457 -0.0760681 -0.201856 0.231413 -0.178971 -0.956252 0.980774 0.00483828 -0.195088 0.305579 -0.256109 -0.917077 0.975512 0.0855686 -0.202621 0.38496 -0.32162 -0.865082 0.960648 0.163883 -0.22427 0.626114 -0.463095 -0.627315 0.699156 -0.469286 -0.539399 0.872429 0.389748 -0.294898 0.819529 0.435423 -0.37253 0.766829 -0.456481 -0.451219 0.757067 0.465908 -0.458017 0.827106 -0.425822 -0.36684 0.686484 0.478568 -0.547459 0.877826 -0.380751 -0.290605 0.604407 0.474932 -0.639635 0.920087 -0.321266 -0.224118 0.513614 0.452404 -0.729062 0.953287 -0.249754 -0.1699 0.418596 0.410359 -0.810174 0.976865 -0.169741 -0.130088 0.169548 -0.0959806 -0.980837 0.317213 0.260909 -0.911758 0.990824 -0.0839943 -0.10589 0.229925 -0.186065 -0.955256 0.995173 0.00481042 -0.0980191 0.304415 -0.268277 -0.91398 0.989756 0.0946936 -0.106842 0.385312 -0.339432 -0.858091 0.97445 0.181571 -0.132212 0.467627 -0.396911 -0.789802 0.949794 0.26076 -0.172906 0.548498 -0.438642 -0.711859 0.915621 0.331258 -0.227829 -0.0139241 -0.0643095 -0.997833 -0.0104095 -0.0653663 -0.997807 0.201363 0.0306698 -0.979036 0.188887 0.0255887 -0.981665 0.174327 0.0204493 -0.984475 0.15809 0.0152723 -0.987307 -0.191799 0.0367609 0.980746 -0.182097 0.0318075 0.982766 0.0401876 -0.0597071 0.997407 0.037621 -0.0621706 0.997356 -0.172032 0.0655676 0.982907 -0.179525 0.0646838 0.981625 -0.190651 0.0630103 0.979634 -0.170021 0.0267476 0.985077 0.0337146 -0.0640253 0.997379 0.200431 0.0644173 -0.977588 0.210779 0.0626108 -0.975527 -0.155845 0.0216189 0.987545 -0.198069 0.0606803 0.978308 0.0304737 -0.0652104 0.997406 0.140584 0.0100723 -0.990018 -0.202816 0.0577595 0.977512 -0.139933 0.0164463 0.990024 0.122217 0.00486004 -0.992491 0.103431 -0.000358705 -0.994637 -0.122696 0.0112457 0.992381 0.0847169 -0.00558255 -0.996389 -0.104558 0.00602741 0.9945 0.0490934 -0.0160112 -0.998666 0.0330312 -0.0211964 -0.99923 0.0664618 -0.0108027 -0.99773 -0.0859609 0.000797968 0.996298 -0.0673612 -0.00443855 0.997719 -0.205313 0.0543125 0.977188 0.0186129 -0.0263369 -0.99948 -0.0491817 -0.00967569 0.998743 0.218256 0.0601439 -0.974037 -0.205594 0.0504107 0.977338 0.00617078 -0.0314053 -0.999488 -0.0318244 -0.014904 0.999382 -0.0157029 -0.0201119 0.999674 0.223091 0.0570948 -0.973124 -0.00407839 -0.0363612 -0.99933 -0.203525 0.0461321 0.977982 -0.00118332 -0.0252806 0.99968 0.225635 0.0535296 -0.97274 -0.0120109 -0.041153 -0.999081 0.0114383 -0.0303813 0.999473 0.225888 0.0495217 -0.972894 -0.0176218 -0.0457175 -0.998799 0.0219119 -0.0353766 0.999134 -0.0210479 -0.0499824 -0.998528 -0.0225445 -0.0538706 -0.998293 0.0359831 -0.0448406 0.998346 0.0396742 -0.0491767 0.998002 0.0300996 -0.0402169 0.998737 0.194012 0.0654409 -0.978814 -0.0224206 -0.0573074 -0.998105 0.223702 0.0451536 -0.973611 -0.0209145 -0.0602275 -0.997966 0.218924 0.0405069 -0.974901 0.0414187 -0.0531483 0.997727 -0.0181219 -0.0625766 -0.997876 0.211445 0.0356584 -0.976739 -0.198956 0.041557 0.979127 0.041502 -0.0566808 0.997529 0.0992623 -1.64496e-07 -0.995061 -0.0797035 1.64313e-07 0.996819 </float_array>
          <technique_common>
            <accessor count="1918" offset="0" source="#meshId0-tangents-array" stride="3">
              <param name="X" type="float" />
              <param name="Y" type="float" />
              <param name="Z" type="float" />
            </accessor>
          </technique_common>
        </source>
        <source id="meshId0-bitangents" name="meshId0-bitangents">
          <float_array id="meshId0-bitangents-array" count="5754"> 0.481392 -0.773308 0.412623 0.391043 -0.850519 0.351713 0.363579 -0.847021 0.387771 0.454404 -0.765663 0.455277 -0.715596 -0.494459 -0.493389 -0.780821 -0.396912 -0.482472 -0.781452 -0.356334 -0.51221 -0.717104 -0.455597 -0.52744 0.567143 -0.685204 0.456996 0.545303 -0.670502 0.503063 -0.641719 -0.593325 -0.485965 -0.64526 -0.557473 -0.522363 0.650623 -0.587493 0.481188 0.63326 -0.565815 0.528048 -0.558672 -0.690004 -0.460196 -0.565311 -0.658401 -0.496922 0.726732 -0.486252 0.4852 0.715364 -0.456952 0.528629 -0.469619 -0.778922 -0.415619 -0.474841 -0.755293 -0.451729 0.797322 -0.383443 0.466099 0.791229 -0.347922 0.502899 -0.379583 -0.854941 -0.353542 -0.386509 -0.837576 -0.386105 0.861784 -0.282364 0.421425 0.859345 -0.243445 0.449735 -0.287655 -0.916617 -0.277609 -0.302523 -0.903144 -0.304647 0.912607 -0.193212 0.360303 0.914614 -0.151898 0.374711 -0.190046 -0.962968 -0.191247 -0.210151 -0.954585 -0.211198 -0.985816 -0.0167051 -0.166997 -0.993387 -4.58915e-07 -0.114813 -0.985947 -0.00695088 -0.166915 0.951021 -0.0882145 0.296271 0.952675 -0.0604747 0.297916 -0.091976 -0.990981 -0.0974512 -0.113561 -0.987559 -0.108771 -0.973967 -0.0445589 -0.222266 -0.974239 -0.0255587 -0.224065 0.00327428 -0.999995 1.52356e-07 -0.0233503 -0.999725 -0.00229965 -0.95372 -0.0877097 -0.287621 -0.954023 -0.0605704 -0.29355 0.103666 -0.989838 0.0973392 0.0709576 -0.991937 0.105008 -0.92418 -0.146669 -0.352676 -0.92454 -0.112946 -0.363962 0.206202 -0.959765 0.190612 0.175595 -0.961963 0.209268 -0.885483 -0.219599 -0.409507 -0.885892 -0.181308 -0.426992 0.301283 -0.912598 0.276394 0.273987 -0.912222 0.304601 -0.837581 -0.304094 -0.453855 -0.837977 -0.26358 -0.477828 -0.0900105 -0.995901 -0.00886511 0.0249328 -0.995081 -0.0958738 0.055564 -0.994511 -0.0886637 -0.061254 -0.998048 -0.012184 0.996879 -0.0486603 -0.0621561 0.99968 -0.0156901 0.0198204 0.999175 -0.0350502 0.0204875 0.995344 -0.0766801 -0.0583926 -0.202704 -0.976247 0.0765044 -0.176709 -0.982223 0.0633349 0.983302 -0.102357 -0.15047 0.980535 -0.136943 -0.140703 -0.312063 -0.93712 0.15628 -0.289317 -0.947756 0.134366 0.955482 -0.176428 -0.236489 0.952106 -0.214311 -0.218093 -0.417035 -0.880144 0.226779 -0.397648 -0.896011 0.197588 0.911467 -0.267977 -0.312116 0.908997 -0.305293 -0.283762 -0.516557 -0.807542 0.284682 -0.500334 -0.828957 0.249991 0.851027 -0.372033 -0.370601 0.851477 -0.405215 -0.332847 -0.609553 -0.722102 0.327131 -0.59609 -0.749112 0.288976 0.775467 -0.482423 -0.407332 0.780714 -0.508976 -0.362531 -0.694919 -0.62713 0.351845 -0.683723 -0.659469 0.312449 0.687082 -0.592761 -0.420181 0.698327 -0.61161 -0.37185 -0.771536 -0.526406 0.357252 -0.762123 -0.563431 0.318927 0.588567 -0.697196 -0.409275 0.606079 -0.708608 -0.361308 -0.838288 -0.424095 0.342662 -0.830278 -0.464737 0.307665 0.482541 -0.790829 -0.376489 0.505701 -0.796061 -0.332496 -0.894148 -0.324609 0.308428 -0.887323 -0.367342 0.278779 0.371341 -0.869812 -0.324859 0.398863 -0.870688 -0.287769 -0.938282 -0.232416 0.256146 -0.932592 -0.275295 0.233421 0.256938 -0.93132 -0.25812 0.287178 -0.929852 -0.23001 -0.970154 -0.151876 0.189039 -0.965675 -0.192659 0.174227 0.140999 -0.973439 -0.180375 0.172224 -0.971566 -0.162477 0.996295 -0.00120695 0.0859872 0.990472 4.61877e-07 0.137712 0.996262 -0.0110392 0.0856704 -0.990868 -0.0640703 0.118637 -0.988649 -0.0920937 0.118707 -0.167585 -0.984571 0.0503436 -0.278761 -0.953647 0.113358 0.976187 -0.170979 -0.133511 0.945949 -0.252007 -0.204139 -0.385944 -0.906742 0.1699 0.901653 -0.343678 -0.262503 -0.487808 -0.845453 0.217376 0.843799 -0.441585 -0.304967 -0.583097 -0.771841 0.253494 0.773536 -0.541231 -0.329713 -0.670654 -0.688378 0.276331 0.692313 -0.63839 -0.336394 -0.749403 -0.597909 0.284428 0.601676 -0.729288 -0.325768 -0.818337 -0.50363 0.276915 0.503182 -0.810665 -0.299383 -0.876579 -0.409 0.253632 0.398363 -0.879798 -0.25935 -0.923435 -0.317659 0.215315 0.288746 -0.934501 -0.208169 -0.958446 -0.233382 0.164053 0.175844 -0.973135 -0.148621 0.996176 -0.0208065 0.0848505 -0.985155 -0.120099 0.122666 0.0611658 -0.994616 -0.0836573 0.998326 -0.0542432 0.0200916 -0.0537996 -0.998419 -0.0163198 0.992954 -0.104308 -0.0562362 -0.374303 -0.915869 0.145195 -0.475296 -0.859537 0.187855 0.894382 -0.377681 -0.239662 0.836349 -0.473397 -0.276432 -0.570042 -0.791355 0.220927 0.766624 -0.569177 -0.297195 -0.657446 -0.713361 0.242653 0.686512 -0.661427 -0.302018 -0.73647 -0.627929 0.251628 0.597394 -0.746978 -0.291795 -0.806103 -0.537789 0.246943 0.500686 -0.823101 -0.267989 -0.865466 -0.445947 0.228256 0.397815 -0.887524 -0.232475 -0.913852 -0.355626 0.195971 0.290219 -0.938428 -0.187418 -0.950776 -0.27024 0.151641 0.179345 -0.974454 -0.135186 0.995948 -0.0303009 0.0846664 -0.981768 -0.145511 0.122307 0.0666382 -0.994702 -0.0782762 0.997139 -0.0725924 0.0210992 -0.0464711 -0.998734 -0.0192488 0.990125 -0.130193 -0.0519839 -0.158577 -0.986563 0.039328 0.971473 -0.202212 -0.1239 -0.268301 -0.958645 0.0949418 0.939633 -0.285943 -0.187953 -0.557273 -0.808056 0.191026 -0.644446 -0.734879 0.211287 0.759989 -0.593387 -0.265157 0.680907 -0.681274 -0.268758 -0.72368 -0.653955 0.220524 0.593194 -0.762155 -0.259308 -0.793924 -0.567637 0.217885 0.498156 -0.833738 -0.238162 -0.854308 -0.478521 0.202918 0.397127 -0.89412 -0.206979 -0.904132 -0.389426 0.175765 0.291465 -0.94178 -0.167626 -0.942897 -0.303378 0.1375 0.182546 -0.975584 -0.12212 0.995599 -0.0394471 0.0850108 -0.978618 -0.168377 0.118139 0.0717592 -0.994779 -0.0725685 0.995671 -0.0899634 0.0233631 -0.0395297 -0.998995 -0.0211289 0.986973 -0.154211 -0.0458516 -0.149974 -0.988234 0.0300322 0.96655 -0.230634 -0.112198 -0.258248 -0.96286 0.0787928 0.933312 -0.316301 -0.169948 -0.363056 -0.923598 0.123117 0.887293 -0.407681 -0.215658 -0.463144 -0.871519 0.161096 0.829177 -0.501173 -0.24757 -0.711268 -0.676447 0.191094 -0.782041 -0.593609 0.189842 0.589097 -0.775178 -0.228174 0.495615 -0.842842 -0.209722 -0.843342 -0.507095 0.177846 0.39632 -0.899755 -0.182677 -0.894496 -0.419337 0.155029 0.292492 -0.944644 -0.148648 -0.934999 -0.332983 0.122064 0.185438 -0.976553 -0.10935 0.995143 -0.0481627 0.0858551 -0.975762 -0.188801 0.110643 0.0764936 -0.994847 -0.0665517 0.993979 -0.106244 0.0267776 -0.0330337 -0.999211 -0.0220723 0.983605 -0.176284 -0.0380269 -0.141869 -0.989635 0.0222537 0.961547 -0.256291 -0.0986997 -0.248726 -0.966414 0.0646412 0.927093 -0.343299 -0.150482 -0.352349 -0.930142 0.103372 0.880447 -0.43405 -0.190824 -0.451534 -0.881704 0.136807 0.822309 -0.525371 -0.218618 -0.544968 -0.822343 0.163592 0.753635 -0.614343 -0.233703 -0.631852 -0.753388 0.182128 0.67551 -0.698367 -0.236579 -0.832761 -0.53202 0.153179 -0.885131 -0.445633 0.133997 0.395409 -0.904568 -0.159402 0.293308 -0.94709 -0.130353 -0.927243 -0.359242 0.105664 0.188009 -0.977384 -0.0968134 0.994593 -0.056368 0.0872235 -0.973209 -0.206907 0.10027 0.0808079 -0.994907 -0.0602514 0.992119 -0.121327 0.0313036 -0.0270337 -0.999388 -0.0221858 0.980111 -0.196368 -0.0286665 -0.134328 -0.990811 0.015808 0.956563 -0.279263 -0.0836657 -0.239839 -0.969407 0.0522295 0.921047 -0.367164 -0.129861 -0.342316 -0.935672 0.0856615 0.873879 -0.457131 -0.165432 -0.440617 -0.890339 0.114689 0.815754 -0.546393 -0.189738 -0.533234 -0.83456 0.138457 0.747564 -0.632446 -0.202881 -0.619809 -0.76928 0.155067 0.670322 -0.71307 -0.205426 -0.69945 -0.695794 0.163216 0.585112 -0.786343 -0.198263 -0.770652 -0.616101 0.162835 0.493079 -0.850627 -0.182501 0.993962 -0.0639986 0.0891294 -0.919768 -0.382341 0.0885576 -0.970929 -0.222826 0.0874353 0.190255 -0.978095 -0.0844567 0.0846651 -0.994961 -0.0537073 0.990141 -0.135127 0.0369116 -0.0215723 -0.999535 -0.0215722 0.976573 -0.214442 -0.0179079 -0.127383 -0.991798 0.0105504 0.951668 -0.299655 -0.0673355 -0.231506 -0.971949 0.0414818 0.915219 -0.388119 -0.108342 -0.332588 -0.940454 0.0702204 0.867608 -0.477228 -0.139677 -0.429791 -0.897884 0.0953078 0.809514 -0.564582 -0.161043 -0.522203 -0.844975 0.115418 0.741779 -0.648029 -0.172691 -0.609116 -0.782524 0.128969 0.665348 -0.725679 -0.17522 -0.688457 -0.712295 0.136608 0.581246 -0.795891 -0.169445 -0.759905 -0.635468 0.13684 0.49055 -0.857273 -0.156349 -0.822713 -0.553625 0.129009 0.394391 -0.908671 -0.137015 -0.876182 -0.468582 0.112855 0.293918 -0.949172 -0.112624 0.98809 -0.147582 0.0435734 0.97305 -0.230519 -0.00591158 -0.016628 -0.999657 -0.0202612 -0.120931 -0.992639 0.00651786 0.946916 -0.317581 -0.0499283 -0.223727 -0.974115 0.0323425 0.909638 -0.406372 -0.0861378 -0.323985 -0.944398 0.056085 0.861643 -0.49461 -0.113718 -0.420376 -0.904069 0.0770868 0.803589 -0.580226 -0.132601 -0.512396 -0.85363 0.0936271 0.736273 -0.661375 -0.143125 -0.598804 -0.793973 0.105075 0.660588 -0.73644 -0.145877 -0.67814 -0.726418 0.111551 0.577498 -0.804019 -0.141596 -0.749853 -0.652066 0.111937 0.488027 -0.862922 -0.131134 -0.813306 -0.57221 0.1054 0.393249 -0.912159 -0.115415 -0.867767 -0.488434 0.0917247 0.294303 -0.950941 -0.0953755 -0.912684 -0.402462 0.0709353 0.192241 -0.978693 -0.07214 0.993261 -0.0709916 0.0916154 -0.968872 -0.236698 0.0725315 0.0880142 -0.99501 -0.0469942 0.942341 -0.333157 -0.0316331 0.904325 -0.422108 -0.0634135 -0.216921 -0.975889 0.0242099 -0.316347 -0.947661 0.0431603 0.85599 -0.509506 -0.0876632 -0.412279 -0.909102 0.0596543 0.797977 -0.593569 -0.104449 -0.50384 -0.860739 0.0726267 0.731044 -0.672714 -0.11415 -0.589119 -0.803751 0.0832063 0.656038 -0.745555 -0.117311 -0.668483 -0.738473 0.0882466 0.573872 -0.810888 -0.114592 -0.740601 -0.66615 0.0880595 0.48552 -0.867688 -0.106716 -0.804645 -0.58802 0.0823311 0.392001 -0.915102 -0.0944679 -0.859984 -0.505405 0.0706713 0.294373 -0.952448 -0.0786561 -0.906083 -0.419773 0.0529471 0.193848 -0.9792 -0.0599224 0.992498 -0.0772868 0.0947367 -0.966979 -0.248644 0.0559211 0.0912084 -0.995043 -0.0396258 0.986004 -0.158648 0.0512441 -0.0122943 -0.999755 -0.0183996 0.96959 -0.24463 0.0071719 -0.115326 -0.993323 0.00322716 0.850653 -0.522108 -0.0615886 0.792678 -0.60481 -0.0765969 -0.404607 -0.913416 0.0443204 -0.495439 -0.866937 0.0544047 0.72609 -0.682236 -0.0857149 -0.580839 -0.811676 0.061718 0.651696 -0.753189 -0.089434 -0.660077 -0.74835 0.0653481 0.570365 -0.816629 -0.0883193 -0.732325 -0.677865 0.0647998 0.483024 -0.871666 -0.0829807 -0.796818 -0.601262 0.0597045 0.390649 -0.917555 -0.0740632 -0.852907 -0.519691 0.04972 0.294246 -0.953701 -0.0622389 -0.90004 -0.434425 0.0346972 0.194863 -0.979647 -0.048165 0.991679 -0.082841 0.0985397 -0.965193 -0.258774 0.0379384 0.0937346 -0.995076 -0.0322204 0.983917 -0.168304 0.0598489 -0.00851167 -0.999837 -0.015924 0.966229 -0.256811 0.0212 -0.110512 -0.993875 0.0005817 0.937968 -0.346491 -0.0126271 -0.211194 -0.977303 0.0166256 0.899289 -0.435492 -0.0403174 -0.309584 -0.950354 0.0313938 0.72141 -0.690095 -0.0577681 0.647558 -0.759477 -0.0621628 -0.573563 -0.818127 0.0411501 -0.652654 -0.756417 0.0433091 0.566967 -0.821352 -0.0626895 -0.724991 -0.687461 0.0422541 0.480525 -0.874936 -0.0598496 -0.789862 -0.612136 0.0375122 0.389168 -0.919573 -0.0541586 -0.846589 -0.531463 0.0288942 0.293861 -0.954733 -0.0461515 -0.89461 -0.446552 0.0162615 0.195601 -0.980009 -0.0363718 0.990814 -0.0876275 0.102996 -0.96346 -0.267184 0.0188934 0.0954884 -0.995112 -0.025188 0.981852 -0.176538 0.0692895 -0.00555654 -0.999895 -0.0134145 0.962994 -0.267108 0.0360085 -0.106464 -0.994315 -0.00151435 0.933817 -0.357684 0.00693768 -0.206212 -0.978457 0.00995051 0.894542 -0.446662 -0.0169594 -0.30389 -0.952494 0.0201684 0.845633 -0.532579 -0.0355542 -0.398177 -0.916836 0.029451 0.787691 -0.614116 -0.049041 -0.488058 -0.872002 0.037576 0.563678 -0.825138 -0.037615 0.478022 -0.877558 -0.0372432 -0.71863 -0.695095 0.0203447 -0.783816 -0.620795 0.0156848 0.387555 -0.921193 -0.0347001 -0.841071 -0.540862 0.00818222 0.293209 -0.955565 -0.0303885 -0.889839 -0.45627 -0.0023003 0.195953 -0.980302 -0.0247124 0.989912 -0.091622 0.108073 -0.961744 -0.273946 -0.000926783 0.0968023 -0.995141 -0.0180087 0.97983 -0.183348 0.0794734 -0.0032705 -0.999936 -0.0107812 0.959905 -0.275562 0.0514579 -0.103271 -0.994647 -0.0034811 0.929903 -0.366817 0.0269386 -0.202161 -0.979346 0.00359526 0.890092 -0.455733 0.00658171 -0.298956 -0.954214 0.0100385 0.840937 -0.541048 -0.00958409 -0.392738 -0.919524 0.0152338 0.783018 -0.621619 -0.0217617 -0.482335 -0.875765 0.0197352 0.717001 -0.696416 -0.0302542 -0.567118 -0.823339 0.0221423 0.643622 -0.764524 -0.0354146 -0.646171 -0.762866 0.0223322 0.385822 -0.922441 -0.0156212 0.292309 -0.956208 -0.0149055 -0.836385 -0.548001 -0.0124495 -0.885761 -0.463668 -0.0209603 0.195921 -0.980531 -0.013214 0.988983 -0.0948101 0.113686 -0.960022 -0.279115 -0.021281 0.0976322 -0.995164 -0.0108036 0.977868 -0.188741 0.0902804 -0.00158767 -0.999967 -0.00798161 0.95698 -0.282211 0.0674258 -0.100763 -0.994898 -0.00507172 0.926239 -0.373961 0.0472678 -0.198919 -0.980013 -0.00237979 0.885948 -0.462797 0.0302398 -0.294994 -0.955499 0.000308271 0.836569 -0.547619 0.0163031 -0.388117 -0.921607 0.00231487 0.778662 -0.627422 0.00526796 -0.477495 -0.878631 0.00258267 0.712867 -0.701293 -0.00311304 -0.56185 -0.827232 0.00343031 0.63989 -0.768412 -0.00911087 -0.640765 -0.767735 0.00186648 0.560501 -0.828052 -0.0130076 -0.713292 -0.700866 -0.00120892 0.475521 -0.879575 -0.0150815 -0.778709 -0.627357 -0.00590345 0.195525 -0.980697 -0.00187514 0.097982 -0.995182 -0.00362479 0.988034 -0.0971842 0.119767 0.975983 -0.192722 0.101569 -0.00050014 -0.999987 -0.00507787 0.954234 -0.287087 0.0837777 -0.0989588 -0.995071 -0.00640248 0.922837 -0.37917 0.0678329 -0.196429 -0.980488 -0.00771672 0.882121 -0.467922 0.0539622 -0.291944 -0.956393 -0.00899051 0.832537 -0.552367 0.0421041 -0.384579 -0.923033 -0.0104753 0.774629 -0.631602 0.0320863 -0.473458 -0.880726 -0.0126161 0.709012 -0.704797 0.0237234 -0.557714 -0.829885 -0.0156712 0.63637 -0.7712 0.0168314 -0.636452 -0.771093 -0.018556 0.557444 -0.830139 0.0112202 -0.708974 -0.704874 -0.0225515 0.473033 -0.881019 0.00671484 -0.774551 -0.63192 -0.0273368 0.383982 -0.923335 0.00313982 -0.832547 -0.552968 -0.0330419 0.291174 -0.95667 0.000329634 -0.882401 -0.468821 -0.0396938 -0.958283 -0.282728 -0.0419443 1.15933e-09 -0.999998 -0.00218004 -0.0978643 -0.99517 -0.00769013 0.95168 -0.290214 0.100402 0.91971 -0.382482 0.0885509 -0.19478 -0.98076 -0.0130592 0.878618 -0.471158 0.0777242 -0.289813 -0.956909 -0.0182817 0.828848 -0.555347 0.0678287 -0.382038 -0.923848 -0.0235003 0.770926 -0.634211 0.0587355 -0.470574 -0.88191 -0.0282102 0.705446 -0.706975 0.0503252 -0.554548 -0.831468 -0.0337379 0.63307 -0.772927 0.042493 -0.633163 -0.773041 -0.03889 0.55452 -0.831428 0.0351525 -0.705664 -0.707193 -0.043763 0.470572 -0.88191 0.0282227 -0.771343 -0.634554 -0.0486947 0.382054 -0.923887 0.0216408 -0.829566 -0.555827 -0.0536404 0.289827 -0.956956 0.0153487 -0.879774 -0.471778 -0.0585084 0.194788 -0.980801 0.00930489 0.987074 -0.0987388 0.12624 -0.956532 -0.284805 -0.0627175 0.0978667 -0.995193 0.00347315 0.974186 -0.1953 0.113225 -0.193917 -0.980843 -0.0185038 -0.288544 -0.957068 -0.0276142 0.875449 -0.472533 0.101492 0.825512 -0.556588 0.0934864 -0.380405 -0.924103 -0.0364133 0.767563 -0.635278 0.0852562 -0.468621 -0.88226 -0.0448526 0.702179 -0.707852 0.0767541 -0.552449 -0.831938 -0.0517525 0.630004 -0.773613 0.0679546 -0.630916 -0.773622 -0.0587757 0.551744 -0.831933 0.058869 -0.703354 -0.707865 -0.0649643 0.468158 -0.882256 0.0495162 -0.769081 -0.635297 -0.0700795 0.380058 -0.9241 0.039938 -0.827442 -0.556614 -0.0743026 0.28829 -0.957067 0.0301834 -0.877888 -0.472568 -0.0774072 0.193737 -0.980843 0.0203226 0.986117 -0.0994709 0.132959 -0.954786 -0.285351 -0.0834216 0.0973128 -0.995199 0.0104372 0.972491 -0.19648 0.125124 -6.04296e-05 -1 0.000613763 0.949332 -0.291606 0.117194 -0.0974465 -0.995199 -0.0090795 0.916868 -0.383922 0.109351 -0.379662 -0.923802 -0.0494732 -0.467623 -0.881824 -0.0609512 0.764552 -0.634809 0.111701 0.699225 -0.70743 0.103083 -0.551359 -0.831315 -0.0701251 0.627189 -0.773258 0.0933041 -0.629654 -0.772835 -0.0791313 0.549136 -0.831655 0.0824569 -0.702006 -0.706907 -0.0864291 0.465814 -0.882056 0.0706722 -0.767756 -0.634164 -0.0915786 0.378021 -0.923973 0.0580881 -0.826166 -0.555344 -0.0950951 0.286594 -0.957001 0.0448663 -0.876741 -0.471203 -0.096401 0.192405 -0.98082 0.0311829 0.98518 -0.0993832 0.139799 -0.953071 -0.284358 -0.103905 0.0963574 -0.995198 0.017229 0.970913 -0.196267 0.137137 -0.000639878 -0.999995 0.00321705 0.947203 -0.291273 0.134044 -0.0976545 -0.995163 -0.0106899 0.914322 -0.383497 0.130171 -0.193787 -0.980746 -0.0241634 0.872628 -0.472057 0.125235 -0.288108 -0.95688 -0.0370703 0.82254 -0.556098 0.119092 -0.551075 -0.829641 -0.0895093 -0.629353 -0.770682 -0.0998226 0.624647 -0.771845 0.118619 0.546723 -0.830577 0.106003 -0.701544 -0.704331 -0.108421 0.463568 -0.881297 0.0917651 -0.767365 -0.631136 -0.11322 0.375975 -0.923495 0.0761547 -0.825718 -0.552007 -0.116096 0.284774 -0.95675 0.0594352 -0.876321 -0.467673 -0.115515 0.190824 -0.980729 0.041912 0.984275 -0.0984777 0.146648 -0.951421 -0.281805 -0.12403 0.0950358 -0.995188 0.0238472 0.96947 -0.194664 0.149109 -0.00167464 -0.999983 0.00552072 0.945305 -0.28921 0.15085 -0.0984312 -0.995064 -0.0126113 0.912088 -0.381201 0.150937 -0.194303 -0.980474 -0.0302703 0.870165 -0.469716 0.148929 -0.288506 -0.956339 -0.0467032 0.819946 -0.553862 0.144659 -0.379896 -0.922922 -0.0624102 0.761909 -0.632786 0.138117 -0.467644 -0.880559 -0.0769795 0.696603 -0.705693 0.129388 -0.702227 -0.700001 -0.12991 -0.767453 -0.626349 -0.136758 0.461458 -0.879952 0.112878 0.373962 -0.922648 0.0941919 -0.826056 -0.546579 -0.137413 0.282879 -0.956304 0.0739086 -0.876608 -0.461951 -0.134758 0.189041 -0.980565 0.0524969 0.98342 -0.0967562 0.153372 -0.949877 -0.277664 -0.143656 0.0933402 -0.99517 0.0303884 0.96818 -0.191667 0.160909 -0.00326134 -0.999964 0.00787375 0.943658 -0.285408 0.167489 -0.0999126 -0.994891 -0.0144491 0.910178 -0.377011 0.171577 -0.19561 -0.980008 -0.0363509 0.868077 -0.46548 0.172543 -0.28958 -0.955452 -0.0570553 0.817746 -0.549841 0.170196 -0.380915 -0.92147 -0.0761322 0.759652 -0.629168 0.164548 -0.468672 -0.878427 -0.0933383 0.694335 -0.702599 0.155738 -0.551717 -0.826863 -0.109116 0.622404 -0.769338 0.143991 -0.629997 -0.767125 -0.120923 0.544534 -0.828666 0.129596 -0.82705 -0.539055 -0.1594 -0.877573 -0.453992 -0.154132 0.280984 -0.955642 0.0882987 0.18715 -0.980317 0.0628774 0.982642 -0.0942252 0.159802 -0.948482 -0.271892 -0.162655 0.0914395 -0.995141 0.0365277 0.967059 -0.187272 0.172412 -0.00528548 -0.999937 0.0098886 0.942276 -0.279845 0.183853 -0.10192 -0.99465 -0.0168166 0.90861 -0.37089 0.19201 -0.197625 -0.97934 -0.0428692 0.866379 -0.459295 0.19605 -0.291372 -0.954195 -0.0679346 0.815958 -0.543972 0.195719 -0.382599 -0.919444 -0.0907796 0.757803 -0.623889 0.191044 -0.470257 -0.875495 -0.111204 0.692443 -0.698084 0.182212 -0.553255 -0.822925 -0.129239 0.620486 -0.765676 0.169519 -0.631302 -0.762195 -0.143236 0.542603 -0.825875 0.153338 -0.703703 -0.693955 -0.152407 0.459521 -0.877984 0.134105 -0.768816 -0.619414 -0.1589 0.37203 -0.921405 0.112275 0.0894269 -0.995095 0.0423012 -0.00733661 -0.999913 0.0109802 0.966128 -0.181477 0.183472 0.941179 -0.272495 0.199823 -0.104093 -0.994362 -0.0202208 0.907403 -0.362783 0.21215 -0.199827 -0.978517 -0.0507308 0.865091 -0.451087 0.219402 -0.293688 -0.952569 -0.0797492 0.814604 -0.536169 0.221228 -0.384946 -0.916799 -0.10629 0.756386 -0.616855 0.217646 -0.472684 -0.871632 -0.129718 0.690958 -0.692058 0.208886 -0.555462 -0.817816 -0.150463 0.618924 -0.760782 0.195305 -0.633469 -0.755732 -0.16609 0.540963 -0.822136 0.177347 -0.705427 -0.686337 -0.176957 0.457799 -0.875341 0.155556 -0.771108 -0.610334 -0.181343 0.370224 -0.91973 0.130505 -0.828995 -0.529183 -0.180922 0.279168 -0.954739 0.102661 -0.879203 -0.443717 -0.173544 0.185214 -0.979974 0.0731211 0.981955 -0.0908908 0.16584 -0.947287 -0.26444 -0.180884 -0.106485 -0.994017 -0.0243328 -0.202418 -0.977498 -0.0593657 0.906577 -0.352622 0.231898 0.864237 -0.440759 0.24254 -0.296432 -0.950554 -0.092598 0.81371 -0.526316 0.246714 -0.387559 -0.913567 -0.123266 0.755428 -0.607946 0.244399 -0.475348 -0.866925 -0.149954 0.689909 -0.684402 0.23584 -0.558893 -0.811236 -0.171855 0.617748 -0.754549 0.221458 -0.636392 -0.747644 -0.189824 0.539634 -0.817365 0.201765 -0.708326 -0.676617 -0.201154 0.456312 -0.87196 0.177382 -0.773679 -0.599296 -0.205587 0.368621 -0.917569 0.148951 -0.831514 -0.517022 -0.203154 0.277545 -0.953556 0.117045 -0.881458 -0.431036 -0.192975 0.183252 -0.979526 0.0833536 0.98138 -0.0867639 0.171363 -0.946343 -0.25525 -0.1982 0.087216 -0.995034 0.04797 0.965412 -0.174273 0.193929 -0.00962408 -0.999885 0.0117271 0.940388 -0.263319 0.215252 -0.299703 -0.948084 -0.106375 -0.391228 -0.909482 -0.140653 0.813298 -0.514269 0.272165 0.754959 -0.597005 0.271334 -0.47873 -0.861132 -0.171083 0.689333 -0.674963 0.263145 -0.561988 -0.803595 -0.195971 0.617012 -0.746835 0.248061 -0.640103 -0.737753 -0.214449 0.538724 -0.81143 0.226623 -0.711812 -0.664872 -0.226425 0.455304 -0.867704 0.199467 -0.776941 -0.585932 -0.230317 0.367325 -0.91485 0.167696 -0.834623 -0.502409 -0.225808 0.275626 -0.952133 0.132186 -0.884291 -0.415842 -0.212381 0.181191 -0.978968 0.0937649 0.980934 -0.0818524 0.176262 -0.945699 -0.244258 -0.214457 0.0849097 -0.994953 0.0534606 0.964925 -0.165655 0.203662 -0.0122141 -0.999851 0.0122142 0.93992 -0.252275 0.230016 -0.109293 -0.99359 -0.0288871 0.906148 -0.340322 0.25115 -0.205439 -0.976252 -0.0687556 0.863836 -0.428192 0.265405 -0.483081 -0.854027 -0.193054 -0.566176 -0.794217 -0.220599 0.689261 -0.663555 0.290885 0.616739 -0.737474 0.275256 -0.643876 -0.726178 -0.241016 0.538245 -0.804192 0.252126 -0.715762 -0.650954 -0.25287 0.454697 -0.862487 0.222187 -0.780756 -0.570102 -0.255741 0.366391 -0.911492 0.186922 -0.83827 -0.485179 -0.248807 0.27389 -0.950371 0.147578 -0.887662 -0.397996 -0.231638 0.179071 -0.978284 0.104378 0.980622 -0.0761828 0.180492 -0.945408 -0.231394 -0.229479 0.0825777 -0.994849 0.0587904 0.964677 -0.155628 0.212553 -0.0148717 -0.999815 0.0122051 0.939784 -0.239323 0.243988 -0.112291 -0.993087 -0.0341809 0.906134 -0.32579 0.269781 -0.208719 -0.974768 -0.0791455 0.863906 -0.413243 0.287916 -0.303168 -0.945158 -0.121508 0.813394 -0.499853 0.297553 -0.394723 -0.904751 -0.160063 0.755008 -0.583843 0.29848 -0.648587 -0.712292 -0.268284 -0.720146 -0.634628 -0.280424 0.538254 -0.795465 0.278419 0.454646 -0.856133 0.245627 -0.78501 -0.55162 -0.281914 0.365464 -0.907485 0.207139 -0.842379 -0.465151 -0.272087 0.272626 -0.948176 0.163212 -0.891524 -0.377341 -0.250598 0.177382 -0.977408 0.114935 0.980448 -0.0697899 0.183988 -0.945521 -0.216583 -0.243066 0.0803904 -0.994711 0.0639304 0.964665 -0.144201 0.220514 -0.0175191 -0.999778 0.0117061 0.939983 -0.224424 0.257033 -0.115383 -0.992504 -0.0402872 0.906539 -0.308925 0.287668 -0.212211 -0.973013 -0.090615 0.864462 -0.395754 0.309975 -0.307018 -0.941666 -0.137861 0.814018 -0.482863 0.322828 -0.3986 -0.899119 -0.180836 0.755599 -0.568234 0.325854 -0.486277 -0.846152 -0.218087 0.689703 -0.649958 0.319162 -0.571123 -0.782993 -0.246454 0.616902 -0.726279 0.303233 -0.0200726 -0.999741 0.0107292 -0.118481 -0.991831 -0.0472641 0.940503 -0.207552 0.269027 0.907357 -0.289622 0.304668 -0.215838 -0.970951 -0.103283 0.865506 -0.375545 0.33146 -0.311204 -0.937516 -0.155615 0.815186 -0.463061 0.347918 -0.403511 -0.892243 -0.202686 0.756778 -0.549892 0.35342 -0.491029 -0.836397 -0.243581 0.690805 -0.633838 0.347905 -0.574806 -0.770529 -0.27547 0.617949 -0.712819 0.331705 -0.653316 -0.696229 -0.297394 0.539069 -0.784922 0.305456 -0.724775 -0.615697 -0.309222 0.454485 -0.848676 0.270542 -0.789564 -0.530277 -0.30886 0.36481 -0.902668 0.228262 -0.846864 -0.442121 -0.29555 0.271281 -0.945573 0.179721 -0.895827 -0.353698 -0.269058 0.175822 -0.97634 0.125884 0.980404 -0.0627054 0.186749 -0.946089 -0.199747 -0.254984 0.0783851 -0.994533 0.0689975 0.964878 -0.131402 0.227475 -0.219454 -0.968546 -0.117302 -0.315381 -0.932669 -0.175111 0.867027 -0.352426 0.352221 0.816898 -0.440179 0.37272 -0.408204 -0.884289 -0.226723 0.75855 -0.528504 0.381162 -0.496698 -0.824677 -0.270552 0.692517 -0.614892 0.377265 -0.579305 -0.75567 -0.305564 0.619501 -0.696933 0.361252 -0.65762 -0.677909 -0.328597 0.540295 -0.772429 0.333819 -0.72938 -0.593976 -0.339406 0.454401 -0.83988 0.296851 -0.794251 -0.505852 -0.33657 0.364325 -0.896932 0.250559 -0.85161 -0.415873 -0.319076 0.270977 -0.942284 0.196655 -0.900506 -0.326874 -0.286778 0.174733 -0.975008 0.137214 0.980474 -0.0549809 0.188807 -0.947161 -0.180805 -0.264945 0.0766264 -0.994303 0.0740946 0.96529 -0.117279 0.233368 -0.0224337 -0.999705 0.00929249 0.941323 -0.188691 0.279833 -0.121469 -0.991061 -0.0551747 0.908567 -0.267784 0.32062 -0.412905 -0.874972 -0.252852 -0.501581 -0.811338 -0.300244 0.760897 -0.503713 0.409033 0.694798 -0.592748 0.407315 -0.584568 -0.738024 -0.337048 0.621476 -0.678291 0.392032 -0.662233 -0.656563 -0.361072 0.541395 -0.757893 0.363991 -0.733884 -0.569124 -0.370826 0.455048 -0.829287 0.324368 -0.798917 -0.478075 -0.364933 0.364625 -0.889939 0.273967 -0.85649 -0.386175 -0.342482 0.271439 -0.938226 0.214601 -0.905466 -0.296689 -0.303492 0.174155 -0.973353 0.149177 0.980642 -0.0466795 0.190161 -0.948784 -0.159677 -0.272603 0.0751503 -0.99401 0.0793512 0.965871 -0.101893 0.238139 -0.024527 -0.999671 0.00744034 0.942404 -0.16785 0.289313 -0.124225 -0.990183 -0.064071 0.910134 -0.243325 0.335335 -0.22297 -0.965739 -0.13279 0.868991 -0.326208 0.37208 -0.319622 -0.926963 -0.196421 0.81913 -0.413929 0.397102 -0.589579 -0.717613 -0.370714 -0.666598 -0.632025 -0.39521 0.624348 -0.656191 0.423795 0.543658 -0.740374 0.395326 -0.738064 -0.540838 -0.403431 0.456658 -0.81646 0.35335 -0.803365 -0.446678 -0.393805 0.366038 -0.88133 0.298786 -0.861342 -0.352804 -0.36554 0.270663 -0.933681 0.23448 -0.910565 -0.262992 -0.318914 0.173093 -0.971444 0.162278 0.980887 -0.0378692 0.190857 -0.950999 -0.136289 -0.277535 0.0739236 -0.993642 0.084923 0.966583 -0.0853341 0.241733 -0.0261271 -0.999645 0.00519718 0.943698 -0.145065 0.297306 -0.126517 -0.989199 -0.0740157 0.912005 -0.216177 0.348589 -0.226301 -0.962458 -0.149876 0.871348 -0.296697 0.390799 -0.323946 -0.920207 -0.219722 0.821835 -0.384 0.42087 -0.417998 -0.863868 -0.281087 0.763791 -0.47511 0.436915 -0.506918 -0.795512 -0.331956 0.697727 -0.566892 0.437962 -0.741535 -0.508891 -0.437213 -0.807356 -0.411405 -0.422992 0.459244 -0.800928 0.384199 0.368058 -0.870914 0.32564 -0.865972 -0.315561 -0.38796 0.271195 -0.927942 0.255689 -0.915585 -0.225726 -0.332796 0.172233 -0.969126 0.176437 0.981189 -0.0286259 0.190915 -0.953833 -0.11058 -0.279241 0.0729083 -0.993182 0.0909599 0.967392 -0.0677049 0.244067 -0.0266945 -0.99964 0.00262934 0.94516 -0.12039 0.303609 -0.127829 -0.988143 -0.0850524 0.914123 -0.186297 0.3601 -0.229366 -0.958607 -0.168712 0.874033 -0.263714 0.40807 -0.328343 -0.912162 -0.245259 0.824943 -0.350071 0.443755 -0.423765 -0.850467 -0.311655 0.767128 -0.442274 0.464659 -0.513159 -0.776455 -0.365767 0.701032 -0.536932 0.469318 -0.594458 -0.693843 -0.406449 0.627224 -0.630543 0.457171 -0.670235 -0.604068 -0.431146 0.546055 -0.719802 0.428613 -0.870165 -0.274285 -0.409367 -0.920164 -0.185033 -0.345052 0.272985 -0.920718 0.278852 0.171335 -0.96634 0.191916 0.981534 -0.0190397 0.190336 -0.957266 -0.0825309 -0.277183 0.0710815 -0.992682 0.0976193 0.968268 -0.0491242 0.245039 -0.0252108 -0.999682 1.63639e-07 0.946737 -0.0939256 0.308005 -0.126901 -0.987154 -0.0970753 0.91641 -0.153689 0.369557 -0.232545 -0.953954 -0.189457 0.876944 -0.227122 0.423539 -0.332383 -0.902654 -0.273382 0.828331 -0.311846 0.465426 -0.431166 -0.833793 -0.344796 0.770782 -0.404754 0.492005 -0.521617 -0.752727 -0.401644 0.704633 -0.502286 0.5012 -0.598948 -0.666208 -0.444328 0.630327 -0.600589 0.491915 -0.67249 -0.572566 -0.468962 0.548595 -0.695577 0.463914 -0.743823 -0.473125 -0.472102 0.462196 -0.782369 0.41746 -0.810616 -0.372023 -0.452218 0.370244 -0.858432 0.354986 0.981667 -0.00932817 0.190374 0.968535 -0.0302531 0.247033 0.0928437 -0.989919 0.106963 0.0023459 -0.999997 0.000231216 0.94714 -0.0669105 0.313765 -0.0925537 -0.989949 -0.106937 0.916876 -0.120167 0.380656 -0.199973 -0.956888 -0.210655 0.877397 -0.189173 0.440894 -0.301481 -0.903491 -0.304653 0.82878 -0.271743 0.489163 -0.405667 -0.829207 -0.384513 0.771395 -0.364723 0.521466 -0.50548 -0.738715 -0.445859 0.705787 -0.464305 0.535057 -0.584606 -0.646162 -0.490622 0.632669 -0.56622 0.528322 -0.65791 -0.548405 -0.516145 0.553223 -0.665781 0.500679 -0.732858 -0.443022 -0.516383 0.469546 -0.758031 0.452676 -0.804701 -0.335888 -0.489525 0.38168 -0.839616 0.386477 -0.868463 -0.234288 -0.4369 0.289275 -0.90747 0.304661 -0.920868 -0.144782 -0.361995 0.191397 -0.958745 0.21018 -0.958977 -0.0544497 -0.278207 -0.978739 -0.111221 0.172336 -0.994828 -0.0555462 0.0850462 -0.993234 -0.0832929 0.0809205 -0.976048 -0.145252 0.161964 0.286281 -0.944638 -0.160319 0.183982 -0.979774 -0.078695 0.159897 -0.984861 -0.0669412 0.266878 -0.953508 -0.139993 -0.948332 -0.186736 0.256509 -0.945305 -0.223736 0.237363 0.390687 -0.890658 -0.232575 0.373501 -0.904679 -0.205069 -0.902023 -0.27893 0.329472 -0.900258 -0.315096 0.300417 0.488095 -0.82197 -0.293478 0.475234 -0.8406 -0.259891 -0.84 -0.382662 0.384668 -0.841457 -0.414609 0.346482 0.584621 -0.737595 -0.337893 0.573985 -0.76182 -0.300286 -0.763946 -0.491748 0.417817 -0.770301 -0.517219 0.372989 0.683836 -0.635473 -0.358528 0.672918 -0.667041 -0.319747 -0.676442 -0.599967 0.427159 -0.688587 -0.618102 0.379208 0.771937 -0.526046 -0.356915 0.761752 -0.563744 -0.31926 -0.580331 -0.701791 0.413166 -0.598225 -0.712952 0.365824 0.843771 -0.41828 -0.336291 0.834937 -0.460082 -0.302002 -0.478276 -0.792731 0.377929 -0.50104 -0.798142 0.334556 0.900952 -0.316057 -0.297311 0.893532 -0.359957 -0.268389 -0.372674 -0.869361 0.324539 -0.398542 -0.870798 0.28788 0.944497 -0.22293 -0.241304 0.938463 -0.266802 -0.219328 -0.266692 -0.929032 0.256465 -0.29261 -0.928524 0.228522 0.974802 -0.142727 -0.171436 0.970197 -0.184266 -0.157367 -0.160312 -0.970891 0.177963 -0.185653 -0.969599 0.159407 -0.998026 -0.00354263 -0.0626955 -0.997961 -0.0133533 -0.0624209 0.993525 -0.0579527 -0.0977259 0.991371 -0.0863815 -0.0986032 -0.0443515 -0.994592 0.093912 -0.0727487 -0.993708 0.0851635 -0.999787 -0.0203356 0.00345393 -0.999212 -0.0395967 0.00262834 0.0747147 -0.997178 0.00735893 0.0456261 -0.998917 0.00907576 -0.939405 -0.260553 0.222777 -0.89344 -0.352377 0.27856 0.368235 -0.912698 -0.177159 0.470588 -0.85296 -0.225843 -0.834568 -0.449756 0.318145 0.56941 -0.779258 -0.261781 -0.764097 -0.548277 0.339923 0.663357 -0.693178 -0.281891 -0.683575 -0.643872 0.343735 0.748532 -0.598595 -0.285278 -0.594658 -0.732934 0.330439 0.821688 -0.500499 -0.272633 -0.499083 -0.812381 0.301583 0.881735 -0.403266 -0.244784 -0.398149 -0.879867 0.259445 0.928694 -0.310571 -0.202664 -0.291983 -0.933764 0.206957 0.962744 -0.226035 -0.148433 -0.183964 -0.97204 0.145929 -0.997828 -0.0230713 -0.0616928 0.987934 -0.114958 -0.10378 -0.0725538 -0.994139 0.0801524 -0.998276 -0.0586289 0.00278442 0.0410948 -0.999077 0.0124661 -0.990774 -0.110572 0.0783581 0.153338 -0.986649 -0.0548767 -0.971746 -0.178683 0.154215 0.262248 -0.957612 -0.119189 -0.827863 -0.480543 0.289347 -0.758018 -0.575278 0.307349 0.561976 -0.795493 -0.226658 0.653108 -0.716058 -0.246398 -0.67853 -0.666174 0.309531 0.736186 -0.628141 -0.251932 -0.590797 -0.750219 0.296868 0.808941 -0.535289 -0.243065 -0.496203 -0.824872 0.270868 0.86992 -0.441276 -0.220263 -0.396874 -0.887809 0.232993 0.918584 -0.34962 -0.184306 -0.292325 -0.937977 0.1864 0.954807 -0.263793 -0.136957 -0.184003 -0.973868 0.13313 -0.997573 -0.0324964 -0.0615835 0.984496 -0.140911 -0.104456 -0.0740075 -0.994419 0.0751923 -0.997047 -0.0767834 0.00157168 0.0373684 -0.999182 0.0154787 -0.987951 -0.136069 0.073744 0.148024 -0.988011 -0.0438514 -0.967171 -0.209301 0.144131 0.256526 -0.961309 -0.100391 -0.933432 -0.293655 0.206089 0.361897 -0.919804 -0.151626 -0.886731 -0.385398 0.255297 0.463961 -0.864208 -0.19464 -0.673549 -0.68545 0.276568 -0.58691 -0.765095 0.26489 0.724184 -0.653599 -0.219923 0.796641 -0.565359 -0.213853 -0.493502 -0.835484 0.241706 0.858316 -0.474519 -0.195259 -0.394565 -0.894855 0.208694 0.908428 -0.384237 -0.164685 -0.292129 -0.941645 0.167227 0.946645 -0.29769 -0.123469 -0.185125 -0.975278 0.120673 -0.99721 -0.0415536 -0.062011 0.981217 -0.164275 -0.101125 -0.0761209 -0.994623 0.0702178 -0.995578 -0.0939296 -0.000883079 0.0336867 -0.99927 0.0180061 -0.984873 -0.159675 0.0672936 0.142994 -0.989144 -0.0338622 -0.96247 -0.237107 0.132027 0.250576 -0.964509 -0.0832642 -0.927521 -0.323229 0.187693 0.355299 -0.925938 -0.128069 -0.880226 -0.414527 0.231019 0.45639 -0.874168 -0.165947 -0.821393 -0.507455 0.260389 0.552575 -0.810349 -0.194925 -0.752115 -0.598727 0.275407 0.642465 -0.736051 -0.213232 -0.490831 -0.844559 0.214021 -0.393122 -0.900632 0.18525 0.847069 -0.503519 -0.170126 0.898432 -0.414765 -0.144189 -0.291306 -0.944872 0.149526 0.938457 -0.327934 -0.10843 -0.185979 -0.976492 0.108973 -0.996757 -0.0501595 -0.0629286 0.978178 -0.185148 -0.0942729 -0.0784416 -0.994782 0.0652406 -0.993927 -0.109954 -0.00449388 0.0299522 -0.999351 0.0200137 -0.981644 -0.181313 0.0591666 0.137954 -0.990125 -0.0249246 -0.957759 -0.262158 0.118195 0.244424 -0.9673 -0.0677266 -0.921761 -0.349499 0.167948 0.348289 -0.931316 -0.106514 -0.873978 -0.440123 0.206045 0.448663 -0.882784 -0.139261 -0.815185 -0.530926 0.231497 0.5431 -0.823216 -0.165401 -0.746427 -0.619053 0.244172 0.631117 -0.753803 -0.182953 -0.668724 -0.70207 0.244759 0.712432 -0.67566 -0.189538 -0.583028 -0.7779 0.234413 0.784811 -0.59138 -0.185315 -0.290908 -0.947532 0.132499 -0.186915 -0.977502 0.0977405 -0.996225 -0.0582391 -0.0643697 0.930406 -0.354742 -0.0922131 0.975401 -0.203658 -0.0843548 -0.0808069 -0.994907 0.0602506 -0.992145 -0.124755 -0.00920343 0.0261831 -0.999426 0.0214882 -0.978349 -0.200946 0.0495383 0.132857 -0.990989 -0.0170355 -0.953125 -0.284541 0.102901 0.238079 -0.969757 -0.0537629 -0.916219 -0.372684 0.147139 0.340676 -0.936129 -0.0871885 -0.868025 -0.462507 0.180613 0.439524 -0.890736 -0.115798 -0.809251 -0.551333 0.202841 0.533349 -0.834508 -0.138327 -0.740932 -0.636654 0.213755 0.6208 -0.768737 -0.153787 -0.664255 -0.716278 0.213802 0.701345 -0.694554 -0.160345 -0.579087 -0.788952 0.205459 0.773584 -0.613815 -0.157478 -0.488138 -0.852336 0.187735 0.836301 -0.528724 -0.14509 -0.39165 -0.905558 0.163017 0.88875 -0.441546 -0.123133 -0.0832173 -0.995004 0.0551592 0.0224103 -0.999498 0.0224105 -0.990283 -0.138253 -0.0149958 -0.975059 -0.218569 0.0385638 0.127766 -0.991752 -0.0101584 -0.948632 -0.304362 0.0863786 0.231713 -0.971909 -0.041262 -0.910931 -0.393003 0.125509 0.333034 -0.940333 -0.0697245 -0.8624 -0.481957 0.154864 0.430561 -0.897614 -0.0943778 -0.80364 -0.568969 0.174459 0.523267 -0.844509 -0.114002 -0.735468 -0.651947 0.184531 0.610984 -0.781526 -0.12616 -0.659331 -0.728781 0.184829 0.690982 -0.710679 -0.13221 -0.576291 -0.797985 0.176377 0.762961 -0.633137 -0.130493 -0.4856 -0.858935 0.162554 0.826081 -0.55055 -0.120353 -0.390253 -0.909727 0.141771 0.879496 -0.464899 -0.101763 -0.290682 -0.949749 0.11611 0.922619 -0.378327 -0.0751162 -0.187967 -0.978332 0.0868103 -0.995627 -0.06573 -0.0663766 0.972865 -0.219946 -0.0718174 0.122805 -0.992422 -0.00419867 0.225547 -0.97377 -0.0300158 -0.944322 -0.32174 0.0688489 -0.905919 -0.410663 0.103281 0.325794 -0.943917 -0.0536524 -0.857135 -0.498713 0.12886 0.422484 -0.903341 -0.0740422 -0.798391 -0.584088 0.146335 0.514632 -0.852665 -0.0900903 -0.730836 -0.664719 0.155012 0.601119 -0.792755 -0.100973 -0.654648 -0.73945 0.156999 0.680785 -0.724748 -0.10617 -0.572474 -0.806102 0.14991 0.752878 -0.649785 -0.104663 -0.483507 -0.864411 0.137895 0.816464 -0.569348 -0.0960684 -0.388996 -0.91322 0.121288 0.870762 -0.485111 -0.0802538 -0.290553 -0.951592 0.100258 0.915204 -0.398889 -0.0573606 -0.189072 -0.97901 0.0760986 -0.994975 -0.0725642 -0.0689892 0.970522 -0.234156 -0.0570676 -0.0856142 -0.995077 0.0499275 -0.988385 -0.150391 -0.0218512 0.018716 -0.999565 0.0228056 -0.971833 -0.23419 0.0263656 0.318949 -0.946973 -0.0388938 0.414808 -0.908232 -0.0552197 -0.852266 -0.512964 0.10252 -0.7934 -0.596996 0.118799 0.506349 -0.859657 -0.0678327 -0.726262 -0.67566 0.126598 0.591931 -0.80228 -0.0772331 -0.651286 -0.747964 0.127974 0.671338 -0.736676 -0.0813221 -0.568797 -0.812971 0.124689 0.743545 -0.663924 -0.0796553 -0.480869 -0.869201 0.11513 0.80754 -0.585375 -0.0722106 -0.387734 -0.916151 0.101636 0.862626 -0.502425 -0.0587068 -0.290462 -0.953115 0.0848762 0.90824 -0.416616 -0.0391222 -0.190176 -0.97956 0.0655456 -0.994278 -0.0786851 -0.0722476 0.968317 -0.246421 -0.0404843 -0.0879399 -0.99513 0.0445314 -0.986487 -0.161129 -0.0296911 0.0151697 -0.999627 0.0227032 -0.968712 -0.247843 0.013109 0.118076 -0.993004 0.000947434 -0.940227 -0.336783 0.0504931 0.219695 -0.975366 -0.0198696 -0.901186 -0.425856 0.0806905 0.498286 -0.865701 -0.0476796 0.583591 -0.810216 -0.0545059 -0.722019 -0.684791 0.0987417 -0.647479 -0.755351 0.101076 0.662819 -0.746594 -0.0571636 -0.566028 -0.818423 0.0989721 0.735025 -0.675778 -0.0553313 -0.478771 -0.873053 0.092508 0.799362 -0.598867 -0.0487666 -0.386578 -0.918554 0.0825574 0.855142 -0.517057 -0.0371956 -0.290388 -0.954354 0.0698798 0.901794 -0.431678 -0.0205466 -0.191226 -0.979997 0.0551144 -0.993545 -0.0840603 -0.0761699 0.966188 -0.25686 -0.0224322 -0.0901322 -0.995167 0.0389775 -0.984616 -0.170449 -0.0384466 0.0118416 -0.999684 0.0221543 -0.965724 -0.259571 -0.00105559 0.113646 -0.993507 0.0053606 -0.936374 -0.349593 0.0314316 0.214232 -0.976724 -0.0106981 -0.896712 -0.438779 0.058142 0.312541 -0.949566 -0.0253567 -0.847327 -0.525318 0.077969 0.40756 -0.912392 -0.0378942 -0.789208 -0.607494 0.0900101 0.65507 -0.754802 -0.0340182 0.727311 -0.685574 -0.0317321 -0.563336 -0.822894 0.0741474 -0.476859 -0.876156 0.0704022 0.791965 -0.610024 -0.0257275 -0.385548 -0.920475 0.0638715 0.848356 -0.529192 -0.0157692 -0.290335 -0.955335 0.0551443 0.895916 -0.444219 -0.00174037 -0.192197 -0.980335 0.0447559 -0.992785 -0.0886602 -0.0807283 0.964085 -0.265573 -0.00324726 -0.0921513 -0.995189 0.0332623 -0.982795 -0.178342 -0.0480487 0.00878666 -0.999736 0.021213 -0.962891 -0.269415 -0.0159968 0.109587 -0.993935 0.00915265 -0.932776 -0.360264 0.0117857 0.209228 -0.977864 -0.00236173 -0.892713 -0.449318 0.034311 0.30668 -0.951726 -0.0128269 -0.842944 -0.535386 0.0529895 0.400949 -0.915844 -0.0216838 -0.784849 -0.616445 0.0633023 0.491056 -0.870663 -0.0284701 -0.718227 -0.692187 0.0709069 0.57603 -0.816769 -0.0328292 -0.644069 -0.761327 0.074542 0.785378 -0.619009 -0.00305493 0.842301 -0.538978 0.00555827 -0.3846 -0.92196 0.0455324 -0.290271 -0.956082 0.0406186 0.890651 -0.454362 0.0172275 -0.193061 -0.980582 0.0344338 -0.992002 -0.0924642 -0.0859199 0.96197 -0.27264 0.0167801 -0.0939592 -0.995199 0.0273978 -0.98104 -0.18481 -0.0583602 0.00604346 -0.999783 0.0199228 -0.960231 -0.277421 -0.0315368 0.105944 -0.994294 0.0124181 -0.929437 -0.368888 -0.00825706 0.204741 -0.978802 0.00528307 -0.888959 -0.457859 0.0108082 0.301437 -0.953486 -0.00110345 -0.839301 -0.543074 0.0253906 0.395052 -0.918637 -0.00633726 -0.780816 -0.623636 0.0374735 0.484642 -0.874655 -0.0100884 -0.714543 -0.69818 0.0444208 0.569285 -0.822052 -0.0120485 -0.640944 -0.766051 0.0485431 0.648162 -0.761413 -0.011667 -0.560842 -0.826417 0.0499078 0.720445 -0.693457 -0.00873523 -0.475097 -0.878581 0.048766 -0.991206 -0.0954589 -0.0916412 0.88603 -0.462205 0.0362937 0.959818 -0.278121 0.0373817 -0.193792 -0.980746 0.0241307 -0.0955249 -0.995197 0.0214106 -0.979365 -0.189857 -0.0692772 0.00365231 -0.999825 0.0183617 -0.957755 -0.283624 -0.0475783 0.10276 -0.994589 0.0152673 -0.926369 -0.37553 -0.0285973 0.200815 -0.979551 0.0123883 -0.88553 -0.464406 -0.0127573 0.296848 -0.954873 0.00998008 -0.835706 -0.549177 -4.23118e-05 0.389902 -0.920818 0.0083401 -0.777397 -0.628924 0.0104538 0.479051 -0.877754 0.00764252 -0.711316 -0.702646 0.0178261 0.56339 -0.826152 0.00800221 -0.638126 -0.769591 0.0229212 0.642131 -0.766529 0.0100674 -0.558577 -0.829043 0.0260683 0.714453 -0.699547 0.0137912 -0.473487 -0.880372 0.027488 0.779627 -0.625946 0.0193145 -0.383721 -0.923041 0.027449 0.837007 -0.546536 0.0267873 -0.29018 -0.956612 0.0262409 -0.97778 -0.193492 -0.0806698 -0.955473 -0.288054 -0.0640045 0.00163406 -0.999861 0.0165912 0.100056 -0.994823 0.0178007 -0.923581 -0.38024 -0.0491564 0.197476 -0.980122 0.0190958 -0.882439 -0.469016 -0.0364002 0.29294 -0.955909 0.0205928 -0.832503 -0.553428 -0.0256068 0.385513 -0.922427 0.0225245 -0.774298 -0.632616 -0.0161418 0.474292 -0.880013 0.0249623 -0.708443 -0.705715 -0.00859761 0.558373 -0.829136 0.0274546 -0.635614 -0.772003 -0.00246006 0.636999 -0.770226 0.031373 -0.556545 -0.830813 0.00250414 0.709354 -0.703934 0.0359796 -0.472026 -0.881561 0.0064577 0.774732 -0.630929 0.0414771 -0.3829 -0.92374 0.00955451 0.832494 -0.551955 0.0479438 -0.290047 -0.956938 0.0119593 0.882082 -0.467823 0.0554298 -0.194373 -0.98083 0.0138275 -0.990403 -0.0976355 -0.0978283 0.957625 -0.282056 0.0582961 -0.0968295 -0.995183 0.0153211 -0.921081 -0.383053 -0.0698573 -0.879691 -0.471734 -0.0600928 0.194733 -0.980524 0.0255358 0.289724 -0.956612 0.030866 -0.82967 -0.555897 -0.0512514 0.381895 -0.923505 0.0359768 -0.771561 -0.634734 -0.0424992 0.47036 -0.88151 0.0412513 -0.705911 -0.707441 -0.0348692 0.554241 -0.831007 0.0473818 -0.633399 -0.77333 -0.0276867 0.632769 -0.772561 0.0524684 -0.554742 -0.83176 -0.0208821 0.705153 -0.706681 0.0579765 -0.470711 -0.88217 -0.0144111 0.770699 -0.634025 0.0635232 -0.38213 -0.924072 -0.00821916 0.828777 -0.555299 0.0690756 -0.289861 -0.957066 -0.00225235 0.878827 -0.471269 0.0746239 -0.194794 -0.980838 0.00351944 -0.989598 -0.0989913 -0.104385 0.955397 -0.284467 0.079337 -0.0978623 -0.995158 0.00915361 -0.976296 -0.195723 -0.0924056 1.92189e-10 -0.999892 0.0146764 -0.953396 -0.290737 -0.0806719 0.0978465 -0.994998 0.0201282 -0.827183 -0.556623 -0.0770599 -0.769213 -0.635292 -0.0686673 0.379036 -0.92403 0.049998 0.467317 -0.882201 0.0577673 -0.70372 -0.707848 -0.0610744 0.550992 -0.831883 0.0661725 -0.631476 -0.773593 -0.0528367 0.62942 -0.773575 0.07357 -0.553166 -0.831898 -0.0441967 0.701849 -0.707831 0.0799036 -0.469541 -0.882208 -0.0352167 0.767532 -0.635277 0.0855466 -0.38141 -0.924042 -0.0259489 0.825861 -0.556607 0.0902337 -0.289623 -0.956999 -0.0164513 0.87628 -0.472573 0.0938513 -0.195053 -0.980769 -0.00680357 -0.988813 -0.0995262 -0.111105 0.953156 -0.28536 0.100319 -0.0986207 -0.995121 0.00293239 -0.974923 -0.196558 -0.104352 -0.00124826 -0.999919 0.012674 -0.951531 -0.291686 -0.0975047 0.096131 -0.995118 0.0223432 -0.918875 -0.383991 -0.0906578 0.192585 -0.980763 0.0318619 -0.877293 -0.472586 -0.0837871 0.28719 -0.95699 0.0411259 -0.701854 -0.706942 -0.0873694 -0.629842 -0.772795 -0.0780149 0.548688 -0.831706 0.0848934 0.62702 -0.773281 0.0942491 -0.551816 -0.831228 -0.0675302 0.699438 -0.707398 0.101856 -0.468516 -0.881675 -0.0560452 0.765224 -0.634701 0.107648 -0.380744 -0.923647 -0.0437043 0.823744 -0.555894 0.111484 -0.289335 -0.956736 -0.0306802 0.874448 -0.471745 0.113129 -0.195154 -0.980622 -0.017155 -0.988041 -0.0992411 -0.118008 0.950933 -0.284729 0.121064 -0.0991116 -0.995071 -0.00331184 -0.973671 -0.196 -0.116398 -0.00211765 -0.999941 0.0106463 -0.949885 -0.290908 -0.114414 0.0949024 -0.995184 0.0245304 -0.91697 -0.383062 -0.111492 0.191024 -0.980844 0.0381519 -0.875315 -0.471563 -0.107018 0.285313 -0.957055 0.0513977 -0.825274 -0.555571 -0.101316 0.376857 -0.924051 0.0640996 -0.767067 -0.634332 -0.0960846 0.464934 -0.882136 0.075317 -0.550696 -0.829734 -0.0909712 -0.467643 -0.880559 -0.0769779 0.697888 -0.705378 0.124074 0.763751 -0.632291 0.129968 -0.380137 -0.92288 -0.0615527 0.822408 -0.553155 0.132909 -0.289009 -0.956269 -0.0449751 0.873335 -0.468772 0.132432 -0.195112 -0.980394 -0.0275424 -0.987308 -0.0981387 -0.124869 0.948771 -0.282553 0.141416 -0.099349 -0.995007 -0.00956185 -0.972551 -0.194051 -0.128409 -0.00262693 -0.999959 0.00866 -0.948469 -0.2884 -0.131267 0.0941422 -0.995198 0.0267917 -0.915364 -0.380259 -0.13233 0.190046 -0.980766 0.044503 -0.873579 -0.468692 -0.131104 0.284202 -0.956798 0.0613726 -0.823691 -0.552739 -0.126543 0.375643 -0.923535 0.0773011 -0.765452 -0.63178 -0.122218 0.463516 -0.881304 0.0919536 -0.700288 -0.704717 -0.113885 0.546958 -0.830533 0.105131 -0.628503 -0.770918 -0.103289 0.62544 -0.771673 0.115521 0.763091 -0.628019 0.152592 0.821811 -0.54837 0.154651 -0.379601 -0.921722 -0.0795773 -0.288657 -0.955589 -0.0593964 0.87295 -0.463617 0.151713 -0.194943 -0.980078 -0.037994 -0.98663 -0.0962193 -0.131537 0.946717 -0.278798 0.161244 -0.0993569 -0.994926 -0.0157964 -0.97158 -0.190709 -0.140222 -0.00280029 -0.999973 0.00676066 -0.947297 -0.284153 -0.14794 0.0938114 -0.99516 0.029245 -0.91407 -0.375563 -0.153064 0.189583 -0.98053 0.0511734 -0.872221 -0.463921 -0.154947 0.283623 -0.956225 0.0720531 -0.822002 -0.548296 -0.153896 0.375064 -0.922487 0.091355 -0.76436 -0.627559 -0.148068 0.462891 -0.879683 0.109045 -0.699226 -0.70107 -0.139942 0.546237 -0.82828 0.124814 -0.627481 -0.767922 -0.128701 0.624606 -0.768754 0.137425 -0.549816 -0.827385 -0.114614 0.697172 -0.701743 0.146657 -0.466929 -0.878835 -0.0981131 0.873325 -0.456202 0.170828 0.944819 -0.273424 0.180432 -0.194665 -0.979668 -0.048542 -0.0991613 -0.994828 -0.0220124 -0.986019 -0.0934923 -0.137933 -0.970774 -0.185972 -0.151697 -0.00267608 -0.999984 0.00500675 -0.946374 -0.278145 -0.164352 0.0938742 -0.995071 0.031955 -0.913101 -0.36893 -0.173602 0.189588 -0.980135 0.0582408 -0.871245 -0.457191 -0.178628 0.283575 -0.955329 0.0832534 -0.821126 -0.541846 -0.179321 0.374903 -0.920929 0.106479 -0.763435 -0.621737 -0.174956 0.462598 -0.877335 0.127614 -0.698417 -0.696017 -0.16666 0.546371 -0.824909 0.144926 -0.626762 -0.763754 -0.154434 0.624745 -0.7644 0.159332 -0.549181 -0.824135 -0.138572 0.697285 -0.696428 0.16965 -0.466384 -0.876467 -0.119549 0.763239 -0.621817 0.175527 -0.379149 -0.920147 -0.097852 0.821852 -0.541525 0.176946 -0.288296 -0.954678 -0.074001 -0.00229045 -0.999992 0.00342806 0.0942784 -0.99493 0.0350085 -0.945716 -0.27035 -0.180368 -0.912465 -0.36031 -0.193868 0.190024 -0.979573 0.0657806 -0.870654 -0.448432 -0.202165 0.284041 -0.954092 0.0950193 -0.820621 -0.533459 -0.204943 0.375402 -0.918791 0.122054 -0.762929 -0.614142 -0.201916 0.463256 -0.874085 0.146182 -0.697966 -0.689439 -0.193695 0.546974 -0.820458 0.166338 -0.626357 -0.758335 -0.180571 0.625533 -0.758619 0.182225 -0.5488 -0.819917 -0.162956 0.698179 -0.689355 0.193226 -0.466021 -0.873403 -0.141388 0.764298 -0.613538 0.198544 -0.3788 -0.91812 -0.116471 0.822921 -0.532347 0.198512 -0.287946 -0.953515 -0.0888587 0.873859 -0.446762 0.191768 -0.194309 -0.979151 -0.0592131 -0.985497 -0.0899655 -0.143883 0.943134 -0.266382 0.198845 -0.0987937 -0.994708 -0.0282111 -0.970146 -0.179835 -0.162714 0.190827 -0.978837 0.0739092 0.284962 -0.952492 0.107502 -0.870454 -0.437547 -0.225527 -0.820512 -0.523021 -0.230674 0.376435 -0.916042 0.138431 -0.762838 -0.604655 -0.229064 0.464396 -0.86996 0.165849 -0.697892 -0.681219 -0.221105 0.548172 -0.814807 0.188673 -0.626278 -0.75156 -0.207203 0.627002 -0.751293 0.205978 -0.548686 -0.814645 -0.187877 0.699754 -0.680435 0.217606 -0.465855 -0.869578 -0.163748 0.765948 -0.603187 0.222461 -0.378567 -0.915595 -0.135543 0.824919 -0.520723 0.2199 -0.287619 -0.952075 -0.104064 0.875118 -0.434928 0.212148 -0.193898 -0.978517 -0.0700643 -0.985073 -0.0856471 -0.14932 0.941601 -0.257668 0.216782 -0.0982976 -0.994563 -0.0343913 -0.969713 -0.172293 -0.173122 -0.00169154 -0.999996 0.00206131 -0.945341 -0.260729 -0.195834 0.0949739 -0.994736 0.0384683 -0.912177 -0.349635 -0.21375 0.377945 -0.912629 0.155775 0.465992 -0.864878 0.186647 -0.763168 -0.593129 -0.256463 -0.698211 -0.671206 -0.248965 0.549589 -0.807961 0.212489 -0.626545 -0.743294 -0.234425 0.629214 -0.742251 0.230548 -0.548862 -0.808203 -0.213443 0.701946 -0.669538 0.242878 -0.465913 -0.864901 -0.186741 0.76821 -0.5906 0.247074 -0.378469 -0.912513 -0.155184 0.827232 -0.506824 0.242522 -0.287288 -0.950329 -0.119753 0.87745 -0.420337 0.23108 -0.193443 -0.977748 -0.08117 -0.984767 -0.0805521 -0.154097 0.940476 -0.247127 0.23331 -0.0977203 -0.994387 -0.0405684 -0.969494 -0.16334 -0.182763 -0.00094161 -0.999999 0.000941775 -0.945259 -0.249245 -0.210622 0.0958947 -0.994488 0.0424083 -0.912249 -0.336821 -0.233139 0.191953 -0.977913 0.0827082 -0.870659 -0.42442 -0.248637 0.286284 -0.950496 0.120829 -0.820814 -0.510386 -0.256456 0.551968 -0.799524 0.236838 0.631029 -0.731778 0.257494 -0.627173 -0.733369 -0.262343 -0.54937 -0.800442 -0.239762 0.704614 -0.656534 0.269224 -0.466295 -0.859238 -0.210424 0.770969 -0.575639 0.272481 -0.378537 -0.908794 -0.175509 0.830403 -0.490166 0.264893 -0.286776 -0.948269 -0.136181 0.880277 -0.403157 0.250153 -0.192936 -0.97683 -0.0926263 -0.98458 -0.074709 -0.15818 0.939776 -0.234701 0.24847 -0.0971152 -0.994174 -0.0467711 -0.969485 -0.152985 -0.191556 -0.000236727 -1 0.000194565 -0.945475 -0.235857 -0.224607 0.0970098 -0.99418 0.0468589 -0.912685 -0.321779 -0.251922 0.193338 -0.976782 0.0922858 -0.871273 -0.408914 -0.271428 0.287961 -0.948061 0.135127 -0.821541 -0.495386 -0.282245 0.379878 -0.908478 0.174239 -0.763924 -0.57938 -0.284146 0.468412 -0.858614 0.208258 -0.698929 -0.659221 -0.277357 0.707267 -0.641438 0.297204 0.773874 -0.558273 0.299083 -0.466653 -0.852563 -0.235311 -0.378673 -0.904373 -0.196765 0.833448 -0.471131 0.288789 -0.286948 -0.945691 -0.152739 0.884293 -0.382719 0.267491 -0.192625 -0.975709 -0.104344 -0.984504 -0.0681515 -0.161577 0.939563 -0.220305 0.262081 -0.0963922 -0.993924 -0.0531427 -0.969682 -0.141243 -0.199417 0.000756547 -1 -0.000505231 -0.945985 -0.220529 -0.237654 0.0982438 -0.993809 0.0518923 -0.913488 -0.304407 -0.269957 0.194942 -0.97542 0.102729 -0.872296 -0.390874 -0.293799 0.289811 -0.945156 0.150631 -0.822698 -0.477823 -0.307983 0.382015 -0.90354 0.194117 -0.765113 -0.563189 -0.312123 0.470749 -0.851284 0.231756 -0.70005 -0.645042 -0.30635 0.55521 -0.789313 0.262156 -0.628137 -0.721594 -0.291111 0.633563 -0.719226 0.285153 -0.550084 -0.791235 -0.267122 0.836712 -0.449298 0.313121 0.888431 -0.359533 0.285352 -0.28733 -0.942603 -0.170123 -0.192604 -0.974341 -0.116463 -0.984545 -0.0609126 -0.164198 0.940039 -0.203762 0.27351 -0.0958063 -0.993615 -0.0595807 -0.970073 -0.128142 -0.206248 0.00197148 -0.999998 -0.00105361 -0.946771 -0.203238 -0.249636 0.0996606 -0.993359 0.0574923 -0.91464 -0.28461 -0.287109 0.196598 -0.97381 0.114211 -0.873723 -0.370128 -0.315615 0.29176 -0.941719 0.167453 -0.824291 -0.457462 -0.333576 0.384207 -0.897726 0.215576 -0.76674 -0.544292 -0.340376 0.473162 -0.842677 0.25693 -0.701581 -0.628403 -0.335995 0.557739 -0.777701 0.290016 -0.629446 -0.707721 -0.320825 0.636871 -0.704281 0.313663 -0.551057 -0.780358 -0.295597 0.710547 -0.623661 0.325838 -0.467215 -0.844649 -0.261301 0.777474 -0.537917 0.325852 -0.37879 -0.899163 -0.219145 -0.984684 -0.0530436 -0.166085 -0.970632 -0.11373 -0.211989 -0.0951313 -0.993253 -0.0663153 0.00295635 -0.999995 -0.0012244 -0.947807 -0.183976 -0.260411 0.10101 -0.992835 0.0638362 -0.916117 -0.262294 -0.303201 0.198231 -0.971916 0.126818 -0.875534 -0.346494 -0.336723 0.293725 -0.937674 0.185724 -0.826306 -0.434048 -0.358918 0.386433 -0.890894 0.238698 -0.768805 -0.522381 -0.368858 0.475596 -0.832602 0.283869 -0.70353 -0.60898 -0.366318 0.560441 -0.7641 0.319463 -0.631123 -0.691437 -0.351565 0.640029 -0.687049 0.343987 -0.55234 -0.767531 -0.325295 0.714065 -0.603063 0.355565 -0.468081 -0.83526 -0.288515 0.781436 -0.514427 0.353161 -0.379478 -0.892866 -0.242461 0.841145 -0.423711 0.336073 -0.287426 -0.939016 -0.188772 0.892547 -0.333529 0.303509 -0.192262 -0.972765 -0.129471 0.941007 -0.185138 0.283249 -0.949054 -0.162753 -0.26983 -0.917886 -0.237372 -0.318024 0.102232 -0.992227 0.0709508 0.199861 -0.969681 0.140619 -0.87769 -0.319786 -0.356928 0.295669 -0.93291 0.205571 -0.828711 -0.4073 -0.383856 0.388644 -0.882869 0.263625 -0.771295 -0.497104 -0.397483 0.47787 -0.82087 0.312752 -0.705905 -0.586382 -0.397308 0.56316 -0.748252 0.35067 -0.633184 -0.672365 -0.383409 0.642956 -0.667229 0.37605 -0.553868 -0.752459 -0.356421 0.717561 -0.579413 0.386507 -0.469043 -0.824211 -0.317291 0.785569 -0.487551 0.381018 -0.380206 -0.885436 -0.267294 0.845672 -0.394766 0.359165 -0.287694 -0.934736 -0.208568 0.897318 -0.303928 0.320074 -0.192021 -0.970881 -0.143245 -0.984894 -0.0446155 -0.167309 0.942593 -0.164305 0.290726 -0.0944991 -0.992818 -0.0733571 -0.971319 -0.0980797 -0.216609 0.00386417 -0.999992 -0.00117202 -0.880135 -0.289824 -0.375985 -0.831464 -0.376914 -0.408171 0.297391 -0.927328 0.227204 0.391008 -0.873355 0.290455 -0.774184 -0.468055 -0.426103 0.47954 -0.80735 0.343842 -0.708716 -0.560142 -0.428908 0.566105 -0.729655 0.383572 -0.635657 -0.650036 -0.416405 0.645342 -0.644587 0.409929 -0.555473 -0.734827 -0.389204 0.720834 -0.552404 0.418626 -0.469859 -0.81129 -0.347911 0.789818 -0.456906 0.409175 -0.381172 -0.876587 -0.293775 0.850148 -0.362246 0.382135 -0.288193 -0.929605 -0.229736 0.90255 -0.270583 0.334945 -0.191834 -0.968629 -0.15798 -0.985162 -0.0356979 -0.167875 0.944882 -0.141156 0.295419 -0.0940028 -0.992288 -0.0807912 -0.9721 -0.0812828 -0.220035 0.00474534 -0.999988 -0.000943744 -0.950465 -0.139606 -0.277716 0.103351 -0.991514 0.0788545 -0.919888 -0.209786 -0.331355 0.201342 -0.967055 0.155772 -0.777241 -0.434924 -0.454684 -0.711595 -0.529955 -0.461281 0.48103 -0.791506 0.377 0.567205 -0.708896 0.41922 -0.637357 -0.624598 -0.45128 0.648922 -0.617598 0.44438 -0.556099 -0.714705 -0.424206 0.723827 -0.521588 0.451687 -0.471109 -0.795873 -0.380318 0.794239 -0.421967 0.437183 -0.381098 -0.866461 -0.322504 0.856285 -0.324292 0.402008 -0.287128 -0.923906 -0.252893 0.90699 -0.234398 0.349894 -0.191029 -0.966045 -0.17397 -0.985474 -0.0263624 -0.167769 0.947942 -0.115588 0.296725 -0.0935514 -0.991649 -0.0887729 -0.973018 -0.0633818 -0.221854 0.00478728 -0.999988 -0.000471357 -0.952111 -0.114497 -0.283507 0.104241 -0.990684 0.0876251 -0.922018 -0.179541 -0.342997 0.20299 -0.963891 0.172364 -0.882711 -0.256516 -0.393726 0.298482 -0.92086 0.250849 -0.83437 -0.342678 -0.431739 0.391705 -0.862691 0.319893 0.999821 -0.013698 -0.013069 0.999925 -0.0071121 -0.00996567 0.978197 -0.05816 0.199368 0.980476 -0.060568 0.187079 0.982979 -0.0624911 0.172764 0.985554 -0.0639534 0.15682 -0.980333 -0.0545147 -0.189674 -0.981966 -0.057545 -0.180086 -0.998875 -0.0275389 0.0385983 -0.99911 -0.0214041 0.0363529 -0.98507 -0.0049221 -0.172083 -0.983753 -0.0118041 -0.179136 -0.981637 -0.0187891 -0.189832 -0.983923 -0.0600652 -0.168191 -0.999349 -0.0149683 0.0328203 0.979708 -0.0131789 0.199997 0.977512 -0.0200796 0.20992 -0.986078 -0.0620967 -0.154254 -0.980104 -0.0253228 -0.196862 -0.999515 -0.00842131 0.0299876 0.988067 -0.0649759 0.139646 -0.979031 -0.03142 -0.201275 -0.988296 -0.0636625 -0.138631 0.990406 -0.0655721 0.121639 0.992482 -0.065751 0.103231 -0.990448 -0.0647831 -0.121723 0.994233 -0.0655146 0.0849006 -0.992426 -0.0654751 -0.103943 0.99671 -0.0637727 0.0500197 0.997472 -0.0622422 0.0342935 0.995641 -0.0648587 0.0670249 -0.994147 -0.065747 -0.0857226 -0.99556 -0.0656016 -0.0675072 -0.978373 -0.037061 -0.203502 0.99798 -0.0602476 0.0201725 -0.996644 -0.065036 -0.0497084 0.975807 -0.0265722 0.217012 -0.978147 -0.0422148 -0.203586 0.998298 -0.0577675 0.00797857 -0.997411 -0.0640401 -0.0327167 -0.997895 -0.0626003 -0.0169343 0.974611 -0.0326116 0.221518 0.998496 -0.0547825 -0.0020817 -0.978388 -0.0468529 -0.201399 -0.998153 -0.060698 -0.00271648 0.973887 -0.0381808 0.2238 0.998635 -0.0512795 -0.00989332 -0.998252 -0.0583118 0.00965185 0.97366 -0.0432539 0.223865 0.998763 -0.0472564 -0.0154581 -0.998264 -0.0554238 0.0199305 0.998908 -0.0427219 -0.0189174 0.999078 -0.0377 -0.0205278 -0.99827 -0.0480886 0.0338204 -0.998342 -0.0436455 0.0375371 -0.998254 -0.0520181 0.0279903 0.980978 -0.0063878 0.194014 0.999268 -0.032236 -0.0205959 0.973973 -0.0477965 0.221569 0.999465 -0.0263817 -0.0193537 0.97485 -0.0517926 0.21676 -0.998474 -0.0387117 0.0393876 0.999653 -0.0201871 -0.0168882 0.976283 -0.0552428 0.20933 -0.97912 -0.0509549 -0.196792 -0.998658 -0.0333256 0.0396553 0.995061 -7.69325e-09 0.0992623 -0.996819 1.09219e-08 -0.0797035 </float_array>
          <technique_common>
            <accessor count="1918" offset="0" source="#meshId0-bitangents-array" stride="3">
              <param name="X" type="float" />
              <param name="Y" type="float" />
              <param name="Z" type="float" />
            </accessor>
          </technique_common>
        </source>
        <source id="meshId0-tex0" name="meshId0-tex0">
          <float_array id="meshId0-tex0-array" count="3836"> 0.474841 0.859917 0.485242 0.838488 0.50628 0.847877 0.493926 0.870919 0.433 0.573555 0.415336 0.55794 0.424453 0.545525 0.444669 0.560654 0.462368 0.880217 0.479135 0.892428 0.449133 0.590995 0.463485 0.578112 0.447834 0.899111 0.462071 0.912051 0.463414 0.610163 0.480643 0.597844 0.431472 0.916371 0.443048 0.929495 0.47594 0.630589 0.495233 0.619818 0.413409 0.931732 0.422315 0.944493 0.486135 0.652213 0.507137 0.643114 0.393919 0.944913 0.400239 0.956724 0.49402 0.674755 0.516963 0.667396 0.373338 0.955514 0.377379 0.965823 0.499842 0.697961 0.524275 0.692953 0.292026 0.505382 0.270832 0.502328 0.292276 0.50328 0.352355 0.963603 0.354552 0.971925 0.503261 0.721609 0.527983 0.719198 0.313284 0.509542 0.314043 0.50531 0.504379 0.745445 0.529506 0.745427 0.334599 0.515283 0.336249 0.508943 0.50314 0.769337 0.528217 0.771936 0.355745 0.522932 0.358711 0.51461 0.499502 0.793021 0.52395 0.798369 0.376439 0.532572 0.381122 0.522516 0.493471 0.816138 0.516077 0.823707 0.396395 0.544252 0.403155 0.532804 0.0145131 0.278696 0.0140593 0.251951 0.0394626 0.252869 0.0398125 0.276973 0.208252 0.0282676 0.231707 0.0255698 0.232282 0.0300037 0.209739 0.0350112 0.0178434 0.305028 0.0425246 0.300756 0.184185 0.0334205 0.187124 0.0423526 0.0239464 0.330634 0.0475284 0.323997 0.159977 0.0414069 0.164892 0.052224 0.0326908 0.355219 0.0547398 0.346488 0.136197 0.0524071 0.143523 0.0646456 0.0439174 0.378503 0.0640603 0.368022 0.113428 0.0664133 0.123458 0.0794977 0.0574388 0.400223 0.0753756 0.388402 0.0922049 0.0832618 0.105071 0.0965614 0.073036 0.420133 0.0885511 0.407433 0.0729848 0.102676 0.0886555 0.115557 0.0904547 0.43801 0.103428 0.424927 0.0561297 0.124307 0.074427 0.136176 0.109402 0.453659 0.119818 0.440707 0.0419088 0.147767 0.0625325 0.158101 0.129546 0.466927 0.137497 0.454612 0.0305075 0.172654 0.0530615 0.181021 0.150512 0.47771 0.1562 0.466508 0.0220387 0.19857 0.0460582 0.204639 0.171887 0.485975 0.175612 0.476303 0.016555 0.225125 0.0415314 0.228676 0.25428 0.024774 0.276071 0.0251801 0.254411 0.0269381 0.1932 0.491769 0.19535 0.483978 0.0649489 0.297241 0.0690794 0.318513 0.190779 0.0506141 0.170501 0.0620182 0.0750635 0.339234 0.151382 0.0755133 0.0828432 0.359258 0.133737 0.0909191 0.0923535 0.378439 0.117803 0.108002 0.103518 0.396629 0.103752 0.126503 0.116246 0.413675 0.0916952 0.146162 0.130425 0.429425 0.0816952 0.166729 0.145913 0.443729 0.073779 0.187967 0.162535 0.456446 0.0679474 0.20966 0.180065 0.467458 0.0641825 0.23161 0.254757 0.029062 0.19821 0.476697 0.0624543 0.253634 0.233289 0.0342839 0.0627244 0.275564 0.211842 0.0413871 0.0939189 0.333182 0.10044 0.351903 0.159615 0.0851341 0.144129 0.10088 0.10846 0.37002 0.130323 0.117854 0.117943 0.387423 0.118278 0.135831 0.128844 0.403995 0.108031 0.154602 0.141105 0.41961 0.09959 0.173974 0.154648 0.43414 0.0929409 0.193773 0.169367 0.447453 0.0880579 0.213846 0.185113 0.459423 0.0849082 0.234057 0.255308 0.0311252 0.201673 0.469956 0.083456 0.254283 0.234695 0.0383732 0.0836648 0.274411 0.214487 0.0473593 0.0855001 0.294336 0.19503 0.0581976 0.0889286 0.313959 0.176649 0.070839 0.123782 0.362887 0.131846 0.37957 0.142592 0.126343 0.132259 0.143797 0.141184 0.395667 0.123534 0.161757 0.151777 0.411084 0.116389 0.180082 0.163592 0.425717 0.110784 0.198649 0.176575 0.439451 0.106678 0.217354 0.19064 0.45217 0.104031 0.236109 0.256055 0.033109 0.205647 0.463767 0.102805 0.254835 0.236465 0.0422417 0.102967 0.273462 0.217605 0.0529043 0.104487 0.291924 0.199774 0.0651097 0.107345 0.310161 0.183216 0.0787425 0.111521 0.328111 0.168104 0.0936249 0.117004 0.345709 0.154545 0.109558 0.153254 0.388508 0.162389 0.403692 0.138299 0.167833 0.132241 0.185244 0.172664 0.418342 0.127506 0.202757 0.184065 0.432367 0.124046 0.220305 0.196555 0.445664 0.121815 0.237836 0.256984 0.0349962 0.21005 0.458134 0.120776 0.255307 0.238565 0.0458646 0.1209 0.272678 0.221132 0.0580076 0.122164 0.289914 0.204926 0.0713652 0.124551 0.306983 0.190105 0.0857869 0.128054 0.323851 0.176761 0.101093 0.132671 0.340481 0.164926 0.117103 0.138402 0.356837 0.154593 0.133654 0.14526 0.372868 0.145733 0.150604 0.181805 0.411912 0.191762 0.426129 0.143277 0.206223 0.140357 0.222792 0.202777 0.439871 0.138474 0.239293 0.258084 0.0367717 0.214813 0.453051 0.137593 0.255711 0.24096 0.0492223 0.137688 0.272029 0.225011 0.0626617 0.138739 0.288236 0.210409 0.0769839 0.140736 0.304318 0.197239 0.0920291 0.143675 0.320269 0.185521 0.107632 0.147564 0.336066 0.175233 0.123645 0.152402 0.351707 0.166326 0.139941 0.158222 0.367158 0.158742 0.156418 0.165053 0.382366 0.152413 0.172996 0.172907 0.397302 0.147278 0.189613 0.259341 0.038422 0.209243 0.434756 0.219875 0.448511 0.15419 0.240523 0.153443 0.256056 0.243618 0.0522994 0.153514 0.271493 0.22919 0.0668643 0.154387 0.286835 0.216162 0.0819888 0.156056 0.302085 0.204556 0.0975227 0.158515 0.317259 0.194337 0.113329 0.161802 0.332339 0.185443 0.129294 0.165856 0.347367 0.177801 0.145331 0.170766 0.36231 0.171331 0.161373 0.176594 0.377114 0.165959 0.177376 0.183315 0.391802 0.161615 0.193307 0.190974 0.406338 0.158238 0.209147 0.199609 0.420675 0.155778 0.224888 0.246506 0.0550841 0.233622 0.0706168 0.168532 0.27105 0.169257 0.285668 0.222134 0.0864031 0.170655 0.30022 0.212009 0.102317 0.172661 0.314749 0.203176 0.118256 0.175399 0.329239 0.195547 0.134144 0.178824 0.34373 0.189033 0.149929 0.183018 0.358172 0.183547 0.16558 0.187909 0.37264 0.179009 0.181079 0.193607 0.387099 0.175351 0.19642 0.200145 0.401542 0.172515 0.211608 0.207564 0.415947 0.17045 0.226651 0.215902 0.430283 0.169117 0.241558 0.26074 0.0399353 0.225183 0.444501 0.168479 0.256351 0.22828 0.0902503 0.219561 0.106456 0.184599 0.298689 0.186306 0.312656 0.212016 0.122476 0.18856 0.326635 0.205542 0.138271 0.19143 0.34065 0.200044 0.153821 0.194891 0.354724 0.195434 0.169125 0.198993 0.368876 0.191634 0.184189 0.20378 0.383117 0.188578 0.199029 0.209297 0.397457 0.186213 0.213666 0.215592 0.411895 0.184495 0.228124 0.222712 0.42642 0.183394 0.242432 0.262266 0.0413014 0.230694 0.441009 0.182827 0.256597 0.249595 0.0575676 0.182873 0.27069 0.238268 0.0739227 0.183464 0.284709 0.220842 0.126044 0.215432 0.14174 0.201309 0.324486 0.203678 0.338103 0.210858 0.157079 0.206493 0.351868 0.207037 0.172081 0.209882 0.365743 0.203896 0.186775 0.213842 0.379789 0.201375 0.201194 0.218422 0.394028 0.199426 0.215372 0.22367 0.408475 0.198006 0.229346 0.229638 0.423141 0.197083 0.243153 0.263905 0.0425116 0.236369 0.438022 0.196657 0.256821 0.252856 0.0597433 0.196671 0.270401 0.24309 0.0767874 0.197141 0.283924 0.234565 0.0935521 0.19806 0.297424 0.227185 0.10998 0.199466 0.310932 0.2215 0.159758 0.218399 0.174504 0.217892 0.349526 0.22061 0.363179 0.215855 0.18889 0.223805 0.377061 0.213817 0.202961 0.227514 0.391207 0.212241 0.216763 0.231781 0.40565 0.211093 0.230342 0.236653 0.420418 0.210344 0.243742 0.26564 0.0435587 0.242175 0.435527 0.210008 0.257004 0.256261 0.0616065 0.210012 0.270173 0.248057 0.0792168 0.210379 0.283292 0.240958 0.0963284 0.211108 0.296403 0.234858 0.112922 0.212236 0.309539 0.229647 0.129006 0.213703 0.32275 0.225225 0.144606 0.215606 0.336055 0.227566 0.190577 0.22597 0.204368 0.233681 0.374891 0.236574 0.388957 0.224737 0.21787 0.239912 0.403389 0.223837 0.231135 0.243736 0.41823 0.22325 0.244212 0.267458 0.0444366 0.248085 0.433514 0.222991 0.25715 0.259786 0.0631539 0.222987 0.269996 0.25314 0.0812168 0.223265 0.282798 0.247435 0.0985967 0.22382 0.295602 0.242565 0.11531 0.224709 0.308434 0.238427 0.131397 0.225846 0.321359 0.234931 0.14691 0.227282 0.334448 0.231998 0.161905 0.229086 0.347668 0.229561 0.176441 0.231195 0.361145 0.236982 0.218715 0.236314 0.23174 0.248057 0.401667 0.250869 0.416559 0.235877 0.244572 0.269342 0.0451404 0.254072 0.431972 0.235689 0.257263 0.263406 0.0643835 0.235681 0.269864 0.258311 0.0827928 0.235881 0.282423 0.253973 0.100372 0.23629 0.294988 0.250293 0.117168 0.236915 0.307603 0.247183 0.133249 0.237746 0.320326 0.244566 0.148686 0.23882 0.333202 0.242377 0.163555 0.240118 0.346274 0.240563 0.177925 0.241664 0.359606 0.239082 0.191867 0.243485 0.373245 0.237897 0.205443 0.245606 0.387247 0.248298 0.244827 0.248178 0.257345 0.271277 0.0456663 0.267097 0.0652938 0.248167 0.269772 0.263549 0.0839497 0.248294 0.282162 0.260555 0.101665 0.248556 0.294563 0.258034 0.118514 0.248958 0.307024 0.255916 0.134583 0.249497 0.3196 0.254143 0.149961 0.250208 0.332333 0.252665 0.164734 0.251046 0.345305 0.251445 0.178984 0.252053 0.358532 0.25045 0.192784 0.253238 0.372096 0.249656 0.206206 0.254617 0.386053 0.249042 0.219314 0.256209 0.400465 0.248593 0.232169 0.258037 0.415393 0.260117 0.430895 0.260516 0.269719 0.260572 0.282008 0.26883 0.0846913 0.267164 0.102486 0.260696 0.294312 0.26578 0.119361 0.260887 0.306683 0.264631 0.135417 0.261147 0.319175 0.263678 0.150753 0.261496 0.331847 0.26289 0.165463 0.26191 0.344721 0.262243 0.179634 0.262391 0.357904 0.261718 0.193345 0.262957 0.371428 0.2613 0.206671 0.263614 0.385361 0.260977 0.219678 0.264368 0.39977 0.26074 0.232429 0.265227 0.414721 0.260583 0.244982 0.273248 0.0460117 0.266197 0.430276 0.260529 0.257395 0.270836 0.0658841 0.272774 0.294229 0.272762 0.306571 0.273527 0.119717 0.273334 0.135759 0.272748 0.319037 0.273188 0.151071 0.272755 0.33168 0.273078 0.16575 0.272736 0.344549 0.272995 0.179886 0.272704 0.357714 0.272932 0.19356 0.272662 0.371229 0.272884 0.206846 0.272606 0.385161 0.272847 0.219813 0.27253 0.399574 0.272819 0.232524 0.272431 0.414537 0.272797 0.245038 0.275239 0.0461749 0.272296 0.430114 0.272809 0.257413 0.274603 0.0661542 0.272796 0.269701 0.274134 0.0850204 0.272784 0.281956 0.273786 0.102841 0.284355 0.319183 0.284015 0.331856 0.282689 0.150921 0.283257 0.165601 0.28357 0.344766 0.283737 0.179744 0.283025 0.357957 0.284136 0.193429 0.282374 0.371496 0.284458 0.206732 0.281603 0.38545 0.284709 0.21972 0.280697 0.399875 0.28489 0.232454 0.279636 0.414841 0.285005 0.244995 0.277236 0.0461552 0.278395 0.430406 0.285085 0.257398 0.278375 0.0661042 0.285072 0.269717 0.27944 0.0849383 0.284996 0.282003 0.280407 0.102731 0.284853 0.294309 0.28127 0.119587 0.284641 0.306686 0.282029 0.135615 0.294455 0.345381 0.293382 0.358636 0.294505 0.179203 0.295374 0.192951 0.29211 0.372232 0.296076 0.206327 0.290617 0.386232 0.29662 0.219395 0.288868 0.400677 0.297017 0.232218 0.286834 0.415636 0.297273 0.244851 0.279223 0.0459527 0.284477 0.431156 0.297424 0.257349 0.28213 0.0657344 0.297412 0.269765 0.284728 0.0844453 0.297274 0.282149 0.287012 0.102157 0.296996 0.294553 0.289002 0.118968 0.296584 0.307028 0.290722 0.134982 0.296018 0.319617 0.292198 0.1503 0.29532 0.33237 0.293452 0.165012 0.301888 0.373443 0.299658 0.387522 0.307788 0.20562 0.30864 0.218832 0.297042 0.401988 0.309263 0.231806 0.294014 0.416927 0.309668 0.244599 0.281184 0.0455688 0.290522 0.432367 0.309892 0.257263 0.285848 0.0650455 0.309875 0.269843 0.289977 0.0835403 0.309691 0.282394 0.293588 0.101114 0.309259 0.29496 0.29672 0.117855 0.308659 0.307608 0.299419 0.133853 0.307799 0.320352 0.301729 0.149198 0.306732 0.333258 0.303689 0.163972 0.305415 0.346384 0.305334 0.178254 0.303804 0.359761 0.306692 0.192115 0.305214 0.403821 0.301163 0.418727 0.321695 0.23121 0.322262 0.244234 0.283105 0.0450055 0.29651 0.434047 0.322571 0.257137 0.289505 0.0640387 0.322562 0.26996 0.295167 0.0822212 0.322298 0.282753 0.300118 0.0995983 0.321726 0.295559 0.304415 0.116238 0.3209 0.308429 0.308122 0.132213 0.319743 0.321396 0.311297 0.147599 0.318292 0.334508 0.313995 0.162465 0.3165 0.347812 0.316261 0.176878 0.314323 0.361354 0.318135 0.190902 0.31175 0.375182 0.319648 0.204595 0.308719 0.389301 0.320828 0.218014 0.335532 0.256962 0.335544 0.270111 0.293079 0.0627158 0.300273 0.0804849 0.335168 0.283223 0.306584 0.0975988 0.334453 0.296341 0.312079 0.114101 0.333394 0.309511 0.316833 0.130043 0.331914 0.322767 0.320916 0.145479 0.330053 0.33615 0.324394 0.160464 0.327747 0.349686 0.327322 0.175049 0.324965 0.363434 0.329748 0.189288 0.321678 0.377417 0.331712 0.20323 0.317835 0.391657 0.333247 0.216924 0.313386 0.4062 0.33438 0.230411 0.308268 0.421051 0.335126 0.243743 0.28497 0.044266 0.30242 0.436204 0.348422 0.283805 0.347532 0.297321 0.312966 0.0951044 0.319699 0.111426 0.34621 0.310874 0.32555 0.127317 0.344378 0.324494 0.330596 0.142808 0.342077 0.338221 0.334909 0.157935 0.339193 0.352037 0.338552 0.172733 0.335764 0.366042 0.341579 0.18724 0.331714 0.380217 0.344035 0.201494 0.326994 0.394582 0.345961 0.215536 0.321548 0.409152 0.347397 0.229387 0.315311 0.423919 0.348338 0.243112 0.286765 0.0433546 0.308227 0.43885 0.348846 0.256733 0.296547 0.0610792 0.348862 0.270287 0.305272 0.0783278 0.359424 0.312546 0.35719 0.326607 0.334268 0.124 0.340345 0.139545 0.35437 0.340725 0.345563 0.154834 0.35093 0.35494 0.349989 0.169884 0.346759 0.369227 0.353679 0.184715 0.341872 0.383624 0.356681 0.199347 0.336203 0.398122 0.359029 0.213814 0.329689 0.41271 0.360842 0.228109 0.322271 0.427355 0.361989 0.242323 0.288473 0.0422766 0.3139 0.441998 0.362611 0.256443 0.299884 0.0591323 0.36264 0.270498 0.310135 0.0757456 0.362116 0.284515 0.31924 0.0921009 0.361036 0.298522 0.327259 0.108187 0.367096 0.343787 0.362908 0.358389 0.356377 0.151107 0.361669 0.166444 0.357965 0.37304 0.366103 0.181655 0.352163 0.387691 0.36973 0.196733 0.345458 0.402327 0.372586 0.211702 0.337795 0.416912 0.374747 0.226568 0.329121 0.431388 0.376159 0.24136 0.29008 0.0410388 0.319407 0.445663 0.376923 0.25608 0.303064 0.0568799 0.376974 0.270745 0.314833 0.0727346 0.376355 0.28537 0.325377 0.0885721 0.375063 0.299971 0.334737 0.104355 0.373125 0.314566 0.342978 0.120052 0.370452 0.329166 0.350168 0.135641 0.369431 0.377558 0.362602 0.392485 0.378901 0.177994 0.383251 0.193589 0.354755 0.407256 0.386677 0.209163 0.345842 0.421808 0.389262 0.224696 0.335827 0.436051 0.390972 0.240187 0.29157 0.039649 0.324708 0.449861 0.391902 0.255631 0.306061 0.0543284 0.391981 0.271031 0.319332 0.0692913 0.391254 0.286388 0.331342 0.0845006 0.389718 0.301703 0.342105 0.0998984 0.387403 0.316981 0.351662 0.115427 0.384213 0.332213 0.360063 0.131036 0.380205 0.347401 0.367366 0.146686 0.375287 0.362524 0.373627 0.162345 0.407797 0.271358 0.406947 0.287592 0.323593 0.065414 0.337095 0.079868 0.405128 0.303763 0.349327 0.0947788 0.402374 0.319855 0.360295 0.110068 0.398581 0.335832 0.370023 0.125661 0.393808 0.351672 0.378544 0.14149 0.38808 0.367406 0.385896 0.1575 0.381176 0.38287 0.392109 0.173646 0.373192 0.398087 0.397349 0.189824 0.364079 0.412979 0.401416 0.20612 0.353802 0.427452 0.404488 0.222444 0.342348 0.441381 0.40655 0.238768 0.29293 0.0381165 0.329757 0.454608 0.40768 0.255077 0.308845 0.0514864 0.421442 0.306207 0.418174 0.323267 0.356357 0.0889557 0.368842 0.103911 0.413685 0.340133 0.380029 0.119429 0.408063 0.356756 0.389919 0.135418 0.401265 0.373104 0.398524 0.151793 0.393206 0.389069 0.405864 0.168471 0.383927 0.404591 0.412022 0.185379 0.373405 0.419579 0.416924 0.202488 0.361633 0.433907 0.420521 0.219755 0.348632 0.447418 0.423037 0.237055 0.294145 0.0364523 0.334499 0.459922 0.424417 0.254393 0.311387 0.0483649 0.424584 0.271729 0.327574 0.0611031 0.423593 0.289014 0.342588 0.0746563 0.429624 0.345223 0.422974 0.362744 0.39005 0.112246 0.401484 0.128354 0.414963 0.3798 0.411526 0.145101 0.405553 0.396288 0.420156 0.162379 0.394799 0.412111 0.427418 0.180097 0.382701 0.42715 0.43323 0.198171 0.369282 0.441245 0.437641 0.216489 0.354617 0.454206 0.440645 0.234972 0.2952 0.0346687 0.338871 0.465817 0.44231 0.25355 0.313656 0.0449783 0.442537 0.272148 0.33123 0.0563626 0.44138 0.290692 0.347764 0.068849 0.438834 0.309107 0.363135 0.0823863 0.43495 0.327317 0.377252 0.0968864 0.429204 0.387652 0.418223 0.40468 0.424925 0.137265 0.435077 0.155189 0.405786 0.42078 0.443644 0.173822 0.391916 0.435801 0.450543 0.192997 0.376681 0.449546 0.455966 0.212553 0.360224 0.461792 0.459559 0.232454 0.296084 0.0327795 0.342798 0.472308 0.461575 0.252511 0.315622 0.0413445 0.461885 0.27262 0.334508 0.0512011 0.460536 0.292674 0.352556 0.0624329 0.457514 0.312557 0.36959 0.0750266 0.452881 0.332138 0.385459 0.0889143 0.446536 0.351265 0.400037 0.103997 0.438645 0.36981 0.41322 0.120156 0.416846 0.430753 0.400982 0.445657 0.460809 0.166343 0.469224 0.186739 0.383743 0.458897 0.475525 0.207867 0.36536 0.470224 0.479987 0.229412 0.296783 0.0308008 0.346194 0.479407 0.482466 0.251223 0.317251 0.0374859 0.482901 0.273142 0.337352 0.0456335 0.481344 0.295018 0.356885 0.0554006 0.477749 0.316678 0.37563 0.0668348 0.472184 0.337904 0.393373 0.0799112 0.464586 0.35847 0.409916 0.0945553 0.455167 0.378179 0.425084 0.110658 0.444009 0.396859 0.438727 0.12808 0.431204 0.414423 0.450737 0.146664 0.390354 0.469395 0.36991 0.479548 0.496964 0.202102 0.502373 0.225681 0.297288 0.0287496 0.34896 0.487124 0.505315 0.249632 0.318512 0.0334298 0.505924 0.273698 0.339701 0.0396823 0.504168 0.297781 0.360663 0.047753 0.499897 0.321638 0.381146 0.0577735 0.493113 0.344847 0.400876 0.0697897 0.48398 0.367127 0.419583 0.08378 0.472621 0.38815 0.437003 0.0996693 0.459361 0.407661 0.452888 0.117337 0.444464 0.425715 0.467008 0.136625 0.42792 0.442204 0.479135 0.15735 0.409809 0.456861 0.489182 0.179226 0.297589 0.0266455 0.319374 0.0292096 0.530359 0.247745 0.531314 0.274229 0.341493 0.0333821 0.529471 0.300982 0.363789 0.0395054 0.524555 0.327705 0.386004 0.0478179 0.515864 0.353253 0.407821 0.058467 0.505076 0.377671 0.428896 0.0715182 0.491032 0.400149 0.448872 0.0869651 0.475128 0.420307 0.467388 0.104735 0.457947 0.438772 0.484083 0.124681 0.438927 0.455338 0.498621 0.146567 0.418272 0.469575 0.510793 0.170084 0.396368 0.481139 0.520398 0.195019 0.373734 0.489801 0.527238 0.221125 0.35098 0.49547 0.179948 0.512671 0.203615 0.506996 0.205246 0.513635 0.183058 0.521422 0.0228778 0.805936 0.0173269 0.780665 0.0417671 0.77687 0.0462791 0.800034 0.156265 0.52112 0.16135 0.531665 0.0304247 0.830796 0.0529085 0.822687 0.133127 0.532481 0.140586 0.54435 0.0411401 0.854481 0.0617125 0.844627 0.111093 0.546706 0.121179 0.559334 0.0537628 0.877206 0.0726298 0.865716 0.090662 0.563597 0.103467 0.576379 0.0691485 0.89877 0.0857871 0.885689 0.0722405 0.582856 0.0877044 0.595198 0.0875339 0.917708 0.101116 0.904002 0.0561341 0.604125 0.074062 0.615486 0.107513 0.933887 0.118205 0.92031 0.0425502 0.62702 0.0626412 0.63694 0.128629 0.947325 0.136647 0.934472 0.0316105 0.651164 0.0534851 0.659275 0.150457 0.958032 0.156089 0.946407 0.0233653 0.676194 0.046586 0.682249 0.172559 0.966055 0.176171 0.956079 0.0177835 0.701742 0.0419144 0.705664 0.249172 0.502433 0.249352 0.504579 0.194459 0.971507 0.196485 0.963515 0.0142388 0.727959 0.0394827 0.729397 0.226787 0.503759 0.227462 0.508142 0.0143471 0.754583 0.0394439 0.753257 0.167088 0.541197 0.148533 0.554881 0.0734801 0.815879 0.0809108 0.836233 0.131473 0.570357 0.0902368 0.855909 0.116117 0.587385 0.101441 0.874709 0.102606 0.605709 0.114438 0.892357 0.0910167 0.62508 0.129098 0.908565 0.0813833 0.645266 0.145178 0.923148 0.0737012 0.666049 0.162423 0.935974 0.0679192 0.687268 0.180558 0.946948 0.0640676 0.708793 0.249745 0.50668 0.199254 0.956034 0.0621787 0.730479 0.228561 0.512363 0.0621666 0.752192 0.207476 0.519898 0.064074 0.773749 0.186854 0.5295 0.0678394 0.795015 0.141856 0.57997 0.128549 0.596871 0.106786 0.84756 0.116335 0.865386 0.116955 0.614681 0.127425 0.882406 0.107092 0.633207 0.140038 0.898402 0.0989529 0.652276 0.154047 0.913202 0.0925231 0.671746 0.16929 0.926657 0.0875969 0.691423 0.185575 0.938649 0.0844436 0.711346 0.25034 0.508717 0.202655 0.949098 0.0829308 0.731324 0.230049 0.516386 0.0829546 0.751287 0.210229 0.52575 0.084564 0.771131 0.191219 0.536901 0.0877386 0.790772 0.173334 0.54977 0.0925221 0.810117 0.156821 0.564196 0.0988241 0.829097 0.130781 0.622348 0.122375 0.640102 0.140067 0.873874 0.150934 0.889605 0.115472 0.658183 0.163125 0.904484 0.110021 0.676493 0.176554 0.918374 0.106 0.694927 0.191099 0.931153 0.103344 0.713451 0.251127 0.510669 0.206591 0.942721 0.102101 0.731996 0.231893 0.520182 0.102148 0.750501 0.213439 0.531172 0.103521 0.768911 0.196056 0.543633 0.106212 0.787173 0.179972 0.55744 0.110269 0.805231 0.165341 0.572409 0.115596 0.82304 0.152248 0.588342 0.122447 0.840432 0.140729 0.605046 0.130584 0.857434 0.13111 0.663173 0.126516 0.680486 0.172324 0.896862 0.184109 0.911044 0.12317 0.697837 0.197028 0.924428 0.120959 0.715195 0.252094 0.512522 0.210976 0.936908 0.119942 0.732531 0.234056 0.523728 0.120006 0.749813 0.217042 0.53615 0.121187 0.767016 0.201279 0.549714 0.123481 0.784112 0.186912 0.564266 0.126942 0.801065 0.174012 0.579624 0.131499 0.817849 0.162597 0.595616 0.137232 0.834399 0.152648 0.612085 0.144254 0.850633 0.144121 0.6289 0.152369 0.86655 0.136959 0.645956 0.161732 0.881993 0.139327 0.700261 0.13749 0.716634 0.253227 0.514261 0.203279 0.918434 0.215736 0.931655 0.136663 0.732952 0.236507 0.527006 0.136742 0.749207 0.220984 0.540678 0.137761 0.765393 0.206818 0.555164 0.13972 0.781502 0.194079 0.570302 0.142674 0.797518 0.182774 0.585933 0.146563 0.813432 0.172868 0.601914 0.151469 0.829203 0.164306 0.618133 0.157346 0.844857 0.157019 0.634494 0.16434 0.860271 0.150926 0.650921 0.172405 0.875418 0.145982 0.667385 0.18158 0.89022 0.14212 0.683841 0.191876 0.90459 0.152443 0.73328 0.152533 0.748671 0.239211 0.530001 0.225213 0.544756 0.153413 0.764001 0.212613 0.560005 0.155084 0.779279 0.201418 0.575602 0.157596 0.794505 0.191584 0.591416 0.160891 0.809689 0.183042 0.607342 0.165036 0.824825 0.175714 0.623305 0.170088 0.839891 0.169526 0.639263 0.176036 0.854878 0.164339 0.655111 0.182946 0.86975 0.160191 0.670931 0.190855 0.884458 0.156956 0.686652 0.199795 0.898942 0.154631 0.70228 0.209784 0.913133 0.15311 0.717819 0.254512 0.515871 0.220808 0.926954 0.16829 0.762809 0.169711 0.77739 0.218614 0.564262 0.208882 0.580214 0.17184 0.791952 0.200411 0.596146 0.174621 0.80652 0.193105 0.611986 0.178111 0.821108 0.186876 0.6277 0.182432 0.835663 0.181623 0.643251 0.187468 0.85028 0.177342 0.658685 0.193351 0.864895 0.17384 0.673908 0.200121 0.879491 0.171139 0.688996 0.207821 0.894037 0.169214 0.703952 0.216487 0.908489 0.167964 0.718789 0.255936 0.517343 0.226136 0.922792 0.167433 0.73353 0.242137 0.532702 0.167532 0.748196 0.229685 0.548384 0.18552 0.789795 0.18786 0.80384 0.209235 0.600185 0.203061 0.61592 0.190805 0.817944 0.197833 0.631407 0.1944 0.832111 0.193458 0.646632 0.198653 0.84639 0.189872 0.661621 0.203623 0.860768 0.186987 0.676377 0.209361 0.875248 0.184762 0.690934 0.21592 0.889821 0.183189 0.705324 0.223347 0.904467 0.182174 0.719572 0.257482 0.518666 0.231676 0.919156 0.181762 0.733713 0.245257 0.535101 0.181867 0.747775 0.23436 0.551568 0.18252 0.761791 0.224779 0.567956 0.183723 0.775789 0.216437 0.584181 0.20312 0.815306 0.206097 0.829136 0.2086 0.634489 0.205007 0.649423 0.209633 0.843129 0.202067 0.664048 0.213774 0.8573 0.199719 0.678399 0.218568 0.871668 0.197917 0.692513 0.224068 0.886246 0.196656 0.706432 0.230327 0.901037 0.19585 0.720193 0.259137 0.519832 0.237388 0.916031 0.195541 0.733837 0.24854 0.537191 0.195653 0.747402 0.239202 0.554312 0.196213 0.760924 0.231073 0.571111 0.197223 0.774442 0.224056 0.587537 0.198726 0.787987 0.218046 0.603589 0.200673 0.801599 0.212907 0.619201 0.220439 0.840439 0.223819 0.854434 0.213973 0.666009 0.212108 0.680021 0.22774 0.868703 0.210687 0.693771 0.232249 0.883274 0.209706 0.707305 0.2374 0.898171 0.209086 0.72067 0.260885 0.520834 0.243237 0.913406 0.208872 0.73391 0.251962 0.538969 0.208988 0.74707 0.24418 0.556624 0.209465 0.760193 0.237468 0.573744 0.210303 0.77332 0.231716 0.590317 0.211543 0.786491 0.226814 0.60635 0.213136 0.79975 0.222685 0.621924 0.215132 0.813134 0.219202 0.637003 0.217556 0.826683 0.21632 0.651685 0.236877 0.866311 0.240453 0.880871 0.223144 0.694739 0.222419 0.707966 0.244545 0.895846 0.221969 0.721016 0.262711 0.521666 0.249195 0.911267 0.221841 0.733936 0.255496 0.540431 0.221963 0.746776 0.249266 0.558508 0.222364 0.759583 0.243938 0.575874 0.223047 0.772402 0.239406 0.592552 0.224047 0.785277 0.235572 0.608587 0.225316 0.798256 0.23235 0.624053 0.2269 0.811385 0.229658 0.638987 0.22882 0.824709 0.227437 0.653462 0.2311 0.838274 0.225638 0.667541 0.233774 0.852126 0.224218 0.681281 0.264599 0.522324 0.251743 0.894044 0.255238 0.909605 0.234578 0.721241 0.234529 0.733919 0.259117 0.541577 0.234657 0.746516 0.254434 0.55997 0.23499 0.759083 0.250464 0.577514 0.235528 0.771669 0.247113 0.594262 0.236308 0.784321 0.244298 0.610285 0.237278 0.797089 0.241946 0.625666 0.23848 0.810024 0.239996 0.640475 0.23993 0.823178 0.238397 0.654788 0.241647 0.836599 0.237111 0.668676 0.243657 0.850341 0.236106 0.682206 0.245987 0.86446 0.235356 0.695438 0.24867 0.879011 0.234869 0.708432 0.262804 0.542404 0.25966 0.561016 0.247146 0.746287 0.247415 0.758686 0.257026 0.578676 0.247819 0.771109 0.254828 0.595463 0.248392 0.783605 0.252998 0.611468 0.249081 0.796227 0.251485 0.626782 0.249923 0.809026 0.250243 0.641494 0.250928 0.822065 0.249238 0.655687 0.252111 0.835385 0.24844 0.669437 0.253487 0.849052 0.247829 0.682815 0.255076 0.863128 0.247386 0.695886 0.256899 0.877673 0.247124 0.708713 0.258981 0.89275 0.246983 0.721352 0.266534 0.522804 0.261343 0.908412 0.247012 0.733859 0.263611 0.579369 0.262543 0.596169 0.259986 0.770712 0.260361 0.783117 0.261677 0.612153 0.260781 0.795654 0.26098 0.627415 0.261276 0.808371 0.260426 0.642063 0.261855 0.821355 0.259995 0.656177 0.262523 0.834615 0.25967 0.669838 0.263285 0.848242 0.259439 0.683121 0.264154 0.862297 0.259293 0.696093 0.265137 0.876845 0.25925 0.708818 0.266247 0.891953 0.259255 0.721355 0.268501 0.523104 0.267491 0.907682 0.259359 0.733759 0.266534 0.542912 0.2595 0.746085 0.264924 0.561648 0.259709 0.758385 0.270338 0.612351 0.270448 0.627576 0.272431 0.795364 0.272589 0.808078 0.270571 0.642191 0.272754 0.821012 0.270705 0.656267 0.272913 0.834273 0.270845 0.66989 0.273073 0.847898 0.270989 0.683133 0.27323 0.861956 0.271136 0.696065 0.273384 0.876517 0.271309 0.708751 0.27353 0.891648 0.271457 0.72125 0.270484 0.523222 0.273662 0.907412 0.271636 0.733617 0.270284 0.543102 0.271787 0.745908 0.270203 0.56187 0.271938 0.758176 0.270201 0.579597 0.272091 0.770472 0.270253 0.596386 0.272274 0.78285 0.280703 0.641881 0.281403 0.655961 0.28366 0.821074 0.283313 0.834362 0.28201 0.669593 0.282869 0.848017 0.28253 0.682851 0.282317 0.862103 0.28297 0.695803 0.28164 0.876686 0.283361 0.708512 0.280822 0.891834 0.283655 0.721037 0.272469 0.523158 0.279841 0.907601 0.283912 0.733433 0.274034 0.542973 0.284072 0.745755 0.275478 0.561684 0.284168 0.758055 0.276784 0.579363 0.284198 0.770385 0.277952 0.596117 0.28419 0.782797 0.27899 0.612067 0.284086 0.795345 0.279902 0.627265 0.283913 0.808091 0.293206 0.668944 0.294111 0.682271 0.292698 0.848603 0.291424 0.862741 0.294852 0.695302 0.289907 0.877357 0.295467 0.708096 0.288114 0.892513 0.295912 0.720713 0.274441 0.522913 0.286008 0.908251 0.29625 0.733204 0.277762 0.542526 0.296423 0.745624 0.280729 0.561088 0.296464 0.758023 0.283346 0.578667 0.296371 0.770452 0.285637 0.59536 0.29617 0.782961 0.287635 0.611257 0.295794 0.795596 0.289355 0.626511 0.295292 0.808442 0.290847 0.641133 0.29462 0.821521 0.292124 0.655254 0.293754 0.834881 0.300564 0.863879 0.298184 0.878537 0.306839 0.694554 0.307689 0.707498 0.295395 0.893693 0.308294 0.720272 0.276383 0.522488 0.292146 0.909367 0.308718 0.732927 0.281446 0.541763 0.308907 0.745513 0.285935 0.560083 0.308893 0.75808 0.289871 0.577505 0.308675 0.770676 0.2933 0.594112 0.308276 0.783351 0.296273 0.609989 0.307631 0.796154 0.298832 0.625246 0.306781 0.80915 0.301032 0.63993 0.305651 0.822341 0.302903 0.654136 0.304264 0.835839 0.304479 0.667932 0.302578 0.849665 0.305783 0.681384 0.302656 0.895386 0.298236 0.910955 0.320868 0.719707 0.321387 0.732596 0.278282 0.521885 0.285064 0.540684 0.321595 0.745422 0.291075 0.558666 0.321525 0.758228 0.296344 0.575872 0.321175 0.771062 0.300934 0.592362 0.320569 0.78397 0.304913 0.608208 0.319634 0.796998 0.30834 0.623488 0.318412 0.810195 0.311279 0.638257 0.316828 0.823594 0.313776 0.652586 0.31488 0.837256 0.315871 0.666539 0.312534 0.851221 0.3176 0.680173 0.309746 0.865535 0.318991 0.693544 0.306469 0.880239 0.320092 0.706705 0.33456 0.745348 0.334432 0.758472 0.296125 0.556835 0.302747 0.573757 0.333943 0.771619 0.30853 0.590094 0.333115 0.784834 0.313554 0.605894 0.331871 0.798154 0.317892 0.62121 0.330251 0.811624 0.321613 0.636087 0.328175 0.825278 0.324776 0.65058 0.325635 0.839159 0.327429 0.66474 0.322587 0.853299 0.329615 0.678615 0.318981 0.867733 0.331368 0.692253 0.314756 0.882479 0.332743 0.705702 0.309886 0.897613 0.333705 0.719005 0.280121 0.521108 0.304255 0.913025 0.33433 0.732206 0.288594 0.539291 0.347056 0.772361 0.345986 0.785962 0.316075 0.587288 0.322195 0.603022 0.344405 0.79965 0.327497 0.618379 0.342352 0.813463 0.332057 0.633388 0.33974 0.82743 0.335939 0.648082 0.336561 0.841581 0.339199 0.6625 0.332759 0.855934 0.341886 0.676678 0.328279 0.87051 0.344037 0.690654 0.323061 0.885315 0.345714 0.704466 0.317053 0.900361 0.346884 0.718153 0.281886 0.520161 0.310176 0.915588 0.347627 0.731749 0.292012 0.537588 0.347886 0.745292 0.30106 0.554586 0.347697 0.758817 0.309058 0.57115 0.357305 0.80152 0.354771 0.815749 0.337163 0.614956 0.342631 0.630114 0.351567 0.830091 0.347301 0.645048 0.347695 0.844569 0.351231 0.659777 0.343068 0.859168 0.354473 0.674324 0.337643 0.873902 0.357069 0.688712 0.331356 0.888754 0.359084 0.702972 0.324152 0.903687 0.360487 0.717131 0.283562 0.51905 0.315973 0.918659 0.361366 0.731213 0.295294 0.535578 0.361659 0.745253 0.305854 0.551915 0.361408 0.759273 0.315253 0.568036 0.3606 0.773306 0.323552 0.583921 0.359261 0.787381 0.330829 0.599561 0.363691 0.833302 0.359084 0.848189 0.358897 0.641419 0.363576 0.656514 0.353533 0.863058 0.367446 0.671499 0.347072 0.87796 0.370547 0.686383 0.339634 0.892844 0.372935 0.701187 0.331152 0.907618 0.374608 0.715915 0.285134 0.517782 0.321614 0.922254 0.375643 0.730587 0.298413 0.533266 0.375979 0.745228 0.310474 0.548819 0.375668 0.75985 0.321303 0.564399 0.374672 0.774477 0.330939 0.579962 0.373029 0.789126 0.339445 0.595469 0.37065 0.803807 0.346894 0.610892 0.367572 0.818535 0.353356 0.626211 0.364157 0.867665 0.356562 0.882742 0.380876 0.668138 0.384579 0.683604 0.34788 0.897642 0.387347 0.699077 0.338014 0.912184 0.389352 0.714476 0.286586 0.516365 0.327058 0.926391 0.390571 0.729855 0.301343 0.530659 0.390935 0.745211 0.314888 0.545294 0.390617 0.760565 0.327173 0.560223 0.389383 0.775905 0.338206 0.57538 0.387388 0.791242 0.348027 0.5907 0.384526 0.806569 0.356687 0.606126 0.38084 0.821888 0.364246 0.621614 0.376224 0.837184 0.370761 0.637127 0.370707 0.852468 0.376287 0.652641 0.356025 0.903161 0.344721 0.917457 0.402515 0.696545 0.404874 0.712764 0.287905 0.514809 0.332261 0.931093 0.406311 0.728994 0.304055 0.527767 0.406751 0.745219 0.319057 0.541339 0.406297 0.761438 0.332823 0.555488 0.404832 0.777631 0.345318 0.570137 0.402442 0.793783 0.356547 0.585198 0.399026 0.809872 0.366533 0.600589 0.394638 0.825882 0.375313 0.616239 0.389168 0.841779 0.382927 0.632085 0.382646 0.857534 0.389417 0.648076 0.374958 0.873071 0.394823 0.664169 0.366096 0.888314 0.399182 0.680331 0.289076 0.513124 0.30652 0.524599 0.422991 0.727981 0.423505 0.745243 0.322939 0.536956 0.422936 0.762495 0.338204 0.550179 0.42118 0.7797 0.352228 0.564193 0.418323 0.796819 0.364969 0.5789 0.414258 0.813803 0.376413 0.594198 0.409051 0.830616 0.386561 0.60999 0.40259 0.847196 0.395427 0.626188 0.394923 0.863483 0.403028 0.64271 0.385942 0.879379 0.409388 0.659487 0.37566 0.894769 0.414537 0.67645 0.36407 0.909514 0.418496 0.693552 0.351203 0.92344 0.421294 0.71074 0.337167 0.936374 0.326487 0.532148 0.343258 0.544277 0.440699 0.763766 0.438594 0.782176 0.358876 0.557506 0.435182 0.80044 0.373243 0.571736 0.430347 0.818474 0.386294 0.586855 0.424172 0.836214 0.397985 0.60275 0.416556 0.853569 0.408286 0.619306 0.407562 0.870441 0.417181 0.636411 0.397104 0.886707 0.424665 0.653966 0.385227 0.902208 0.430754 0.671857 0.371957 0.916767 0.435457 0.690004 0.3574 0.930189 0.438782 0.708337 0.290086 0.511324 0.34171 0.942251 0.440795 0.726784 0.308707 0.521172 0.441399 0.745281 0.365189 0.550033 0.381301 0.563628 0.453193 0.804761 0.447442 0.824027 0.396127 0.57845 0.4401 0.842826 0.409563 0.594377 0.431132 0.861062 0.421527 0.611279 0.42058 0.878558 0.431946 0.629014 0.408431 0.895194 0.440752 0.647455 0.394751 0.91075 0.447977 0.666411 0.379615 0.925004 0.453585 0.685782 0.363234 0.937759 0.457545 0.705476 0.290922 0.509423 0.345817 0.948741 0.459943 0.725362 0.310584 0.517505 0.460665 0.745333 0.329648 0.526926 0.459791 0.765292 0.347918 0.537772 0.457272 0.785143 0.405838 0.568855 0.421254 0.584706 0.456908 0.850631 0.44642 0.869898 0.435151 0.601911 0.433958 0.888008 0.447412 0.620311 0.419895 0.905009 0.457726 0.639769 0.404168 0.920532 0.466367 0.659926 0.386947 0.93431 0.473128 0.68073 0.368614 0.94621 0.477823 0.702053 0.291572 0.507436 0.349399 0.955855 0.480691 0.723654 0.312121 0.513619 0.481623 0.745401 0.332365 0.521305 0.480423 0.767128 0.352107 0.530655 0.47745 0.788706 0.371077 0.541731 0.472565 0.809925 0.389054 0.554493 0.465746 0.830657 0.217622 0.969082 0.216682 0.974805 0.30196 0.931775 0.297468 0.9296 0.292855 0.92783 0.28815 0.926462 0.304042 0.457326 0.299803 0.454691 0.219696 0.479422 0.217591 0.4845 0.328047 0.498049 0.327301 0.492258 0.325919 0.486691 0.295407 0.452457 0.215991 0.489866 0.330534 0.969223 0.329025 0.963622 0.290885 0.450622 0.323977 0.481409 0.214953 0.495474 0.283379 0.925495 0.321544 0.476454 0.286264 0.449184 0.278567 0.924926 0.273738 0.924753 0.281572 0.448142 0.268913 0.924975 0.276832 0.447492 0.259372 0.926605 0.254703 0.928014 0.264117 0.925593 0.272068 0.447235 0.267304 0.447369 0.318685 0.471856 0.250136 0.929819 0.262561 0.447894 0.326955 0.95832 0.315455 0.467634 0.245698 0.932022 0.257864 0.44881 0.253236 0.450117 0.324394 0.953357 0.241419 0.934624 0.311908 0.4638 0.248703 0.451818 0.321408 0.948763 0.237332 0.937623 0.244291 0.453912 0.318055 0.944557 0.233474 0.941017 0.240032 0.456401 0.229885 0.944802 0.226607 0.948969 0.232099 0.462558 0.228501 0.466219 0.235956 0.459284 0.331464 0.975079 0.223689 0.953504 0.314389 0.94075 0.221182 0.958388 0.310457 0.937349 0.225203 0.470259 0.219141 0.963593 0.306301 0.934358 0.308089 0.460363 0.222251 0.474666 0.273802 0.97797 0.271117 0.499712 </float_array>
          <technique_common>
            <accessor count="1918" offset="0" source="#meshId0-tex0-array" stride="2">
              <param name="S" type="float" />
              <param name="T" type="float" />
            </accessor>
          </technique_common>
        </source>
        <vertices id="meshId0-vertices">
          <input semantic="POSITION" source="#meshId0-positions" />
        </vertices>
        <polylist count="3712" material="defaultMaterial">
          <input offset="0" semantic="VERTEX" source="#meshId0-vertices" />
          <input offset="0" semantic="NORMAL" source="#meshId0-normals" />
          <input offset="0" semantic="TANGENT" source="#meshId0-tangents" />
          <input offset="0" semantic="BINORMAL" source="#meshId0-bitangents" />
          <input offset="0" semantic="TEXCOORD" source="#meshId0-tex0" set="0" />
          <vcount>3 3 3 3 3 3 3 3 3 3 3 3 3 3 3 3 3 3 3 3 3 3 3 3 3 3 3 3 3 3 3 3 3 3 3 3 3 3 3 3 3 3 3 3 3 3 3 3 3 3 3 3 3 3 3 3 3 3 3 3 3 3 3 3 3 3 3 3 3 3 3 3 3 3 3 3 3 3 3 3 3 3 3 3 3 3 3 3 3 3 3 3 3 3 3 3 3 3 3 3 3 3 3 3 3 3 3 3 3 3 3 3 3 3 3 3 3 3 3 3 3 3 3 3 3 3 3 3 3 3 3 3 3 3 3 3 3 3 3 3 3 3 3 3 3 3 3 3 3 3 3 3 3 3 3 3 3 3 3 3 3 3 3 3 3 3 3 3 3 3 3 3 3 3 3 3 3 3 3 3 3 3 3 3 3 3 3 3 3 3 3 3 3 3 3 3 3 3 3 3 3 3 3 3 3 3 3 3 3 3 3 3 3 3 3 3 3 3 3 3 3 3 3 3 3 3 3 3 3 3 3 3 3 3 3 3 3 3 3 3 3 3 3 3 3 3 3 3 3 3 3 3 3 3 3 3 3 3 3 3 3 3 3 3 3 3 3 3 3 3 3 3 3 3 3 3 3 3 3 3 3 3 3 3 3 3 3 3 3 3 3 3 3 3 3 3 3 3 3 3 3 3 3 3 3 3 3 3 3 3 3 3 3 3 3 3 3 3 3 3 3 3 3 3 3 3 3 3 3 3 3 3 3 3 3 3 3 3 3 3 3 3 3 3 3 3 3 3 3 3 3 3 3 3 3 3 3 3 3 3 3 3 3 3 3 3 3 3 3 3 3 3 3 3 3 3 3 3 3 3 3 3 3 3 3 3 3 3 3 3 3 3 3 3 3 3 3 3 3 3 3 3 3 3 3 3 3 3 3 3 3 3 3 3 3 3 3 3 3 3 3 3 3 3 3 3 3 3 3 3 3 3 3 3 3 3 3 3 3 3 3 3 3 3 3 3 3 3 3 3 3 3 3 3 3 3 3 3 3 3 3 3 3 3 3 3 3 3 3 3 3 3 3 3 3 3 3 3 3 3 3 3 3 3 3 3 3 3 3 3 3 3 3 3 3 3 3 3 3 3 3 3 3 3 3 3 3 3 3 3 3 3 3 3 3 3 3 3 3 3 3 3 3 3 3 3 3 3 3 3 3 3 3 3 3 3 3 3 3 3 3 3 3 3 3 3 3 3 3 3 3 3 3 3 3 3 3 3 3 3 3 3 3 3 3 3 3 3 3 3 3 3 3 3 3 3 3 3 3 3 3 3 3 3 3 3 3 3 3 3 3 3 3 3 3 3 3 3 3 3 3 3 3 3 3 3 3 3 3 3 3 3 3 3 3 3 3 3 3 3 3 3 3 3 3 3 3 3 3 3 3 3 3 3 3 3 3 3 3 3 3 3 3 3 3 3 3 3 3 3 3 3 3 3 3 3 3 3 3 3 3 3 3 3 3 3 3 3 3 3 3 3 3 3 3 3 3 3 3 3 3 3 3 3 3 3 3 3 3 3 3 3 3 3 3 3 3 3 3 3 3 3 3 3 3 3 3 3 3 3 3 3 3 3 3 3 3 3 3 3 3 3 3 3 3 3 3 3 3 3 3 3 3 3 3 3 3 3 3 3 3 3 3 3 3 3 3 3 3 3 3 3 3 3 3 3 3 3 3 3 3 3 3 3 3 3 3 3 3 3 3 3 3 3 3 3 3 3 3 3 3 3 3 3 3 3 3 3 3 3 3 3 3 3 3 3 3 3 3 3 3 3 3 3 3 3 3 3 3 3 3 3 3 3 3 3 3 3 3 3 3 3 3 3 3 3 3 3 3 3 3 3 3 3 3 3 3 3 3 3 3 3 3 3 3 3 3 3 3 3 3 3 3 3 3 3 3 3 3 3 3 3 3 3 3 3 3 3 3 3 3 3 3 3 3 3 3 3 3 3 3 3 3 3 3 3 3 3 3 3 3 3 3 3 3 3 3 3 3 3 3 3 3 3 3 3 3 3 3 3 3 3 3 3 3 3 3 3 3 3 3 3 3 3 3 3 3 3 3 3 3 3 3 3 3 3 3 3 3 3 3 3 3 3 3 3 3 3 3 3 3 3 3 3 3 3 3 3 3 3 3 3 3 3 3 3 3 3 3 3 3 3 3 3 3 3 3 3 3 3 3 3 3 3 3 3 3 3 3 3 3 3 3 3 3 3 3 3 3 3 3 3 3 3 3 3 3 3 3 3 3 3 3 3 3 3 3 3 3 3 3 3 3 3 3 3 3 3 3 3 3 3 3 3 3 3 3 3 3 3 3 3 3 3 3 3 3 3 3 3 3 3 3 3 3 3 3 3 3 3 3 3 3 3 3 3 3 3 3 3 3 3 3 3 3 3 3 3 3 3 3 3 3 3 3 3 3 3 3 3 3 3 3 3 3 3 3 3 3 3 3 3 3 3 3 3 3 3 3 3 3 3 3 3 3 3 3 3 3 3 3 3 3 3 3 3 3 3 3 3 3 3 3 3 3 3 3 3 3 3 3 3 3 3 3 3 3 3 3 3 3 3 3 3 3 3 3 3 3 3 3 3 3 3 3 3 3 3 3 3 3 3 3 3 3 3 3 3 3 3 3 3 3 3 3 3 3 3 3 3 3 3 3 3 3 3 3 3 3 3 3 3 3 3 3 3 3 3 3 3 3 3 3 3 3 3 3 3 3 3 3 3 3 3 3 3 3 3 3 3 3 3 3 3 3 3 3 3 3 3 3 3 3 3 3 3 3 3 3 3 3 3 3 3 3 3 3 3 3 3 3 3 3 3 3 3 3 3 3 3 3 3 3 3 3 3 3 3 3 3 3 3 3 3 3 3 3 3 3 3 3 3 3 3 3 3 3 3 3 3 3 3 3 3 3 3 3 3 3 3 3 3 3 3 3 3 3 3 3 3 3 3 3 3 3 3 3 3 3 3 3 3 3 3 3 3 3 3 3 3 3 3 3 3 3 3 3 3 3 3 3 3 3 3 3 3 3 3 3 3 3 3 3 3 3 3 3 3 3 3 3 3 3 3 3 3 3 3 3 3 3 3 3 3 3 3 3 3 3 3 3 3 3 3 3 3 3 3 3 3 3 3 3 3 3 3 3 3 3 3 3 3 3 3 3 3 3 3 3 3 3 3 3 3 3 3 3 3 3 3 3 3 3 3 3 3 3 3 3 3 3 3 3 3 3 3 3 3 3 3 3 3 3 3 3 3 3 3 3 3 3 3 3 3 3 3 3 3 3 3 3 3 3 3 3 3 3 3 3 3 3 3 3 3 3 3 3 3 3 3 3 3 3 3 3 3 3 3 3 3 3 3 3 3 3 3 3 3 3 3 3 3 3 3 3 3 3 3 3 3 3 3 3 3 3 3 3 3 3 3 3 3 3 3 3 3 3 3 3 3 3 3 3 3 3 3 3 3 3 3 3 3 3 3 3 3 3 3 3 3 3 3 3 3 3 3 3 3 3 3 3 3 3 3 3 3 3 3 3 3 3 3 3 3 3 3 3 3 3 3 3 3 3 3 3 3 3 3 3 3 3 3 3 3 3 3 3 3 3 3 3 3 3 3 3 3 3 3 3 3 3 3 3 3 3 3 3 3 3 3 3 3 3 3 3 3 3 3 3 3 3 3 3 3 3 3 3 3 3 3 3 3 3 3 3 3 3 3 3 3 3 3 3 3 3 3 3 3 3 3 3 3 3 3 3 3 3 3 3 3 3 3 3 3 3 3 3 3 3 3 3 3 3 3 3 3 3 3 3 3 3 3 3 3 3 3 3 3 3 3 3 3 3 3 3 3 3 3 3 3 3 3 3 3 3 3 3 3 3 3 3 3 3 3 3 3 3 3 3 3 3 3 3 3 3 3 3 3 3 3 3 3 3 3 3 3 3 3 3 3 3 3 3 3 3 3 3 3 3 3 3 3 3 3 3 3 3 3 3 3 3 3 3 3 3 3 3 3 3 3 3 3 3 3 3 3 3 3 3 3 3 3 3 3 3 3 3 3 3 3 3 3 3 3 3 3 3 3 3 3 3 3 3 3 3 3 3 3 3 3 3 3 3 3 3 3 3 3 3 3 3 3 3 3 3 3 3 3 3 3 3 3 3 3 3 3 3 3 3 3 3 3 3 3 3 3 3 3 3 3 3 3 3 3 3 3 3 3 3 3 3 3 3 3 3 3 3 3 3 3 3 3 3 3 3 3 3 3 3 3 3 3 3 3 3 3 3 3 3 3 3 3 3 3 3 3 3 3 3 3 3 3 3 3 3 3 3 3 3 3 3 3 3 3 3 3 3 3 3 3 3 3 3 3 3 3 3 3 3 3 3 3 3 3 3 3 3 3 3 3 3 3 3 3 3 3 3 3 3 3 3 3 3 3 3 3 3 3 3 3 3 3 3 3 3 3 3 3 3 3 3 3 3 3 3 3 3 3 3 3 3 3 3 3 3 3 3 3 3 3 3 3 3 3 3 3 3 3 3 3 3 3 3 3 3 3 3 3 3 3 3 3 3 3 3 3 3 3 3 3 3 3 3 3 3 3 3 3 3 3 3 3 3 3 3 3 3 3 3 3 3 3 3 3 3 3 3 3 3 3 3 3 3 3 3 3 3 3 3 3 3 3 3 3 3 3 3 3 3 3 3 3 3 3 3 3 3 3 3 3 3 3 3 3 3 3 3 3 3 3 3 3 3 3 3 3 3 3 3 3 3 3 3 3 3 3 3 3 3 3 3 3 3 3 3 3 3 3 3 3 3 3 3 3 3 3 3 3 3 3 3 3 3 3 3 3 3 3 3 3 3 3 3 3 3 3 3 3 3 3 3 3 3 3 3 3 3 3 3 3 3 3 3 3 3 3 3 3 3 3 3 3 3 3 3 3 3 3 3 3 3 3 3 3 3 3 3 3 3 3 3 3 3 3 3 3 3 3 3 3 3 3 3 3 3 3 3 3 3 3 3 3 3 3 3 3 3 3 3 3 3 3 3 3 3 3 3 3 3 3 3 3 3 3 3 3 3 3 3 3 3 3 3 3 3 3 3 3 3 3 3 3 3 3 3 3 3 3 3 3 3 3 3 3 3 3 3 3 3 3 3 3 3 3 3 3 3 3 3 3 3 3 3 3 3 3 3 3 3 3 3 3 3 3 3 3 3 3 3 3 3 3 3 3 3 3 3 3 3 3 3 3 3 3 3 3 3 3 3 3 3 3 3 3 3 3 3 3 3 3 3 3 3 3 3 3 3 3 3 3 3 3 3 3 3 3 3 3 3 3 3 3 3 3 3 3 3 3 3 3 3 3 3 3 3 3 3 3 3 3 3 3 3 3 3 3 3 3 3 3 3 3 3 3 3 3 3 3 3 3 3 3 3 3 3 3 3 3 3 3 3 3 3 3 3 3 3 3 3 3 3 3 3 3 3 3 3 3 3 3 3 3 3 3 3 3 3 3 3 3 3 3 3 3 3 3 3 3 3 3 3 3 3 3 3 3 3 3 3 3 3 3 3 3 3 3 3 3 3 3 3 3 3 3 3 3 3 3 3 3 3 3 3 3 3 3 3 3 3 3 3 3 3 3 3 3 3 3 3 3 3 3 3 3 3 3 3 3 3 3 3 3 3 3 3 3 3 3 3 3 3 3 3 3 3 3 3 3 3 3 3 3 3 3 3 3 3 3 3 3 3 3 3 3 3 3 3 3 3 3 3 3 3 3 3 3 3 3 3 3 3 3 3 3 3 3 3 3 3 3 3 3 3 3 3 3 3 3 3 3 3 3 3 3 3 3 3 3 3 3 3 3 3 3 3 3 3 3 3 3 3 3 3 3 3 3 3 3 3 3 3 3 3 3 3 3 3 3 3 3 3 3 3 3 3 3 3 3 3 3 3 3 3 3 3 3 3 3 3 3 3 3 3 3 3 3 3 3 3 3 3 3 3 3 3 3 3 3 3 3 3 3 3 3 3 3 3 3 3 3 3 3 3 3 3 3 3 3 3 3 3 3 3 3 3 3 3 3 3 3 3 3 3 3 3 3 3 3 3 3 3 3 3 3 3 3 3 3 3 3 3 3 3 3 3 3 3 3 3 3 3 3 3 3 3 3 3 3 3 3 3 3 3 3 3 3 3 3 3 3 3 3 3 3 3 3 3 3 3 3 3 3 3 3 3 3 3 3 3 3 3 3 3 3 3 3 3 3 3 3 3 3 3 3 3 3 3 3 3 3 3 3 3 3 3 3 3 3 3 3 3 3 3 3 3 3 3 3 3 3 3 3 3 3 3 3 3 3 3 3 3 3 3 3 3 3 3 3 3 3 3 3 3 3 3 3 3 3 3 3 3 3 3 3 3 3 3 3 3 3 3 3 3 3 3 3 3 3 3 3 3 3 3 3 3 3 3 3 3 3 3 3 3 3 3 3 3 3 3 3 3 3 3 3 3 3 3 3 3 3 3 3 3 3 3 3 3 3 3 3 3 3 3 3 3 3 3 3 3 3 3 3 3 3 3 3 3 3 3 3 3 3 3 3 3 3 3 3 3 3 3 3 3 3 3 3 3 3 3 3 3 3 3 3 3 3 3 3 3 3 3 3 3 3 3 3 3 3 3 3 3 3 3 3 3 3 3 3 3 3 3 3 3 3 3 3 3 3 3 3 3 3 3 3 3 3 3 3 3 3 3 3 3 3 3 3 3 3 3 3 3 3 3 3 3 3 3 3 3 3 3 3 3 3 3 3 3 3 3 3 3 3 3 3 3 3 3 3 3 3 3 3 3 3 3 3 3 3 3 3 3 3 3 3 3 3 3 3 3 3 3 3 3 3 3 3 3 3 3 3 3 3 3 3 3 3 3 3 3 3 3 3 3 3 3 3 3 3 3 3 3 3 3 3 3 3 3 3 3 3 3 3 3 3 3 3 3 3 3 3 3 3 3 3 3 3 3 3 3 3 3 3 3 3 3 3 3 3 3 3 3 3 3 3 3 3 3 3 3 3 3 3 3 3 3 3 3 3 3 3 3 3 3 3 3 3 3 3 3 3 3 3 3 3 3 3 3 3 3 3 3 3 3 3 3 3 3 3 3 3 3 3 3 3 3 3 3 3 3 3 3 3 3 3 3 3 3 3 3 3 3 3 3 3 3 3 3 3 3 3 3 3 3 3 3 3 3 3 3 3 3 3 3 3 3 3 3 3 3 3 3 3 3 3 3 3 3 3 3 3 3 3 3 3 3 3 3 3 3 3 3 3 3 3 3 3 3 3 3 3 3 3 3 3 3 3 3 3 3 3 3 3 3 3 3 3 3 3 3 3 3 3 3 3 3 3 3 3 3 3 3 3 3 3 3 3 3 3 3 3 3 3 3 3 3 3 3 3 3 3 3 3 3 3 3 3 3 3 3 3 3 3 3 3 3 3 3 3 3 3 3 3 3 3 3 3 3 3 3 3 3 3 3 3 3 3 3 3 3 3 3 3 3 3 3 3 3 3 3 3 3 3 3 3 3 3 3 3 3 3 3 3 3 3 3 3 3 3 3 3 3 3 3 3 3 3 3 3 3 3 3 3 3 3 3 3 3 3 3 3 3 3 3 3 3 3 3 3 3 3 3 3 3 3 3 3 3 3 3 3 3 3 3 3 3 3 3 3 3 3 3 3 3 3 3 3 3 3 3 3 3 3 3 3 3 3 3 3 3 3 3 3 3 3 3 3 3 3 3 3 3 3 3 3 3 3 3 3 3 3 3 3 3 3 3 3 3 3 3 3 3 3 3 3 3 3 3 3 3 3 3 3 3 3 3 3 3 3 3 3 3 3 3 3 3 3 3 3 3 3 3 3 3 3 3 3 3 3 3 3 3 3 3 3 3 3 3 3 3 3 3 3 3 3 3 3 3 3 3 3 3 3 3 3 3 3 3 3 3 3 3 3 3 3 3 3 3 3 3 3 3 3 3 3 3 3 3 3 3 3 3 3 3 3 3 3 3 3 3 3 3 3 3 3 3 3 3 3 3 3 3 3 3 3 3 3 3 3 3 3 3 3 3 3 3 3 3 3 3 3 3 3 3 3 3 3 3 3 3 3 3 3 3 3 3 3 3 3 3 3 3 3 3 3 3 3 3 3 3 3 3 3 3 3 3 3 3 3 3 3 3 3 3 3 3 3 3 3 3 3 3 3 3 3 3 3 3 3 3 3 3 3 3 3 3 3 3 3 3 3 3 3 3 3 3 3 3 3 3 3 3 3 3 3 3 3 3 3 3 3 3 3 3 3 3 3 3 3 3 3 3 3 3 3 3 3 3 3 3 3 3 3 </vcount>
          <p>3 0 1 1 2 3 7 4 5 5 6 7 9 8 0 0 3 9 11 10 4 4 7 11 13 12 8 8 9 13 15 14 10 10 11 15 17 16 12 12 13 17 19 18 14 14 15 19 21 20 16 16 17 21 23 22 18 18 19 23 25 24 20 20 21 25 27 26 22 22 23 27 29 28 24 24 25 29 31 30 26 26 27 31 32 33 34 36 35 28 28 29 36 38 37 30 30 31 38 40 39 32 32 34 40 42 41 37 37 38 42 44 43 39 39 40 44 46 45 41 41 42 46 48 47 43 43 44 48 50 49 45 45 46 50 52 51 47 47 48 52 54 53 49 49 50 54 56 55 51 51 52 56 2 1 53 53 54 2 6 5 55 55 56 6 60 57 58 58 59 60 64 61 62 62 63 64 66 65 57 57 60 66 68 67 61 61 64 68 70 69 65 65 66 70 72 71 67 67 68 72 74 73 69 69 70 74 76 75 71 71 72 76 78 77 73 73 74 78 80 79 75 75 76 80 82 81 77 77 78 82 84 83 79 79 80 84 86 85 81 81 82 86 88 87 83 83 84 88 90 89 85 85 86 90 92 91 87 87 88 92 94 93 89 89 90 94 96 95 91 91 92 96 98 97 93 93 94 98 100 99 95 95 96 100 102 101 97 97 98 102 104 103 99 99 100 104 106 105 101 101 102 106 108 107 103 103 104 108 109 110 111 113 112 105 105 106 113 59 58 107 107 108 59 63 62 109 109 111 63 115 70 66 66 114 115 117 72 68 68 116 117 118 74 70 70 115 118 119 76 72 72 117 119 120 78 74 74 118 120 121 80 76 76 119 121 122 82 78 78 120 122 123 84 80 80 121 123 124 86 82 82 122 124 125 88 84 84 123 125 126 90 86 86 124 126 127 92 88 88 125 127 128 94 90 90 126 128 129 96 92 92 127 129 130 98 94 94 128 130 131 100 96 96 129 131 132 102 98 98 130 132 133 104 100 100 131 133 134 106 102 102 132 134 135 108 104 104 133 135 111 110 136 137 113 106 106 134 137 138 59 108 108 135 138 139 63 111 111 136 139 140 60 59 59 138 140 141 64 63 63 139 141 114 66 60 60 140 114 116 68 64 64 141 116 143 120 118 118 142 143 145 121 119 119 144 145 146 122 120 120 143 146 147 123 121 121 145 147 148 124 122 122 146 148 149 125 123 123 147 149 150 126 124 124 148 150 151 127 125 125 149 151 152 128 126 126 150 152 153 129 127 127 151 153 154 130 128 128 152 154 155 131 129 129 153 155 156 132 130 130 154 156 157 133 131 131 155 157 158 134 132 132 156 158 159 135 133 133 157 159 136 110 160 161 137 134 134 158 161 162 138 135 135 159 162 163 139 136 136 160 163 164 140 138 138 162 164 165 141 139 139 163 165 166 114 140 140 164 166 167 116 141 141 165 167 168 115 114 114 166 168 169 117 116 116 167 169 142 118 115 115 168 142 144 119 117 117 169 144 171 148 146 146 170 171 173 149 147 147 172 173 174 150 148 148 171 174 175 151 149 149 173 175 176 152 150 150 174 176 177 153 151 151 175 177 178 154 152 152 176 178 179 155 153 153 177 179 180 156 154 154 178 180 181 157 155 155 179 181 182 158 156 156 180 182 183 159 157 157 181 183 160 110 184 185 161 158 158 182 185 186 162 159 159 183 186 187 163 160 160 184 187 188 164 162 162 186 188 189 165 163 163 187 189 190 166 164 164 188 190 191 167 165 165 189 191 192 168 166 166 190 192 193 169 167 167 191 193 194 142 168 168 192 194 195 144 169 169 193 195 196 143 142 142 194 196 197 145 144 144 195 197 170 146 143 143 196 170 172 147 145 145 197 172 199 176 174 174 198 199 201 177 175 175 200 201 202 178 176 176 199 202 203 179 177 177 201 203 204 180 178 178 202 204 205 181 179 179 203 205 206 182 180 180 204 206 207 183 181 181 205 207 184 110 208 209 185 182 182 206 209 210 186 183 183 207 210 211 187 184 184 208 211 212 188 186 186 210 212 213 189 187 187 211 213 214 190 188 188 212 214 215 191 189 189 213 215 216 192 190 190 214 216 217 193 191 191 215 217 218 194 192 192 216 218 219 195 193 193 217 219 220 196 194 194 218 220 221 197 195 195 219 221 222 170 196 196 220 222 223 172 197 197 221 223 224 171 170 170 222 224 225 173 172 172 223 225 198 174 171 171 224 198 200 175 173 173 225 200 227 204 202 202 226 227 229 205 203 203 228 229 230 206 204 204 227 230 231 207 205 205 229 231 208 110 232 233 209 206 206 230 233 234 210 207 207 231 234 235 211 208 208 232 235 236 212 210 210 234 236 237 213 211 211 235 237 238 214 212 212 236 238 239 215 213 213 237 239 240 216 214 214 238 240 241 217 215 215 239 241 242 218 216 216 240 242 243 219 217 217 241 243 244 220 218 218 242 244 245 221 219 219 243 245 246 222 220 220 244 246 247 223 221 221 245 247 248 224 222 222 246 248 249 225 223 223 247 249 250 198 224 224 248 250 251 200 225 225 249 251 252 199 198 198 250 252 253 201 200 200 251 253 226 202 199 199 252 226 228 203 201 201 253 228 232 110 254 256 233 230 230 255 256 258 234 231 231 257 258 259 235 232 232 254 259 260 236 234 234 258 260 261 237 235 235 259 261 262 238 236 236 260 262 263 239 237 237 261 263 264 240 238 238 262 264 265 241 239 239 263 265 266 242 240 240 264 266 267 243 241 241 265 267 268 244 242 242 266 268 269 245 243 243 267 269 270 246 244 244 268 270 271 247 245 245 269 271 272 248 246 246 270 272 273 249 247 247 271 273 274 250 248 248 272 274 275 251 249 249 273 275 276 252 250 250 274 276 277 253 251 251 275 277 278 226 252 252 276 278 279 228 253 253 277 279 280 227 226 226 278 280 281 229 228 228 279 281 255 230 227 227 280 255 257 231 229 229 281 257 283 261 259 259 282 283 285 262 260 260 284 285 286 263 261 261 283 286 287 264 262 262 285 287 288 265 263 263 286 288 289 266 264 264 287 289 290 267 265 265 288 290 291 268 266 266 289 291 292 269 267 267 290 292 293 270 268 268 291 293 294 271 269 269 292 294 295 272 270 270 293 295 296 273 271 271 294 296 297 274 272 272 295 297 298 275 273 273 296 298 299 276 274 274 297 299 300 277 275 275 298 300 301 278 276 276 299 301 302 279 277 277 300 302 303 280 278 278 301 303 304 281 279 279 302 304 305 255 280 280 303 305 306 257 281 281 304 306 254 110 307 308 256 255 255 305 308 309 258 257 257 306 309 282 259 254 254 307 282 284 260 258 258 309 284 311 288 286 286 310 311 313 289 287 287 312 313 314 290 288 288 311 314 315 291 289 289 313 315 316 292 290 290 314 316 317 293 291 291 315 317 318 294 292 292 316 318 319 295 293 293 317 319 320 296 294 294 318 320 321 297 295 295 319 321 322 298 296 296 320 322 323 299 297 297 321 323 324 300 298 298 322 324 325 301 299 299 323 325 326 302 300 300 324 326 327 303 301 301 325 327 328 304 302 302 326 328 329 305 303 303 327 329 330 306 304 304 328 330 307 110 331 332 308 305 305 329 332 333 309 306 306 330 333 334 282 307 307 331 334 335 284 309 309 333 335 336 283 282 282 334 336 337 285 284 284 335 337 310 286 283 283 336 310 312 287 285 285 337 312 339 316 314 314 338 339 341 317 315 315 340 341 342 318 316 316 339 342 343 319 317 317 341 343 344 320 318 318 342 344 345 321 319 319 343 345 346 322 320 320 344 346 347 323 321 321 345 347 348 324 322 322 346 348 349 325 323 323 347 349 350 326 324 324 348 350 351 327 325 325 349 351 352 328 326 326 350 352 353 329 327 327 351 353 354 330 328 328 352 354 331 110 355 356 332 329 329 353 356 357 333 330 330 354 357 358 334 331 331 355 358 359 335 333 333 357 359 360 336 334 334 358 360 361 337 335 335 359 361 362 310 336 336 360 362 363 312 337 337 361 363 364 311 310 310 362 364 365 313 312 312 363 365 338 314 311 311 364 338 340 315 313 313 365 340 367 344 342 342 366 367 369 345 343 343 368 369 370 346 344 344 367 370 371 347 345 345 369 371 372 348 346 346 370 372 373 349 347 347 371 373 374 350 348 348 372 374 375 351 349 349 373 375 376 352 350 350 374 376 377 353 351 351 375 377 378 354 352 352 376 378 355 110 379 380 356 353 353 377 380 381 357 354 354 378 381 382 358 355 355 379 382 383 359 357 357 381 383 384 360 358 358 382 384 385 361 359 359 383 385 386 362 360 360 384 386 387 363 361 361 385 387 388 364 362 362 386 388 389 365 363 363 387 389 390 338 364 364 388 390 391 340 365 365 389 391 392 339 338 338 390 392 393 341 340 340 391 393 366 342 339 339 392 366 368 343 341 341 393 368 395 372 370 370 394 395 397 373 371 371 396 397 398 374 372 372 395 398 399 375 373 373 397 399 400 376 374 374 398 400 401 377 375 375 399 401 402 378 376 376 400 402 379 110 403 404 380 377 377 401 404 405 381 378 378 402 405 406 382 379 379 403 406 407 383 381 381 405 407 408 384 382 382 406 408 409 385 383 383 407 409 410 386 384 384 408 410 411 387 385 385 409 411 412 388 386 386 410 412 413 389 387 387 411 413 414 390 388 388 412 414 415 391 389 389 413 415 416 392 390 390 414 416 417 393 391 391 415 417 418 366 392 392 416 418 419 368 393 393 417 419 420 367 366 366 418 420 421 369 368 368 419 421 394 370 367 367 420 394 396 371 369 369 421 396 423 400 398 398 422 423 425 401 399 399 424 425 426 402 400 400 423 426 403 110 427 428 404 401 401 425 428 429 405 402 402 426 429 430 406 403 403 427 430 431 407 405 405 429 431 432 408 406 406 430 432 433 409 407 407 431 433 434 410 408 408 432 434 435 411 409 409 433 435 436 412 410 410 434 436 437 413 411 411 435 437 438 414 412 412 436 438 439 415 413 413 437 439 440 416 414 414 438 440 441 417 415 415 439 441 442 418 416 416 440 442 443 419 417 417 441 443 444 420 418 418 442 444 445 421 419 419 443 445 446 394 420 420 444 446 447 396 421 421 445 447 448 395 394 394 446 448 449 397 396 396 447 449 422 398 395 395 448 422 424 399 397 397 449 424 451 429 426 426 450 451 453 430 427 427 452 453 454 431 429 429 451 454 455 432 430 430 453 455 456 433 431 431 454 456 457 434 432 432 455 457 458 435 433 433 456 458 459 436 434 434 457 459 460 437 435 435 458 460 461 438 436 436 459 461 462 439 437 437 460 462 463 440 438 438 461 463 464 441 439 439 462 464 465 442 440 440 463 465 466 443 441 441 464 466 467 444 442 442 465 467 468 445 443 443 466 468 469 446 444 444 467 469 470 447 445 445 468 470 471 448 446 446 469 471 472 449 447 447 470 472 473 422 448 448 471 473 474 424 449 449 472 474 475 423 422 422 473 475 476 425 424 424 474 476 450 426 423 423 475 450 427 110 452 477 428 425 425 476 477 479 456 454 454 478 479 481 457 455 455 480 481 482 458 456 456 479 482 483 459 457 457 481 483 484 460 458 458 482 484 485 461 459 459 483 485 486 462 460 460 484 486 487 463 461 461 485 487 488 464 462 462 486 488 489 465 463 463 487 489 490 466 464 464 488 490 491 467 465 465 489 491 492 468 466 466 490 492 493 469 467 467 491 493 494 470 468 468 492 494 495 471 469 469 493 495 496 472 470 470 494 496 497 473 471 471 495 497 498 474 472 472 496 498 499 475 473 473 497 499 500 476 474 474 498 500 501 450 475 475 499 501 452 110 502 503 477 476 476 500 503 504 451 450 450 501 504 505 453 452 452 502 505 478 454 451 451 504 478 480 455 453 453 505 480 507 484 482 482 506 507 509 485 483 483 508 509 510 486 484 484 507 510 511 487 485 485 509 511 512 488 486 486 510 512 513 489 487 487 511 513 514 490 488 488 512 514 515 491 489 489 513 515 516 492 490 490 514 516 517 493 491 491 515 517 518 494 492 492 516 518 519 495 493 493 517 519 520 496 494 494 518 520 521 497 495 495 519 521 522 498 496 496 520 522 523 499 497 497 521 523 524 500 498 498 522 524 525 501 499 499 523 525 502 110 526 527 503 500 500 524 527 528 504 501 501 525 528 529 505 502 502 526 529 530 478 504 504 528 530 531 480 505 505 529 531 532 479 478 478 530 532 533 481 480 480 531 533 506 482 479 479 532 506 508 483 481 481 533 508 535 512 510 510 534 535 537 513 511 511 536 537 538 514 512 512 535 538 539 515 513 513 537 539 540 516 514 514 538 540 541 517 515 515 539 541 542 518 516 516 540 542 543 519 517 517 541 543 544 520 518 518 542 544 545 521 519 519 543 545 546 522 520 520 544 546 547 523 521 521 545 547 548 524 522 522 546 548 549 525 523 523 547 549 526 110 550 551 527 524 524 548 551 552 528 525 525 549 552 553 529 526 526 550 553 554 530 528 528 552 554 555 531 529 529 553 555 556 532 530 530 554 556 557 533 531 531 555 557 558 506 532 532 556 558 559 508 533 533 557 559 560 507 506 506 558 560 561 509 508 508 559 561 534 510 507 507 560 534 536 511 509 509 561 536 563 540 538 538 562 563 565 541 539 539 564 565 566 542 540 540 563 566 567 543 541 541 565 567 568 544 542 542 566 568 569 545 543 543 567 569 570 546 544 544 568 570 571 547 545 545 569 571 572 548 546 546 570 572 573 549 547 547 571 573 550 110 574 575 551 548 548 572 575 576 552 549 549 573 576 577 553 550 550 574 577 578 554 552 552 576 578 579 555 553 553 577 579 580 556 554 554 578 580 581 557 555 555 579 581 582 558 556 556 580 582 583 559 557 557 581 583 584 560 558 558 582 584 585 561 559 559 583 585 586 534 560 560 584 586 587 536 561 561 585 587 588 535 534 534 586 588 589 537 536 536 587 589 562 538 535 535 588 562 564 539 537 537 589 564 591 568 566 566 590 591 593 569 567 567 592 593 594 570 568 568 591 594 595 571 569 569 593 595 596 572 570 570 594 596 597 573 571 571 595 597 574 110 598 599 575 572 572 596 599 600 576 573 573 597 600 601 577 574 574 598 601 602 578 576 576 600 602 603 579 577 577 601 603 604 580 578 578 602 604 605 581 579 579 603 605 606 582 580 580 604 606 607 583 581 581 605 607 608 584 582 582 606 608 609 585 583 583 607 609 610 586 584 584 608 610 611 587 585 585 609 611 612 588 586 586 610 612 613 589 587 587 611 613 614 562 588 588 612 614 615 564 589 589 613 615 616 563 562 562 614 616 617 565 564 564 615 617 590 566 563 563 616 590 592 567 565 565 617 592 619 596 594 594 618 619 621 597 595 595 620 621 598 110 622 623 599 596 596 619 623 624 600 597 597 621 624 625 601 598 598 622 625 626 602 600 600 624 626 627 603 601 601 625 627 628 604 602 602 626 628 629 605 603 603 627 629 630 606 604 604 628 630 631 607 605 605 629 631 632 608 606 606 630 632 633 609 607 607 631 633 634 610 608 608 632 634 635 611 609 609 633 635 636 612 610 610 634 636 637 613 611 611 635 637 638 614 612 612 636 638 639 615 613 613 637 639 640 616 614 614 638 640 641 617 615 615 639 641 642 590 616 616 640 642 643 592 617 617 641 643 644 591 590 590 642 644 645 593 592 592 643 645 618 594 591 591 644 618 620 595 593 593 645 620 647 626 624 624 646 647 649 627 625 625 648 649 650 628 626 626 647 650 651 629 627 627 649 651 652 630 628 628 650 652 653 631 629 629 651 653 654 632 630 630 652 654 655 633 631 631 653 655 656 634 632 632 654 656 657 635 633 633 655 657 658 636 634 634 656 658 659 637 635 635 657 659 660 638 636 636 658 660 661 639 637 637 659 661 662 640 638 638 660 662 663 641 639 639 661 663 664 642 640 640 662 664 665 643 641 641 663 665 666 644 642 642 664 666 667 645 643 643 665 667 668 618 644 644 666 668 669 620 645 645 667 669 670 619 618 618 668 670 671 621 620 620 669 671 622 110 672 673 623 619 619 670 673 646 624 621 621 671 646 648 625 622 622 672 648 675 652 650 650 674 675 677 653 651 651 676 677 678 654 652 652 675 678 679 655 653 653 677 679 680 656 654 654 678 680 681 657 655 655 679 681 682 658 656 656 680 682 683 659 657 657 681 683 684 660 658 658 682 684 685 661 659 659 683 685 686 662 660 660 684 686 687 663 661 661 685 687 688 664 662 662 686 688 689 665 663 663 687 689 690 666 664 664 688 690 691 667 665 665 689 691 692 668 666 666 690 692 693 669 667 667 691 693 694 670 668 668 692 694 695 671 669 669 693 695 672 110 696 697 673 670 670 694 697 698 646 671 671 695 698 699 648 672 672 696 699 700 647 646 646 698 700 701 649 648 648 699 701 674 650 647 647 700 674 676 651 649 649 701 676 703 680 678 678 702 703 705 681 679 679 704 705 706 682 680 680 703 706 707 683 681 681 705 707 708 684 682 682 706 708 709 685 683 683 707 709 710 686 684 684 708 710 711 687 685 685 709 711 712 688 686 686 710 712 713 689 687 687 711 713 714 690 688 688 712 714 715 691 689 689 713 715 716 692 690 690 714 716 717 693 691 691 715 717 718 694 692 692 716 718 719 695 693 693 717 719 696 110 720 721 697 694 694 718 721 722 698 695 695 719 722 723 699 696 696 720 723 724 700 698 698 722 724 725 701 699 699 723 725 726 674 700 700 724 726 727 676 701 701 725 727 728 675 674 674 726 728 729 677 676 676 727 729 702 678 675 675 728 702 704 679 677 677 729 704 731 708 706 706 730 731 733 709 707 707 732 733 734 710 708 708 731 734 735 711 709 709 733 735 736 712 710 710 734 736 737 713 711 711 735 737 738 714 712 712 736 738 739 715 713 713 737 739 740 716 714 714 738 740 741 717 715 715 739 741 742 718 716 716 740 742 743 719 717 717 741 743 720 110 744 745 721 718 718 742 745 746 722 719 719 743 746 747 723 720 720 744 747 748 724 722 722 746 748 749 725 723 723 747 749 750 726 724 724 748 750 751 727 725 725 749 751 752 728 726 726 750 752 753 729 727 727 751 753 754 702 728 728 752 754 755 704 729 729 753 755 756 703 702 702 754 756 757 705 704 704 755 757 730 706 703 703 756 730 732 707 705 705 757 732 759 736 734 734 758 759 761 737 735 735 760 761 762 738 736 736 759 762 763 739 737 737 761 763 764 740 738 738 762 764 765 741 739 739 763 765 766 742 740 740 764 766 767 743 741 741 765 767 744 110 768 769 745 742 742 766 769 770 746 743 743 767 770 771 747 744 744 768 771 772 748 746 746 770 772 773 749 747 747 771 773 774 750 748 748 772 774 775 751 749 749 773 775 776 752 750 750 774 776 777 753 751 751 775 777 778 754 752 752 776 778 779 755 753 753 777 779 780 756 754 754 778 780 781 757 755 755 779 781 782 730 756 756 780 782 783 732 757 757 781 783 784 731 730 730 782 784 785 733 732 732 783 785 758 734 731 731 784 758 760 735 733 733 785 760 787 774 772 772 786 787 789 775 773 773 788 789 790 776 774 774 787 790 791 777 775 775 789 791 792 778 776 776 790 792 793 779 777 777 791 793 794 780 778 778 792 794 795 781 779 779 793 795 796 782 780 780 794 796 797 783 781 781 795 797 798 784 782 782 796 798 799 785 783 783 797 799 800 758 784 784 798 800 801 760 785 785 799 801 802 759 758 758 800 802 803 761 760 760 801 803 804 762 759 759 802 804 805 763 761 761 803 805 806 764 762 762 804 806 807 765 763 763 805 807 808 766 764 764 806 808 809 767 765 765 807 809 768 110 810 811 769 766 766 808 811 812 770 767 767 809 812 813 771 768 768 810 813 786 772 770 770 812 786 788 773 771 771 813 788 815 792 790 790 814 815 817 793 791 791 816 817 818 794 792 792 815 818 819 795 793 793 817 819 820 796 794 794 818 820 821 797 795 795 819 821 822 798 796 796 820 822 823 799 797 797 821 823 824 800 798 798 822 824 825 801 799 799 823 825 826 802 800 800 824 826 827 803 801 801 825 827 828 804 802 802 826 828 829 805 803 803 827 829 830 806 804 804 828 830 831 807 805 805 829 831 832 808 806 806 830 832 833 809 807 807 831 833 810 110 834 835 811 808 808 832 835 836 812 809 809 833 836 837 813 810 810 834 837 838 786 812 812 836 838 839 788 813 813 837 839 840 787 786 786 838 840 841 789 788 788 839 841 814 790 787 787 840 814 816 791 789 789 841 816 843 820 818 818 842 843 845 821 819 819 844 845 846 822 820 820 843 846 847 823 821 821 845 847 848 824 822 822 846 848 849 825 823 823 847 849 850 826 824 824 848 850 851 827 825 825 849 851 852 828 826 826 850 852 853 829 827 827 851 853 854 830 828 828 852 854 855 831 829 829 853 855 856 832 830 830 854 856 857 833 831 831 855 857 834 110 858 859 835 832 832 856 859 860 836 833 833 857 860 861 837 834 834 858 861 862 838 836 836 860 862 863 839 837 837 861 863 864 840 838 838 862 864 865 841 839 839 863 865 866 814 840 840 864 866 867 816 841 841 865 867 868 815 814 814 866 868 869 817 816 816 867 869 842 818 815 815 868 842 844 819 817 817 869 844 871 848 846 846 870 871 873 849 847 847 872 873 874 850 848 848 871 874 875 851 849 849 873 875 876 852 850 850 874 876 877 853 851 851 875 877 878 854 852 852 876 878 879 855 853 853 877 879 880 856 854 854 878 880 881 857 855 855 879 881 858 110 882 883 859 856 856 880 883 884 860 857 857 881 884 885 861 858 858 882 885 886 862 860 860 884 886 887 863 861 861 885 887 888 864 862 862 886 888 889 865 863 863 887 889 890 866 864 864 888 890 891 867 865 865 889 891 892 868 866 866 890 892 893 869 867 867 891 893 894 842 868 868 892 894 895 844 869 869 893 895 896 843 842 842 894 896 897 845 844 844 895 897 870 846 843 843 896 870 872 847 845 845 897 872 899 876 874 874 898 899 901 877 875 875 900 901 902 878 876 876 899 902 903 879 877 877 901 903 904 880 878 878 902 904 905 881 879 879 903 905 882 110 906 907 883 880 880 904 907 908 884 881 881 905 908 909 885 882 882 906 909 910 886 884 884 908 910 911 887 885 885 909 911 912 888 886 886 910 912 913 889 887 887 911 913 914 890 888 888 912 914 915 891 889 889 913 915 916 892 890 890 914 916 917 893 891 891 915 917 918 894 892 892 916 918 919 895 893 893 917 919 920 896 894 894 918 920 921 897 895 895 919 921 922 870 896 896 920 922 923 872 897 897 921 923 924 871 870 870 922 924 925 873 872 872 923 925 898 874 871 871 924 898 900 875 873 873 925 900 927 904 902 902 926 927 929 905 903 903 928 929 906 110 930 931 907 904 904 927 931 932 908 905 905 929 932 933 909 906 906 930 933 934 910 908 908 932 934 935 911 909 909 933 935 936 912 910 910 934 936 937 913 911 911 935 937 938 914 912 912 936 938 939 915 913 913 937 939 940 916 914 914 938 940 941 917 915 915 939 941 942 918 916 916 940 942 943 919 917 917 941 943 944 920 918 918 942 944 945 921 919 919 943 945 946 922 920 920 944 946 947 923 921 921 945 947 948 924 922 922 946 948 949 925 923 923 947 949 950 898 924 924 948 950 951 900 925 925 949 951 952 899 898 898 950 952 953 901 900 900 951 953 926 902 899 899 952 926 928 903 901 901 953 928 955 933 930 930 954 955 957 934 932 932 956 957 958 935 933 933 955 958 959 936 934 934 957 959 960 937 935 935 958 960 961 938 936 936 959 961 962 939 937 937 960 962 963 940 938 938 961 963 964 941 939 939 962 964 965 942 940 940 963 965 966 943 941 941 964 966 967 944 942 942 965 967 968 945 943 943 966 968 969 946 944 944 967 969 970 947 945 945 968 970 971 948 946 946 969 971 972 949 947 947 970 972 973 950 948 948 971 973 974 951 949 949 972 974 975 952 950 950 973 975 976 953 951 951 974 976 977 926 952 952 975 977 978 928 953 953 976 978 979 927 926 926 977 979 980 929 928 928 978 980 930 110 954 981 931 927 927 979 981 956 932 929 929 980 956 985 982 983 983 984 985 989 986 987 987 988 989 991 990 982 982 985 991 993 992 986 986 989 993 995 994 990 990 991 995 997 996 992 992 993 997 999 998 994 994 995 999 1001 1000 996 996 997 1001 1003 1002 998 998 999 1003 1005 1004 1000 1000 1001 1005 1007 1006 1002 1002 1003 1007 1009 1008 1004 1004 1005 1009 1011 1010 1006 1006 1007 1011 1013 1012 1008 1008 1009 1013 1015 1014 1010 1010 1011 1015 1017 1016 1012 1012 1013 1017 1019 1018 1014 1014 1015 1019 1021 1020 1016 1016 1017 1021 1023 1022 1018 1018 1019 1023 1025 1024 1020 1020 1021 1025 1027 1026 1022 1022 1023 1027 1028 33 1029 1031 1030 1024 1024 1025 1031 1033 1032 1026 1026 1027 1033 1035 1034 1028 1028 1029 1035 1037 1036 1032 1032 1033 1037 984 983 1034 1034 1035 984 988 987 1036 1036 1037 988 1039 995 991 991 1038 1039 1041 997 993 993 1040 1041 1042 999 995 995 1039 1042 1043 1001 997 997 1041 1043 1044 1003 999 999 1042 1044 1045 1005 1001 1001 1043 1045 1046 1007 1003 1003 1044 1046 1047 1009 1005 1005 1045 1047 1048 1011 1007 1007 1046 1048 1049 1013 1009 1009 1047 1049 1050 1015 1011 1011 1048 1050 1051 1017 1013 1013 1049 1051 1052 1019 1015 1015 1050 1052 1053 1021 1017 1017 1051 1053 1054 1023 1019 1019 1052 1054 1055 1025 1021 1021 1053 1055 1056 1027 1023 1023 1054 1056 1029 33 1057 1058 1031 1025 1025 1055 1058 1059 1033 1027 1027 1056 1059 1060 1035 1029 1029 1057 1060 1061 1037 1033 1033 1059 1061 1062 984 1035 1035 1060 1062 1063 988 1037 1037 1061 1063 1064 985 984 984 1062 1064 1065 989 988 988 1063 1065 1038 991 985 985 1064 1038 1040 993 989 989 1065 1040 1067 1044 1042 1042 1066 1067 1069 1045 1043 1043 1068 1069 1070 1046 1044 1044 1067 1070 1071 1047 1045 1045 1069 1071 1072 1048 1046 1046 1070 1072 1073 1049 1047 1047 1071 1073 1074 1050 1048 1048 1072 1074 1075 1051 1049 1049 1073 1075 1076 1052 1050 1050 1074 1076 1077 1053 1051 1051 1075 1077 1078 1054 1052 1052 1076 1078 1079 1055 1053 1053 1077 1079 1080 1056 1054 1054 1078 1080 1057 33 1081 1082 1058 1055 1055 1079 1082 1083 1059 1056 1056 1080 1083 1084 1060 1057 1057 1081 1084 1085 1061 1059 1059 1083 1085 1086 1062 1060 1060 1084 1086 1087 1063 1061 1061 1085 1087 1088 1064 1062 1062 1086 1088 1089 1065 1063 1063 1087 1089 1090 1038 1064 1064 1088 1090 1091 1040 1065 1065 1089 1091 1092 1039 1038 1038 1090 1092 1093 1041 1040 1040 1091 1093 1066 1042 1039 1039 1092 1066 1068 1043 1041 1041 1093 1068 1095 1072 1070 1070 1094 1095 1097 1073 1071 1071 1096 1097 1098 1074 1072 1072 1095 1098 1099 1075 1073 1073 1097 1099 1100 1076 1074 1074 1098 1100 1101 1077 1075 1075 1099 1101 1102 1078 1076 1076 1100 1102 1103 1079 1077 1077 1101 1103 1104 1080 1078 1078 1102 1104 1081 33 1105 1106 1082 1079 1079 1103 1106 1107 1083 1080 1080 1104 1107 1108 1084 1081 1081 1105 1108 1109 1085 1083 1083 1107 1109 1110 1086 1084 1084 1108 1110 1111 1087 1085 1085 1109 1111 1112 1088 1086 1086 1110 1112 1113 1089 1087 1087 1111 1113 1114 1090 1088 1088 1112 1114 1115 1091 1089 1089 1113 1115 1116 1092 1090 1090 1114 1116 1117 1093 1091 1091 1115 1117 1118 1066 1092 1092 1116 1118 1119 1068 1093 1093 1117 1119 1120 1067 1066 1066 1118 1120 1121 1069 1068 1068 1119 1121 1094 1070 1067 1067 1120 1094 1096 1071 1069 1069 1121 1096 1123 1100 1098 1098 1122 1123 1125 1101 1099 1099 1124 1125 1126 1102 1100 1100 1123 1126 1127 1103 1101 1101 1125 1127 1128 1104 1102 1102 1126 1128 1105 33 1129 1130 1106 1103 1103 1127 1130 1131 1107 1104 1104 1128 1131 1132 1108 1105 1105 1129 1132 1133 1109 1107 1107 1131 1133 1134 1110 1108 1108 1132 1134 1135 1111 1109 1109 1133 1135 1136 1112 1110 1110 1134 1136 1137 1113 1111 1111 1135 1137 1138 1114 1112 1112 1136 1138 1139 1115 1113 1113 1137 1139 1140 1116 1114 1114 1138 1140 1141 1117 1115 1115 1139 1141 1142 1118 1116 1116 1140 1142 1143 1119 1117 1117 1141 1143 1144 1120 1118 1118 1142 1144 1145 1121 1119 1119 1143 1145 1146 1094 1120 1120 1144 1146 1147 1096 1121 1121 1145 1147 1148 1095 1094 1094 1146 1148 1149 1097 1096 1096 1147 1149 1122 1098 1095 1095 1148 1122 1124 1099 1097 1097 1149 1124 1151 1128 1126 1126 1150 1151 1129 33 1152 1154 1130 1127 1127 1153 1154 1155 1131 1128 1128 1151 1155 1156 1132 1129 1129 1152 1156 1157 1133 1131 1131 1155 1157 1158 1134 1132 1132 1156 1158 1159 1135 1133 1133 1157 1159 1160 1136 1134 1134 1158 1160 1161 1137 1135 1135 1159 1161 1162 1138 1136 1136 1160 1162 1163 1139 1137 1137 1161 1163 1164 1140 1138 1138 1162 1164 1165 1141 1139 1139 1163 1165 1166 1142 1140 1140 1164 1166 1167 1143 1141 1141 1165 1167 1168 1144 1142 1142 1166 1168 1169 1145 1143 1143 1167 1169 1170 1146 1144 1144 1168 1170 1171 1147 1145 1145 1169 1171 1172 1148 1146 1146 1170 1172 1173 1149 1147 1147 1171 1173 1174 1122 1148 1148 1172 1174 1175 1124 1149 1149 1173 1175 1176 1123 1122 1122 1174 1176 1177 1125 1124 1124 1175 1177 1150 1126 1123 1123 1176 1150 1153 1127 1125 1125 1177 1153 1179 1157 1155 1155 1178 1179 1181 1158 1156 1156 1180 1181 1182 1159 1157 1157 1179 1182 1183 1160 1158 1158 1181 1183 1184 1161 1159 1159 1182 1184 1185 1162 1160 1160 1183 1185 1186 1163 1161 1161 1184 1186 1187 1164 1162 1162 1185 1187 1188 1165 1163 1163 1186 1188 1189 1166 1164 1164 1187 1189 1190 1167 1165 1165 1188 1190 1191 1168 1166 1166 1189 1191 1192 1169 1167 1167 1190 1192 1193 1170 1168 1168 1191 1193 1194 1171 1169 1169 1192 1194 1195 1172 1170 1170 1193 1195 1196 1173 1171 1171 1194 1196 1197 1174 1172 1172 1195 1197 1198 1175 1173 1173 1196 1198 1199 1176 1174 1174 1197 1199 1200 1177 1175 1175 1198 1200 1201 1150 1176 1176 1199 1201 1202 1153 1177 1177 1200 1202 1203 1151 1150 1150 1201 1203 1152 33 1204 1205 1154 1153 1153 1202 1205 1178 1155 1151 1151 1203 1178 1180 1156 1152 1152 1204 1180 1207 1184 1182 1182 1206 1207 1209 1185 1183 1183 1208 1209 1210 1186 1184 1184 1207 1210 1211 1187 1185 1185 1209 1211 1212 1188 1186 1186 1210 1212 1213 1189 1187 1187 1211 1213 1214 1190 1188 1188 1212 1214 1215 1191 1189 1189 1213 1215 1216 1192 1190 1190 1214 1216 1217 1193 1191 1191 1215 1217 1218 1194 1192 1192 1216 1218 1219 1195 1193 1193 1217 1219 1220 1196 1194 1194 1218 1220 1221 1197 1195 1195 1219 1221 1222 1198 1196 1196 1220 1222 1223 1199 1197 1197 1221 1223 1224 1200 1198 1198 1222 1224 1225 1201 1199 1199 1223 1225 1226 1202 1200 1200 1224 1226 1227 1203 1201 1201 1225 1227 1204 33 1228 1229 1205 1202 1202 1226 1229 1230 1178 1203 1203 1227 1230 1231 1180 1204 1204 1228 1231 1232 1179 1178 1178 1230 1232 1233 1181 1180 1180 1231 1233 1206 1182 1179 1179 1232 1206 1208 1183 1181 1181 1233 1208 1235 1212 1210 1210 1234 1235 1237 1213 1211 1211 1236 1237 1238 1214 1212 1212 1235 1238 1239 1215 1213 1213 1237 1239 1240 1216 1214 1214 1238 1240 1241 1217 1215 1215 1239 1241 1242 1218 1216 1216 1240 1242 1243 1219 1217 1217 1241 1243 1244 1220 1218 1218 1242 1244 1245 1221 1219 1219 1243 1245 1246 1222 1220 1220 1244 1246 1247 1223 1221 1221 1245 1247 1248 1224 1222 1222 1246 1248 1249 1225 1223 1223 1247 1249 1250 1226 1224 1224 1248 1250 1251 1227 1225 1225 1249 1251 1228 33 1252 1253 1229 1226 1226 1250 1253 1254 1230 1227 1227 1251 1254 1255 1231 1228 1228 1252 1255 1256 1232 1230 1230 1254 1256 1257 1233 1231 1231 1255 1257 1258 1206 1232 1232 1256 1258 1259 1208 1233 1233 1257 1259 1260 1207 1206 1206 1258 1260 1261 1209 1208 1208 1259 1261 1234 1210 1207 1207 1260 1234 1236 1211 1209 1209 1261 1236 1263 1240 1238 1238 1262 1263 1265 1241 1239 1239 1264 1265 1266 1242 1240 1240 1263 1266 1267 1243 1241 1241 1265 1267 1268 1244 1242 1242 1266 1268 1269 1245 1243 1243 1267 1269 1270 1246 1244 1244 1268 1270 1271 1247 1245 1245 1269 1271 1272 1248 1246 1246 1270 1272 1273 1249 1247 1247 1271 1273 1274 1250 1248 1248 1272 1274 1275 1251 1249 1249 1273 1275 1252 33 1276 1277 1253 1250 1250 1274 1277 1278 1254 1251 1251 1275 1278 1279 1255 1252 1252 1276 1279 1280 1256 1254 1254 1278 1280 1281 1257 1255 1255 1279 1281 1282 1258 1256 1256 1280 1282 1283 1259 1257 1257 1281 1283 1284 1260 1258 1258 1282 1284 1285 1261 1259 1259 1283 1285 1286 1234 1260 1260 1284 1286 1287 1236 1261 1261 1285 1287 1288 1235 1234 1234 1286 1288 1289 1237 1236 1236 1287 1289 1262 1238 1235 1235 1288 1262 1264 1239 1237 1237 1289 1264 1291 1268 1266 1266 1290 1291 1293 1269 1267 1267 1292 1293 1294 1270 1268 1268 1291 1294 1295 1271 1269 1269 1293 1295 1296 1272 1270 1270 1294 1296 1297 1273 1271 1271 1295 1297 1298 1274 1272 1272 1296 1298 1299 1275 1273 1273 1297 1299 1276 33 1300 1301 1277 1274 1274 1298 1301 1302 1278 1275 1275 1299 1302 1303 1279 1276 1276 1300 1303 1304 1280 1278 1278 1302 1304 1305 1281 1279 1279 1303 1305 1306 1282 1280 1280 1304 1306 1307 1283 1281 1281 1305 1307 1308 1284 1282 1282 1306 1308 1309 1285 1283 1283 1307 1309 1310 1286 1284 1284 1308 1310 1311 1287 1285 1285 1309 1311 1312 1288 1286 1286 1310 1312 1313 1289 1287 1287 1311 1313 1314 1262 1288 1288 1312 1314 1315 1264 1289 1289 1313 1315 1316 1263 1262 1262 1314 1316 1317 1265 1264 1264 1315 1317 1290 1266 1263 1263 1316 1290 1292 1267 1265 1265 1317 1292 1319 1296 1294 1294 1318 1319 1321 1297 1295 1295 1320 1321 1322 1298 1296 1296 1319 1322 1323 1299 1297 1297 1321 1323 1300 33 1324 1325 1301 1298 1298 1322 1325 1326 1302 1299 1299 1323 1326 1327 1303 1300 1300 1324 1327 1328 1304 1302 1302 1326 1328 1329 1305 1303 1303 1327 1329 1330 1306 1304 1304 1328 1330 1331 1307 1305 1305 1329 1331 1332 1308 1306 1306 1330 1332 1333 1309 1307 1307 1331 1333 1334 1310 1308 1308 1332 1334 1335 1311 1309 1309 1333 1335 1336 1312 1310 1310 1334 1336 1337 1313 1311 1311 1335 1337 1338 1314 1312 1312 1336 1338 1339 1315 1313 1313 1337 1339 1340 1316 1314 1314 1338 1340 1341 1317 1315 1315 1339 1341 1342 1290 1316 1316 1340 1342 1343 1292 1317 1317 1341 1343 1344 1291 1290 1290 1342 1344 1345 1293 1292 1292 1343 1345 1318 1294 1291 1291 1344 1318 1320 1295 1293 1293 1345 1320 1324 33 1346 1348 1325 1322 1322 1347 1348 1350 1326 1323 1323 1349 1350 1351 1327 1324 1324 1346 1351 1352 1328 1326 1326 1350 1352 1353 1329 1327 1327 1351 1353 1354 1330 1328 1328 1352 1354 1355 1331 1329 1329 1353 1355 1356 1332 1330 1330 1354 1356 1357 1333 1331 1331 1355 1357 1358 1334 1332 1332 1356 1358 1359 1335 1333 1333 1357 1359 1360 1336 1334 1334 1358 1360 1361 1337 1335 1335 1359 1361 1362 1338 1336 1336 1360 1362 1363 1339 1337 1337 1361 1363 1364 1340 1338 1338 1362 1364 1365 1341 1339 1339 1363 1365 1366 1342 1340 1340 1364 1366 1367 1343 1341 1341 1365 1367 1368 1344 1342 1342 1366 1368 1369 1345 1343 1343 1367 1369 1370 1318 1344 1344 1368 1370 1371 1320 1345 1345 1369 1371 1372 1319 1318 1318 1370 1372 1373 1321 1320 1320 1371 1373 1347 1322 1319 1319 1372 1347 1349 1323 1321 1321 1373 1349 1375 1353 1351 1351 1374 1375 1377 1354 1352 1352 1376 1377 1378 1355 1353 1353 1375 1378 1379 1356 1354 1354 1377 1379 1380 1357 1355 1355 1378 1380 1381 1358 1356 1356 1379 1381 1382 1359 1357 1357 1380 1382 1383 1360 1358 1358 1381 1383 1384 1361 1359 1359 1382 1384 1385 1362 1360 1360 1383 1385 1386 1363 1361 1361 1384 1386 1387 1364 1362 1362 1385 1387 1388 1365 1363 1363 1386 1388 1389 1366 1364 1364 1387 1389 1390 1367 1365 1365 1388 1390 1391 1368 1366 1366 1389 1391 1392 1369 1367 1367 1390 1392 1393 1370 1368 1368 1391 1393 1394 1371 1369 1369 1392 1394 1395 1372 1370 1370 1393 1395 1396 1373 1371 1371 1394 1396 1397 1347 1372 1372 1395 1397 1398 1349 1373 1373 1396 1398 1346 33 1399 1400 1348 1347 1347 1397 1400 1401 1350 1349 1349 1398 1401 1374 1351 1346 1346 1399 1374 1376 1352 1350 1350 1401 1376 1403 1380 1378 1378 1402 1403 1405 1381 1379 1379 1404 1405 1406 1382 1380 1380 1403 1406 1407 1383 1381 1381 1405 1407 1408 1384 1382 1382 1406 1408 1409 1385 1383 1383 1407 1409 1410 1386 1384 1384 1408 1410 1411 1387 1385 1385 1409 1411 1412 1388 1386 1386 1410 1412 1413 1389 1387 1387 1411 1413 1414 1390 1388 1388 1412 1414 1415 1391 1389 1389 1413 1415 1416 1392 1390 1390 1414 1416 1417 1393 1391 1391 1415 1417 1418 1394 1392 1392 1416 1418 1419 1395 1393 1393 1417 1419 1420 1396 1394 1394 1418 1420 1421 1397 1395 1395 1419 1421 1422 1398 1396 1396 1420 1422 1399 33 1423 1424 1400 1397 1397 1421 1424 1425 1401 1398 1398 1422 1425 1426 1374 1399 1399 1423 1426 1427 1376 1401 1401 1425 1427 1428 1375 1374 1374 1426 1428 1429 1377 1376 1376 1427 1429 1402 1378 1375 1375 1428 1402 1404 1379 1377 1377 1429 1404 1431 1408 1406 1406 1430 1431 1433 1409 1407 1407 1432 1433 1434 1410 1408 1408 1431 1434 1435 1411 1409 1409 1433 1435 1436 1412 1410 1410 1434 1436 1437 1413 1411 1411 1435 1437 1438 1414 1412 1412 1436 1438 1439 1415 1413 1413 1437 1439 1440 1416 1414 1414 1438 1440 1441 1417 1415 1415 1439 1441 1442 1418 1416 1416 1440 1442 1443 1419 1417 1417 1441 1443 1444 1420 1418 1418 1442 1444 1445 1421 1419 1419 1443 1445 1446 1422 1420 1420 1444 1446 1423 33 1447 1448 1424 1421 1421 1445 1448 1449 1425 1422 1422 1446 1449 1450 1426 1423 1423 1447 1450 1451 1427 1425 1425 1449 1451 1452 1428 1426 1426 1450 1452 1453 1429 1427 1427 1451 1453 1454 1402 1428 1428 1452 1454 1455 1404 1429 1429 1453 1455 1456 1403 1402 1402 1454 1456 1457 1405 1404 1404 1455 1457 1430 1406 1403 1403 1456 1430 1432 1407 1405 1405 1457 1432 1459 1436 1434 1434 1458 1459 1461 1437 1435 1435 1460 1461 1462 1438 1436 1436 1459 1462 1463 1439 1437 1437 1461 1463 1464 1440 1438 1438 1462 1464 1465 1441 1439 1439 1463 1465 1466 1442 1440 1440 1464 1466 1467 1443 1441 1441 1465 1467 1468 1444 1442 1442 1466 1468 1469 1445 1443 1443 1467 1469 1470 1446 1444 1444 1468 1470 1447 33 1471 1472 1448 1445 1445 1469 1472 1473 1449 1446 1446 1470 1473 1474 1450 1447 1447 1471 1474 1475 1451 1449 1449 1473 1475 1476 1452 1450 1450 1474 1476 1477 1453 1451 1451 1475 1477 1478 1454 1452 1452 1476 1478 1479 1455 1453 1453 1477 1479 1480 1456 1454 1454 1478 1480 1481 1457 1455 1455 1479 1481 1482 1430 1456 1456 1480 1482 1483 1432 1457 1457 1481 1483 1484 1431 1430 1430 1482 1484 1485 1433 1432 1432 1483 1485 1458 1434 1431 1431 1484 1458 1460 1435 1433 1433 1485 1460 1487 1464 1462 1462 1486 1487 1489 1465 1463 1463 1488 1489 1490 1466 1464 1464 1487 1490 1491 1467 1465 1465 1489 1491 1492 1468 1466 1466 1490 1492 1493 1469 1467 1467 1491 1493 1494 1470 1468 1468 1492 1494 1471 33 1495 1496 1472 1469 1469 1493 1496 1497 1473 1470 1470 1494 1497 1498 1474 1471 1471 1495 1498 1499 1475 1473 1473 1497 1499 1500 1476 1474 1474 1498 1500 1501 1477 1475 1475 1499 1501 1502 1478 1476 1476 1500 1502 1503 1479 1477 1477 1501 1503 1504 1480 1478 1478 1502 1504 1505 1481 1479 1479 1503 1505 1506 1482 1480 1480 1504 1506 1507 1483 1481 1481 1505 1507 1508 1484 1482 1482 1506 1508 1509 1485 1483 1483 1507 1509 1510 1458 1484 1484 1508 1510 1511 1460 1485 1485 1509 1511 1512 1459 1458 1458 1510 1512 1513 1461 1460 1460 1511 1513 1486 1462 1459 1459 1512 1486 1488 1463 1461 1461 1513 1488 1515 1491 1489 1489 1514 1515 1517 1492 1490 1490 1516 1517 1518 1493 1491 1491 1515 1518 1519 1494 1492 1492 1517 1519 1495 33 1520 1521 1496 1493 1493 1518 1521 1522 1497 1494 1494 1519 1522 1523 1498 1495 1495 1520 1523 1524 1499 1497 1497 1522 1524 1525 1500 1498 1498 1523 1525 1526 1501 1499 1499 1524 1526 1527 1502 1500 1500 1525 1527 1528 1503 1501 1501 1526 1528 1529 1504 1502 1502 1527 1529 1530 1505 1503 1503 1528 1530 1531 1506 1504 1504 1529 1531 1532 1507 1505 1505 1530 1532 1533 1508 1506 1506 1531 1533 1534 1509 1507 1507 1532 1534 1535 1510 1508 1508 1533 1535 1536 1511 1509 1509 1534 1536 1537 1512 1510 1510 1535 1537 1538 1513 1511 1511 1536 1538 1539 1486 1512 1512 1537 1539 1540 1488 1513 1513 1538 1540 1541 1487 1486 1486 1539 1541 1514 1489 1488 1488 1540 1514 1516 1490 1487 1487 1541 1516 1543 1521 1518 1518 1542 1543 1545 1522 1519 1519 1544 1545 1547 1523 1520 1520 1546 1547 1548 1524 1522 1522 1545 1548 1549 1525 1523 1523 1547 1549 1550 1526 1524 1524 1548 1550 1551 1527 1525 1525 1549 1551 1552 1528 1526 1526 1550 1552 1553 1529 1527 1527 1551 1553 1554 1530 1528 1528 1552 1554 1555 1531 1529 1529 1553 1555 1556 1532 1530 1530 1554 1556 1557 1533 1531 1531 1555 1557 1558 1534 1532 1532 1556 1558 1559 1535 1533 1533 1557 1559 1560 1536 1534 1534 1558 1560 1561 1537 1535 1535 1559 1561 1562 1538 1536 1536 1560 1562 1563 1539 1537 1537 1561 1563 1564 1540 1538 1538 1562 1564 1565 1541 1539 1539 1563 1565 1566 1514 1540 1540 1564 1566 1567 1516 1541 1541 1565 1567 1568 1515 1514 1514 1566 1568 1569 1517 1516 1516 1567 1569 1542 1518 1515 1515 1568 1542 1544 1519 1517 1517 1569 1544 1520 33 1546 1571 1550 1548 1548 1570 1571 1573 1551 1549 1549 1572 1573 1574 1552 1550 1550 1571 1574 1575 1553 1551 1551 1573 1575 1576 1554 1552 1552 1574 1576 1577 1555 1553 1553 1575 1577 1578 1556 1554 1554 1576 1578 1579 1557 1555 1555 1577 1579 1580 1558 1556 1556 1578 1580 1581 1559 1557 1557 1579 1581 1582 1560 1558 1558 1580 1582 1583 1561 1559 1559 1581 1583 1584 1562 1560 1560 1582 1584 1585 1563 1561 1561 1583 1585 1586 1564 1562 1562 1584 1586 1587 1565 1563 1563 1585 1587 1588 1566 1564 1564 1586 1588 1589 1567 1565 1565 1587 1589 1590 1568 1566 1566 1588 1590 1591 1569 1567 1567 1589 1591 1592 1542 1568 1568 1590 1592 1593 1544 1569 1569 1591 1593 1546 33 1594 1595 1543 1542 1542 1592 1595 1596 1545 1544 1544 1593 1596 1597 1547 1546 1546 1594 1597 1570 1548 1545 1545 1596 1570 1572 1549 1547 1547 1597 1572 1599 1576 1574 1574 1598 1599 1601 1577 1575 1575 1600 1601 1602 1578 1576 1576 1599 1602 1603 1579 1577 1577 1601 1603 1604 1580 1578 1578 1602 1604 1605 1581 1579 1579 1603 1605 1606 1582 1580 1580 1604 1606 1607 1583 1581 1581 1605 1607 1608 1584 1582 1582 1606 1608 1609 1585 1583 1583 1607 1609 1610 1586 1584 1584 1608 1610 1611 1587 1585 1585 1609 1611 1612 1588 1586 1586 1610 1612 1613 1589 1587 1587 1611 1613 1614 1590 1588 1588 1612 1614 1615 1591 1589 1589 1613 1615 1616 1592 1590 1590 1614 1616 1617 1593 1591 1591 1615 1617 1594 33 1618 1619 1595 1592 1592 1616 1619 1620 1596 1593 1593 1617 1620 1621 1597 1594 1594 1618 1621 1622 1570 1596 1596 1620 1622 1623 1572 1597 1597 1621 1623 1624 1571 1570 1570 1622 1624 1625 1573 1572 1572 1623 1625 1598 1574 1571 1571 1624 1598 1600 1575 1573 1573 1625 1600 1627 1604 1602 1602 1626 1627 1629 1605 1603 1603 1628 1629 1630 1606 1604 1604 1627 1630 1631 1607 1605 1605 1629 1631 1632 1608 1606 1606 1630 1632 1633 1609 1607 1607 1631 1633 1634 1610 1608 1608 1632 1634 1635 1611 1609 1609 1633 1635 1636 1612 1610 1610 1634 1636 1637 1613 1611 1611 1635 1637 1638 1614 1612 1612 1636 1638 1639 1615 1613 1613 1637 1639 1640 1616 1614 1614 1638 1640 1641 1617 1615 1615 1639 1641 1618 33 1642 1643 1619 1616 1616 1640 1643 1644 1620 1617 1617 1641 1644 1645 1621 1618 1618 1642 1645 1646 1622 1620 1620 1644 1646 1647 1623 1621 1621 1645 1647 1648 1624 1622 1622 1646 1648 1649 1625 1623 1623 1647 1649 1650 1598 1624 1624 1648 1650 1651 1600 1625 1625 1649 1651 1652 1599 1598 1598 1650 1652 1653 1601 1600 1600 1651 1653 1626 1602 1599 1599 1652 1626 1628 1603 1601 1601 1653 1628 1655 1632 1630 1630 1654 1655 1657 1633 1631 1631 1656 1657 1658 1634 1632 1632 1655 1658 1659 1635 1633 1633 1657 1659 1660 1636 1634 1634 1658 1660 1661 1637 1635 1635 1659 1661 1662 1638 1636 1636 1660 1662 1663 1639 1637 1637 1661 1663 1664 1640 1638 1638 1662 1664 1665 1641 1639 1639 1663 1665 1642 33 1666 1667 1643 1640 1640 1664 1667 1668 1644 1641 1641 1665 1668 1669 1645 1642 1642 1666 1669 1670 1646 1644 1644 1668 1670 1671 1647 1645 1645 1669 1671 1672 1648 1646 1646 1670 1672 1673 1649 1647 1647 1671 1673 1674 1650 1648 1648 1672 1674 1675 1651 1649 1649 1673 1675 1676 1652 1650 1650 1674 1676 1677 1653 1651 1651 1675 1677 1678 1626 1652 1652 1676 1678 1679 1628 1653 1653 1677 1679 1680 1627 1626 1626 1678 1680 1681 1629 1628 1628 1679 1681 1654 1630 1627 1627 1680 1654 1656 1631 1629 1629 1681 1656 1683 1660 1658 1658 1682 1683 1685 1661 1659 1659 1684 1685 1686 1662 1660 1660 1683 1686 1687 1663 1661 1661 1685 1687 1688 1664 1662 1662 1686 1688 1689 1665 1663 1663 1687 1689 1666 33 1690 1691 1667 1664 1664 1688 1691 1692 1668 1665 1665 1689 1692 1693 1669 1666 1666 1690 1693 1694 1670 1668 1668 1692 1694 1695 1671 1669 1669 1693 1695 1696 1672 1670 1670 1694 1696 1697 1673 1671 1671 1695 1697 1698 1674 1672 1672 1696 1698 1699 1675 1673 1673 1697 1699 1700 1676 1674 1674 1698 1700 1701 1677 1675 1675 1699 1701 1702 1678 1676 1676 1700 1702 1703 1679 1677 1677 1701 1703 1704 1680 1678 1678 1702 1704 1705 1681 1679 1679 1703 1705 1706 1654 1680 1680 1704 1706 1707 1656 1681 1681 1705 1707 1708 1655 1654 1654 1706 1708 1709 1657 1656 1656 1707 1709 1682 1658 1655 1655 1708 1682 1684 1659 1657 1657 1709 1684 1711 1688 1686 1686 1710 1711 1713 1689 1687 1687 1712 1713 1690 33 1714 1715 1691 1688 1688 1711 1715 1716 1692 1689 1689 1713 1716 1717 1693 1690 1690 1714 1717 1718 1694 1692 1692 1716 1718 1719 1695 1693 1693 1717 1719 1720 1696 1694 1694 1718 1720 1721 1697 1695 1695 1719 1721 1722 1698 1696 1696 1720 1722 1723 1699 1697 1697 1721 1723 1724 1700 1698 1698 1722 1724 1725 1701 1699 1699 1723 1725 1726 1702 1700 1700 1724 1726 1727 1703 1701 1701 1725 1727 1728 1704 1702 1702 1726 1728 1729 1705 1703 1703 1727 1729 1730 1706 1704 1704 1728 1730 1731 1707 1705 1705 1729 1731 1732 1708 1706 1706 1730 1732 1733 1709 1707 1707 1731 1733 1734 1682 1708 1708 1732 1734 1735 1684 1709 1709 1733 1735 1736 1683 1682 1682 1734 1736 1737 1685 1684 1684 1735 1737 1710 1686 1683 1683 1736 1710 1712 1687 1685 1685 1737 1712 1739 1717 1714 1714 1738 1739 1741 1718 1716 1716 1740 1741 1742 1719 1717 1717 1739 1742 1743 1720 1718 1718 1741 1743 1744 1721 1719 1719 1742 1744 1745 1722 1720 1720 1743 1745 1746 1723 1721 1721 1744 1746 1747 1724 1722 1722 1745 1747 1748 1725 1723 1723 1746 1748 1749 1726 1724 1724 1747 1749 1750 1727 1725 1725 1748 1750 1751 1728 1726 1726 1749 1751 1752 1729 1727 1727 1750 1752 1753 1730 1728 1728 1751 1753 1754 1731 1729 1729 1752 1754 1755 1732 1730 1730 1753 1755 1756 1733 1731 1731 1754 1756 1757 1734 1732 1732 1755 1757 1758 1735 1733 1733 1756 1758 1759 1736 1734 1734 1757 1759 1760 1737 1735 1735 1758 1760 1761 1710 1736 1736 1759 1761 1762 1712 1737 1737 1760 1762 1763 1711 1710 1710 1761 1763 1764 1713 1712 1712 1762 1764 1714 33 1738 1765 1715 1711 1711 1763 1765 1740 1716 1713 1713 1764 1740 1767 1744 1742 1742 1766 1767 1769 1745 1743 1743 1768 1769 1770 1746 1744 1744 1767 1770 1771 1747 1745 1745 1769 1771 1772 1748 1746 1746 1770 1772 1773 1749 1747 1747 1771 1773 1774 1750 1748 1748 1772 1774 1775 1751 1749 1749 1773 1775 1776 1752 1750 1750 1774 1776 1777 1753 1751 1751 1775 1777 1778 1754 1752 1752 1776 1778 1779 1755 1753 1753 1777 1779 1780 1756 1754 1754 1778 1780 1781 1757 1755 1755 1779 1781 1782 1758 1756 1756 1780 1782 1783 1759 1757 1757 1781 1783 1784 1760 1758 1758 1782 1784 1785 1761 1759 1759 1783 1785 1786 1762 1760 1760 1784 1786 1787 1763 1761 1761 1785 1787 1788 1764 1762 1762 1786 1788 1738 33 1789 1790 1765 1763 1763 1787 1790 1791 1740 1764 1764 1788 1791 1792 1739 1738 1738 1789 1792 1793 1741 1740 1740 1791 1793 1766 1742 1739 1739 1792 1766 1768 1743 1741 1741 1793 1768 1795 1772 1770 1770 1794 1795 1797 1773 1771 1771 1796 1797 1798 1774 1772 1772 1795 1798 1799 1775 1773 1773 1797 1799 1800 1776 1774 1774 1798 1800 1801 1777 1775 1775 1799 1801 1802 1778 1776 1776 1800 1802 1803 1779 1777 1777 1801 1803 1804 1780 1778 1778 1802 1804 1805 1781 1779 1779 1803 1805 1806 1782 1780 1780 1804 1806 1807 1783 1781 1781 1805 1807 1808 1784 1782 1782 1806 1808 1809 1785 1783 1783 1807 1809 1810 1786 1784 1784 1808 1810 1811 1787 1785 1785 1809 1811 1812 1788 1786 1786 1810 1812 1789 33 1813 1814 1790 1787 1787 1811 1814 1815 1791 1788 1788 1812 1815 1816 1792 1789 1789 1813 1816 1817 1793 1791 1791 1815 1817 1818 1766 1792 1792 1816 1818 1819 1768 1793 1793 1817 1819 1820 1767 1766 1766 1818 1820 1821 1769 1768 1768 1819 1821 1794 1770 1767 1767 1820 1794 1796 1771 1769 1769 1821 1796 1823 1800 1798 1798 1822 1823 1825 1801 1799 1799 1824 1825 1826 1802 1800 1800 1823 1826 1827 1803 1801 1801 1825 1827 1828 1804 1802 1802 1826 1828 1829 1805 1803 1803 1827 1829 1830 1806 1804 1804 1828 1830 1831 1807 1805 1805 1829 1831 1832 1808 1806 1806 1830 1832 1833 1809 1807 1807 1831 1833 1834 1810 1808 1808 1832 1834 1835 1811 1809 1809 1833 1835 1836 1812 1810 1810 1834 1836 1813 33 1837 1838 1814 1811 1811 1835 1838 1839 1815 1812 1812 1836 1839 1840 1816 1813 1813 1837 1840 1841 1817 1815 1815 1839 1841 1842 1818 1816 1816 1840 1842 1843 1819 1817 1817 1841 1843 1844 1820 1818 1818 1842 1844 1845 1821 1819 1819 1843 1845 1846 1794 1820 1820 1844 1846 1847 1796 1821 1821 1845 1847 1848 1795 1794 1794 1846 1848 1849 1797 1796 1796 1847 1849 1822 1798 1795 1795 1848 1822 1824 1799 1797 1797 1849 1824 14 1828 1826 1826 10 14 16 1829 1827 1827 12 16 18 1830 1828 1828 14 18 20 1831 1829 1829 16 20 22 1832 1830 1830 18 22 24 1833 1831 1831 20 24 26 1834 1832 1832 22 26 28 1835 1833 1833 24 28 30 1836 1834 1834 26 30 1837 33 32 35 1838 1835 1835 28 35 37 1839 1836 1836 30 37 39 1840 1837 1837 32 39 41 1841 1839 1839 37 41 43 1842 1840 1840 39 43 45 1843 1841 1841 41 45 47 1844 1842 1842 43 47 49 1845 1843 1843 45 49 51 1846 1844 1844 47 51 53 1847 1845 1845 49 53 55 1848 1846 1846 51 55 1 1849 1847 1847 53 1 5 1822 1848 1848 55 5 0 1824 1849 1849 1 0 4 1823 1822 1822 5 4 8 1825 1824 1824 0 8 10 1826 1823 1823 4 10 12 1827 1825 1825 8 12 1851 1030 1031 1031 1850 1851 1853 1595 1619 1619 1852 1853 1855 1521 1543 1543 1854 1855 1857 697 721 721 1856 1857 1859 137 161 161 1858 1859 1854 1543 1595 1595 1853 1854 1861 931 981 981 1860 1861 1862 907 931 931 1861 1862 1863 673 697 697 1857 1863 1864 113 137 137 1859 1864 1866 1838 35 35 1865 1866 1867 623 673 673 1863 1867 1868 883 907 907 1862 1868 1869 112 113 113 1864 1869 1870 1496 1521 1521 1855 1870 1871 859 883 883 1868 1871 1872 599 623 623 1867 1872 1873 1472 1496 1496 1870 1873 1874 1448 1472 1472 1873 1874 1875 575 599 599 1872 1875 1876 1424 1448 1448 1874 1876 1877 551 575 575 1875 1877 1879 1325 1348 1348 1878 1879 1880 1400 1424 1424 1876 1880 1881 527 551 551 1877 1881 1878 1348 1400 1400 1880 1878 1882 503 527 527 1881 1882 1883 835 859 859 1871 1883 1884 1301 1325 1325 1879 1884 1885 477 503 503 1882 1885 1886 1814 1838 1838 1866 1886 1887 811 835 835 1883 1887 1888 1277 1301 1301 1884 1888 1890 404 428 428 1889 1890 1891 1790 1814 1814 1886 1891 1892 1253 1277 1277 1888 1892 1893 769 811 811 1887 1893 1889 428 477 477 1885 1889 1894 380 404 404 1890 1894 1895 1765 1790 1790 1891 1895 1896 1229 1253 1253 1892 1896 1897 356 380 380 1894 1897 1898 1715 1765 1765 1895 1898 1899 1205 1229 1229 1896 1899 1900 332 356 356 1897 1900 1902 1130 1154 1154 1901 1902 1901 1154 1205 1205 1899 1901 1904 233 256 256 1903 1904 1905 308 332 332 1900 1905 1865 35 36 36 1906 1865 1907 1106 1130 1130 1902 1907 1908 1691 1715 1715 1898 1908 1903 256 308 308 1905 1903 1909 1082 1106 1106 1907 1909 1910 1667 1691 1691 1908 1910 1911 209 233 233 1904 1911 1912 1058 1082 1082 1909 1912 1913 1643 1667 1667 1910 1913 1914 745 769 769 1893 1914 1915 185 209 209 1911 1915 1850 1031 1058 1058 1912 1850 1852 1619 1643 1643 1913 1852 1856 721 745 745 1914 1856 1858 161 185 185 1915 1858 1896 1892 1916 1885 1882 1917 1892 1888 1916 1882 1881 1917 1888 1884 1916 1881 1877 1917 1884 1879 1916 1877 1875 1917 1879 1878 1916 1875 1872 1917 1878 1880 1916 1872 1867 1917 1880 1876 1916 1867 1863 1917 1876 1874 1916 1863 1857 1917 1874 1873 1916 1857 1856 1917 1873 1870 1916 1856 1914 1917 1870 1855 1916 1914 1893 1917 1855 1854 1916 1893 1887 1917 1854 1853 1916 1887 1883 1917 1869 1864 1917 1853 1852 1916 1883 1871 1917 1864 1859 1917 1852 1913 1916 1871 1868 1917 1859 1858 1917 1913 1910 1916 1868 1862 1917 1858 1915 1917 1910 1908 1916 1862 1861 1917 1915 1911 1917 1908 1898 1916 1861 1860 1917 1911 1904 1917 1898 1895 1916 1851 1850 1916 1904 1903 1917 1895 1891 1916 1850 1912 1916 1903 1905 1917 1891 1886 1916 1912 1909 1916 1905 1900 1917 1886 1866 1916 1909 1907 1916 1900 1897 1917 1866 1865 1916 1907 1902 1916 1897 1894 1917 1865 1906 1916 1902 1901 1916 1894 1890 1917 1901 1899 1916 1890 1889 1917 1899 1896 1916 1889 1885 1917 </p>
        </polylist>
      </mesh>
    </geometry>
    <geometry id="meshId1" name="meshId1_name" >
      <mesh>
        <source id="meshId1-positions" name="meshId1-positions">
          <float_array id="meshId1-positions-array" count="3582"> 0.081088 0.36199 0.62214 0.0953494 0.370727 0.607119 0.0953494 0.446266 0.651058 0.081088 0.437528 0.666079 -0.112473 0.41401 0.532709 -0.114676 0.402761 0.552048 -0.114676 0.478299 0.595986 -0.112473 0.489548 0.576648 0.105947 0.380696 0.589982 0.105947 0.456234 0.63392 -0.112473 0.391512 0.571386 -0.112473 0.46705 0.615325 0.112472 0.391512 0.571386 0.112472 0.46705 0.615325 -0.105947 0.380696 0.589982 -0.105947 0.456234 0.63392 0.114676 0.402761 0.552048 0.114676 0.478299 0.595986 -0.0953497 0.370727 0.607119 -0.0953497 0.446266 0.651058 0.112472 0.41401 0.532709 0.112472 0.489548 0.576648 -0.0810882 0.36199 0.622141 -0.0810882 0.437528 0.666079 0.105946 0.424826 0.514114 0.105946 0.500364 0.558052 -0.0637106 0.354819 0.634468 -0.0637106 0.430357 0.678407 0.0953493 0.434795 0.496976 0.0953493 0.510333 0.540915 -0.0438847 0.349491 0.643628 -0.0438847 0.425029 0.687567 -1.49383e-07 0.46042 0.452922 -0.0223723 0.459312 0.454826 -0.0223723 0.53485 0.498765 -1.49383e-07 0.535958 0.49686 0.0810878 0.443532 0.481955 0.0810878 0.51907 0.525893 -0.0223723 0.34621 0.649269 -0.0223723 0.421748 0.693208 -0.0438847 0.456031 0.460467 -0.0438847 0.531569 0.504406 0.0637102 0.450703 0.469627 0.0637102 0.526241 0.513566 -1.08371e-07 0.345102 0.651174 -1.08371e-07 0.42064 0.695112 -0.0637106 0.450703 0.469627 -0.0637106 0.526241 0.513566 0.0438843 0.456031 0.460467 0.0438843 0.531569 0.504406 -1.08371e-07 0.345102 0.651174 0.0223721 0.34621 0.649269 0.0223721 0.421748 0.693208 -1.08371e-07 0.42064 0.695112 -0.0810882 0.443532 0.481955 -0.0810882 0.51907 0.525893 0.0223718 0.459312 0.454826 0.0223718 0.53485 0.498765 0.0438845 0.349491 0.643628 0.0438845 0.425029 0.687567 -0.0953497 0.434795 0.496976 -0.0953497 0.510333 0.540915 -1.49383e-07 0.46042 0.452922 -1.49383e-07 0.535958 0.49686 0.0637104 0.354819 0.634468 0.0637104 0.430358 0.678407 -0.105947 0.424826 0.514114 -0.105947 0.500364 0.558052 -0.105947 0.223452 0.39698 -0.112473 0.212635 0.415575 -0.112473 0.276804 0.4529 -0.105947 0.28762 0.434305 -0.112473 0.343512 0.491702 -0.105947 0.354328 0.473107 0.0637104 0.153445 0.517334 0.081088 0.160615 0.505006 0.081088 0.224784 0.542332 0.0637104 0.217613 0.554659 0.081088 0.291492 0.581134 0.0637104 0.284321 0.593461 -0.0953497 0.23342 0.379842 -0.0953497 0.297589 0.417167 -0.0953497 0.364297 0.455969 0.0438844 0.148116 0.526494 0.0438845 0.212285 0.563819 0.0438845 0.278993 0.602622 0.0223718 0.257938 0.337692 -1.56218e-07 0.259045 0.335787 -1.49383e-07 0.323214 0.373113 0.0223718 0.322106 0.375017 -1.49383e-07 0.389922 0.411915 0.0223718 0.388814 0.41382 -0.0810882 0.242157 0.364821 -0.0810882 0.306326 0.402146 -0.0810882 0.373034 0.440948 0.022372 0.144835 0.532135 0.022372 0.209004 0.56946 0.022372 0.275712 0.608262 0.0438842 0.254656 0.343333 0.0438843 0.318825 0.380658 0.0438843 0.385533 0.41946 -0.0637106 0.249328 0.352493 -0.0637106 0.313497 0.389818 -0.0637106 0.380205 0.428621 -1.15207e-07 0.143727 0.53404 -1.15207e-07 0.207896 0.571365 -1.15207e-07 0.274604 0.610167 0.0637102 0.249328 0.352493 0.0637102 0.313497 0.389818 0.0637102 0.380205 0.428621 -0.0438847 0.254656 0.343333 -0.0438847 0.318825 0.380658 -0.0438847 0.385533 0.41946 -0.0223723 0.144835 0.532135 -1.15207e-07 0.143727 0.53404 -1.15207e-07 0.207896 0.571365 -0.0223723 0.209004 0.56946 -1.15207e-07 0.274604 0.610167 -0.0223723 0.275712 0.608262 0.0810878 0.242158 0.364821 0.0810878 0.306326 0.402146 0.0810878 0.373034 0.440948 -0.0223723 0.257937 0.337692 -0.0223723 0.322106 0.375017 -0.0223723 0.388814 0.41382 -0.0438847 0.148116 0.526494 -0.0438847 0.212285 0.563819 -0.0438847 0.278993 0.602622 0.0953493 0.23342 0.379842 0.0953493 0.297589 0.417167 0.0953493 0.364297 0.455969 -1.56218e-07 0.259045 0.335787 -1.49383e-07 0.323214 0.373113 -1.49383e-07 0.389922 0.411915 -0.0637106 0.153445 0.517334 -0.0637106 0.217613 0.554659 -0.0637106 0.284321 0.593461 0.105946 0.223452 0.39698 0.105946 0.28762 0.434305 0.105946 0.354328 0.473107 -0.0810882 0.160615 0.505006 -0.0810882 0.224784 0.542332 -0.0810882 0.291492 0.581134 0.112472 0.212635 0.415575 0.112472 0.276804 0.4529 0.112472 0.343512 0.491702 -0.0953497 0.169353 0.489985 -0.0953497 0.233521 0.52731 -0.0953497 0.300229 0.566113 0.114676 0.201386 0.434914 0.114676 0.265555 0.472239 0.114676 0.332263 0.511041 -0.105947 0.179321 0.472848 -0.105947 0.24349 0.510173 -0.105947 0.310198 0.548975 0.112472 0.190138 0.454252 0.112472 0.254306 0.491577 0.112472 0.321014 0.530379 -0.112473 0.190138 0.454252 -0.112473 0.254306 0.491577 -0.112473 0.321014 0.53038 0.105947 0.179321 0.472847 0.105947 0.24349 0.510173 0.105947 0.310198 0.548975 -0.114676 0.201386 0.434914 -0.114676 0.265555 0.472239 -0.114676 0.332263 0.511041 0.0953494 0.169353 0.489985 0.0953494 0.233521 0.52731 0.0953494 0.300229 0.566113 -1.08371e-07 0.502139 0.731514 -0.0223723 0.502776 0.729404 -0.0637106 0.562893 0.530468 -0.0438847 0.565959 0.520323 0.0438843 0.565959 0.520323 0.0637102 0.562893 0.530467 0.0223721 0.502776 0.729404 -1.08371e-07 0.502139 0.731514 -0.0810882 0.558768 0.544119 0.0223718 0.567846 0.514077 0.0438845 0.504664 0.723158 -0.0953497 0.553741 0.560754 -1.49383e-07 0.568484 0.511967 0.0637104 0.507729 0.713013 -0.105947 0.548006 0.579732 0.081088 0.511855 0.699362 -0.112473 0.541783 0.600325 0.0953494 0.516882 0.682727 -0.114676 0.535311 0.62174 0.105947 0.522617 0.663749 -0.112473 0.52884 0.643156 0.112472 0.52884 0.643156 -0.105947 0.522617 0.663749 0.114676 0.535311 0.62174 -0.0953497 0.516882 0.682727 0.112472 0.541783 0.600325 -0.0810882 0.511855 0.699362 0.105946 0.548006 0.579732 -0.0637106 0.507729 0.713013 0.0953493 0.553741 0.560754 -0.0438847 0.504664 0.723158 -0.0223723 0.567846 0.514077 -1.49383e-07 0.568484 0.511967 0.0810878 0.558768 0.544119 -0.112473 0.598077 0.61128 -0.105947 0.599369 0.589807 0.0953494 0.592907 0.697208 0.081088 0.591863 0.714554 -0.114676 0.596734 0.633612 0.105947 0.594098 0.677417 -0.112473 0.59539 0.655944 0.112472 0.59539 0.655944 -0.105947 0.594098 0.677418 0.114676 0.596734 0.633612 -0.0953496 0.592907 0.697208 0.112472 0.598077 0.61128 -0.0810882 0.591863 0.714554 0.105946 0.599369 0.589807 -0.0637106 0.591007 0.72879 0.0953493 0.60056 0.570017 -0.0438847 0.59037 0.739368 -0.0223723 0.603489 0.521343 -1.49383e-07 0.603621 0.519143 0.0810878 0.601604 0.55267 -0.0223723 0.589979 0.745882 -0.0438847 0.603097 0.527857 0.0637102 0.602461 0.538435 -1.08371e-07 0.589846 0.748081 -0.0637106 0.602461 0.538435 0.0438842 0.603097 0.527857 0.022372 0.589978 0.745881 -1.08371e-07 0.589846 0.748081 -0.0810882 0.601604 0.552671 0.0223718 0.603489 0.521343 0.0438844 0.59037 0.739368 -0.0953496 0.60056 0.570017 -1.49383e-07 0.603621 0.519143 0.0637104 0.591007 0.72879 -0.105947 0.666803 0.674185 -0.112473 0.663094 0.652995 0.114676 0.659236 0.630958 0.112472 0.663094 0.652995 -0.0953496 0.670221 0.693714 0.112472 0.65538 0.608921 -0.0810882 0.673217 0.710832 0.105946 0.651671 0.58773 -0.0637106 0.675675 0.72488 0.0953492 0.648253 0.568201 -0.0438847 0.677502 0.735318 -0.0223723 0.639846 0.520169 -1.49383e-07 0.639466 0.517999 0.0810878 0.645257 0.551084 -0.0223723 0.678627 0.741746 -0.0438847 0.640971 0.526598 0.0637102 0.642798 0.537036 -1.08371e-07 0.679007 0.743917 -0.0637106 0.642798 0.537036 0.0438842 0.640971 0.526597 0.022372 0.678627 0.741746 -1.08371e-07 0.679007 0.743917 -0.0810882 0.645257 0.551084 0.0223718 0.639846 0.520169 0.0438844 0.677502 0.735318 -0.0953496 0.648253 0.568201 -1.49383e-07 0.639466 0.517999 0.0637104 0.675675 0.72488 -0.105947 0.651671 0.58773 0.081088 0.673217 0.710832 -0.112473 0.655379 0.608921 0.0953494 0.670221 0.693714 -0.114676 0.659236 0.630958 0.105947 0.666803 0.674185 -0.0637106 0.757145 0.701495 -0.0810882 0.751504 0.688397 0.0953492 0.694232 0.555406 0.105946 0.702074 0.573615 -0.0438847 0.761336 0.711228 -0.0223723 0.674946 0.51062 -1.49383e-07 0.674074 0.508597 0.0810878 0.687359 0.539445 -0.0223723 0.763917 0.717222 -0.0438847 0.677527 0.516614 0.0637102 0.681718 0.526347 -1.08371e-07 0.764789 0.719246 -0.0637106 0.681718 0.526347 0.0438842 0.677527 0.516614 0.022372 0.763917 0.717222 -1.08371e-07 0.764789 0.719246 -0.0810882 0.687359 0.539445 0.0223718 0.674946 0.51062 0.0438844 0.761336 0.711228 -0.0953496 0.694232 0.555406 -1.49383e-07 0.674074 0.508597 0.0637104 0.757145 0.701495 -0.105947 0.702074 0.573615 0.081088 0.751504 0.688397 -0.112473 0.710583 0.593373 0.0953494 0.744631 0.672436 -0.114676 0.719431 0.613921 0.105947 0.736789 0.654227 -0.112473 0.72828 0.634469 0.112472 0.72828 0.634469 -0.105947 0.736789 0.654227 0.114676 0.719431 0.613921 -0.0953496 0.744631 0.672436 0.112472 0.710583 0.593373 -1.08371e-07 0.842539 0.675406 -0.0223723 0.841223 0.673639 -0.0637106 0.717112 0.506947 -0.0438847 0.710783 0.498447 0.0438842 0.710783 0.498447 0.0637102 0.717112 0.506947 0.022372 0.841223 0.673639 -1.08371e-07 0.842539 0.675406 -0.0810882 0.725629 0.518386 0.0223718 0.706886 0.493213 0.0438844 0.837326 0.668405 -0.0953496 0.736007 0.532324 -1.49383e-07 0.70557 0.491446 0.0637104 0.830997 0.659905 -0.105947 0.747847 0.548227 0.081088 0.82248 0.648466 -0.112473 0.760694 0.565481 0.0953493 0.812103 0.634528 -0.114676 0.774055 0.583426 0.105947 0.800262 0.618625 -0.112473 0.787415 0.60137 0.112472 0.787415 0.60137 -0.105947 0.800263 0.618625 0.114676 0.774055 0.583426 -0.0953496 0.812103 0.634528 0.112472 0.760694 0.565481 -0.0810882 0.822481 0.648466 0.105946 0.747847 0.548226 -0.0637106 0.830997 0.659905 0.0953492 0.736006 0.532324 -0.0438847 0.837326 0.668405 -0.0223723 0.706886 0.493213 -1.49383e-07 0.70557 0.491446 0.0810878 0.725628 0.518386 0.0637104 0.893231 0.602363 0.0438844 0.901353 0.609169 -0.105947 0.786507 0.512941 -0.0953496 0.771311 0.500208 0.0810879 0.882299 0.593204 -0.112473 0.802997 0.526757 0.0953493 0.868979 0.582043 -0.114676 0.820145 0.541126 0.105947 0.853783 0.56931 -0.112473 0.837293 0.555494 0.112472 0.837293 0.555494 -0.105947 0.853783 0.56931 0.114676 0.820145 0.541125 -0.0953496 0.868979 0.582043 0.112472 0.802997 0.526757 -0.0810882 0.882299 0.593204 0.105946 0.786507 0.512941 -0.0637106 0.893231 0.602363 0.0953492 0.771311 0.500208 -0.0438847 0.901353 0.609169 -0.0223723 0.733935 0.468891 -1.49383e-07 0.732246 0.467476 0.0810878 0.757991 0.489047 -0.0223723 0.906355 0.61336 -0.0438847 0.738937 0.473082 0.0637102 0.747059 0.479888 -1.08371e-07 0.908044 0.614775 -0.0637106 0.747059 0.479888 0.0438842 0.738937 0.473082 0.022372 0.906355 0.61336 -1.08371e-07 0.908044 0.614775 -0.0810882 0.757991 0.489047 0.0223718 0.733935 0.468891 -1.49383e-07 0.732246 0.467476 0.105947 0.894447 0.508955 0.0953493 0.912176 0.517828 -0.112473 0.87521 0.499326 -0.114676 0.855204 0.489313 0.112472 0.87521 0.499326 -0.105947 0.894447 0.508955 0.114676 0.855204 0.489313 -0.0953496 0.912176 0.517828 0.112472 0.835197 0.4793 -0.0810882 0.927716 0.525606 0.105946 0.81596 0.469671 -0.0637106 0.94047 0.531989 0.0953492 0.798231 0.460798 -0.0438847 0.949946 0.536732 -0.0223723 0.754625 0.438973 -1.49383e-07 0.752655 0.437987 0.0810878 0.782691 0.45302 -0.0223723 0.955782 0.539653 -0.0438847 0.760461 0.441894 0.0637102 0.769938 0.446637 -1.08371e-07 0.957752 0.540639 -0.0637106 0.769938 0.446637 0.0438842 0.760461 0.441894 0.022372 0.955782 0.539653 -1.08371e-07 0.957752 0.540639 -0.0810882 0.782691 0.45302 0.0223718 0.754625 0.438973 0.0438844 0.949946 0.536732 -0.0953496 0.798231 0.460798 -1.49383e-07 0.752655 0.437987 0.0637104 0.94047 0.531989 -0.105947 0.81596 0.469671 0.0810879 0.927716 0.525606 -0.112473 0.835197 0.4793 0.112472 0.85555 0.425682 0.114676 0.87733 0.430797 -0.0810882 0.95627 0.449337 -0.0953496 0.939353 0.445364 0.105946 0.834608 0.420763 -0.0637106 0.970154 0.452598 0.0953492 0.815307 0.41623 -0.0438847 0.98047 0.455021 -0.0223723 0.767837 0.405081 -1.49383e-07 0.765692 0.404578 0.0810878 0.79839 0.412257 -0.0223723 0.986823 0.456513 -0.0438847 0.77419 0.406573 0.0637102 0.784506 0.408996 -1.08371e-07 0.988968 0.457017 -0.0637106 0.784506 0.408996 0.0438842 0.77419 0.406574 0.022372 0.986823 0.456513 -1.08371e-07 0.988968 0.457017 -0.0810882 0.79839 0.412257 0.0223718 0.767837 0.405081 0.0438844 0.98047 0.455021 -0.0953496 0.815307 0.41623 -1.49383e-07 0.765692 0.404578 0.0637104 0.970154 0.452598 -0.105947 0.834608 0.420763 0.0810879 0.95627 0.449338 -0.112473 0.85555 0.425682 0.0953493 0.939353 0.445364 -0.114676 0.87733 0.430797 0.105947 0.920052 0.440831 -0.112473 0.899109 0.435913 0.112472 0.89911 0.435912 -0.105947 0.920052 0.440831 0.0810878 0.804237 0.368969 0.0953492 0.821614 0.368922 -0.0223723 0.997797 0.368449 -0.0438847 0.991271 0.368467 -0.0438847 0.779378 0.369036 -0.0223723 0.772853 0.369053 0.0637102 0.789975 0.369007 -1.08371e-07 1 0.368443 -0.0637106 0.789976 0.369007 0.0438842 0.779378 0.369036 0.022372 0.997797 0.368449 -1.08371e-07 1 0.368443 -0.0810882 0.804237 0.368969 0.0223718 0.772853 0.369053 0.0438844 0.991271 0.368467 -0.0953496 0.821614 0.368922 -1.49383e-07 0.770649 0.369059 0.0637103 0.980674 0.368495 -0.105947 0.84144 0.368869 0.0810879 0.966412 0.368533 -0.112473 0.862953 0.368811 0.0953493 0.949035 0.36858 -0.114676 0.885325 0.368751 0.105946 0.929209 0.368633 -0.112473 0.907697 0.368691 0.112472 0.907696 0.368691 -0.105947 0.929209 0.368633 0.114676 0.885324 0.368751 -0.0953496 0.949035 0.36858 0.112472 0.862952 0.368811 -0.0810882 0.966412 0.368533 0.105946 0.84144 0.368869 -0.0637106 0.980674 0.368495 -1.49383e-07 0.770649 0.369059 0.022372 0.772853 2.18873e-07 0.0438842 0.779378 -2.64608e-07 0.0438844 0.991271 2.28673e-08 0.022372 0.997797 -1.73138e-07 -0.0953495 0.821614 -6.8602e-08 -0.0810881 0.804236 1.63338e-08 -1.49383e-07 0.770649 -1.53538e-07 0.0637103 0.980674 6.20685e-08 -0.105947 0.84144 -1.2087e-07 0.0810879 0.966412 -1.33937e-07 -0.112473 0.862952 1.0127e-07 0.0953493 0.949035 1.27404e-07 -0.114676 0.885324 -1.47004e-07 0.105946 0.929209 -1.86205e-07 -0.112472 0.907696 1.53538e-07 0.112472 0.907696 -1.73138e-07 -0.105947 0.929209 -1.86205e-07 0.114676 0.885324 7.51355e-08 -0.0953496 0.949035 -1.2087e-07 0.112472 0.862952 -1.2087e-07 -0.0810882 0.966412 1.27404e-07 0.105946 0.84144 -1.33937e-07 -0.0637106 0.980674 6.20685e-08 0.0953492 0.821614 2.28673e-08 -0.0438847 0.991271 -8.1669e-08 -0.0223723 0.772853 -2.71141e-07 -1.49383e-07 0.770649 -1.53538e-07 0.0810878 0.804236 2.28673e-08 -0.0223723 0.997797 -1.47004e-07 -0.0438845 0.779378 2.18873e-07 0.0637102 0.789975 -1.33937e-07 -1.82136e-07 1 -4.24679e-08 -0.0637104 0.789975 1.2087e-07 -1.82136e-07 1 -4.24679e-08 -0.112473 0.173285 0.444449 -0.105947 0.1613 0.462365 -0.0223723 0.123311 0.519615 -1.34034e-07 0.12226 0.521553 -0.0637106 0.132916 0.505393 -0.0438847 0.127057 0.514244 0.114676 0.18581 0.425853 0.112472 0.19799 0.407056 0.0637102 0.238328 0.346095 0.0438842 0.244248 0.337279 0.0810878 0.230406 0.357985 0.112472 0.173285 0.444449 -0.112473 0.19799 0.407056 -0.114676 0.18581 0.425853 0.0953494 0.150542 0.479043 0.105947 0.1613 0.462365 0.022372 0.123311 0.519615 0.0438844 0.127057 0.514244 -0.0953497 0.150542 0.479043 -1.34138e-07 0.239571 0.318598 -0.0234456 0.238096 0.319908 -0.0223723 0.247977 0.331898 -1.3613e-07 0.236327 0.322573 -1.34034e-07 0.12226 0.521553 0.0953493 0.221 0.372617 0.0223718 0.247977 0.331898 0.0637104 0.132916 0.505393 0.081088 0.141002 0.493597 -0.0953497 0.221 0.372617 -0.105947 0.209943 0.389122 0.105946 0.209943 0.389122 -0.0810882 0.141001 0.493598 -0.0438847 0.244248 0.337279 -0.0637106 0.238328 0.346095 0.0234452 0.238096 0.319908 -1.34138e-07 0.239571 0.318598 -1.3613e-07 0.236327 0.322573 -0.0810882 0.230406 0.357985 -0.0849785 0.112547 0.481546 -0.0999242 0.123664 0.466944 -1.69321e-07 0.164805 0.41365 -0.0667672 0.1028 0.493167 0.0849781 0.21719 0.345796 0.0999238 0.2064 0.360588 -1.69321e-07 0.164805 0.41365 0.0459897 0.233566 0.325184 0.0667668 0.226537 0.333943 -0.0234456 0.238096 0.319908 -1.34138e-07 0.239571 0.318598 0.120177 0.165127 0.413821 0.117868 0.150224 0.432276 0.0234452 0.238096 0.319908 0.117868 0.179189 0.394877 -0.0667673 0.226537 0.333943 -0.0459901 0.233566 0.325184 -0.0999242 0.2064 0.360588 -0.0849785 0.21719 0.345797 -1.34138e-07 0.239571 0.318598 0.111029 0.193297 0.377003 -0.11103 0.193297 0.377003 -0.117869 0.179188 0.394878 0.111029 0.136037 0.450105 0.0999239 0.123664 0.466944 0.0459899 0.0959194 0.502012 0.0234454 0.0913468 0.507264 -0.120178 0.165127 0.413822 -1.5821e-07 0.0903256 0.509341 -0.11103 0.136037 0.450105 -0.117869 0.150224 0.432276 0.0849783 0.112547 0.481546 -1.5821e-07 0.0903256 0.509341 -0.0234456 0.0913468 0.507264 0.066767 0.1028 0.493167 -0.0459901 0.0959194 0.502012 -0.0459901 0.233566 0.325184 -0.0849785 0.21719 0.345797 -0.0999242 0.2064 0.360588 -0.0667673 0.226537 0.333943 -0.0849785 0.112547 0.481546 -0.0667672 0.1028 0.493167 -0.0999242 0.123664 0.466944 -0.0459901 0.0959194 0.502012 -0.0234456 0.0913468 0.507264 0.0459899 0.0959194 0.502012 0.066767 0.1028 0.493167 0.117868 0.179189 0.394877 0.111029 0.193297 0.377003 0.0849783 0.112547 0.481546 0.0999239 0.123664 0.466944 0.0999238 0.2064 0.360588 -0.11103 0.193297 0.377003 -0.117869 0.179188 0.394878 -0.120178 0.165127 0.413822 -0.117869 0.150224 0.432276 0.0459897 0.233566 0.325184 0.111029 0.136037 0.450105 0.117868 0.150224 0.432276 0.0849781 0.21719 0.345796 -1.5821e-07 0.0903256 0.509341 0.0234454 0.0913468 0.507264 -0.11103 0.136037 0.450105 0.120177 0.165127 0.413821 0.0667668 0.226537 0.333943 -1.5821e-07 0.0903256 0.509341 -0.0810883 0.36199 -0.62214 -0.0953497 0.370727 -0.607119 -0.0953497 0.446265 -0.651058 -0.0810883 0.437528 -0.666079 0.112472 0.41401 -0.532709 0.114676 0.402761 -0.552048 0.114676 0.478299 -0.595986 0.112472 0.489548 -0.576648 -0.105947 0.380696 -0.589982 -0.105947 0.456234 -0.63392 0.112472 0.391512 -0.571386 0.112472 0.46705 -0.615325 -0.112473 0.391512 -0.571386 -0.112473 0.46705 -0.615325 0.105947 0.380696 -0.589982 0.105947 0.456234 -0.63392 -0.114676 0.402761 -0.552048 -0.114676 0.478299 -0.595986 0.0953493 0.370727 -0.607119 0.0953493 0.446265 -0.651058 -0.112473 0.41401 -0.532709 -0.112473 0.489548 -0.576648 0.0810879 0.36199 -0.62214 0.0810879 0.437528 -0.666079 -0.105947 0.424826 -0.514114 -0.105947 0.500364 -0.558052 0.0637103 0.354819 -0.634468 0.0637103 0.430357 -0.678407 -0.0953496 0.434795 -0.496976 -0.0953496 0.510333 -0.540915 0.0438843 0.349491 -0.643628 0.0438843 0.425029 -0.687567 -1.79485e-07 0.46042 -0.452922 0.022372 0.459312 -0.454826 0.022372 0.53485 -0.498765 -1.83326e-07 0.535958 -0.49686 -0.0810882 0.443532 -0.481955 -0.0810882 0.51907 -0.525893 0.0223719 0.34621 -0.649269 0.0223719 0.421748 -0.693208 0.0438844 0.456031 -0.460467 0.0438844 0.531569 -0.504406 -0.0637105 0.450703 -0.469627 -0.0637106 0.526241 -0.513566 -2.37828e-07 0.345102 -0.651174 -2.41669e-07 0.42064 -0.695112 0.0637103 0.450703 -0.469627 0.0637103 0.526241 -0.513566 -0.0438846 0.456031 -0.460467 -0.0438846 0.531569 -0.504406 -2.37828e-07 0.345102 -0.651174 -0.0223724 0.34621 -0.649269 -0.0223724 0.421748 -0.693208 -2.41669e-07 0.42064 -0.695112 0.0810879 0.443532 -0.481955 0.0810879 0.51907 -0.525894 -0.0223722 0.459312 -0.454826 -0.0223722 0.53485 -0.498765 -0.0438848 0.349491 -0.643628 -0.0438848 0.425029 -0.687567 0.0953493 0.434795 -0.496976 0.0953493 0.510333 -0.540915 -1.79485e-07 0.46042 -0.452922 -1.83326e-07 0.535958 -0.49686 -0.0637107 0.354819 -0.634468 -0.0637107 0.430357 -0.678407 0.105947 0.424826 -0.514114 0.105947 0.500364 -0.558052 0.105947 0.223451 -0.39698 0.112472 0.212635 -0.415575 0.112472 0.276804 -0.4529 0.105947 0.28762 -0.434305 0.112472 0.343512 -0.491702 0.105947 0.354328 -0.473107 -0.0637107 0.153445 -0.517334 -0.0810883 0.160615 -0.505006 -0.0810883 0.224784 -0.542331 -0.0637107 0.217613 -0.554659 -0.0810883 0.291492 -0.581134 -0.0637107 0.284321 -0.593461 0.0953493 0.23342 -0.379842 0.0953493 0.297589 -0.417167 0.0953493 0.364297 -0.455969 -0.0438848 0.148116 -0.526494 -0.0438848 0.212285 -0.563819 -0.0438848 0.278993 -0.602622 -0.0223721 0.257937 -0.337692 -1.6241e-07 0.259045 -0.335787 -1.72508e-07 0.323214 -0.373113 -0.0223722 0.322106 -0.375017 -1.759e-07 0.389922 -0.411915 -0.0223722 0.388814 -0.413819 0.0810879 0.242157 -0.364821 0.0810879 0.306326 -0.402146 0.0810879 0.373034 -0.440948 -0.0223724 0.144835 -0.532135 -0.0223724 0.209004 -0.56946 -0.0223724 0.275712 -0.608262 -0.0438846 0.254656 -0.343333 -0.0438846 0.318825 -0.380658 -0.0438846 0.385533 -0.41946 0.0637103 0.249328 -0.352493 0.0637103 0.313497 -0.389818 0.0637103 0.380205 -0.428621 -2.20753e-07 0.143727 -0.53404 -2.24016e-07 0.207896 -0.571365 -2.27408e-07 0.274604 -0.610167 -0.0637105 0.249328 -0.352493 -0.0637105 0.313497 -0.389818 -0.0637105 0.380205 -0.428621 0.0438844 0.254656 -0.343333 0.0438844 0.318825 -0.380658 0.0438844 0.385533 -0.41946 0.0223719 0.144835 -0.532135 -2.20753e-07 0.143727 -0.53404 -2.24016e-07 0.207896 -0.571365 0.0223719 0.209004 -0.56946 -2.27408e-07 0.274604 -0.610167 0.0223719 0.275712 -0.608262 -0.0810881 0.242157 -0.364821 -0.0810882 0.306326 -0.402146 -0.0810882 0.373034 -0.440948 0.022372 0.257937 -0.337692 0.022372 0.322106 -0.375017 0.022372 0.388814 -0.41382 0.0438844 0.148116 -0.526494 0.0438843 0.212285 -0.563819 0.0438843 0.278993 -0.602622 -0.0953496 0.23342 -0.379842 -0.0953496 0.297589 -0.417167 -0.0953496 0.364297 -0.455969 -1.6241e-07 0.259045 -0.335787 -1.72508e-07 0.323214 -0.373113 -1.759e-07 0.389922 -0.411915 0.0637103 0.153445 -0.517334 0.0637103 0.217613 -0.554659 0.0637103 0.284321 -0.593461 -0.105947 0.223452 -0.396979 -0.105947 0.28762 -0.434305 -0.105947 0.354328 -0.473107 0.0810879 0.160615 -0.505006 0.0810879 0.224784 -0.542331 0.0810879 0.291492 -0.581134 -0.112473 0.212635 -0.415575 -0.112473 0.276804 -0.4529 -0.112473 0.343512 -0.491702 0.0953493 0.169353 -0.489985 0.0953493 0.233521 -0.52731 0.0953493 0.300229 -0.566113 -0.114676 0.201386 -0.434913 -0.114676 0.265555 -0.472239 -0.114676 0.332263 -0.511041 0.105947 0.179321 -0.472847 0.105947 0.24349 -0.510173 0.105947 0.310198 -0.548975 -0.112473 0.190138 -0.454252 -0.112473 0.254306 -0.491577 -0.112473 0.321014 -0.530379 0.112472 0.190138 -0.454252 0.112472 0.254306 -0.491577 0.112472 0.321014 -0.53038 -0.105947 0.179321 -0.472847 -0.105947 0.24349 -0.510173 -0.105947 0.310198 -0.548975 0.114676 0.201386 -0.434913 0.114676 0.265555 -0.472239 0.114676 0.332263 -0.511041 -0.0953497 0.169353 -0.489985 -0.0953497 0.233521 -0.52731 -0.0953497 0.300229 -0.566113 -2.44852e-07 0.502139 -0.731514 0.0223719 0.502776 -0.729404 0.0637103 0.562893 -0.530468 0.0438844 0.565959 -0.520323 -0.0438846 0.565958 -0.520323 -0.0637105 0.562893 -0.530467 -0.0223724 0.502776 -0.729404 -2.44852e-07 0.502139 -0.731514 0.0810879 0.558768 -0.544119 -0.0223722 0.567846 -0.514077 -0.0438848 0.504664 -0.723158 0.0953493 0.553741 -0.560754 -1.84647e-07 0.568484 -0.511967 -0.0637107 0.507729 -0.713014 0.105946 0.548006 -0.579732 -0.0810883 0.511855 -0.699362 0.112472 0.541783 -0.600325 -0.0953497 0.516881 -0.682727 0.114676 0.535311 -0.621741 -0.105947 0.522617 -0.663749 0.112472 0.52884 -0.643156 -0.112473 0.52884 -0.643156 0.105947 0.522617 -0.663749 -0.114676 0.535311 -0.62174 0.0953493 0.516881 -0.682727 -0.112473 0.541783 -0.600325 0.0810879 0.511855 -0.699362 -0.105947 0.548006 -0.579732 0.0637103 0.507729 -0.713014 -0.0953496 0.553741 -0.560754 0.0438843 0.504664 -0.723158 0.022372 0.567846 -0.514077 -1.84647e-07 0.568484 -0.511967 -0.0810882 0.558768 -0.544119 0.112472 0.598077 -0.61128 0.105946 0.599369 -0.589807 -0.0953497 0.592907 -0.697208 -0.0810883 0.591863 -0.714554 0.114676 0.596734 -0.633612 -0.105947 0.594098 -0.677417 0.112472 0.59539 -0.655944 -0.112473 0.59539 -0.655944 0.105946 0.594098 -0.677418 -0.114676 0.596734 -0.633612 0.0953493 0.592907 -0.697208 -0.112473 0.598077 -0.61128 0.0810879 0.591863 -0.714554 -0.105947 0.599369 -0.589807 0.0637103 0.591007 -0.72879 -0.0953496 0.60056 -0.570017 0.0438843 0.59037 -0.739368 0.022372 0.603489 -0.521343 -1.85274e-07 0.603621 -0.519143 -0.0810881 0.601604 -0.55267 0.0223719 0.589978 -0.745882 0.0438844 0.603097 -0.527857 -0.0637105 0.60246 -0.538435 -2.463e-07 0.589846 -0.748081 0.0637103 0.60246 -0.538435 -0.0438846 0.603097 -0.527857 -0.0223724 0.589978 -0.745882 -2.463e-07 0.589846 -0.748081 0.0810879 0.601604 -0.552671 -0.0223722 0.603489 -0.521343 -0.0438848 0.59037 -0.739368 0.0953493 0.60056 -0.570017 -1.85274e-07 0.603621 -0.519143 -0.0637107 0.591007 -0.72879 0.105946 0.666802 -0.674185 0.112472 0.663094 -0.652995 -0.114676 0.659236 -0.630958 -0.112473 0.663094 -0.652995 0.0953493 0.67022 -0.693714 -0.112473 0.655379 -0.608921 0.0810879 0.673216 -0.710832 -0.105947 0.651671 -0.58773 0.0637103 0.675675 -0.72488 -0.0953496 0.648252 -0.568201 0.0438843 0.677502 -0.735318 0.022372 0.639846 -0.52017 -1.85174e-07 0.639466 -0.517999 -0.0810881 0.645256 -0.551084 0.0223719 0.678627 -0.741746 0.0438844 0.640971 -0.526598 -0.0637105 0.642798 -0.537036 -2.45936e-07 0.679007 -0.743917 0.0637103 0.642798 -0.537036 -0.0438846 0.640971 -0.526598 -0.0223724 0.678627 -0.741746 -2.45936e-07 0.679007 -0.743917 0.0810879 0.645256 -0.551084 -0.0223722 0.639846 -0.52017 -0.0438848 0.677502 -0.735318 0.0953493 0.648252 -0.568201 -1.85174e-07 0.639466 -0.517999 -0.0637107 0.675675 -0.72488 0.105946 0.651671 -0.58773 -0.0810883 0.673216 -0.710832 0.112472 0.655379 -0.608921 -0.0953497 0.67022 -0.693714 0.114676 0.659236 -0.630958 -0.105947 0.666802 -0.674185 0.0637103 0.757144 -0.701496 0.0810879 0.751504 -0.688397 -0.0953496 0.694232 -0.555406 -0.105947 0.702074 -0.573615 0.0438843 0.761336 -0.711228 0.022372 0.674946 -0.51062 -1.84352e-07 0.674074 -0.508597 -0.0810881 0.687359 -0.539445 0.0223719 0.763917 -0.717222 0.0438844 0.677527 -0.516614 -0.0637105 0.681718 -0.526347 -2.43779e-07 0.764788 -0.719246 0.0637103 0.681718 -0.526347 -0.0438846 0.677527 -0.516614 -0.0223724 0.763917 -0.717222 -2.43779e-07 0.764788 -0.719246 0.0810879 0.687359 -0.539446 -0.0223722 0.674946 -0.51062 -0.0438848 0.761336 -0.711228 0.0953493 0.694232 -0.555406 -1.84352e-07 0.674074 -0.508597 -0.0637107 0.757144 -0.701495 0.105946 0.702074 -0.573615 -0.0810883 0.751504 -0.688397 0.112472 0.710582 -0.593373 -0.0953497 0.74463 -0.672436 0.114676 0.719431 -0.613921 -0.105947 0.736789 -0.654227 0.112472 0.72828 -0.634469 -0.112473 0.72828 -0.634469 0.105946 0.736789 -0.654227 -0.114676 0.719431 -0.613921 0.0953493 0.74463 -0.672436 -0.112473 0.710583 -0.593373 -2.39947e-07 0.842539 -0.675407 0.0223719 0.841223 -0.673639 0.0637103 0.717112 -0.506947 0.0438844 0.710783 -0.498447 -0.0438846 0.710783 -0.498447 -0.0637105 0.717112 -0.506947 -0.0223724 0.841223 -0.673639 -2.39947e-07 0.842539 -0.675407 0.0810879 0.725628 -0.518386 -0.0223722 0.706886 -0.493213 -0.0438848 0.837326 -0.668405 0.0953493 0.736006 -0.532324 -1.82853e-07 0.70557 -0.491446 -0.0637107 0.830997 -0.659905 0.105946 0.747847 -0.548227 -0.0810883 0.82248 -0.648466 0.112472 0.760694 -0.565482 -0.0953497 0.812102 -0.634528 0.114676 0.774054 -0.583426 -0.105947 0.800262 -0.618625 0.112472 0.787415 -0.60137 -0.112473 0.787415 -0.60137 0.105946 0.800262 -0.618626 -0.114676 0.774054 -0.583426 0.0953493 0.812102 -0.634528 -0.112473 0.760694 -0.565482 0.0810879 0.82248 -0.648466 -0.105947 0.747847 -0.548227 0.0637103 0.830997 -0.659905 -0.0953496 0.736006 -0.532324 0.0438843 0.837326 -0.668405 0.022372 0.706886 -0.493213 -1.82853e-07 0.70557 -0.491446 -0.0810881 0.725628 -0.518386 -0.0637107 0.89323 -0.602363 -0.0438848 0.901353 -0.609169 0.105946 0.786507 -0.512941 0.0953493 0.771311 -0.500208 -0.0810883 0.882299 -0.593204 0.112472 0.802996 -0.526757 -0.0953497 0.868979 -0.582043 0.114676 0.820145 -0.541126 -0.105947 0.853782 -0.56931 0.112472 0.837293 -0.555494 -0.112473 0.837293 -0.555494 0.105946 0.853782 -0.56931 -0.114676 0.820145 -0.541125 0.0953493 0.868979 -0.582043 -0.112473 0.802996 -0.526757 0.0810878 0.882299 -0.593204 -0.105947 0.786507 -0.512941 0.0637103 0.89323 -0.602363 -0.0953495 0.771311 -0.500208 0.0438843 0.901353 -0.609169 0.022372 0.733935 -0.468891 -1.80757e-07 0.732246 -0.467476 -0.0810881 0.757991 -0.489047 0.0223719 0.906355 -0.61336 0.0438843 0.738937 -0.473082 -0.0637105 0.747059 -0.479888 -2.34646e-07 0.908044 -0.614775 0.0637103 0.747059 -0.479888 -0.0438846 0.738936 -0.473082 -0.0223724 0.906355 -0.61336 -2.34646e-07 0.908044 -0.614775 0.0810879 0.757991 -0.489047 -0.0223722 0.733935 -0.468891 -1.80757e-07 0.732246 -0.467476 -0.105947 0.894447 -0.508955 -0.0953497 0.912176 -0.517828 0.112472 0.87521 -0.499326 0.114676 0.855204 -0.489313 -0.112473 0.87521 -0.499326 0.105946 0.894447 -0.508955 -0.114676 0.855204 -0.489313 0.0953493 0.912176 -0.517828 -0.112473 0.835197 -0.4793 0.0810878 0.927716 -0.525606 -0.105947 0.81596 -0.469671 0.0637103 0.940469 -0.531989 -0.0953495 0.798231 -0.460798 0.0438843 0.949946 -0.536732 0.022372 0.754625 -0.438973 -1.78179e-07 0.752655 -0.437987 -0.0810881 0.782691 -0.45302 0.0223719 0.955782 -0.539653 0.0438844 0.760461 -0.441894 -0.0637105 0.769937 -0.446637 -2.28165e-07 0.957752 -0.540639 0.0637103 0.769938 -0.446637 -0.0438846 0.760461 -0.441894 -0.0223724 0.955782 -0.539653 -2.28165e-07 0.957752 -0.540639 0.0810879 0.782691 -0.45302 -0.0223721 0.754625 -0.438973 -0.0438848 0.949946 -0.536732 0.0953493 0.798231 -0.460798 -1.78179e-07 0.752655 -0.437987 -0.0637107 0.940469 -0.531989 0.105946 0.81596 -0.469671 -0.0810883 0.927716 -0.525606 0.112472 0.835197 -0.4793 -0.112472 0.85555 -0.425682 -0.114676 0.87733 -0.430797 0.0810878 0.95627 -0.449338 0.0953493 0.939353 -0.445364 -0.105947 0.834608 -0.420763 0.0637102 0.970154 -0.452598 -0.0953495 0.815307 -0.41623 0.0438843 0.98047 -0.455021 0.022372 0.767837 -0.405081 -1.75259e-07 0.765692 -0.404578 -0.0810881 0.79839 -0.412257 0.0223719 0.986823 -0.456513 0.0438844 0.77419 -0.406573 -0.0637105 0.784506 -0.408996 -2.20854e-07 0.988968 -0.457017 0.0637103 0.784506 -0.408996 -0.0438845 0.77419 -0.406574 -0.0223724 0.986823 -0.456513 -2.20854e-07 0.988968 -0.457017 0.0810879 0.79839 -0.412257 -0.0223721 0.767837 -0.405081 -0.0438848 0.98047 -0.455021 0.0953493 0.815307 -0.41623 -1.75259e-07 0.765692 -0.404578 -0.0637107 0.970154 -0.452598 0.105946 0.834608 -0.420763 -0.0810883 0.95627 -0.449338 0.112472 0.85555 -0.425682 -0.0953496 0.939353 -0.445364 0.114676 0.87733 -0.430798 -0.105947 0.920052 -0.440831 0.112472 0.899109 -0.435913 -0.112473 0.899109 -0.435912 0.105946 0.920052 -0.440831 -0.0810881 0.804237 -0.368969 -0.0953495 0.821614 -0.368922 0.0223719 0.997797 -0.368449 0.0438843 0.991271 -0.368467 0.0438844 0.779378 -0.369036 0.022372 0.772853 -0.369053 -0.0637105 0.789975 -0.369007 -2.13111e-07 1 -0.368443 0.0637103 0.789976 -0.369007 -0.0438845 0.779378 -0.369036 -0.0223724 0.997797 -0.368449 -2.13111e-07 1 -0.368443 0.0810879 0.804237 -0.368969 -0.0223721 0.772853 -0.369053 -0.0438847 0.991271 -0.368467 0.0953493 0.821614 -0.368922 -1.72154e-07 0.770649 -0.369059 -0.0637107 0.980674 -0.368495 0.105946 0.84144 -0.368869 -0.0810882 0.966412 -0.368533 0.112472 0.862952 -0.368811 -0.0953496 0.949035 -0.36858 0.114676 0.885325 -0.368751 -0.105947 0.929209 -0.368633 0.112472 0.907697 -0.368691 -0.112473 0.907696 -0.368691 0.105946 0.929209 -0.368633 -0.114676 0.885324 -0.368751 0.0953493 0.949035 -0.36858 -0.112472 0.862952 -0.368811 0.0810879 0.966412 -0.368533 -0.105947 0.84144 -0.368869 0.0637102 0.980674 -0.368495 -1.72154e-07 0.770649 -0.369059 0.112472 0.173285 -0.444449 0.105947 0.1613 -0.462365 0.0223719 0.123311 -0.519615 -2.00833e-07 0.12226 -0.521553 0.0637103 0.132916 -0.505393 0.0438844 0.127056 -0.514244 -0.114676 0.18581 -0.425853 -0.112473 0.19799 -0.407056 -0.0637105 0.238328 -0.346094 -0.0438846 0.244248 -0.337279 -0.0810881 0.230406 -0.357985 -0.112473 0.173285 -0.444449 0.112472 0.19799 -0.407056 0.114676 0.18581 -0.425853 -0.0953497 0.150542 -0.479043 -0.105947 0.1613 -0.462365 -0.0223724 0.123311 -0.519615 -0.0438848 0.127057 -0.514244 0.0953493 0.150542 -0.479043 -1.82987e-07 0.239571 -0.318598 0.0234453 0.238096 -0.319908 0.022372 0.247977 -0.331898 -1.81342e-07 0.236327 -0.322573 -2.00833e-07 0.12226 -0.521553 -0.0953496 0.221 -0.372617 -0.0223721 0.247977 -0.331898 -0.0637107 0.132916 -0.505393 -0.0810883 0.141001 -0.493597 0.0953493 0.221 -0.372617 0.105947 0.209943 -0.389122 -0.105947 0.209943 -0.389122 0.0810879 0.141001 -0.493597 0.0438844 0.244248 -0.337279 0.0637103 0.238328 -0.346095 -0.0234455 0.238096 -0.319908 -1.82987e-07 0.239571 -0.318598 -1.81342e-07 0.236327 -0.322573 0.0810879 0.230406 -0.357985 0.0849782 0.112547 -0.481546 0.0999239 0.123664 -0.466944 -1.56114e-07 0.164805 -0.41365 0.0667669 0.1028 -0.493167 -0.0849785 0.21719 -0.345796 -0.0999241 0.2064 -0.360588 -1.56114e-07 0.164805 -0.41365 -0.04599 0.233566 -0.325184 -0.0667671 0.226537 -0.333943 0.0234453 0.238096 -0.319908 -1.82987e-07 0.239571 -0.318598 -0.120178 0.165127 -0.413821 -0.117869 0.150224 -0.432276 -0.0234455 0.238096 -0.319908 -0.117869 0.179188 -0.394877 0.0667669 0.226537 -0.333943 0.0459898 0.233566 -0.325184 0.0999239 0.2064 -0.360588 0.0849782 0.21719 -0.345796 -1.82987e-07 0.239571 -0.318598 -0.11103 0.193297 -0.377003 0.111029 0.193297 -0.377003 0.117868 0.179188 -0.394877 -0.11103 0.136037 -0.450105 -0.0999242 0.123664 -0.466944 -0.0459902 0.0959193 -0.502012 -0.0234457 0.0913467 -0.507264 0.120177 0.165127 -0.413821 -1.75591e-07 0.0903255 -0.509341 0.111029 0.136037 -0.450105 0.117868 0.150223 -0.432276 -0.0849786 0.112547 -0.481546 -1.75591e-07 0.0903255 -0.509341 0.0234453 0.0913467 -0.507264 -0.0667673 0.1028 -0.493167 0.0459898 0.0959193 -0.502012 0.0459898 0.233566 -0.325184 0.0849782 0.21719 -0.345796 0.0999239 0.2064 -0.360588 0.0667669 0.226537 -0.333943 0.0849782 0.112547 -0.481546 0.0667669 0.1028 -0.493167 0.0999239 0.123664 -0.466944 0.0459898 0.0959193 -0.502012 0.0234453 0.0913467 -0.507264 -0.0459902 0.0959193 -0.502012 -0.0667673 0.1028 -0.493167 -0.117869 0.179188 -0.394877 -0.11103 0.193297 -0.377003 -0.0849786 0.112547 -0.481546 -0.0999242 0.123664 -0.466944 -0.0999241 0.2064 -0.360588 0.111029 0.193297 -0.377003 0.117868 0.179188 -0.394877 0.120177 0.165127 -0.413821 0.117868 0.150223 -0.432276 -0.04599 0.233566 -0.325184 -0.11103 0.136037 -0.450105 -0.117869 0.150224 -0.432276 -0.0849785 0.21719 -0.345796 -1.75591e-07 0.0903255 -0.509341 -0.0234457 0.0913467 -0.507264 0.111029 0.136037 -0.450105 -0.120178 0.165127 -0.413821 -0.0667671 0.226537 -0.333943 -1.75591e-07 0.0903255 -0.509341 </float_array>
          <technique_common>
            <accessor count="1194" offset="0" source="#meshId1-positions-array" stride="3">
              <param name="X" type="float" />
              <param name="Y" type="float" />
              <param name="Z" type="float" />
            </accessor>
          </technique_common>
        </source>
        <source id="meshId1-normals" name="meshId1-normals">
          <float_array id="meshId1-normals-array" count="3582"> 0.707107 -0.355533 0.611225 0.83147 -0.27934 0.480236 0.829432 -0.254951 0.497033 0.704755 -0.323723 0.631288 -0.980785 0.0980914 -0.168637 -1 2.32028e-08 2.4524e-08 -0.999995 -0.00129936 0.00294731 -0.981309 0.0883469 -0.170961 0.92388 -0.192413 0.330792 0.922442 -0.176273 0.343552 -0.980785 -0.098091 0.168636 -0.980081 -0.0906417 0.176708 0.980785 -0.0980908 0.168636 0.980081 -0.0906413 0.176708 -0.92388 -0.192413 0.330793 -0.922442 -0.176273 0.343553 1 4.0811e-07 -8.35046e-07 0.999995 -0.00129885 0.00294636 -0.831469 -0.279341 0.480237 -0.829432 -0.254952 0.497034 0.980785 0.0980917 -0.168637 0.981309 0.0883473 -0.170961 -0.707107 -0.355533 0.611225 -0.704754 -0.323724 0.631288 0.923879 0.192414 -0.330794 0.924685 0.174855 -0.338206 -0.55557 -0.418063 0.718725 -0.553289 -0.380027 0.741249 0.831469 0.279341 -0.480237 0.832309 0.254878 -0.492239 -0.382683 -0.464527 0.798604 -0.380877 -0.421784 0.822819 -6.02916e-07 0.5028 -0.864403 -0.195091 0.493139 -0.847794 -0.195183 0.453283 -0.869734 -6.32735e-07 0.462319 -0.886714 0.707106 0.355534 -0.611226 0.707796 0.325291 -0.627065 -0.19509 -0.493139 0.847794 -0.194092 -0.447463 0.872986 -0.382683 0.464527 -0.798604 -0.382924 0.426566 -0.819396 0.555569 0.418063 -0.718726 0.556027 0.383303 -0.737505 0 -0.5028 0.864403 4.7887e-09 -0.456128 0.889914 -0.55557 0.418063 -0.718725 -0.556028 0.383303 -0.737504 0.382682 0.464527 -0.798605 0.382923 0.426566 -0.819397 0 -0.5028 0.864403 0.19509 -0.493139 0.847794 0.194093 -0.447463 0.872986 4.7887e-09 -0.456128 0.889914 -0.707107 0.355533 -0.611225 -0.707796 0.325291 -0.627065 0.19509 0.493139 -0.847794 0.195182 0.453283 -0.869735 0.382685 -0.464526 0.798604 0.380878 -0.421784 0.822818 -0.83147 0.279341 -0.480236 -0.832309 0.254878 -0.492238 -6.02916e-07 0.5028 -0.864403 -6.32735e-07 0.462319 -0.886714 0.555571 -0.418063 0.718724 0.553289 -0.380027 0.741249 -0.92388 0.192413 -0.330793 -0.924685 0.174855 -0.338206 -0.92388 0.192413 -0.330793 -0.980785 0.0980914 -0.168637 -0.980785 0.0980914 -0.168637 -0.92388 0.192413 -0.330793 -0.980785 0.0980915 -0.168637 -0.92388 0.192413 -0.330793 0.55557 -0.418062 0.718725 0.707107 -0.355533 0.611225 0.707107 -0.355533 0.611225 0.555571 -0.418063 0.718725 0.707107 -0.355533 0.611225 0.555571 -0.418063 0.718725 -0.83147 0.279341 -0.480237 -0.83147 0.279341 -0.480236 -0.83147 0.279341 -0.480236 0.382685 -0.464526 0.798604 0.382685 -0.464526 0.798604 0.382685 -0.464526 0.798604 0.179386 0.538224 -0.82349 -6.78855e-07 0.588419 -0.808556 -5.95767e-07 0.5028 -0.864403 0.19509 0.493139 -0.847794 -5.88618e-07 0.5028 -0.864403 0.19509 0.493139 -0.847794 -0.707106 0.355533 -0.611225 -0.707107 0.355533 -0.611225 -0.707107 0.355533 -0.611225 0.19509 -0.493139 0.847793 0.19509 -0.493139 0.847794 0.19509 -0.493139 0.847794 0.382682 0.464527 -0.798605 0.382682 0.464527 -0.798605 0.382682 0.464527 -0.798605 -0.55557 0.418063 -0.718725 -0.55557 0.418063 -0.718725 -0.55557 0.418063 -0.718725 4.76614e-09 -0.5028 0.864403 -4.76614e-09 -0.5028 0.864403 -4.76614e-09 -0.5028 0.864403 0.555569 0.418063 -0.718726 0.555569 0.418063 -0.718726 0.555569 0.418063 -0.718726 -0.382683 0.464526 -0.798605 -0.382683 0.464527 -0.798604 -0.382683 0.464527 -0.798604 -0.19509 -0.493139 0.847794 4.76614e-09 -0.5028 0.864403 -4.76614e-09 -0.5028 0.864403 -0.19509 -0.493139 0.847794 -4.76614e-09 -0.5028 0.864403 -0.19509 -0.493139 0.847794 0.707106 0.355534 -0.611226 0.707106 0.355534 -0.611226 0.707106 0.355534 -0.611226 -0.179387 0.538222 -0.823491 -0.195091 0.493139 -0.847794 -0.195091 0.493139 -0.847794 -0.382683 -0.464527 0.798604 -0.382683 -0.464527 0.798604 -0.382683 -0.464527 0.798604 0.831469 0.279341 -0.480237 0.831469 0.279341 -0.480237 0.831469 0.279341 -0.480237 -6.78855e-07 0.588419 -0.808556 -5.95767e-07 0.5028 -0.864403 -5.88618e-07 0.5028 -0.864403 -0.55557 -0.418063 0.718724 -0.55557 -0.418063 0.718725 -0.55557 -0.418063 0.718725 0.923879 0.192414 -0.330794 0.923879 0.192414 -0.330794 0.923879 0.192414 -0.330794 -0.707107 -0.355533 0.611225 -0.707107 -0.355533 0.611225 -0.707107 -0.355533 0.611225 0.980785 0.0980918 -0.168637 0.980785 0.0980918 -0.168637 0.980785 0.0980918 -0.168637 -0.83147 -0.279341 0.480237 -0.83147 -0.279341 0.480237 -0.831469 -0.279341 0.480237 1 4.90066e-07 -8.42512e-07 1 5.55968e-07 -9.55808e-07 1 4.70853e-07 -8.785e-07 -0.92388 -0.192413 0.330793 -0.92388 -0.192413 0.330793 -0.92388 -0.192413 0.330793 0.980785 -0.0980907 0.168636 0.980785 -0.0980908 0.168636 0.980785 -0.0980909 0.168636 -0.980785 -0.0980912 0.168636 -0.980785 -0.0980912 0.168636 -0.980785 -0.0980911 0.168636 0.92388 -0.192413 0.330792 0.92388 -0.192413 0.330792 0.92388 -0.192413 0.330792 -1 2.51623e-08 -4.32586e-08 -1 1.79731e-08 -3.0899e-08 -1 1.19821e-08 -2.05993e-08 0.83147 -0.27934 0.480236 0.83147 -0.27934 0.480236 0.83147 -0.27934 0.480236 1.37757e-07 -0.298704 0.954346 -0.193704 -0.293102 0.936253 -0.558864 0.25723 -0.788355 -0.38519 0.287511 -0.876907 0.385189 0.287511 -0.876908 0.558863 0.25723 -0.788356 0.193706 -0.293102 0.936253 1.37757e-07 -0.298704 0.954346 -0.71069 0.217098 -0.66917 0.19644 0.306386 -0.931418 0.380122 -0.276493 0.882643 -0.834792 0.168987 -0.52399 -6.28828e-07 0.312803 -0.949818 0.552217 -0.249463 0.795503 -0.926423 0.114949 -0.358505 0.703469 -0.212967 0.678068 -0.982152 0.0571385 -0.179201 0.828098 -0.168296 0.534725 -0.999973 -0.00224767 0.00692481 0.921286 -0.117037 0.370856 -0.979367 -0.0610168 0.192658 0.979367 -0.0610166 0.192657 -0.921286 -0.117037 0.370856 0.999973 -0.00224744 0.00692424 -0.828097 -0.168297 0.534726 0.982152 0.0571387 -0.179202 -0.703468 -0.212968 0.678069 0.926423 0.11495 -0.358506 -0.552217 -0.249464 0.795503 0.834792 0.168987 -0.523991 -0.380121 -0.276494 0.882643 -0.196442 0.306386 -0.931417 -6.28828e-07 0.312803 -0.949818 0.71069 0.217098 -0.66917 -0.982152 0.0141483 -0.187557 -0.926424 0.0289267 -0.37537 0.828098 -0.0400761 0.55915 0.703469 -0.0503867 0.708938 -0.999974 -0.00058515 0.00725678 0.921286 -0.0281017 0.387868 -0.979367 -0.0148095 0.201546 0.979367 -0.0148096 0.201545 -0.921286 -0.0281016 0.387869 0.999974 -0.000585286 0.0072563 -0.828097 -0.0400757 0.559151 0.982152 0.0141484 -0.187558 -0.703467 -0.0503869 0.708939 0.926423 0.0289268 -0.375371 -0.552217 -0.0587368 0.831629 0.834792 0.0432301 -0.548866 -0.380121 -0.0648822 0.922658 -0.196442 0.0826848 -0.977023 -2.66775e-07 0.0846726 -0.996409 0.71069 0.0564638 -0.701236 -0.193704 -0.0686432 0.978656 -0.385191 0.0769267 -0.919625 0.558863 0.0679455 -0.826472 6.18696e-07 -0.0699098 0.997553 -0.558864 0.0679454 -0.826471 0.385189 0.076927 -0.919626 0.193706 -0.0686435 0.978655 6.18696e-07 -0.0699098 0.997553 -0.71069 0.0564638 -0.701236 0.19644 0.0826847 -0.977023 0.380122 -0.0648821 0.922658 -0.834792 0.0432302 -0.548866 -2.66775e-07 0.0846726 -0.996409 0.552217 -0.0587362 0.831629 -0.921286 0.0623574 0.383854 -0.979367 0.0322008 0.199508 0.999974 0.00110866 0.00719453 0.979367 0.0322006 0.199507 -0.828097 0.0903177 0.553261 0.982152 -0.029609 -0.185746 -0.703468 0.114926 0.701374 0.926423 -0.0586642 -0.371885 -0.552217 0.135175 0.822669 0.834792 -0.0848704 -0.543985 -0.380122 0.150247 0.912652 -0.196442 -0.145499 -0.96966 2.11991e-07 -0.148048 -0.98898 0.71069 -0.107232 -0.695285 -0.193705 0.159538 0.968001 -0.385192 -0.137827 -0.912486 0.558863 -0.125023 -0.819781 6.64615e-07 0.162676 0.98668 -0.558864 -0.125023 -0.819781 0.385189 -0.137827 -0.912487 0.193706 0.159537 0.968001 6.64615e-07 0.162676 0.98668 -0.71069 -0.107232 -0.695285 0.196441 -0.145499 -0.96966 0.380122 0.150247 0.912652 -0.834792 -0.08487 -0.543985 2.11991e-07 -0.148048 -0.98898 0.552217 0.135175 0.822669 -0.926424 -0.0586641 -0.371884 0.703469 0.114925 0.701373 -0.982152 -0.0296089 -0.185745 0.828097 0.0903173 0.553261 -0.999974 0.00110883 0.00719572 0.921286 0.062357 0.383853 -0.552217 0.321758 0.769109 -0.703468 0.274007 0.655784 0.834792 -0.208369 -0.509612 0.926423 -0.143074 -0.348238 -0.380122 0.35723 0.853167 -0.196442 -0.365794 -0.909728 3.42997e-07 -0.372743 -0.927935 0.71069 -0.265114 -0.65164 -0.193705 0.37907 0.904867 -0.385192 -0.345109 -0.855878 0.558862 -0.311214 -0.768648 4.78523e-07 0.386442 0.922314 -0.558863 -0.311213 -0.768647 0.385189 -0.345109 -0.855879 0.193706 0.379069 0.904867 4.78523e-07 0.386442 0.922314 -0.71069 -0.265114 -0.65164 0.196441 -0.365794 -0.909728 0.380122 0.35723 0.853167 -0.834792 -0.208369 -0.509612 3.42997e-07 -0.372743 -0.927935 0.552218 0.321758 0.769108 -0.926424 -0.143074 -0.348237 0.703469 0.274007 0.655784 -0.982152 -0.071761 -0.173863 0.828097 0.215814 0.517377 -0.999974 0.00274278 0.00674421 0.921286 0.149435 0.359028 -0.979367 0.077465 0.186652 0.979367 0.0774649 0.186652 -0.921286 0.149436 0.359028 0.999974 0.00274232 0.00674301 -0.828097 0.215814 0.517378 0.982152 -0.0717613 -0.173864 5.17192e-07 0.589257 0.807945 -0.193705 0.57805 0.792677 -0.558863 -0.480532 -0.675841 -0.385192 -0.533681 -0.752869 0.385189 -0.533681 -0.75287 0.558861 -0.480532 -0.675842 0.193707 0.57805 0.792677 5.17192e-07 0.589257 0.807945 -0.71069 -0.408623 -0.572666 0.196441 -0.566258 -0.800476 0.380122 0.544847 0.747428 -0.834792 -0.320572 -0.447611 3.47761e-07 -0.577228 -0.816583 0.552217 0.490897 0.673852 -0.926424 -0.219728 -0.305711 0.703469 0.418233 0.574641 -0.982152 -0.110023 -0.152555 0.828097 0.329611 0.453445 -0.999974 0.0042281 0.00592708 0.921286 0.228412 0.314738 -0.979367 0.118529 0.163678 0.979367 0.118529 0.163678 -0.921286 0.228412 0.314738 0.999974 0.00422747 0.00592616 -0.828096 0.329611 0.453445 0.982152 -0.110023 -0.152555 -0.703468 0.418234 0.574642 0.926423 -0.219728 -0.305711 -0.552217 0.490897 0.673852 0.834792 -0.320571 -0.447611 -0.380122 0.544847 0.747428 -0.196441 -0.566258 -0.800476 3.47761e-07 -0.577228 -0.816583 0.710691 -0.408622 -0.572666 0.552218 0.633422 0.542063 0.380122 0.702925 0.601169 -0.926424 -0.284469 -0.24661 -0.834792 -0.415395 -0.361343 0.703469 0.539785 0.462345 -0.982152 -0.142319 -0.122976 0.828097 0.425538 0.364929 -0.999974 0.00548405 0.00478869 0.921286 0.295006 0.253385 -0.979367 0.153169 0.131831 0.979367 0.153167 0.13183 -0.921286 0.295006 0.253385 0.999974 0.00548348 0.00478807 -0.828097 0.425539 0.364929 0.982152 -0.14232 -0.122977 -0.703468 0.539786 0.462346 0.926423 -0.28447 -0.246611 -0.552217 0.633422 0.542063 0.834792 -0.415394 -0.361344 -0.380122 0.702925 0.601169 -0.196441 -0.736024 -0.647827 3.69198e-07 -0.750422 -0.660959 0.710691 -0.529978 -0.462646 -0.193705 0.745692 0.637512 -0.385192 -0.69332 -0.609044 0.558861 -0.623799 -0.546397 3.77018e-07 0.760126 0.649775 -0.558862 -0.623798 -0.546396 0.385189 -0.693321 -0.609045 0.193707 0.745691 0.637512 3.77018e-07 0.760126 0.649775 -0.71069 -0.529979 -0.462647 0.19644 -0.736024 -0.647827 3.69198e-07 -0.750422 -0.660959 0.921286 0.345606 0.178295 0.828097 0.498395 0.256629 -0.979367 0.179503 0.0928366 -0.999974 0.00644305 0.00339069 0.979367 0.179502 0.0928361 -0.921286 0.345606 0.178295 0.999974 0.00644224 0.00339028 -0.828097 0.498395 0.256628 0.982152 -0.166901 -0.0867307 -0.703468 0.632074 0.324984 0.926423 -0.333789 -0.174141 -0.552217 0.741608 0.380887 0.834792 -0.487698 -0.255486 -0.380122 0.822895 0.422317 -0.196442 -0.865886 -0.460056 3.57288e-07 -0.882931 -0.469504 0.710691 -0.622602 -0.327544 -0.193705 0.872907 0.447786 -0.385193 -0.815371 -0.432201 0.558862 -0.733247 -0.387328 2.75513e-07 0.889786 0.456378 -0.558863 -0.733246 -0.387328 0.385189 -0.815372 -0.432202 0.193706 0.872907 0.447786 2.75513e-07 0.889786 0.456378 -0.710689 -0.622603 -0.327545 0.19644 -0.865887 -0.460056 0.380122 0.822895 0.422317 -0.834792 -0.487698 -0.255486 3.57288e-07 -0.882931 -0.469504 0.552218 0.741607 0.380886 -0.926424 -0.333788 -0.17414 0.70347 0.632072 0.324984 -0.982152 -0.1669 -0.0867302 0.982152 -0.182434 -0.0457827 0.999973 0.00705157 0.00180857 -0.703469 0.690094 0.170004 -0.828097 0.544232 0.134415 0.926423 -0.365012 -0.0922296 -0.552216 0.809588 0.199061 0.834792 -0.53356 -0.135777 -0.380122 0.898252 0.22057 -0.196441 -0.948805 -0.247344 3.50142e-07 -0.967572 -0.252594 0.710691 -0.681472 -0.174685 -0.193705 0.952798 0.233783 -0.385192 -0.893218 -0.231925 0.558861 -0.802943 -0.207261 4.68856e-07 0.971207 0.238238 -0.558862 -0.802942 -0.20726 0.385188 -0.893219 -0.231926 0.193706 0.952798 0.233783 4.68856e-07 0.971207 0.238238 -0.710689 -0.681473 -0.174686 0.196439 -0.948806 -0.247344 0.380123 0.898251 0.22057 -0.834792 -0.53356 -0.135778 3.50142e-07 -0.967572 -0.252594 0.552218 0.809586 0.199061 -0.926423 -0.365011 -0.0922293 0.70347 0.690093 0.170004 -0.982152 -0.182433 -0.0457825 0.828096 0.544233 0.134415 -0.999973 0.00705266 0.00180883 0.921286 0.377469 0.0935381 -0.979367 0.196106 0.0488088 0.979367 0.196105 0.0488085 -0.921286 0.37747 0.0935382 0.708764 -0.703851 -0.0473962 0.833055 -0.551977 -0.0366243 -0.194083 0.979114 0.0605581 -0.380851 0.922864 0.0572175 -0.383814 -0.921221 -0.0635557 -0.195697 -0.978305 -0.0679868 0.557063 -0.828543 -0.056541 7.5979e-07 0.998096 0.061682 -0.557063 -0.828543 -0.0565408 0.38381 -0.921222 -0.063556 0.194084 0.979114 0.0605581 7.5979e-07 0.998096 0.061682 -0.708764 -0.703852 -0.047396 0.195695 -0.978305 -0.0679868 0.380851 0.922864 0.0572172 -0.833055 -0.551977 -0.0366241 3.35362e-07 -0.997582 -0.0695042 0.553231 0.831419 0.0517574 -0.925147 -0.378803 -0.0247287 0.704653 0.708166 0.0443398 -0.981505 -0.191048 -0.0121982 0.829288 0.557713 0.0351915 -0.999992 0.00399565 0.000496217 0.922285 0.385727 0.0245981 -0.979963 0.198762 0.0129033 0.979963 0.198761 0.0129031 -0.922284 0.385728 0.0245981 0.999992 0.00399477 0.000496173 -0.829288 0.557712 0.0351911 0.981505 -0.191049 -0.0121982 -0.704653 0.708166 0.0443399 0.925147 -0.378804 -0.0247287 -0.55323 0.831419 0.0517576 3.35362e-07 -0.997582 -0.0695042 0.195087 -0.980786 1.50385e-07 0.382681 -0.92388 7.51925e-08 0.382683 0.92388 -2.00513e-07 0.195089 0.980786 -1.00257e-07 -0.831469 -0.555571 1.25321e-07 -0.707106 -0.707108 1.50385e-07 1.19153e-07 -1 1.00257e-07 0.555571 0.831469 -2.25578e-07 -0.923878 -0.382686 7.51925e-08 0.707107 0.707107 -1.00257e-07 -0.980785 -0.195092 4.38623e-08 0.831468 0.555573 -1.25321e-07 -1 -6.41755e-07 4.16214e-08 0.923879 0.382684 -3.75963e-08 -0.980785 0.19509 -8.77246e-08 0.980785 0.19509 3.75963e-08 -0.923879 0.382685 -7.51925e-08 1 -6.90553e-07 4.49411e-08 -0.831468 0.555573 -7.51925e-08 0.980785 -0.195092 5.01284e-08 -0.707108 0.707106 -7.51925e-08 0.923878 -0.382686 8.77246e-08 -0.555572 0.831469 -7.51925e-08 0.831469 -0.55557 0 -0.382683 0.92388 -1.50385e-07 -0.195087 -0.980786 1.50385e-07 1.19153e-07 -1 1.00257e-07 0.707106 -0.707108 -5.01284e-08 -0.195088 0.980786 -1.50385e-07 -0.382681 -0.92388 2.00513e-07 0.555565 -0.831473 5.01284e-08 3.21714e-07 1 -1.50385e-07 -0.555565 -0.831473 2.25578e-07 3.21714e-07 1 -1.50385e-07 -0.973087 -0.0121938 0.230114 -0.916073 -0.11011 0.385598 -0.192984 -0.420666 0.886452 -5.70917e-08 -0.431256 0.90223 -0.548957 -0.343703 0.761915 -0.378036 -0.391918 0.838742 0.993586 0.0919006 0.0658918 0.975541 0.197537 -0.096426 0.556126 0.550594 -0.622552 0.384243 0.605217 -0.697187 0.705525 0.48049 -0.520926 0.973087 -0.0121932 0.230113 -0.975542 0.197537 -0.0964257 -0.993586 0.0919003 0.0658923 0.824242 -0.200257 0.529643 0.916074 -0.110109 0.385597 0.192985 -0.420667 0.886451 0.378038 -0.391917 0.838742 -0.824241 -0.200258 0.529644 -7.22655e-07 0.66756 -0.744556 -0.163499 0.716509 -0.678147 -0.17099 0.649725 -0.740689 -7.24058e-07 0.66756 -0.744556 -5.70917e-08 -0.431256 0.90223 0.828993 0.394888 -0.396023 0.170989 0.649726 -0.740688 0.548957 -0.343703 0.761915 0.699599 -0.279573 0.657572 -0.828993 0.394887 -0.396023 -0.92064 0.298894 -0.251165 0.92064 0.298895 -0.251166 -0.699599 -0.279573 0.657571 -0.384244 0.605217 -0.697186 -0.556127 0.550594 -0.62255 0.163498 0.716509 -0.678147 -7.22655e-07 0.66756 -0.744556 -7.24058e-07 0.66756 -0.744556 -0.705525 0.48049 -0.520926 -0.00816963 -0.787453 -0.616321 0.00731512 -0.798138 -0.60243 1.21137e-07 -0.788887 -0.614538 -0.00926469 -0.784767 -0.619722 0.00513673 -0.794647 -0.607049 0.00538919 -0.791907 -0.610617 1.21137e-07 -0.788887 -0.614538 -0.0101204 -0.786957 -0.616925 -0.00578257 -0.78825 -0.615328 0.0141303 -0.786007 -0.618056 2.96664e-07 -0.785988 -0.618241 0.0029848 -0.790641 -0.612273 0.00223056 -0.780497 -0.625156 -0.0141293 -0.786007 -0.618056 0.000125211 -0.794179 -0.607684 0.00578187 -0.78825 -0.615328 0.0101211 -0.786957 -0.616925 -0.00538824 -0.791907 -0.610618 -0.00513704 -0.794648 -0.607049 2.96664e-07 -0.785988 -0.618241 -0.00356445 -0.784208 -0.620488 0.00356527 -0.784207 -0.620489 -0.000124733 -0.79418 -0.607683 -0.00516093 -0.792584 -0.609741 -0.00731508 -0.798139 -0.602429 0.00723543 -0.786808 -0.617155 -0.00263808 -0.787024 -0.616917 -0.0029845 -0.790642 -0.612271 -7.03161e-07 -0.789138 -0.614215 0.00516105 -0.792584 -0.609741 -0.00223037 -0.780497 -0.625155 0.00816929 -0.787454 -0.61632 -7.03161e-07 -0.789138 -0.614215 0.00263773 -0.787024 -0.616917 0.00926508 -0.784767 -0.619722 -0.00723436 -0.786809 -0.617155 -0.377701 0.724827 -0.576166 -0.691096 0.58952 -0.418154 -0.813237 0.498563 -0.300135 -0.545896 0.664927 -0.509774 -0.682194 -0.204494 0.701993 -0.534302 -0.270205 0.800943 -0.806801 -0.123016 0.577875 -0.367544 -0.31834 0.873825 -0.188276 -0.347577 0.918554 0.367546 -0.31834 0.873825 0.534302 -0.270205 0.800943 0.957535 0.287694 -0.0189703 0.904522 0.39404 -0.163011 0.682193 -0.204495 0.701993 0.806801 -0.123015 0.577875 0.813236 0.498564 -0.300135 -0.904523 0.394039 -0.16301 -0.957535 0.287693 -0.0189704 -0.974506 0.177549 0.137164 -0.953202 0.0673683 0.294732 0.377701 0.724826 -0.576168 0.897174 -0.0323847 0.440488 0.953202 0.0673689 0.294732 0.691095 0.589521 -0.418154 -8.62804e-08 -0.357365 0.933965 0.188277 -0.347578 0.918554 -0.897174 -0.0323863 0.440489 0.974506 0.177549 0.137163 0.545895 0.664926 -0.509776 -8.62804e-08 -0.357365 0.933965 -0.707106 -0.355534 -0.611225 -0.83147 -0.279341 -0.480236 -0.829432 -0.254952 -0.497033 -0.704755 -0.323723 -0.631288 0.980785 0.0980913 0.168636 1 -9.40512e-09 -4.54457e-08 0.999995 -0.00129929 -0.00294719 0.981309 0.088347 0.170961 -0.92388 -0.192413 -0.330791 -0.922442 -0.176273 -0.343552 0.980785 -0.098091 -0.168636 0.980081 -0.0906417 -0.176708 -0.980785 -0.0980909 -0.168636 -0.980081 -0.0906415 -0.176708 0.92388 -0.192413 -0.330792 0.922442 -0.176274 -0.343553 -1 3.3622e-07 9.05471e-07 -0.999995 -0.00129894 -0.00294633 0.83147 -0.279341 -0.480237 0.829432 -0.254952 -0.497034 -0.980785 0.0980918 0.168638 -0.981309 0.0883475 0.170962 0.707106 -0.355534 -0.611225 0.704754 -0.323724 -0.631288 -0.923879 0.192414 0.330794 -0.924685 0.174855 0.338207 0.55557 -0.418063 -0.718725 0.553288 -0.380028 -0.74125 -0.831469 0.279341 0.480237 -0.832309 0.254878 0.492239 0.382683 -0.464527 -0.798604 0.380877 -0.421784 -0.822819 7.26836e-07 0.5028 0.864403 0.195091 0.493139 0.847793 0.195183 0.453283 0.869734 7.11232e-07 0.462319 0.886714 -0.707106 0.355534 0.611226 -0.707796 0.325291 0.627065 0.19509 -0.493139 -0.847793 0.194093 -0.447464 -0.872986 0.382683 0.464527 0.798604 0.382924 0.426566 0.819396 -0.555568 0.418064 0.718726 -0.556027 0.383303 0.737505 -2.62138e-08 -0.5028 -0.864403 -7.18305e-09 -0.456128 -0.889914 0.55557 0.418063 0.718725 0.556028 0.383303 0.737504 -0.382682 0.464527 0.798604 -0.382923 0.426566 0.819397 -2.62138e-08 -0.5028 -0.864403 -0.195091 -0.493139 -0.847793 -0.194094 -0.447463 -0.872986 -7.18305e-09 -0.456128 -0.889914 0.707107 0.355533 0.611225 0.707796 0.325291 0.627065 -0.19509 0.493139 0.847794 -0.195181 0.453283 0.869735 -0.382685 -0.464526 -0.798603 -0.380879 -0.421784 -0.822818 0.83147 0.279341 0.480236 0.832309 0.254878 0.492238 7.26836e-07 0.5028 0.864403 7.11232e-07 0.462319 0.886714 -0.555571 -0.418063 -0.718724 -0.55329 -0.380027 -0.741249 0.92388 0.192413 0.330793 0.924685 0.174855 0.338205 0.92388 0.192413 0.330793 0.980785 0.0980915 0.168637 0.980785 0.0980916 0.168637 0.923879 0.192413 0.330793 0.980785 0.0980914 0.168637 0.923879 0.192413 0.330793 -0.555571 -0.418063 -0.718724 -0.707107 -0.355533 -0.611225 -0.707107 -0.355533 -0.611225 -0.555571 -0.418063 -0.718724 -0.707107 -0.355534 -0.611225 -0.555571 -0.418063 -0.718724 0.83147 0.279341 0.480236 0.83147 0.279341 0.480236 0.83147 0.279341 0.480236 -0.382685 -0.464526 -0.798603 -0.382685 -0.464526 -0.798603 -0.382685 -0.464527 -0.798604 -0.179385 0.538224 0.82349 7.98372e-07 0.58842 0.808555 1.34882e-06 0.5028 0.864403 -0.195089 0.493139 0.847794 1.08191e-06 0.5028 0.864403 -0.19509 0.493139 0.847794 0.707107 0.355533 0.611224 0.707107 0.355533 0.611225 0.707107 0.355533 0.611225 -0.195091 -0.493139 -0.847793 -0.195091 -0.493139 -0.847793 -0.19509 -0.493139 -0.847793 -0.382682 0.464527 0.798604 -0.382683 0.464527 0.798604 -0.382682 0.464527 0.798604 0.555571 0.418063 0.718724 0.55557 0.418063 0.718725 0.55557 0.418063 0.718725 2.38307e-08 -0.5028 -0.864403 2.38307e-08 -0.5028 -0.864403 -4.76614e-09 -0.5028 -0.864403 -0.555569 0.418063 0.718725 -0.555569 0.418063 0.718725 -0.555569 0.418064 0.718725 0.382683 0.464527 0.798604 0.382683 0.464527 0.798604 0.382684 0.464527 0.798604 0.19509 -0.493139 -0.847794 2.38307e-08 -0.5028 -0.864403 2.38307e-08 -0.5028 -0.864403 0.19509 -0.493139 -0.847793 -4.76614e-09 -0.5028 -0.864403 0.19509 -0.493139 -0.847794 -0.707106 0.355534 0.611226 -0.707106 0.355534 0.611226 -0.707106 0.355534 0.611226 0.179386 0.538224 0.82349 0.195091 0.493139 0.847793 0.195091 0.493139 0.847793 0.382684 -0.464526 -0.798604 0.382684 -0.464527 -0.798604 0.382683 -0.464527 -0.798604 -0.831469 0.279341 0.480237 -0.831469 0.279341 0.480237 -0.831469 0.279341 0.480237 7.98372e-07 0.58842 0.808555 1.34882e-06 0.5028 0.864403 1.08191e-06 0.5028 0.864403 0.55557 -0.418063 -0.718725 0.555569 -0.418063 -0.718725 0.55557 -0.418063 -0.718725 -0.923879 0.192414 0.330794 -0.923879 0.192414 0.330793 -0.923879 0.192414 0.330794 0.707107 -0.355534 -0.611225 0.707106 -0.355533 -0.611225 0.707106 -0.355533 -0.611225 -0.980785 0.0980921 0.168638 -0.980785 0.098092 0.168637 -0.980785 0.0980918 0.168637 0.83147 -0.279341 -0.480236 0.83147 -0.279341 -0.480236 0.83147 -0.279341 -0.480237 -1 4.31954e-07 9.87347e-07 -1 5.01967e-07 8.00628e-07 -1 3.86882e-07 8.13636e-07 0.92388 -0.192413 -0.330792 0.92388 -0.192413 -0.330793 0.92388 -0.192413 -0.330792 -0.980785 -0.098091 -0.168636 -0.980785 -0.0980908 -0.168636 -0.980785 -0.0980908 -0.168636 0.980785 -0.0980911 -0.168636 0.980785 -0.0980913 -0.168636 0.980785 -0.0980913 -0.168636 -0.92388 -0.192413 -0.330792 -0.92388 -0.192413 -0.330792 -0.92388 -0.192413 -0.330792 1 -1.19583e-07 -1.7177e-08 1 -2.22489e-08 -2.81045e-08 1 3.05625e-08 2.32912e-08 -0.83147 -0.27934 -0.480236 -0.83147 -0.27934 -0.480236 -0.83147 -0.279341 -0.480236 -1.06338e-07 -0.298705 -0.954346 0.193705 -0.293103 -0.936253 0.558863 0.25723 0.788355 0.38519 0.287511 0.876907 -0.385189 0.287511 0.876908 -0.558863 0.25723 0.788356 -0.193706 -0.293102 -0.936253 -1.06338e-07 -0.298705 -0.954346 0.71069 0.217098 0.66917 -0.19644 0.306386 0.931418 -0.380121 -0.276494 -0.882643 0.834792 0.168987 0.52399 8.74165e-07 0.312803 0.949818 -0.552217 -0.249464 -0.795503 0.926424 0.114949 0.358505 -0.703469 -0.212967 -0.678068 0.982152 0.0571387 0.179201 -0.828097 -0.168296 -0.534725 0.999974 -0.00224758 -0.0069248 -0.921286 -0.117036 -0.370856 0.979367 -0.0610168 -0.192658 -0.979367 -0.0610165 -0.192657 0.921286 -0.117037 -0.370857 -0.999974 -0.0022475 -0.0069242 0.828097 -0.168297 -0.534726 -0.982152 0.0571387 0.179202 0.703468 -0.212968 -0.678069 -0.926423 0.11495 0.358506 0.552216 -0.249464 -0.795503 -0.834792 0.168987 0.52399 0.38012 -0.276494 -0.882644 0.196442 0.306386 0.931417 8.74165e-07 0.312803 0.949818 -0.71069 0.217099 0.66917 0.982152 0.0141485 0.187557 0.926424 0.0289267 0.375369 -0.828097 -0.0400758 -0.55915 -0.703469 -0.0503867 -0.708938 0.999974 -0.000585085 -0.00725683 -0.921286 -0.0281016 -0.387868 0.979367 -0.0148095 -0.201546 -0.979367 -0.0148097 -0.201545 0.921286 -0.0281015 -0.387869 -0.999974 -0.000585366 -0.00725637 0.828097 -0.0400759 -0.559151 -0.982152 0.0141484 0.187558 0.703468 -0.0503871 -0.708939 -0.926423 0.028927 0.375371 0.552217 -0.0587367 -0.831629 -0.834792 0.0432304 0.548866 0.380122 -0.0648824 -0.922658 0.196442 0.0826848 0.977023 5.62134e-07 0.0846724 0.996409 -0.71069 0.0564643 0.701236 0.193705 -0.0686438 -0.978655 0.38519 0.0769267 0.919625 -0.558863 0.0679459 0.826472 -1.00538e-06 -0.06991 -0.997553 0.558863 0.0679457 0.826472 -0.385189 0.0769275 0.919626 -0.193706 -0.0686438 -0.978655 -1.00538e-06 -0.06991 -0.997553 0.71069 0.0564639 0.701236 -0.19644 0.0826849 0.977023 -0.380121 -0.0648827 -0.922658 0.834792 0.04323 0.548866 5.62134e-07 0.0846724 0.996409 -0.552217 -0.0587368 -0.831629 0.921286 0.0623572 -0.383854 0.979367 0.0322007 -0.199508 -0.999973 0.00110846 -0.00719464 -0.979367 0.0322003 -0.199507 0.828097 0.0903173 -0.553261 -0.982152 -0.0296089 0.185746 0.703468 0.114925 -0.701374 -0.926423 -0.0586641 0.371886 0.552216 0.135174 -0.822669 -0.834792 -0.0848701 0.543985 0.380123 0.150247 -0.912651 0.196443 -0.145499 0.96966 -1.2386e-07 -0.148047 0.98898 -0.71069 -0.107231 0.695285 0.193705 0.159537 -0.968001 0.385191 -0.137828 0.912486 -0.558862 -0.125023 0.819782 -2.54004e-06 0.162676 -0.98668 0.558864 -0.125023 0.819781 -0.385189 -0.137826 0.912488 -0.193706 0.159537 -0.968001 -2.54004e-06 0.162676 -0.98668 0.71069 -0.107231 0.695285 -0.196441 -0.145498 0.96966 -0.380121 0.150247 -0.912652 0.834792 -0.0848697 0.543985 -1.2386e-07 -0.148047 0.98898 -0.552218 0.135174 -0.822669 0.926424 -0.0586638 0.371883 -0.703469 0.114925 -0.701373 0.982152 -0.0296087 0.185745 -0.828097 0.0903173 -0.553261 0.999974 0.00110884 -0.00719574 -0.921286 0.0623567 -0.383853 0.552216 0.321758 -0.769109 0.703468 0.274007 -0.655784 -0.834792 -0.208369 0.509612 -0.926423 -0.143074 0.348238 0.380122 0.35723 -0.853167 0.196442 -0.365794 0.909728 -3.5967e-07 -0.372742 0.927935 -0.71069 -0.265114 0.65164 0.193705 0.37907 -0.904867 0.385192 -0.345109 0.855878 -0.558862 -0.311214 0.768648 -2.11227e-06 0.386441 -0.922314 0.558864 -0.311213 0.768647 -0.385189 -0.345109 0.855879 -0.193706 0.379068 -0.904867 -2.11227e-06 0.386441 -0.922314 0.71069 -0.265113 0.65164 -0.196441 -0.365794 0.909728 -0.380121 0.35723 -0.853167 0.834792 -0.208369 0.509612 -3.5967e-07 -0.372742 0.927935 -0.552217 0.321758 -0.769109 0.926424 -0.143074 0.348237 -0.703469 0.274006 -0.655784 0.982152 -0.0717611 0.173863 -0.828097 0.215814 -0.517377 0.999974 0.00274265 -0.00674442 -0.921287 0.149435 -0.359027 0.979367 0.0774648 -0.186653 -0.979367 0.0774648 -0.186652 0.921286 0.149435 -0.359028 -0.999974 0.00274235 -0.00674303 0.828097 0.215814 -0.517378 -0.982152 -0.0717612 0.173864 3.79435e-07 0.589257 -0.807945 0.193705 0.57805 -0.792677 0.558863 -0.480531 0.675842 0.385193 -0.53368 0.752869 -0.385189 -0.533681 0.75287 -0.558862 -0.480532 0.675842 -0.193707 0.578049 -0.792677 3.79435e-07 0.589257 -0.807945 0.71069 -0.408623 0.572666 -0.19644 -0.566258 0.800477 -0.380122 0.544847 -0.747428 0.834792 -0.320572 0.447611 -3.83489e-07 -0.577228 0.816583 -0.552216 0.490897 -0.673852 0.926424 -0.219728 0.305711 -0.703469 0.418233 -0.574641 0.982152 -0.110023 0.152555 -0.828097 0.329611 -0.453445 0.999974 0.004228 -0.00592729 -0.921286 0.228412 -0.314737 0.979367 0.118529 -0.163679 -0.979367 0.118529 -0.163678 0.921286 0.228412 -0.314738 -0.999973 0.00422766 -0.00592627 0.828096 0.329611 -0.453446 -0.982152 -0.110023 0.152555 0.703468 0.418233 -0.574642 -0.926423 -0.219728 0.305712 0.552217 0.490897 -0.673852 -0.834792 -0.320571 0.447611 0.380121 0.544847 -0.747429 0.196441 -0.566258 0.800476 -3.83489e-07 -0.577228 0.816583 -0.71069 -0.408622 0.572666 -0.552217 0.633422 -0.542063 -0.380122 0.702925 -0.601169 0.926424 -0.284469 0.24661 0.834792 -0.415395 0.361343 -0.70347 0.539784 -0.462345 0.982152 -0.142319 0.122976 -0.828096 0.425539 -0.364929 0.999974 0.00548406 -0.00478847 -0.921286 0.295006 -0.253385 0.979367 0.153168 -0.131831 -0.979367 0.153167 -0.13183 0.921286 0.295006 -0.253385 -0.999973 0.00548349 -0.00478798 0.828096 0.425538 -0.364929 -0.982152 -0.14232 0.122977 0.703468 0.539786 -0.462346 -0.926423 -0.28447 0.246611 0.552217 0.633422 -0.542063 -0.834792 -0.415395 0.361344 0.380121 0.702925 -0.601169 0.196441 -0.736024 0.647827 -3.66816e-07 -0.750421 0.66096 -0.710691 -0.529978 0.462647 0.193704 0.745692 -0.637513 0.385193 -0.693319 0.609044 -0.558861 -0.623798 0.546397 1.29298e-06 0.760126 -0.649775 0.558862 -0.623798 0.546396 -0.385189 -0.69332 0.609046 -0.193707 0.745691 -0.637512 1.29298e-06 0.760126 -0.649775 0.71069 -0.529979 0.462647 -0.196439 -0.736024 0.647828 -3.66816e-07 -0.750421 0.66096 -0.921286 0.345606 -0.178295 -0.828096 0.498396 -0.256629 0.979367 0.179503 -0.0928365 0.999974 0.00644306 -0.0033906 -0.979367 0.179502 -0.092836 0.921286 0.345606 -0.178295 -0.999974 0.00644226 -0.0033903 0.828096 0.498395 -0.256629 -0.982152 -0.166901 0.0867306 0.703468 0.632074 -0.324985 -0.926423 -0.333789 0.174141 0.552217 0.741607 -0.380887 -0.834792 -0.487698 0.255486 0.380122 0.822895 -0.422317 0.196441 -0.865886 0.460057 -3.66816e-07 -0.88293 0.469504 -0.710691 -0.622602 0.327545 0.193705 0.872907 -0.447786 0.385193 -0.81537 0.432201 -0.558862 -0.733247 0.387328 5.36526e-07 0.889786 -0.456378 0.558862 -0.733246 0.387328 -0.385189 -0.815372 0.432202 -0.193706 0.872906 -0.447786 5.36526e-07 0.889786 -0.456378 0.710689 -0.622603 0.327545 -0.196439 -0.865886 0.460057 -0.380122 0.822894 -0.422318 0.834792 -0.487698 0.255486 -3.66816e-07 -0.88293 0.469504 -0.552218 0.741607 -0.380886 0.926424 -0.333788 0.17414 -0.70347 0.632072 -0.324984 0.982152 -0.1669 0.0867302 -0.982152 -0.182434 0.0457827 -0.999974 0.00705162 -0.00180866 0.703468 0.690095 -0.170005 0.828096 0.544232 -0.134415 -0.926423 -0.365012 0.0922297 0.552217 0.809587 -0.199061 -0.834792 -0.53356 0.135778 0.380123 0.898251 -0.22057 0.196441 -0.948805 0.247344 -3.76344e-07 -0.967572 0.252594 -0.71069 -0.681472 0.174685 0.193705 0.952798 -0.233783 0.385192 -0.893217 0.231926 -0.558861 -0.802943 0.207261 -4.35021e-08 0.971207 -0.238238 0.558862 -0.802942 0.207261 -0.385188 -0.893219 0.231926 -0.193705 0.952798 -0.233783 -4.35021e-08 0.971207 -0.238238 0.71069 -0.681473 0.174686 -0.196439 -0.948806 0.247345 -0.380122 0.898251 -0.22057 0.834792 -0.53356 0.135778 -3.76344e-07 -0.967572 0.252594 -0.552219 0.809586 -0.19906 0.926424 -0.365011 0.0922294 -0.70347 0.690093 -0.170004 0.982152 -0.182433 0.0457826 -0.828096 0.544232 -0.134415 0.999974 0.00705241 -0.00180894 -0.921286 0.37747 -0.0935383 0.979367 0.196106 -0.0488091 -0.979367 0.196106 -0.0488086 0.921286 0.377469 -0.0935384 -0.708765 -0.703851 0.0473964 -0.833055 -0.551977 0.0366244 0.194084 0.979114 -0.0605583 0.380851 0.922864 -0.0572177 0.383814 -0.921221 0.0635559 0.195697 -0.978305 0.0679869 -0.557063 -0.828543 0.0565412 -2.1811e-07 0.998096 -0.0616822 0.557063 -0.828543 0.0565411 -0.38381 -0.921222 0.0635558 -0.194084 0.979114 -0.0605585 -2.1811e-07 0.998096 -0.0616822 0.708764 -0.703852 0.0473962 -0.195695 -0.978305 0.0679868 -0.380851 0.922864 -0.0572175 0.833055 -0.551976 0.0366243 -2.25953e-07 -0.997582 0.0695045 -0.553231 0.831418 -0.0517576 0.925147 -0.378803 0.0247288 -0.704653 0.708165 -0.04434 0.981505 -0.191049 0.0121983 -0.829288 0.557713 -0.0351916 0.999992 0.00399532 -0.000496275 -0.922285 0.385728 -0.0245982 0.979963 0.198762 -0.0129036 -0.979963 0.198761 -0.0129033 0.922285 0.385728 -0.0245983 -0.999992 0.00399475 -0.0004961 0.829288 0.557713 -0.0351913 -0.981505 -0.191049 0.0121985 0.704652 0.708167 -0.04434 -0.925147 -0.378804 0.0247289 0.55323 0.831419 -0.0517577 -2.25953e-07 -0.997582 0.0695045 0.973087 -0.0121938 -0.230114 0.916073 -0.110109 -0.385598 0.192985 -0.420667 -0.886451 1.00862e-06 -0.431256 -0.90223 0.548957 -0.343703 -0.761915 0.378037 -0.391918 -0.838742 -0.993586 0.0919005 -0.0658914 -0.975541 0.197537 0.0964261 -0.556126 0.550594 0.622551 -0.384243 0.605217 0.697187 -0.705525 0.480491 0.520926 -0.973087 -0.0121935 -0.230113 0.975542 0.197537 0.0964254 0.993586 0.0919004 -0.0658925 -0.824242 -0.200257 -0.529643 -0.916074 -0.110109 -0.385597 -0.192986 -0.420667 -0.886451 -0.378038 -0.391918 -0.838741 0.824241 -0.200258 -0.529644 2.95575e-07 0.667561 0.744555 0.1635 0.716509 0.678146 0.17099 0.649727 0.740687 2.95426e-07 0.667561 0.744555 1.00862e-06 -0.431256 -0.90223 -0.828992 0.394888 0.396023 -0.170989 0.649726 0.740688 -0.548957 -0.343703 -0.761915 -0.699599 -0.279572 -0.657571 0.828993 0.394888 0.396022 0.92064 0.298895 0.251165 -0.92064 0.298895 0.251166 0.699599 -0.279573 -0.657571 0.384243 0.605218 0.697186 0.556127 0.550593 0.62255 -0.163498 0.716509 0.678147 2.95575e-07 0.667561 0.744555 2.95426e-07 0.667561 0.744555 0.705526 0.48049 0.520924 0.00817038 -0.787453 0.61632 -0.00731474 -0.798138 0.60243 6.14393e-08 -0.788887 0.614539 0.00926471 -0.784767 0.619722 -0.00513637 -0.794647 0.60705 -0.00538865 -0.791907 0.610617 6.14393e-08 -0.788887 0.614539 0.0101197 -0.786957 0.616925 0.00578329 -0.78825 0.615328 -0.0141307 -0.786007 0.618057 6.69683e-08 -0.785988 0.618242 -0.00298427 -0.790641 0.612273 -0.00223021 -0.780497 0.625156 0.0141286 -0.786007 0.618056 -0.000124936 -0.794179 0.607684 -0.00578116 -0.78825 0.615327 -0.0101204 -0.786957 0.616925 0.00538791 -0.791906 0.610619 0.00513706 -0.794648 0.607049 6.69683e-08 -0.785988 0.618242 0.00356472 -0.784207 0.620488 -0.00356544 -0.784206 0.62049 0.00012501 -0.79418 0.607683 0.00516093 -0.792585 0.60974 0.00731508 -0.798139 0.602429 -0.00723616 -0.786808 0.617155 0.00263664 -0.787023 0.616917 0.00298469 -0.790642 0.612272 -3.53792e-08 -0.789138 0.614216 -0.00516042 -0.792584 0.609742 0.00223074 -0.780497 0.625156 -0.00816893 -0.787453 0.61632 -3.53792e-08 -0.789138 0.614216 -0.00263668 -0.787023 0.616917 -0.00926402 -0.784767 0.619722 0.00723544 -0.786808 0.617155 0.377702 0.724826 0.576167 0.691096 0.589521 0.418152 0.813237 0.498563 0.300133 0.545896 0.664926 0.509775 0.682194 -0.204494 -0.701993 0.534301 -0.270206 -0.800944 0.806801 -0.123015 -0.577875 0.367544 -0.318341 -0.873825 0.188277 -0.347578 -0.918554 -0.367546 -0.318341 -0.873824 -0.534301 -0.270206 -0.800944 -0.957535 0.287693 0.0189702 -0.904522 0.394039 0.163011 -0.682194 -0.204494 -0.701993 -0.806802 -0.123014 -0.577874 -0.813236 0.498564 0.300135 0.904523 0.394039 0.16301 0.957535 0.287693 0.0189701 0.974506 0.177549 -0.137164 0.953202 0.0673682 -0.294732 -0.377701 0.724826 0.576168 -0.897174 -0.0323853 -0.440489 -0.953202 0.0673685 -0.294731 -0.691095 0.589521 0.418153 1.97486e-06 -0.357366 -0.933964 -0.188277 -0.347579 -0.918554 0.897174 -0.0323858 -0.440489 -0.974506 0.177549 -0.137163 -0.545896 0.664926 0.509775 1.97486e-06 -0.357366 -0.933964 </float_array>
          <technique_common>
            <accessor count="1194" offset="0" source="#meshId1-normals-array" stride="3">
              <param name="X" type="float" />
              <param name="Y" type="float" />
              <param name="Z" type="float" />
            </accessor>
          </technique_common>
        </source>
        <source id="meshId1-tangents" name="meshId1-tangents">
          <float_array id="meshId1-tangents-array" count="3582"> 0.12448 -0.788315 -0.602548 0.100855 -0.774148 -0.624919 0.129668 -0.777595 -0.61525 0.166323 -0.789636 -0.590603 0.0474106 -0.718648 -0.693756 -3.35374e-08 -0.726672 -0.686985 -0.00098234 -0.748405 -0.663242 0.0487574 -0.745258 -0.664991 0.0724363 -0.760848 -0.644875 0.0894333 -0.767996 -0.63418 -0.0421687 -0.737376 -0.674165 -0.0484451 -0.753779 -0.655339 0.0388639 -0.748838 -0.661612 0.046395 -0.760655 -0.647497 -0.0788405 -0.750158 -0.656542 -0.0934029 -0.761438 -0.641473 -2.60755e-07 -0.738716 -0.674017 0.000949442 -0.755411 -0.655251 -0.11013 -0.764377 -0.635294 -0.135333 -0.771552 -0.621605 -0.0438966 -0.731279 -0.680665 -0.0467823 -0.752219 -0.65725 -0.136334 -0.779636 -0.611213 -0.17331 -0.784308 -0.595671 -0.0919467 -0.727471 -0.67995 -0.0967434 -0.75124 -0.652901 -0.157691 -0.795737 -0.584753 -0.205987 -0.799809 -0.563804 -0.142464 -0.728297 -0.670289 -0.148597 -0.752921 -0.641115 -0.174224 -0.812609 -0.556159 -0.231674 -0.817974 -0.526541 0.325739 -0.817258 -0.475377 0.317057 -0.786281 -0.530318 0.331711 -0.804021 -0.493476 0.338132 -0.834485 -0.435088 -0.192839 -0.734679 -0.650431 -0.201228 -0.758051 -0.620376 -0.185605 -0.830221 -0.525627 -0.248466 -0.838468 -0.485012 0.292319 -0.759114 -0.581632 0.302633 -0.780129 -0.547551 -0.239559 -0.747266 -0.619842 -0.252146 -0.767711 -0.589103 -0.190563 -0.848563 -0.493586 -0.255371 -0.860407 -0.441004 0.253594 -0.73802 -0.625313 0.258955 -0.763261 -0.591925 -0.278467 -0.766208 -0.579121 -0.296963 -0.783082 -0.546438 0.171768 -0.851556 -0.495327 0.16788 -0.834855 -0.524245 0.240841 -0.840937 -0.484583 0.247085 -0.862321 -0.441985 0.205479 -0.723787 -0.658719 0.207865 -0.752466 -0.62497 -0.305203 -0.790961 -0.530312 -0.329109 -0.805102 -0.493455 0.158048 -0.818744 -0.551977 0.223464 -0.821523 -0.52456 0.152561 -0.716372 -0.680835 0.154164 -0.746546 -0.647227 -0.314922 -0.82042 -0.477216 -0.340337 -0.83378 -0.43472 0.143543 -0.803199 -0.578158 0.19808 -0.804317 -0.560214 0.0989772 -0.714846 -0.692242 0.100661 -0.744417 -0.660084 0.152718 -0.607209 -0.779727 0.0627322 -0.659924 -0.748708 0.0540562 -0.693918 -0.718022 0.123527 -0.668187 -0.733667 0.0508986 -0.705807 -0.706573 0.109328 -0.695668 -0.709995 -0.150972 -0.900755 -0.407243 -0.0853296 -0.90099 -0.425366 0.0185168 -0.854796 -0.518633 -0.00483374 -0.866012 -0.499999 0.0861221 -0.814665 -0.573501 0.0898116 -0.829172 -0.551731 0.262301 -0.564617 -0.782564 0.203839 -0.650732 -0.731435 0.172139 -0.692331 -0.700747 -0.21126 -0.885499 -0.413836 -0.0280901 -0.869854 -0.49251 0.0907876 -0.841311 -0.532873 -0.633297 -0.577384 -0.515327 -0.663849 -0.604692 -0.440059 -0.458878 -0.768021 -0.446737 -0.444562 -0.726043 -0.52462 -0.358037 -0.8071 -0.469468 -0.346982 -0.773798 -0.529943 0.381878 -0.535498 -0.753267 0.287586 -0.645084 -0.707927 0.23486 -0.697242 -0.677269 -0.258755 -0.859656 -0.440496 -0.0440469 -0.867936 -0.494719 0.0913071 -0.851517 -0.516316 -0.538894 -0.589887 -0.601353 -0.401378 -0.694972 -0.596582 -0.31627 -0.746308 -0.58566 0.500268 -0.522369 -0.690552 0.367424 -0.651987 -0.663259 0.292191 -0.711107 -0.639493 -0.287613 -0.827879 -0.481555 -0.0506215 -0.863295 -0.502155 0.0922522 -0.860717 -0.500656 -0.44588 -0.579808 -0.68192 -0.338165 -0.676074 -0.654652 -0.271666 -0.725694 -0.632112 0.601428 -0.530906 -0.597011 0.435288 -0.671793 -0.599349 0.3388 -0.733622 -0.589078 0.200343 -0.866214 -0.457752 0.217736 -0.843664 -0.490737 -0.00506815 -0.864392 -0.502793 -0.00584204 -0.863803 -0.503795 -0.127651 -0.857331 -0.498686 -0.124555 -0.844947 -0.520145 -0.336585 -0.590959 -0.733129 -0.263172 -0.669982 -0.694165 -0.217245 -0.713366 -0.666269 0.706422 -0.512102 -0.488588 0.483057 -0.703978 -0.520644 0.369947 -0.763553 -0.529269 0.159368 -0.884636 -0.438202 -0.0130934 -0.861589 -0.507437 -0.120056 -0.83207 -0.541522 -0.226952 -0.618211 -0.752535 -0.184842 -0.676066 -0.71328 -0.158221 -0.709547 -0.686665 0.735505 -0.547812 -0.398666 0.507839 -0.744642 -0.433138 0.383687 -0.798244 -0.464317 0.102749 -0.892297 -0.439601 -0.0277788 -0.854588 -0.518563 -0.114801 -0.817555 -0.564291 -0.128462 -0.65831 -0.741704 -0.110823 -0.692839 -0.712525 -0.0996439 -0.713632 -0.693398 0.0438023 -0.884766 -0.463972 -0.044167 -0.840508 -0.539996 -0.106729 -0.800836 -0.589296 -0.05051 -0.707253 -0.705153 -0.047612 -0.717915 -0.6945 -0.0458342 -0.724352 -0.687905 -0.00443042 -0.861042 -0.508515 -0.0548243 -0.818929 -0.57127 -0.0932737 -0.781946 -0.616328 -1.75255e-07 -0.759601 -0.65039 -2.18302e-07 -0.748163 -0.663515 -2.42893e-07 -0.739988 -0.67262 -0.0319096 -0.822659 -0.56764 -0.0535623 -0.790877 -0.609627 -0.0720119 -0.761548 -0.644096 0.0196966 -0.810198 -0.585826 0.0294273 -0.780127 -0.624928 0.0359853 -0.758608 -0.650552 -0.0316966 -0.772797 -0.633862 -0.0360198 -0.758493 -0.650685 -0.0411658 -0.740883 -0.670371 0.00871416 -0.853601 -0.520855 0.0404745 -0.810424 -0.584444 0.0616309 -0.778307 -0.624851 1.21837e-08 -0.716717 -0.697364 8.01697e-09 -0.724795 -0.688964 5.20882e-09 -0.721638 -0.692271 -0.0287034 -0.884848 -0.464995 0.035321 -0.836075 -0.547477 0.0777124 -0.797426 -0.598391 -0.364916 -0.888534 -0.278106 -0.355953 -0.8683 -0.345473 0.328146 -0.804477 -0.495112 0.377161 -0.8182 -0.433934 -0.380019 -0.816505 -0.434633 -0.329217 -0.803724 -0.495625 0.354033 -0.869138 -0.345339 0.361234 -0.889904 -0.278534 0.269055 -0.795004 -0.543671 -0.413539 -0.835418 -0.362024 0.33079 -0.850522 -0.40889 0.204257 -0.788753 -0.579783 -0.423465 -0.860452 -0.283372 0.295133 -0.833899 -0.466378 0.136408 -0.78506 -0.604213 0.24895 -0.819772 -0.515749 0.0670879 -0.783657 -0.61756 0.19451 -0.80835 -0.555641 -0.00253012 -0.78458 -0.620022 0.134028 -0.799653 -0.585313 -0.0711969 -0.788031 -0.611504 0.0694802 -0.79355 -0.604526 -0.137351 -0.79425 -0.591863 0.00247202 -0.789806 -0.613351 -0.199066 -0.803423 -0.561146 -0.0657978 -0.788172 -0.611927 -0.254123 -0.81561 -0.519809 -0.134424 -0.788486 -0.600184 -0.300139 -0.830718 -0.468855 -0.202468 -0.790814 -0.577599 -0.334741 -0.848465 -0.409947 0.409852 -0.837302 -0.361867 0.412908 -0.865068 -0.284893 -0.268378 -0.795594 -0.543143 0.0937474 -0.827659 -0.553346 0.188718 -0.827055 -0.529496 0.275625 -0.839443 -0.468365 0.350018 -0.843574 -0.407273 -0.00357355 -0.828975 -0.559274 0.191001 -0.8361 -0.514252 -0.100023 -0.831068 -0.547103 0.099253 -0.833492 -0.543544 -0.192291 -0.834006 -0.517163 0.00354409 -0.831527 -0.555473 -0.277074 -0.837831 -0.470393 -0.0930368 -0.830095 -0.549806 -0.351212 -0.842539 -0.408384 -0.187524 -0.829105 -0.526706 -0.411846 -0.848084 -0.333372 -0.277008 -0.828561 -0.486573 -0.456555 -0.854381 -0.248175 0.513192 -0.840388 -0.174305 0.512187 -0.85579 -0.0727232 -0.358412 -0.828655 -0.429968 -0.483989 -0.861023 -0.156188 0.480661 -0.833953 -0.271088 -0.428166 -0.829872 -0.357752 -0.496503 -0.865911 -0.0606838 0.42786 -0.830111 -0.357565 -0.482008 -0.833016 -0.271573 0.485338 -0.860224 -0.1564 0.493085 -0.867852 -0.0608205 0.35907 -0.828049 -0.430585 -0.515231 -0.839078 -0.174603 0.456891 -0.854165 -0.248298 0.27821 -0.827147 -0.48829 -0.525544 -0.847711 -0.0720364 0.411277 -0.848497 -0.333023 -0.240945 -0.866307 -0.437559 -0.125313 -0.871275 -0.474527 0.00447355 -0.873272 -0.487212 0.125077 -0.872002 -0.473252 -0.347049 -0.857662 -0.379437 -0.116712 -0.870359 -0.478386 -0.439638 -0.84575 -0.302368 -0.234127 -0.863321 -0.447059 -0.51522 -0.831114 -0.209279 -0.343527 -0.852415 -0.394181 -0.570938 -0.814415 -0.103722 0.61823 -0.785963 -0.00731167 0.616077 -0.779005 0.116616 -0.440758 -0.838169 -0.321256 -0.605131 -0.796062 0.0101089 0.581925 -0.803694 -0.124256 -0.521709 -0.821426 -0.230387 -0.620985 -0.773381 0.127509 0.521795 -0.821352 -0.230457 -0.582334 -0.803363 -0.124477 0.607659 -0.794144 0.00928548 0.616514 -0.776856 0.128081 0.441269 -0.83767 -0.321854 -0.618977 -0.785373 -0.00755025 0.572885 -0.81291 -0.104782 0.344232 -0.851567 -0.395396 -0.632143 -0.766313 0.114715 0.516464 -0.830087 -0.210284 0.234743 -0.862269 -0.448762 0.44021 -0.845215 -0.30303 0.117037 -0.86927 -0.480283 0.347097 -0.857606 -0.379521 -0.00448576 -0.872295 -0.48896 0.240713 -0.866682 -0.436943 -0.607045 -0.787512 -0.106399 -0.517865 -0.829564 -0.208902 -0.402345 -0.862716 -0.306332 -0.274954 -0.888975 -0.366229 -0.672901 -0.739666 0.00990083 0.716795 -0.686649 0.121315 0.715305 -0.648452 0.260477 -0.514534 -0.827567 -0.224473 -0.713323 -0.687638 0.135366 0.675611 -0.737227 -0.00679628 -0.606909 -0.785137 -0.123376 -0.731958 -0.628418 0.263302 0.60727 -0.784794 -0.123779 -0.67534 -0.737477 -0.0065709 0.716224 -0.684958 0.133621 0.726341 -0.633938 0.265614 0.514952 -0.827135 -0.225103 -0.716542 -0.686887 0.121466 0.675448 -0.737366 0.0078029 0.402726 -0.862248 -0.307148 -0.733372 -0.630836 0.2534 0.609043 -0.785666 -0.108607 0.275204 -0.888552 -0.367068 0.519232 -0.828191 -0.210945 0.137425 -0.904902 -0.402823 0.409468 -0.863208 -0.295311 -0.00528445 -0.910628 -0.413193 0.283964 -0.889281 -0.358529 -0.147451 -0.905516 -0.397868 0.147508 -0.905345 -0.398236 -0.283649 -0.889793 -0.357507 0.0052823 -0.910731 -0.412967 -0.408697 -0.864124 -0.293693 -0.137334 -0.905203 -0.402178 -0.82622 -0.455154 0.331957 -0.805728 -0.554705 0.207618 0.68157 -0.730413 -0.0442673 0.757567 -0.648744 0.0722741 -0.756874 -0.649456 0.0731373 -0.681023 -0.730974 -0.043414 0.808569 -0.55165 0.204693 0.8201 -0.462323 0.337184 0.578609 -0.802537 -0.145419 -0.80263 -0.56179 0.200442 0.762579 -0.641916 0.0801049 0.452999 -0.861997 -0.227492 -0.82283 -0.464054 0.328032 0.687575 -0.725264 -0.0351127 0.309846 -0.906247 -0.287597 0.58619 -0.798616 -0.136361 0.154834 -0.933427 -0.323636 0.462287 -0.85906 -0.21979 -0.00596678 -0.942413 -0.334399 0.320589 -0.904198 -0.282219 -0.166313 -0.932841 -0.319605 0.166515 -0.93224 -0.321248 -0.32003 -0.905112 -0.279917 0.00597016 -0.942069 -0.335366 -0.461241 -0.860344 -0.216944 -0.154874 -0.933301 -0.323981 -0.584589 -0.800329 -0.133152 -0.309808 -0.906312 -0.287431 -0.685425 -0.727451 -0.0317576 -0.452808 -0.862236 -0.226967 -0.759984 -0.644573 0.083362 0.803471 -0.560889 0.199597 0.804163 -0.485384 0.34311 -0.578235 -0.802942 -0.144668 0.750586 -0.660731 0.00744437 0.832457 -0.543287 0.10888 0.338108 -0.916772 -0.212633 0.494085 -0.854786 -0.158809 0.639964 -0.764049 -0.0816983 0.169009 -0.954696 -0.244932 0.504763 -0.849197 -0.155172 -0.00652296 -0.966995 -0.254712 0.350098 -0.912835 -0.210151 -0.18162 -0.95318 -0.241789 0.181863 -0.952456 -0.244447 -0.349503 -0.913818 -0.206842 0.00652867 -0.966486 -0.256638 -0.503744 -0.850491 -0.15135 -0.16911 -0.954379 -0.246096 -0.63849 -0.765717 -0.0775046 -0.338179 -0.916653 -0.213032 -0.748679 -0.662828 0.0118367 -0.494002 -0.854893 -0.158495 -0.830206 -0.545828 0.113274 0.874717 -0.430078 0.223389 0.878886 -0.315298 0.357975 -0.630377 -0.771693 -0.0843486 -0.88016 -0.419129 0.22282 0.824819 -0.554645 0.109733 -0.741856 -0.670526 0.00673202 -0.90144 -0.28129 0.329062 0.742448 -0.669882 0.00539082 -0.823983 -0.555571 0.111322 0.882612 -0.416176 0.218617 0.895745 -0.28887 0.337929 0.630701 -0.771329 -0.0852577 -0.873693 -0.431283 0.22507 -0.896133 -0.293324 0.333026 0.371872 -0.91706 -0.143916 0.535982 -0.838051 -0.101952 -0.193033 -0.966908 -0.166818 -0.00694133 -0.9842 -0.176923 0.193237 -0.966275 -0.170212 -0.371401 -0.917871 -0.139907 0.00694635 -0.98372 -0.179573 -0.535207 -0.839081 -0.0974523 -0.17974 -0.968685 -0.171298 -0.678253 -0.733672 -0.041216 -0.359435 -0.921784 -0.145328 -0.795196 -0.60577 0.0265791 -0.524945 -0.844969 -0.102279 -0.881715 -0.460326 0.103338 0.928179 -0.315459 0.197408 0.936781 -0.164286 0.308951 -0.669605 -0.74144 -0.0435362 -0.934665 -0.302902 0.186151 0.875215 -0.471278 0.10907 -0.787644 -0.615463 0.028665 -0.955691 -0.134345 0.261928 0.788105 -0.614948 0.0270207 -0.874509 -0.472083 0.111227 0.936449 -0.300586 0.180863 0.951378 -0.140577 0.274077 0.669821 -0.74119 -0.0444736 -0.927264 -0.316576 0.199905 0.883335 -0.45837 0.0980657 0.524956 -0.844953 -0.102345 -0.950312 -0.146156 0.274856 0.796572 -0.604164 0.0214515 0.359332 -0.921963 -0.144445 0.679338 -0.732377 -0.0460886 0.179637 -0.969021 -0.169498 -0.186331 -0.976919 -0.104449 0.00720693 -0.993992 -0.109217 -0.702646 -0.711249 -0.020355 -0.554592 -0.830312 -0.0548552 -0.37272 -0.923769 -0.087921 -0.823603 -0.566799 0.0204272 -0.544459 -0.836664 -0.0596484 -0.913042 -0.402529 0.0657627 0.962383 -0.234862 0.1366 0.97586 -0.0551651 0.211313 -0.694573 -0.719134 -0.0203607 -0.967738 -0.224707 0.113973 0.907417 -0.41235 0.081011 -0.817007 -0.575936 0.0282245 -0.987682 -0.0372782 0.151971 0.817213 -0.575713 0.0267993 -0.907053 -0.412733 0.083108 0.968656 -0.22352 0.108369 0.985511 -0.0404087 0.164729 0.694642 -0.719051 -0.0209558 -0.961851 -0.235454 0.1393 0.913854 -0.401537 0.0603171 0.544429 -0.836708 -0.059296 -0.983688 -0.0454383 0.174052 0.824286 -0.565971 0.0151552 0.372648 -0.923923 -0.0865975 0.703181 -0.710558 -0.0253806 0.186272 -0.977168 -0.102206 0.554974 -0.829733 -0.059549 -0.00720484 -0.994323 -0.106163 0.385179 -0.918847 -0.0857781 -0.200117 -0.974759 -0.0989891 0.20022 -0.974353 -0.102707 -0.384945 -0.919333 -0.0815109 -0.705005 -0.709095 -0.0123383 -0.553069 -0.832433 -0.0342161 -0.97953 -0.196787 0.0423873 -0.923513 -0.382708 0.0256394 0.921023 -0.38686 0.0453467 0.97712 -0.200409 0.0712227 -0.829294 -0.558606 0.0152172 -0.998674 -0.00317444 0.0513788 0.829265 -0.558631 0.0158634 -0.921032 -0.386851 0.0452234 0.979755 -0.196562 0.0380026 0.998382 -0.00350792 0.0567503 0.704979 -0.709139 -0.0112798 -0.977077 -0.200434 0.071736 0.923704 -0.382517 0.021277 0.553051 -0.832502 -0.032782 -0.996759 -0.00559204 0.080257 0.832427 -0.554123 0.00356375 0.379577 -0.923954 -0.0472241 0.709228 -0.704843 -0.0138379 0.191431 -0.979996 -0.0544253 0.558681 -0.82885 -0.0297414 -0.00401687 -0.998481 -0.0549427 0.386463 -0.9213 -0.0430412 -0.199161 -0.978707 -0.0496651 0.199168 -0.97855 -0.0526556 -0.386442 -0.921461 -0.0396508 0.0040167 -0.998336 -0.0575196 -0.558629 -0.82901 -0.0259918 -0.191435 -0.979872 -0.0566033 -0.709135 -0.705005 -0.00978044 -0.379586 -0.923857 -0.0490198 -0.832285 -0.554293 0.00782515 0.994897 -0.00701218 0.10065 -0.980783 -0.195087 -0.00241736 -0.923878 -0.38268 -0.00234489 0.923875 -0.382682 -0.00304937 0.980781 -0.195088 -0.00304874 0.555571 -0.831469 0.000130146 0.707108 -0.707106 9.26833e-05 -0.999992 -1.19937e-07 -0.00403343 0.831465 -0.555569 -0.00304839 0.382686 -0.923878 0.000179989 0.707103 -0.707104 -0.00303044 0.195092 -0.980785 0.000226208 0.55557 -0.831464 -0.00298212 6.43867e-07 -1 0.000264294 0.382683 -0.923875 -0.00292995 -0.19509 -0.980785 0.000296388 0.195089 -0.980781 -0.00287828 -0.382685 -0.923879 0.000318774 -6.88788e-07 -0.999996 -0.00280237 -0.555573 -0.831468 0.00032626 -0.195092 -0.980781 -0.00271213 -0.707106 -0.707108 0.000331174 -0.382685 -0.923875 -0.00261844 -0.831469 -0.555572 0.00033194 -0.555569 -0.831467 -0.00251775 -0.92388 -0.382683 0.000314346 0.980786 -0.195087 0.000237595 0.999998 1.19937e-07 0.00188104 -0.707106 -0.707104 -0.0024208 -0.980786 -0.195088 0.000291334 0.92388 -0.382681 0.000117774 -0.83147 -0.555564 -0.00235455 -1 3.21787e-07 -0.000747794 0.831473 -0.555565 8.11808e-05 0.999998 -3.21787e-07 -0.00202079 -0.126415 -0.806673 -0.577319 -0.0969197 -0.872264 -0.479334 0.405344 -0.856921 -0.318407 0.449581 -0.805907 -0.385215 0.180674 -0.938788 -0.293317 0.301454 -0.90871 -0.288741 0.112725 -0.75872 -0.641589 0.0655982 -0.680298 -0.729994 -0.431852 -0.448566 -0.782491 -0.565765 -0.442391 -0.695845 -0.28354 -0.48228 -0.828861 0.11809 -0.831119 -0.543411 -0.0566357 -0.649733 -0.75805 -0.11223 -0.730013 -0.674155 0.00550993 -0.932492 -0.361148 0.0805008 -0.891497 -0.445818 -0.439376 -0.844843 -0.305267 -0.333825 -0.902733 -0.271356 -0.0300265 -0.918599 -0.394049 0.839571 -0.40448 -0.362653 0.808806 -0.296248 -0.508007 0.795255 -0.352796 -0.493056 -4.95471e-07 -0.744556 -0.66756 -0.515429 -0.77315 -0.369557 -0.142541 -0.535546 -0.83239 -0.738681 -0.412943 -0.532756 -0.214257 -0.938951 -0.269193 -0.0968859 -0.948895 -0.300353 0.167391 -0.50046 -0.849424 0.0389261 -0.569853 -0.820824 -0.0218435 -0.602891 -0.797524 0.0656039 -0.941523 -0.330501 0.603532 -0.406795 -0.68576 0.466992 -0.412617 -0.782091 -0.728219 -0.37609 -0.572934 -0.796678 -0.450013 -0.403475 -4.78784e-07 -0.744556 -0.66756 0.313556 -0.447554 -0.837483 0.97825 0.12146 -0.168153 0.987712 0.0998187 -0.120253 0.995482 0.0583518 -0.0749065 0.958759 0.169089 -0.228454 -0.995027 -0.0644495 0.0759467 -0.999424 -0.0247295 0.0232509 -0.999449 0.0203899 -0.0261749 -0.952239 -0.180712 0.246139 -0.981472 -0.113378 0.154463 0.942391 -0.196137 0.27098 0.93692 -0.216103 0.274739 -0.999331 0.0199513 -0.0306352 -0.999269 0.0221266 -0.0311901 -0.922822 -0.227728 0.310707 -0.999521 0.0187134 -0.0246625 0.990141 -0.0816087 0.113847 0.966458 -0.150636 0.208008 0.999576 0.0132028 -0.0259431 0.999054 -0.0302935 0.031201 -0.914872 -0.249612 0.317338 -0.999955 0.00824139 -0.0046716 0.99698 0.0509211 -0.0586282 0.99432 0.064578 -0.084601 -0.998614 0.0360241 -0.0383742 -0.995932 0.059924 -0.0672981 -0.942312 0.201182 -0.267533 -0.877677 0.297479 -0.375752 0.993282 0.068484 -0.0932769 -0.824254 0.347782 -0.446826 0.991964 0.0811426 -0.0970785 0.993114 0.0714951 -0.0928038 -0.988926 0.084975 -0.121678 0.797936 0.370213 -0.475647 0.854155 0.322579 -0.407874 -0.972759 0.136486 -0.187378 0.924298 0.230259 -0.304391 0.612356 -0.271207 -0.742608 0.273593 -0.322118 -0.906304 0.102689 -0.384715 -0.917305 0.452095 -0.27849 -0.84738 0.0128818 -0.963306 -0.268098 0.167169 -0.962596 -0.213223 -0.112785 -0.92803 -0.35502 0.339109 -0.920776 -0.19281 0.48946 -0.844061 -0.219065 -0.483233 -0.868166 -0.113022 -0.301601 -0.946106 -0.117982 0.188522 -0.674524 -0.713777 0.104171 -0.574871 -0.811586 -0.129492 -0.978707 -0.159263 0.0194985 -0.972008 -0.234139 -0.0260841 -0.484006 -0.874676 -0.0455095 -0.46929 -0.881871 -0.155699 -0.571351 -0.805801 -0.221991 -0.674428 -0.704178 -0.236287 -0.774163 -0.58723 -0.526707 -0.343587 -0.777514 0.13371 -0.930595 -0.340755 0.204842 -0.860906 -0.465704 -0.187969 -0.412041 -0.891566 -0.724773 -0.64349 -0.24622 -0.630947 -0.759549 -0.158085 -0.197804 -0.862241 -0.466277 0.22436 -0.772088 -0.594595 -0.361945 -0.361581 -0.859218 0.549533 -0.780302 -0.298568 -0.119844 -0.79164 0.599119 -0.0972799 -0.777846 0.620881 -0.126197 -0.781247 0.611333 -0.161827 -0.793014 0.587317 -0.0463957 -0.722326 0.689994 2.37605e-08 -0.730203 0.68323 0.000966158 -0.751884 0.659295 -0.0478092 -0.748612 0.661282 -0.0700172 -0.764819 0.640429 -0.0870835 -0.771829 0.629839 0.0411546 -0.740922 0.670329 0.0473971 -0.757307 0.651337 -0.0376528 -0.752973 0.656973 -0.045213 -0.764572 0.64295 0.0767879 -0.753612 0.652819 0.0912991 -0.764926 0.637615 3.55843e-07 -0.742903 0.669399 -0.00093093 -0.759318 0.650719 0.10706 -0.767639 0.631877 0.132194 -0.774913 0.61809 0.0427292 -0.735408 0.676276 0.0456893 -0.756027 0.652944 0.132305 -0.782614 0.608285 0.1692 -0.787454 0.592696 0.0896992 -0.73144 0.675981 0.0946355 -0.754868 0.649014 0.152811 -0.798341 0.582495 0.201018 -0.802652 0.561553 0.139263 -0.732011 0.666907 0.145609 -0.756301 0.637814 0.168628 -0.814763 0.554731 0.225996 -0.820437 0.525175 -0.321395 -0.818542 0.476124 -0.312793 -0.787981 0.530326 -0.32745 -0.805787 0.493441 -0.333804 -0.835854 0.435802 0.188841 -0.738058 0.647773 0.197523 -0.76113 0.617791 0.179467 -0.831859 0.525169 0.242256 -0.840483 0.484665 -0.288282 -0.761205 0.580914 -0.298581 -0.782243 0.546759 0.234945 -0.750245 0.618008 0.247902 -0.770449 0.587326 0.184151 -0.84962 0.494201 0.248878 -0.861913 0.441776 -0.249917 -0.74047 0.623896 -0.25523 -0.765704 0.590386 0.273428 -0.768733 0.578175 0.292364 -0.785449 0.545521 -0.164762 -0.852589 0.495929 -0.161076 -0.836556 0.523669 -0.234276 -0.843016 0.484189 -0.240357 -0.863826 0.442757 -0.202295 -0.726559 0.656649 -0.204602 -0.755223 0.622717 0.299935 -0.792994 0.530283 0.324327 -0.80707 0.493408 -0.151767 -0.821052 0.55031 -0.217384 -0.824102 0.523068 -0.150008 -0.719418 0.678186 -0.151508 -0.7496 0.644318 0.309596 -0.821933 0.478096 0.335489 -0.835323 0.435525 -0.137991 -0.806056 0.575528 -0.192701 -0.807333 0.557745 -0.0970416 -0.718353 0.688877 -0.0987921 -0.747683 0.656666 -0.151107 -0.610737 0.777281 -0.0619302 -0.66315 0.74592 -0.0533114 -0.696745 0.715335 -0.122122 -0.670968 0.73136 -0.0499462 -0.709343 0.703091 -0.107683 -0.698763 0.707202 0.157035 -0.901604 0.403052 0.0904683 -0.902786 0.420467 -0.013675 -0.857365 0.514527 0.0106046 -0.867895 0.496634 -0.0813551 -0.817757 0.569785 -0.0841142 -0.831709 0.548803 -0.260123 -0.56806 0.780797 -0.201489 -0.653932 0.729229 -0.169854 -0.6952 0.69846 0.218004 -0.885396 0.410546 0.0346119 -0.871004 0.490054 -0.0843424 -0.843227 0.530899 0.628073 -0.581619 0.516956 0.659217 -0.607996 0.442464 0.453406 -0.770446 0.448147 0.439116 -0.72901 0.525092 0.352511 -0.808915 0.470524 0.341503 -0.776156 0.530054 -0.37932 -0.53878 0.752218 -0.284774 -0.648019 0.706382 -0.231974 -0.699927 0.675492 0.265969 -0.858613 0.438228 0.0510699 -0.868338 0.493337 -0.0843414 -0.852765 0.515439 0.533735 -0.594403 0.601508 0.396169 -0.698389 0.596074 0.311041 -0.749162 0.584815 -0.49752 -0.525434 0.690212 -0.364308 -0.65462 0.662383 -0.288846 -0.713527 0.638316 0.295363 -0.825838 0.480368 0.057921 -0.862952 0.501956 -0.0850788 -0.861269 0.500977 0.441082 -0.584564 0.680978 0.33338 -0.679876 0.653166 0.266889 -0.728999 0.630342 -0.598652 -0.533703 0.597309 -0.432033 -0.674089 0.599126 -0.335147 -0.735722 0.588549 -0.205331 -0.865783 0.456353 -0.222957 -0.842644 0.490144 -0.000531592 -0.864403 0.5028 0.000477831 -0.864355 0.502882 0.121555 -0.857993 0.499072 0.118726 -0.846172 0.519516 0.332352 -0.595866 0.731086 0.259018 -0.674088 0.691748 0.213116 -0.717054 0.663637 -0.703811 -0.514646 0.489683 -0.47982 -0.705909 0.521023 -0.366141 -0.765292 0.529405 -0.163994 -0.88483 0.436098 0.00818093 -0.862665 0.505709 0.11473 -0.833817 0.539987 0.223491 -0.623203 0.749447 0.181504 -0.680392 0.710016 0.154919 -0.713542 0.68327 -0.733264 -0.549772 0.400093 -0.504663 -0.746253 0.434076 -0.379842 -0.799617 0.465116 -0.106898 -0.893143 0.436886 0.0234671 -0.856174 0.516154 0.11014 -0.819783 0.561983 0.125986 -0.663287 0.737685 0.10847 -0.697285 0.708539 0.0973264 -0.717839 0.689373 -0.0472972 -0.886248 0.46079 0.0405862 -0.842571 0.537054 0.102874 -0.803481 0.586375 0.0492088 -0.712067 0.700385 0.0463856 -0.722364 0.689956 0.0446307 -0.728665 0.683414 0.00172248 -0.863102 0.505026 0.0520749 -0.821411 0.567954 0.0903213 -0.784937 0.612957 3.06402e-07 -0.764114 0.645081 1.48888e-07 -0.75249 0.658603 2.55542e-07 -0.744292 0.667855 0.0300977 -0.825191 0.564052 0.0517104 -0.793705 0.6061 0.0700236 -0.764809 0.64044 -0.0183278 -0.814251 0.580223 -0.0281497 -0.784202 0.619867 -0.0347371 -0.762782 0.645722 0.0308109 -0.775672 0.630384 0.0350953 -0.761589 0.64711 0.0401731 -0.74433 0.666603 -0.00598804 -0.857028 0.515235 -0.0379233 -0.814114 0.579466 -0.059138 -0.782233 0.620173 -7.51059e-08 -0.719767 0.694216 2.89094e-09 -0.728104 0.685466 5.97311e-09 -0.72519 0.688549 0.0327168 -0.887522 0.459603 -0.0315572 -0.839261 0.542813 -0.0740295 -0.800987 0.594087 0.358637 -0.89086 0.278834 0.349956 -0.870903 0.345048 -0.324676 -0.806906 0.493445 -0.373431 -0.820395 0.433015 0.375978 -0.818898 0.433643 0.325442 -0.806372 0.493813 -0.347819 -0.87182 0.344893 -0.354889 -0.892226 0.279262 -0.265999 -0.797655 0.541286 0.409388 -0.837537 0.361846 -0.325036 -0.853479 0.407339 -0.201778 -0.791606 0.576755 0.419256 -0.86231 0.283983 -0.290045 -0.83709 0.463847 -0.134656 -0.788086 0.600656 -0.244702 -0.823144 0.512401 -0.0661835 -0.786828 0.613614 -0.191231 -0.811847 0.551665 0.00249394 -0.787858 0.615851 -0.131807 -0.803217 0.580922 0.0701618 -0.791369 0.6073 -0.0683554 -0.79712 0.599939 0.135296 -0.797602 0.587815 -0.00243243 -0.793329 0.608788 0.196009 -0.806737 0.557455 0.0648091 -0.791595 0.6076 0.250132 -0.818827 0.516678 0.132508 -0.791763 0.596283 0.295328 -0.833776 0.466475 0.199763 -0.793908 0.574287 0.329249 -0.851318 0.408476 -0.405989 -0.839255 0.361696 -0.409044 -0.866723 0.285437 0.265048 -0.798476 0.540543 -0.0929323 -0.830449 0.549289 -0.187146 -0.82975 0.525825 -0.272705 -0.842665 0.464271 -0.346223 -0.846832 0.40374 0.00354084 -0.831851 0.554988 -0.189027 -0.839272 0.509795 0.0990839 -0.834023 0.542759 -0.0982557 -0.836602 0.538928 0.190422 -0.837036 0.512943 -0.00350909 -0.834565 0.550899 0.274291 -0.840921 0.466494 0.092166 -0.833047 0.545471 0.347581 -0.845671 0.405004 0.185845 -0.831962 0.522781 0.407457 -0.851251 0.330681 0.274647 -0.831317 0.483199 0.451533 -0.857577 0.246331 -0.50987 -0.842508 0.173817 -0.508909 -0.857729 0.072888 0.355524 -0.831298 0.427254 0.478503 -0.864238 0.155329 -0.477405 -0.8362 0.269912 0.424917 -0.832393 0.355762 0.490748 -0.86917 0.0609122 -0.424807 -0.832478 0.355696 0.478564 -0.835403 0.270331 -0.479732 -0.863522 0.155522 -0.487359 -0.871065 0.061046 -0.356368 -0.830529 0.428047 0.511745 -0.841314 0.174091 -0.451721 -0.857459 0.2464 -0.276002 -0.82974 0.485134 0.522021 -0.84987 0.0722196 -0.406719 -0.85178 0.330229 0.239324 -0.868921 0.433244 0.124501 -0.873767 0.470139 -0.00444373 -0.875774 0.4827 -0.124228 -0.874594 0.468671 0.344633 -0.860421 0.375371 0.115976 -0.872797 0.474104 0.436477 -0.848678 0.298719 0.232713 -0.86571 0.44316 0.511393 -0.834242 0.206197 0.34155 -0.854772 0.39078 0.566556 -0.817767 0.101347 -0.615531 -0.788086 0.00644633 -0.613416 -0.781057 -0.116922 0.438357 -0.840498 0.318442 0.60034 -0.79966 -0.0116598 -0.579237 -0.805858 0.122794 0.519029 -0.823729 0.228208 0.615966 -0.777279 -0.128153 -0.519237 -0.823551 0.228378 0.579526 -0.805626 0.12295 -0.602793 -0.797824 -0.0108656 -0.611539 -0.780675 -0.12871 -0.43898 -0.839896 0.319172 0.61618 -0.787578 0.00665374 -0.568411 -0.816353 0.102351 -0.342351 -0.85382 0.392158 0.629329 -0.768575 -0.115053 -0.512538 -0.83331 0.20712 -0.233398 -0.864554 0.445052 -0.436952 -0.848241 0.299267 -0.116336 -0.871605 0.476204 -0.344598 -0.860461 0.375313 0.00445744 -0.874697 0.48465 -0.239029 -0.869392 0.432461 0.603887 -0.790397 0.102924 0.515261 -0.832147 0.20503 0.400765 -0.864642 0.302957 0.273819 -0.890883 0.362423 0.669277 -0.742902 -0.0128698 -0.714736 -0.688577 -0.122534 -0.713279 -0.650372 -0.261248 0.512628 -0.829522 0.221598 0.70935 -0.691267 -0.137737 -0.673501 -0.739169 0.0050633 0.604802 -0.787124 0.12104 0.727811 -0.632502 -0.265014 -0.605235 -0.786716 0.121522 0.673162 -0.739479 0.00478313 -0.712217 -0.688653 -0.136026 -0.722223 -0.637928 -0.267285 -0.513113 -0.829027 0.222328 0.714414 -0.688877 -0.122725 -0.671778 -0.740674 -0.0108235 -0.401203 -0.864109 0.303894 0.731255 -0.632949 -0.254249 -0.60583 -0.788627 0.10506 -0.274111 -0.890394 0.363404 -0.516572 -0.830851 0.20698 -0.136854 -0.906755 0.39883 -0.407433 -0.865615 0.291049 0.00526118 -0.912531 0.408973 -0.282596 -0.891488 0.354103 0.146785 -0.907512 0.393543 -0.14682 -0.907405 0.393776 0.282318 -0.891934 0.353201 -0.0052583 -0.912697 0.408604 0.40671 -0.866461 0.289539 0.136741 -0.907121 0.398036 0.823076 -0.458857 -0.334657 0.80268 -0.557943 -0.210723 -0.680049 -0.731968 0.0419046 -0.756015 -0.650335 -0.0741955 0.755278 -0.651086 -0.0751091 0.679457 -0.73257 0.0409845 -0.805518 -0.55493 -0.20783 -0.816942 -0.465958 -0.339837 -0.577218 -0.804039 0.142622 0.801107 -0.563416 -0.201967 -0.759786 -0.644775 -0.0836099 -0.451842 -0.863439 0.224302 0.821344 -0.465806 -0.32927 -0.685133 -0.727745 0.0313029 -0.309009 -0.90765 0.284052 -0.584169 -0.800773 0.132318 -0.154395 -0.934818 0.319808 -0.460741 -0.860952 0.215591 0.00594886 -0.943834 0.330365 -0.319549 -0.905888 0.277948 0.165801 -0.934344 0.315455 -0.165992 -0.933785 0.317004 0.31901 -0.906752 0.275742 -0.00595207 -0.943529 0.331237 0.459719 -0.862185 0.212828 0.154424 -0.934729 0.320055 0.582589 -0.802437 0.129171 0.308949 -0.907752 0.283792 0.683004 -0.729877 0.0280063 0.451614 -0.863721 0.223676 0.757209 -0.647377 -0.0868182 -0.801992 -0.562473 -0.201081 -0.802719 -0.486975 -0.344235 0.576803 -0.804483 0.14179 -0.748914 -0.66257 -0.011296 -0.830557 -0.545434 -0.11259 -0.337518 -0.91776 0.20928 -0.493265 -0.855828 0.155718 -0.638576 -0.765621 0.0777524 -0.168701 -0.955661 0.241356 -0.503697 -0.850551 0.151172 0.0065103 -0.967977 0.250953 -0.349377 -0.914024 0.206145 0.181262 -0.954221 0.23792 -0.1815 -0.953528 0.240505 0.348792 -0.914969 0.202916 -0.00651586 -0.967494 0.252811 0.502685 -0.851808 0.147411 0.168796 -0.955369 0.242443 0.637107 -0.767253 0.0736068 0.337577 -0.917664 0.209606 0.747013 -0.664626 -0.0156353 0.493166 -0.855953 0.155344 0.82831 -0.547931 -0.116933 -0.87373 -0.43124 -0.225009 -0.877916 -0.316478 -0.359314 0.629377 -0.772812 0.0815291 0.878102 -0.421573 -0.226303 -0.823755 -0.555824 -0.111747 0.740767 -0.671699 -0.00918521 0.899359 -0.28409 -0.332335 -0.741385 -0.671035 -0.0077932 0.822889 -0.556775 -0.113383 -0.880555 -0.418659 -0.222145 -0.893601 -0.291658 -0.341192 -0.629722 -0.772428 0.0824952 0.872674 -0.432472 -0.226731 0.895172 -0.294604 -0.334478 -0.37144 -0.917805 0.140239 -0.535341 -0.838905 0.0982259 0.192815 -0.967556 0.163271 0.00693357 -0.984815 0.173469 -0.193019 -0.966946 0.16661 0.370969 -0.918591 0.136283 -0.00693857 -0.984353 0.176071 0.534566 -0.839908 0.0937766 0.179549 -0.969309 0.167934 0.677418 -0.734641 0.0375207 0.359066 -0.922426 0.142135 0.794189 -0.606916 -0.0302687 0.524429 -0.845644 0.0993019 0.88057 -0.461679 -0.107002 -0.927567 -0.316207 -0.199078 -0.936181 -0.165039 -0.310367 0.668981 -0.742158 0.0408165 0.933425 -0.304479 -0.189762 -0.87454 -0.472049 -0.111126 0.786958 -0.616223 -0.0310909 0.954464 -0.13615 -0.265445 -0.787434 -0.615697 -0.0294061 0.87382 -0.472863 -0.11331 -0.93522 -0.302187 -0.184515 -0.950079 -0.142394 -0.277622 -0.669206 -0.7419 0.0417907 0.926633 -0.317339 -0.20161 -0.8822 -0.459745 -0.101767 -0.524448 -0.845619 0.0994112 0.949741 -0.146973 -0.27639 -0.795575 -0.605332 -0.0251713 -0.35897 -0.922589 0.141314 -0.678506 -0.733373 0.0423538 -0.179447 -0.96963 0.166181 0.186251 -0.977259 0.101368 -0.00720365 -0.994337 0.106029 0.702274 -0.711704 0.0169665 0.554311 -0.830715 0.05149 0.37256 -0.92411 0.0849643 0.823147 -0.567327 -0.0238383 0.544224 -0.837012 0.0568433 0.912513 -0.403151 -0.0692008 -0.962037 -0.235249 -0.138357 -0.975515 -0.0555539 -0.212803 0.694273 -0.719493 0.0177399 0.967157 -0.225434 -0.117417 -0.907051 -0.412737 -0.0831093 0.816658 -0.576309 -0.0306107 0.987121 -0.0381129 -0.155372 -0.816871 -0.576084 -0.0291585 0.906681 -0.413119 -0.0852137 -0.968092 -0.224255 -0.111834 -0.984889 -0.0412598 -0.1682 -0.694346 -0.719407 0.0183654 0.961499 -0.235841 -0.141066 -0.913341 -0.402169 -0.0637775 -0.544197 -0.837052 0.0565211 0.983374 -0.0458692 -0.175702 -0.823841 -0.566516 -0.0186048 -0.372488 -0.924258 0.0836704 -0.702817 -0.711031 0.0219608 -0.186191 -0.977498 0.0991514 -0.5547 -0.830153 0.0561625 0.00720124 -0.994654 0.103014 -0.384997 -0.919228 0.0824454 0.200024 -0.975101 0.0957491 -0.200129 -0.97471 0.0994461 0.384759 -0.919699 0.0782008 0.704939 -0.7092 0.00979422 0.553036 -0.832561 0.0315378 0.979362 -0.196943 -0.0454375 0.923368 -0.38284 -0.0287228 -0.920877 -0.386948 -0.0475067 -0.976955 -0.200512 -0.0731682 0.829186 -0.558696 -0.0175925 0.998515 -0.00336053 -0.0543811 -0.829157 -0.558719 -0.0182117 0.920886 -0.38694 -0.0474023 -0.979598 -0.196721 -0.04109 -0.998201 -0.00369803 -0.0598351 -0.704912 -0.709241 0.00875822 0.976911 -0.200537 -0.0736906 -0.92357 -0.382654 -0.0243777 -0.553016 -0.832626 0.0301248 0.996603 -0.00572443 -0.0821581 -0.832324 -0.554249 -0.00666056 -0.379562 -0.924098 0.0444545 -0.709158 -0.704968 0.0107479 -0.191426 -0.980151 0.0515708 -0.558639 -0.828982 0.0266749 0.00401572 -0.998638 0.0520178 -0.386444 -0.921445 0.0400091 0.199152 -0.978856 0.0466832 -0.199161 -0.978708 0.0496647 0.386417 -0.921597 0.0366207 -0.00401587 -0.998501 0.0545858 0.558582 -0.829132 0.0229292 0.191431 -0.980034 0.0537401 0.709058 -0.705118 0.00671076 0.379573 -0.924006 0.0462375 0.832172 -0.55441 -0.0109105 -0.994716 -0.00713563 -0.102419 0.125564 -0.809272 0.573857 0.0951655 -0.874403 0.475776 -0.409747 -0.855441 0.316746 -0.453962 -0.803906 0.384258 -0.184564 -0.938888 0.290559 -0.305692 -0.908003 0.286501 -0.112783 -0.763021 0.636459 -0.0669873 -0.684961 0.725493 0.427254 -0.453105 0.7824 0.561032 -0.446664 0.696946 0.279324 -0.487017 0.827522 -0.116753 -0.834848 0.537957 0.057525 -0.652801 0.755342 0.112289 -0.73292 0.670984 -0.00161298 -0.934539 0.355857 -0.0778287 -0.894463 0.440317 0.445871 -0.842369 0.302679 0.340039 -0.901431 0.267948 0.0274151 -0.920162 0.390576 -0.837438 -0.406923 0.364844 -0.806471 -0.298847 0.510191 -0.792809 -0.355616 0.494966 -6.63051e-08 -0.744555 0.667561 0.522408 -0.769327 0.367731 0.139001 -0.540416 0.829837 0.733759 -0.417728 0.535818 0.219963 -0.938818 0.265023 0.101816 -0.949892 0.295531 -0.165176 -0.503649 0.847971 -0.0373103 -0.573031 0.818684 0.0192715 -0.607758 0.793888 -0.0689459 -0.942396 0.327316 -0.600885 -0.40938 0.686546 -0.464303 -0.415447 0.782193 0.723158 -0.380527 0.576403 0.792227 -0.454348 0.407364 -7.60583e-08 -0.744555 0.667561 -0.311007 -0.45057 0.836816 -0.979144 0.118824 0.164798 -0.988452 0.0969566 0.116453 -0.995882 0.0557153 0.0715222 -0.959877 0.166723 0.225475 0.994385 -0.0682233 -0.0808927 0.999165 -0.0289997 -0.0287921 0.999652 0.0162146 0.0208147 0.950648 -0.18376 -0.25 0.980382 -0.116767 -0.158795 -0.941309 -0.198025 -0.273357 -0.935747 -0.218036 -0.277196 0.999615 0.0145218 0.0236245 0.999565 0.0166502 0.0243534 0.920755 -0.230793 -0.314556 0.999748 0.0135396 0.0179004 -0.989645 -0.0837437 -0.116576 -0.965629 -0.152558 -0.210445 -0.99969 0.0105654 0.0225232 -0.998878 -0.0326513 -0.0342888 0.912566 -0.252817 -0.321413 0.999993 0.00340522 -0.00144128 -0.997341 0.0479536 0.0548753 -0.994868 0.0613899 0.0804351 0.999008 0.0310517 0.0319075 0.996563 0.0555306 0.0614697 0.944183 0.197889 0.263359 0.880252 0.294555 0.372012 -0.993911 0.0650928 0.0889011 0.827211 0.345122 0.44341 -0.99262 0.0779356 0.0929051 -0.993754 0.0680197 0.0884675 0.989884 0.0809358 0.116529 -0.799971 0.368553 0.473514 -0.855974 0.320732 0.405511 0.974135 0.13285 0.182792 -0.925705 0.228136 0.301703 -0.609804 -0.273529 0.743855 -0.271035 -0.324944 0.906064 -0.100387 -0.38783 0.916248 -0.449424 -0.281111 0.847935 -0.0166292 -0.964184 0.264711 -0.171612 -0.962475 0.210219 0.109941 -0.929743 0.351413 -0.343977 -0.919493 0.190296 -0.494358 -0.841694 0.217165 0.489388 -0.865184 0.109347 0.307564 -0.944729 0.11354 -0.190047 -0.679278 0.708846 -0.107042 -0.579841 0.807667 0.134836 -0.978812 0.1541 -0.0151666 -0.97345 0.228397 0.0220787 -0.488949 0.872033 0.0472591 -0.472548 0.880037 0.15672 -0.574582 0.803302 0.222132 -0.677565 0.701115 0.235421 -0.777039 0.58377 0.5215 -0.347653 0.779215 -0.130663 -0.933207 0.33474 -0.203253 -0.864476 0.45975 0.183189 -0.416785 0.890355 0.730867 -0.637449 0.243911 0.637009 -0.755081 0.155153 0.195934 -0.864623 0.46264 -0.224352 -0.776383 0.588978 0.356787 -0.366025 0.859493 -0.554132 -0.77746 0.297481 </float_array>
          <technique_common>
            <accessor count="1194" offset="0" source="#meshId1-tangents-array" stride="3">
              <param name="X" type="float" />
              <param name="Y" type="float" />
              <param name="Z" type="float" />
            </accessor>
          </technique_common>
        </source>
        <source id="meshId1-bitangents" name="meshId1-bitangents">
          <float_array id="meshId1-bitangents-array" count="3582"> 0.696064 0.502151 -0.513166 0.546338 0.568035 -0.615508 0.543349 0.574758 -0.611903 0.689679 0.521228 -0.502657 -0.189242 -0.688421 0.700188 1.88095e-09 -0.686985 0.726672 0.00306757 -0.663241 0.748399 -0.18616 -0.660898 0.727021 0.375764 0.619748 -0.688995 0.375635 0.615719 -0.692667 0.190478 -0.668322 0.719072 0.1926 -0.650846 0.734373 0.191179 0.655453 -0.730638 0.193103 0.642797 -0.741298 0.374474 -0.632646 0.677885 0.374669 -0.623811 0.685918 -8.91935e-07 0.674017 -0.738716 0.00307678 0.65525 -0.755406 0.544546 -0.581117 0.604792 0.541967 -0.582844 0.605446 -0.190088 0.674989 -0.712921 -0.186667 0.652963 -0.734026 0.693839 -0.515523 0.502815 0.687957 -0.52921 0.49664 -0.371475 0.658606 -0.654404 -0.368237 0.636447 -0.677744 0.816379 -0.438208 0.376163 0.807119 -0.464635 0.364245 -0.536995 0.625741 -0.56576 -0.534024 0.606751 -0.588789 0.907304 -0.351969 0.23004 0.895131 -0.391173 0.213831 -0.94546 -0.28157 -0.163781 -0.928124 -0.372259 -0.00295684 -0.922969 -0.384818 0.00657178 -0.941099 -0.299827 -0.156324 -0.680305 0.577792 -0.450935 -0.67715 0.565283 -0.471087 0.963063 -0.259899 0.0704384 0.948996 -0.311044 0.051561 -0.876415 -0.456028 0.15471 -0.872801 -0.457647 0.169637 -0.796213 0.516542 -0.315007 -0.791995 0.513516 -0.330219 0.981675 -0.164723 -0.095815 0.966843 -0.227258 -0.116482 -0.791854 -0.52967 0.304004 -0.789794 -0.520107 0.325136 -0.880915 0.444004 -0.163859 -0.874747 0.452575 -0.173186 0.985137 0.148477 0.0863649 0.96631 0.244603 -0.080084 0.950959 0.304305 -0.055453 0.968994 0.219884 0.112702 -0.676594 -0.591378 0.43874 -0.675142 -0.572696 0.464976 -0.93209 0.362207 -0.00380135 -0.9239 0.382551 -0.00796156 0.91026 0.337451 -0.239904 0.897215 0.383664 -0.218647 -0.534213 -0.639359 0.553025 -0.532442 -0.614578 0.582064 -0.949118 0.272219 0.158343 -0.940304 0.301781 0.157345 0.818985 0.424376 -0.386224 0.809095 0.456787 -0.369744 -0.369662 -0.672289 0.641387 -0.367185 -0.644414 0.67075 -0.35089 -0.770892 0.531603 -0.184729 -0.744901 0.641091 -0.187452 -0.713342 0.675282 -0.362199 -0.718682 0.593556 -0.188334 -0.70158 0.687252 -0.366735 -0.692115 0.621678 0.817648 0.117745 -0.563549 0.701939 0.248624 -0.667433 0.706864 0.378047 -0.597849 0.831455 0.274311 -0.483152 0.701843 0.458166 -0.545436 0.826605 0.371075 -0.423117 -0.489751 -0.776645 0.39619 -0.516825 -0.706057 0.484123 -0.528229 -0.665317 0.527567 0.899401 -0.0103443 -0.437003 0.923452 0.166043 -0.345928 0.919407 0.276426 -0.279784 -0.752831 0.613957 0.237281 -0.747867 0.536759 0.390622 -0.888499 0.396656 0.230724 -0.874245 0.479245 0.0775872 -0.933708 0.309488 0.180021 -0.917357 0.397556 0.02015 -0.595121 -0.766054 0.242883 -0.645983 -0.67636 0.353897 -0.666964 -0.622454 0.409524 0.946037 -0.133434 -0.295313 0.979796 0.0591723 -0.191047 0.976526 0.178138 -0.121096 -0.750431 0.660491 0.0245919 -0.832136 0.548844 -0.0795022 -0.86806 0.476696 -0.138683 -0.664134 -0.743205 0.0810691 -0.745883 -0.632564 0.208618 -0.778438 -0.565288 0.272915 0.957747 -0.248613 -0.144612 0.998718 -0.0437574 -0.0254525 0.995736 0.0797431 0.0463844 -0.701808 0.699318 -0.135717 -0.759597 0.606752 -0.234231 -0.785838 0.546435 -0.289599 -0.701311 -0.70877 -0.07621 -0.81491 -0.576983 0.0548811 -0.859516 -0.495998 0.123363 0.960106 0.0805467 0.267786 0.976007 0.188212 0.109478 0.999987 -0.00438093 -0.00254826 0.980768 -0.103238 0.165638 0.991819 -0.110342 -0.064183 0.972844 -0.207072 0.103418 -0.621861 0.724129 -0.298204 -0.656309 0.651706 -0.380182 -0.672909 0.603908 -0.427188 -0.684681 -0.669379 -0.288348 -0.853578 -0.511105 -0.100874 -0.908338 -0.416894 -0.0334733 0.910031 -0.0404205 0.412566 0.923787 -0.204644 0.323633 0.916046 -0.303109 0.262649 -0.507101 0.7347 -0.450626 -0.52392 0.681838 -0.510494 -0.532565 0.646924 -0.545769 -0.67752 -0.594697 -0.432785 -0.861452 -0.438977 -0.255341 -0.923463 -0.331661 -0.192917 0.825096 -0.170381 0.538689 0.831005 -0.308064 0.46317 0.823506 -0.396014 0.406215 -0.360479 0.727739 -0.583481 -0.366286 0.694947 -0.618776 -0.369484 0.673577 -0.640137 0.705749 -0.301305 0.641198 0.705726 -0.408831 0.578626 0.699005 -0.481931 0.528331 -0.188439 0.700122 -0.688709 -0.189192 0.689185 -0.69945 -0.189631 0.682416 -0.705938 0.555553 -0.424943 0.714692 0.552859 -0.501323 0.6656 0.547685 -0.557252 0.624109 -9.58707e-07 0.65039 -0.759601 -1.08399e-06 0.663515 -0.748163 -9.66785e-07 0.67262 -0.739988 0.381351 -0.534986 0.753898 0.378916 -0.58094 0.720369 0.375847 -0.618888 0.689722 0.194092 0.577891 -0.792698 0.192857 0.617883 -0.762251 0.191742 0.644121 -0.740502 0.192498 -0.627028 0.754838 0.191736 -0.644257 0.740385 0.190697 -0.664432 0.722609 0.382583 0.48409 -0.786948 0.380536 0.553345 -0.740946 0.377687 0.597674 -0.707204 -4.85515e-08 -0.697364 0.716717 -3.47783e-08 -0.688964 0.724795 -2.31601e-08 -0.692271 0.721638 0.554827 0.372846 -0.743743 0.554445 0.472173 -0.685305 0.550107 0.534865 -0.641328 0.93104 -0.348256 -0.109002 0.914208 -0.400182 0.0638629 -0.761572 -0.535396 0.365184 -0.842246 -0.497882 0.206725 -0.840961 0.500657 -0.205249 -0.76111 0.536527 -0.364487 0.914953 0.398359 -0.0645891 0.932475 0.344742 0.107902 -0.650023 -0.566425 0.50659 -0.889043 0.456294 -0.0374073 0.863763 0.447397 -0.23184 -0.511275 -0.591026 0.623928 -0.905913 0.402214 0.132462 0.779714 0.492321 -0.386868 -0.350902 -0.60866 0.711618 0.665699 0.531619 -0.523666 -0.175719 -0.61856 0.765837 0.525757 0.564134 -0.636658 0.00682667 -0.620023 0.784554 0.365059 0.588946 -0.721023 0.189132 -0.612604 0.767428 0.189769 0.605439 -0.772937 0.363822 -0.596213 0.715656 0.00684727 0.613352 -0.78978 0.52405 -0.571128 0.63181 -0.176207 0.612796 -0.770345 0.663743 -0.537982 0.519635 -0.351668 0.604216 -0.71502 0.7778 -0.497671 0.383862 -0.511986 0.588266 -0.62595 0.862239 -0.451286 0.229965 -0.890748 -0.452829 0.038908 -0.910773 -0.392188 -0.129158 -0.650303 0.565596 -0.507156 -0.163062 -0.561053 0.81156 -0.325768 -0.561376 0.760744 0.488145 0.541968 -0.684095 0.618562 0.534645 -0.575791 0.00634295 -0.559285 0.828951 0.338748 0.547856 -0.76492 0.175601 -0.555974 0.812439 0.176036 0.552333 -0.814825 0.338018 -0.551039 0.762955 0.00635892 0.555484 -0.831503 0.487325 -0.544457 0.682701 -0.16347 0.557443 -0.813962 0.617886 -0.536273 0.575002 -0.326458 0.558344 -0.762678 0.724872 -0.526596 0.444136 -0.475803 0.558227 -0.679701 0.804404 -0.515581 0.295146 -0.835491 -0.535641 0.122654 -0.858874 -0.510348 -0.043368 -0.60536 0.556905 -0.568679 0.853366 -0.503913 0.133561 -0.787778 -0.546448 0.284255 -0.710174 0.553802 -0.434692 0.868035 -0.495288 -0.0347109 -0.710357 -0.553444 0.434848 -0.786955 0.547874 -0.283789 0.852599 0.505274 -0.133315 0.869981 0.491879 0.0344709 -0.60497 -0.557805 0.568212 -0.834235 0.537691 -0.122227 0.804213 0.515938 -0.295043 -0.475102 -0.56032 0.678468 -0.850766 0.523657 0.0444994 0.725195 0.525931 -0.444397 0.30525 -0.495604 0.813141 0.158546 -0.489737 0.857333 0.00574262 0.487232 -0.873254 0.158731 0.488441 -0.858038 0.440242 -0.50622 0.741572 -0.147501 0.491526 -0.858281 0.558437 -0.521056 0.645483 -0.29483 0.501235 -0.813535 0.655443 -0.539424 0.5286 -0.430247 0.515932 -0.740744 0.727693 -0.560495 0.395359 -0.761053 -0.600909 0.244348 -0.787686 -0.609288 0.091209 -0.548317 0.534766 -0.642941 0.772201 -0.58381 0.250742 -0.716234 -0.578861 0.389781 -0.644587 0.556442 -0.52429 0.783822 -0.612714 0.101019 -0.644516 -0.556552 0.52426 -0.715902 0.57932 -0.389708 0.770213 0.586416 -0.250774 0.787344 0.608302 -0.100292 -0.547907 -0.535547 0.642642 -0.760447 0.60168 -0.24434 0.726161 0.562675 -0.395079 -0.429683 -0.51733 0.740096 -0.774852 0.625177 -0.0935877 0.654462 0.541001 -0.528202 -0.294338 -0.503041 0.812598 0.557985 0.521923 -0.645173 -0.147242 -0.49345 0.857221 0.440202 0.506315 -0.74153 0.00573462 -0.488979 0.872277 0.305432 0.494948 -0.813473 0.571448 -0.525639 0.630199 0.486774 -0.486563 0.72547 -0.37582 0.460764 -0.804025 -0.257177 0.435032 -0.862906 0.634596 -0.570333 0.521544 -0.66904 -0.628258 0.397086 -0.698813 -0.663756 0.266624 -0.479764 0.494821 -0.724554 0.673534 -0.619242 0.403598 -0.628631 -0.580859 0.517133 -0.565097 0.535449 -0.627661 0.68135 -0.675095 0.282859 -0.564708 -0.535951 0.627583 -0.628924 0.58054 -0.517134 0.670448 0.622205 -0.404179 0.687334 0.669914 -0.280689 -0.479316 -0.495542 0.724358 -0.669312 0.627998 -0.39704 0.631884 0.573304 -0.52158 -0.375412 -0.461638 0.803714 -0.679827 0.680522 -0.273359 0.569317 0.528395 -0.629823 -0.256909 -0.435896 0.86255 0.485314 0.488897 -0.724879 -0.128422 -0.419527 0.898613 0.382872 0.456396 -0.803189 0.00500817 -0.413218 0.910618 0.2657 0.432259 -0.861717 0.138196 -0.417181 0.898255 0.138135 0.417552 -0.898092 0.266037 -0.431204 0.862141 0.00500858 0.412991 -0.910721 0.383696 -0.454658 0.803781 -0.128521 0.418877 -0.898902 0.563348 -0.667541 0.486856 0.559715 -0.598465 0.5732 -0.472371 -0.485372 0.735717 -0.52699 -0.542509 0.65419 -0.527988 0.541656 -0.654093 -0.473161 0.484527 -0.735766 0.555603 0.601283 -0.574251 0.57222 0.662596 -0.48325 -0.400164 -0.434697 0.806788 -0.563201 0.603112 -0.564854 0.523431 0.539524 -0.659495 -0.312912 -0.392676 0.864807 -0.568288 0.671909 -0.474961 0.471484 0.482713 -0.738032 -0.213856 -0.36116 0.90765 0.401887 0.432775 -0.806965 -0.106792 -0.34148 0.933802 0.317091 0.391629 -0.863759 0.00417189 -0.334425 0.942413 0.220123 0.360906 -0.906252 0.114803 -0.340233 0.933307 0.11451 0.341875 -0.932743 0.220937 -0.358609 0.906966 0.0041651 0.335392 -0.942069 0.318612 -0.388798 0.864478 -0.106735 0.341825 -0.933683 0.404214 -0.429597 0.807501 -0.213913 0.360995 -0.907703 0.474605 -0.479412 0.738183 -0.313187 0.392152 -0.864945 0.527192 -0.536346 0.659091 -0.562002 -0.60395 0.565154 -0.594409 -0.656666 0.464185 -0.400703 0.43395 -0.806923 0.362873 0.402754 -0.840305 0.403142 0.459059 -0.79167 -0.165598 -0.280369 0.9455 -0.242903 -0.311107 0.91881 0.309155 0.353357 -0.882928 -0.0825461 -0.261345 0.96171 0.243865 0.3127 -0.918013 0.00323379 -0.254736 0.967005 0.169302 0.282319 -0.944263 0.0886244 -0.260744 0.961332 0.0881213 0.263378 -0.960659 0.170528 -0.27912 0.944993 0.00322034 0.256662 -0.966496 0.245963 -0.309164 0.918651 -0.0823419 0.2625 -0.961412 0.31219 -0.349725 0.883306 -0.165456 0.280756 -0.94541 0.366792 -0.399294 0.840254 -0.243072 0.310815 -0.918864 0.407758 -0.456036 0.791053 -0.443036 -0.522782 0.728298 -0.477031 -0.580908 0.659535 -0.312318 0.351588 -0.882521 0.433355 -0.517952 0.737516 -0.413884 -0.460083 0.785509 -0.370572 0.401585 -0.8375 0.432904 -0.585733 0.685208 -0.369384 -0.402657 0.83751 -0.41555 0.458963 -0.785284 0.428338 0.520328 -0.738772 0.444569 0.582033 -0.680879 -0.311668 -0.352383 0.882434 -0.445054 0.521789 -0.72778 -0.443785 0.592307 -0.672478 0.113769 0.19889 -0.973396 0.164255 0.221974 -0.961118 0.05982 -0.181297 0.981607 0.00219719 -0.176942 0.984219 0.0591516 0.18464 -0.981025 0.115299 -0.195113 0.97398 0.00217823 0.179592 -0.983739 0.166762 -0.218049 0.961585 -0.0554249 0.18383 -0.981394 0.21238 -0.249416 0.944821 -0.112011 0.197227 -0.973938 0.250441 -0.288202 0.92424 -0.165996 0.219497 -0.961388 0.27944 -0.333082 0.900538 -0.316062 -0.388235 0.865666 -0.349916 -0.439822 0.827113 -0.215749 0.250266 -0.943832 0.298128 -0.382471 0.874549 -0.292619 -0.336255 0.895157 -0.259405 0.289057 -0.921496 0.294372 -0.436156 0.85036 -0.257999 -0.290154 0.921546 -0.294727 0.335121 -0.894891 0.292475 0.384294 -0.875658 0.308026 0.434188 -0.846523 -0.215084 -0.251004 0.943788 -0.318737 0.387324 -0.865093 0.274275 0.335771 -0.901128 -0.16596 -0.219556 0.96138 -0.311299 0.446175 -0.83906 0.246026 0.291557 -0.924373 -0.112337 -0.196391 0.974069 0.208879 0.253196 -0.944596 -0.055754 -0.182053 0.981707 -0.0256708 0.111116 -0.993476 0.00102755 0.109227 -0.994016 0.106868 -0.133772 0.985233 0.0817524 -0.119971 0.989406 -0.0531066 0.115828 -0.991849 0.129365 -0.152667 0.979774 -0.0817741 0.123719 -0.988942 0.147857 -0.176392 0.973152 -0.187698 -0.211206 0.95925 -0.218395 -0.246497 0.944215 -0.111747 0.135802 -0.984414 0.161126 -0.204163 0.965586 -0.167995 -0.179248 0.969354 -0.142031 0.15356 -0.977879 0.156476 -0.235304 0.959243 -0.140841 -0.154399 0.977919 -0.169957 0.178357 -0.969177 0.155508 0.205463 -0.966231 0.169613 0.234786 -0.957135 -0.111327 -0.136237 0.984401 -0.190407 0.210544 -0.958862 0.142747 0.178641 -0.973504 -0.0819682 -0.123421 0.988963 -0.179885 0.248474 -0.951789 0.124932 0.155714 -0.97987 -0.0536038 -0.114595 0.991965 0.103283 0.137398 -0.985117 -0.0260914 -0.10891 0.993709 0.0791205 0.123909 -0.989134 0.00104982 -0.106174 0.994347 0.0535686 0.115055 -0.991914 0.0281645 -0.106714 0.993891 0.0274152 0.110361 -0.993513 0.0552248 -0.111102 0.992273 -0.0249241 0.0421595 -0.9988 -0.0116007 0.0487596 -0.998743 0.0534191 -0.0510917 0.997264 0.0455593 -0.0430763 0.998032 -0.0663615 -0.0411316 0.996948 -0.0833027 -0.0524932 0.995141 -0.0441922 0.0384122 -0.998284 0.0514767 -0.0616002 0.996773 -0.044729 -0.0380503 0.998274 -0.0662475 0.0411799 -0.996953 0.0491122 0.0519564 -0.997441 0.0568586 0.0615821 -0.996481 -0.025671 -0.0414079 0.998812 -0.0838066 0.05239 -0.995104 0.0415223 0.0447484 -0.998135 -0.0123948 -0.0475642 0.998791 -0.0804516 0.0692789 -0.994348 0.0316429 0.0411127 -0.998653 -0.00495953 -0.0530757 0.998578 0.021453 0.0411979 -0.998921 -0.00155636 -0.0557538 0.998443 0.0125813 0.044325 -0.998938 0.000275932 -0.0549442 0.998489 0.0060601 0.0492025 -0.99877 0.00275705 -0.0512398 0.998683 0.00216046 0.0541704 -0.998529 0.00737174 -0.046075 0.998911 0.000265569 0.0575211 -0.998344 0.0146778 -0.0412134 0.999043 -0.00113865 0.0578916 -0.998322 0.0243337 -0.0383348 0.998969 -0.00427688 0.0547372 -0.998492 0.0351948 -0.0387479 0.998629 -0.100894 -0.0691496 0.992491 0.00237095 0.000471449 -0.999997 0.00216642 0.000897275 -0.999997 -0.00281732 0.00116676 -0.999995 -0.00299018 0.000594678 -0.999995 -7.22013e-05 0.000108282 1 -6.54307e-05 6.56432e-05 1 0.00403343 -9.97753e-08 -0.999992 -0.00253477 0.00169341 -0.999995 -6.88097e-05 0.000166316 1 -0.00214291 0.00214277 -0.999995 -4.40884e-05 0.00022187 1 -0.00165689 0.00247947 -0.999996 4.14518e-08 0.000264294 1 -0.00112128 0.00270691 -0.999996 5.77362e-05 0.00029071 1 -0.000561486 0.00282298 -0.999996 0.000121921 0.000294538 1 4.68761e-08 0.00280237 -0.999996 0.000181198 0.000271316 1 0.000529165 0.00266 -0.999996 0.000234122 0.000234229 1 0.00100212 0.00241909 -0.999997 0.000275956 0.000184479 1 0.00139879 0.00209343 -0.999997 0.000290361 0.000120434 1 -0.000233001 4.64994e-05 1 -0.00188104 1.00032e-07 0.999998 0.00171173 0.00171179 -0.999997 0.000285707 5.69834e-05 1 -0.000108732 4.5255e-05 1 0.00195778 0.00130807 -0.999997 -0.000747794 1.50626e-07 1 -6.73743e-05 4.52888e-05 1 -0.00202079 -1.49735e-07 -0.999998 0.192667 -0.590872 0.783422 0.389123 -0.476477 0.788386 0.893562 0.29787 0.335887 0.893239 0.405626 0.193885 0.81609 -0.0233604 0.577453 0.875337 0.143688 0.461671 -0.00896895 0.644901 -0.764213 -0.2098 0.705814 -0.676617 -0.71009 0.704014 -0.0116843 -0.729567 0.661817 0.172425 -0.649492 0.732486 -0.204022 0.197878 0.55596 -0.807312 -0.212394 -0.734048 0.645029 -0.0138527 -0.677226 0.735645 0.566211 0.300592 -0.767496 0.392847 0.439443 -0.807813 0.877328 -0.330574 -0.347873 0.863509 -0.17741 -0.472099 0.565442 -0.340695 0.751134 -0.54325 -0.625108 -0.560463 -0.564891 -0.631547 -0.53108 -0.581663 -0.673344 -0.456373 -1 -1.14446e-07 8.69858e-07 0.856932 -0.465035 -0.222282 -0.540789 0.746495 -0.387676 -0.652007 0.638228 0.409331 0.807923 -0.0154707 -0.589085 0.707937 0.146417 -0.690932 -0.53362 -0.770457 0.348777 -0.388467 -0.765461 0.512994 -0.389802 0.739719 -0.548517 0.711517 -0.188079 0.67703 -0.698646 -0.684273 -0.208959 -0.687489 -0.725668 -0.0276553 -0.665557 0.587513 0.460285 -0.604404 0.593171 0.53183 -1 -1.2687e-07 8.58719e-07 -0.635544 -0.754205 0.1651 0.207271 -0.604289 0.769333 0.156112 -0.594148 0.789061 0.0949522 -0.611762 0.785323 0.284071 -0.59628 0.750836 -0.0994749 0.60364 -0.791027 -0.0335128 0.61014 -0.791584 0.0331795 0.6142 -0.788453 -0.305187 0.589951 -0.747542 -0.19152 0.60482 -0.772989 -0.334216 -0.586279 0.737954 -0.349545 -0.579243 0.736408 0.036437 0.611955 -0.790053 0.0381764 0.624768 -0.779876 -0.384966 0.574746 -0.722127 0.0309583 0.607396 -0.793796 -0.139956 -0.609919 0.780007 -0.256625 -0.598337 0.759037 0.0286064 -0.610499 0.7915 -0.0431834 -0.606314 0.794052 -0.403745 0.565611 -0.719079 0.00877718 0.620444 -0.784202 0.0775726 -0.618407 0.78202 0.106431 -0.604242 0.789661 0.0523801 0.608698 -0.791671 0.0898132 0.599486 -0.79533 0.334658 0.583488 -0.739963 0.479245 0.540463 -0.691537 0.115679 -0.608437 0.785126 0.56622 0.506269 -0.650451 0.126419 -0.60434 0.786633 0.117129 -0.621058 0.774963 0.148188 0.610489 -0.778039 0.602742 -0.490105 0.629682 0.520011 -0.525867 0.673091 0.231632 0.604576 -0.762125 0.381603 -0.572637 0.72558 -0.694523 -0.633303 -0.341417 -0.668979 -0.740747 0.0613257 -0.572801 -0.776807 0.261667 -0.705413 -0.693048 -0.148583 0.731058 -0.173852 0.659795 0.828599 0.019967 0.559487 0.579959 -0.351606 0.734861 0.865977 0.225456 0.446378 0.851458 0.40835 0.329042 0.794604 -0.380721 -0.472923 0.789657 -0.178528 -0.587001 -0.218145 0.679889 -0.700117 -0.413508 0.717116 -0.561031 0.719614 0.0177453 -0.694148 0.590501 0.200171 -0.781818 -0.581349 0.719147 -0.380606 -0.42399 -0.790253 0.442416 -0.242662 -0.768629 0.591882 -0.0325193 -0.716675 0.696648 0.18861 -0.62939 0.753853 -0.761526 0.597139 0.251998 0.420951 0.364615 -0.830576 0.222363 0.504283 -0.834418 -0.697894 0.694757 -0.173948 0.688988 -0.676912 -0.259008 0.752634 -0.549795 -0.362309 0.394908 -0.505462 0.767174 0.000332154 0.610211 -0.792239 -0.755641 0.653554 0.0432817 0.835472 0.513244 0.196384 -0.696877 0.496892 0.517165 -0.546987 0.562961 0.619581 -0.544166 0.569783 0.615817 -0.690748 0.516074 0.506493 0.189493 -0.68456 -0.703896 -3.96104e-08 -0.68323 -0.730203 -0.00307256 -0.659295 -0.751878 0.186406 -0.657096 -0.730396 -0.376222 0.614841 0.693129 -0.376187 0.610908 0.696617 -0.1907 -0.664389 -0.722649 -0.192861 -0.646738 -0.737926 -0.191421 0.650699 0.734812 -0.193384 0.638133 0.745244 -0.3749 -0.628527 -0.681472 -0.375187 -0.619528 -0.689506 8.97743e-07 0.669399 0.742903 -0.00308245 0.650718 0.759313 -0.545157 -0.5768 -0.608362 -0.542741 -0.578368 -0.609034 0.190354 0.670488 0.717085 0.186938 0.648551 0.737859 -0.694619 -0.510991 -0.506352 -0.68898 -0.524519 -0.500187 0.372024 0.654197 0.658502 0.368785 0.63214 0.681467 -0.817307 -0.433446 -0.379649 -0.808371 -0.459705 -0.367705 0.537834 0.621392 0.569743 0.534846 0.602532 0.592364 -0.90836 -0.346953 -0.233464 -0.896582 -0.38598 -0.217164 0.946945 -0.277815 0.161597 0.92957 -0.368646 0.000522792 0.924489 -0.381105 -0.00884821 0.942643 -0.295989 0.154323 0.681425 0.573469 0.454746 0.67824 0.56113 0.474472 -0.964226 -0.254606 -0.0737849 -0.9506 -0.305556 -0.0547314 0.877751 -0.452529 -0.157386 0.874196 -0.454023 -0.172175 0.797587 0.512207 0.31859 0.793334 0.509398 0.333369 -0.982898 -0.159181 0.0925911 -0.968535 -0.22148 0.11352 0.793022 -0.52624 -0.306901 0.791006 -0.516504 -0.327922 0.882492 0.439618 0.167166 0.876295 0.448455 0.176054 -0.986333 0.142421 -0.0828425 -0.967468 0.238722 0.0837715 -0.952598 0.298498 0.0587943 -0.970685 0.213897 -0.109634 0.677552 -0.587969 -0.441832 0.676138 -0.569055 -0.467988 0.933798 0.357736 0.00679535 0.92559 0.378382 0.0105131 -0.911328 0.331797 0.243705 -0.898708 0.378093 0.222194 0.534935 -0.63593 -0.556271 0.533204 -0.61085 -0.585283 0.950868 0.267615 -0.155666 0.942044 0.297483 -0.155104 -0.819938 0.418924 0.390133 -0.810393 0.451434 0.373458 0.370175 -0.66854 -0.645 0.367691 -0.640621 -0.674097 0.351587 -0.7681 -0.535173 0.185 -0.742031 -0.644333 0.187665 -0.71058 -0.678128 0.362675 -0.716086 -0.596396 0.188589 -0.698004 -0.690814 0.367221 -0.688991 -0.624853 -0.816505 0.111059 0.566555 -0.701295 0.242018 0.670531 -0.706974 0.372184 0.601387 -0.831402 0.268294 0.48661 -0.702411 0.452625 0.549317 -0.827204 0.365354 0.426908 0.490911 -0.77413 -0.399661 0.517745 -0.703094 -0.487441 0.528969 -0.662318 -0.530591 -0.89779 -0.0169886 0.440096 -0.92323 0.159895 0.349398 -0.920021 0.270523 0.283511 0.757196 0.609946 -0.23371 0.751953 0.533013 -0.387897 0.891304 0.391925 -0.227973 0.876993 0.47472 -0.0743231 0.935808 0.304711 -0.177243 0.91941 0.392932 -0.0169884 0.596754 -0.763749 -0.246114 0.647228 -0.673548 -0.356972 0.667973 -0.619433 -0.412449 -0.944034 -0.139993 0.298668 -0.979455 0.0529488 0.194589 -0.977152 0.172061 0.124774 0.75411 0.656429 -0.0204665 0.834628 0.544489 0.0832303 0.869947 0.472197 0.142204 0.666195 -0.741041 -0.0839212 0.74741 -0.629838 -0.211383 0.779686 -0.56223 -0.275658 -0.955385 -0.255313 0.148509 -0.998321 -0.050067 0.0291226 -0.996374 0.0735424 -0.0427776 0.704833 0.695347 0.140366 0.761709 0.602487 0.238344 0.787473 0.542018 0.293433 0.703683 -0.706665 0.0738509 0.81664 -0.574298 -0.0572721 0.860947 -0.492877 -0.125864 -0.959051 0.0850477 -0.270163 -0.974828 0.192725 -0.112103 -1 0.000459497 -0.000267305 -0.980785 -0.0985126 -0.168392 -0.992585 -0.105073 0.061118 -0.973573 -0.202008 -0.106531 0.624134 0.720097 0.303178 0.65796 0.647457 0.384562 0.674228 0.599524 0.431264 0.687365 -0.667424 0.286488 0.855402 -0.508435 0.0989013 0.909879 -0.413694 0.031257 -0.909208 -0.0359211 -0.41479 -0.923843 -0.20006 -0.326328 -0.916728 -0.298268 -0.265793 0.508637 0.73047 0.455743 0.525086 0.677522 0.515023 0.533535 0.642516 0.550013 0.679944 -0.592884 0.431467 0.863317 -0.436233 0.253744 0.925051 -0.328337 0.190984 -0.824569 -0.16589 -0.540894 -0.831139 -0.303626 -0.465853 -0.824143 -0.391381 -0.409401 0.361352 0.723207 0.588555 0.36699 0.690486 0.623336 0.370101 0.669092 0.64447 -0.705523 -0.296919 -0.643487 -0.705941 -0.404561 -0.581358 -0.699584 -0.477508 -0.531571 0.188783 0.695226 0.693557 0.189497 0.684521 0.703934 0.189918 0.677809 0.710286 -0.555568 -0.420741 -0.717162 -0.553124 -0.497245 -0.668432 -0.548179 -0.55303 -0.627421 1.03309e-06 0.645081 0.764114 9.33062e-07 0.658603 0.75249 8.63963e-07 0.667855 0.744292 -0.381498 -0.531072 -0.756586 -0.379174 -0.577069 -0.723338 -0.376222 -0.614853 -0.693118 -0.194227 0.572165 0.796808 -0.193048 0.612704 0.766372 -0.191972 0.639172 0.744718 -0.192641 -0.623467 -0.757746 -0.191907 -0.640594 -0.743512 -0.190909 -0.660569 -0.726087 -0.382635 0.477996 0.790639 -0.380798 0.547901 0.744847 -0.378085 0.592528 0.711311 -9.53797e-08 -0.694216 -0.719767 -3.57139e-08 -0.685466 -0.728104 3.79343e-08 -0.688549 -0.72519 -0.554605 0.366434 0.747087 -0.554672 0.466488 0.689005 -0.550615 0.529517 0.645317 -0.933477 -0.342264 0.107127 -0.91652 -0.394485 -0.0661252 0.763058 -0.531729 -0.367433 0.843907 -0.494257 -0.208642 0.842775 0.496733 0.207332 0.762732 0.532538 0.366938 -0.917333 0.392455 0.0669303 -0.934908 0.338687 -0.106007 0.651279 -0.562686 -0.509137 0.890962 0.452392 0.0390947 -0.865944 0.441729 0.234555 0.512258 -0.5872 -0.626728 0.907868 0.398216 -0.131145 -0.781621 0.486876 0.3899 0.351578 -0.604737 -0.714623 -0.667273 0.526382 0.526943 0.176062 -0.614522 -0.769002 -0.526958 0.559089 0.640105 -0.00683993 -0.615852 -0.787832 -0.365866 0.584077 0.724566 -0.189519 -0.608286 -0.770759 -0.190177 0.60073 0.776503 -0.364592 -0.591721 -0.718984 -0.00686142 0.608789 0.793303 -0.525201 -0.566438 -0.635069 0.176573 0.608369 0.773763 -0.665257 -0.533074 -0.522748 0.352394 0.599915 0.718275 -0.77964 -0.492529 -0.386751 0.513047 0.584084 0.62899 -0.864352 -0.445879 -0.232568 0.892515 -0.449197 -0.0404754 0.912515 -0.388518 0.127949 0.651667 0.56152 0.509927 0.163528 -0.556916 -0.814312 0.326673 -0.557386 -0.763286 -0.489782 0.536945 0.68688 -0.620694 0.529469 0.578275 -0.00636132 -0.554999 -0.831827 -0.339853 0.542984 0.767898 -0.176132 -0.55153 -0.815347 -0.176594 0.547611 0.817885 -0.339075 -0.546426 -0.765798 -0.00637839 0.55091 0.834541 -0.488897 -0.539672 -0.685372 0.163962 0.553021 0.816874 -0.619936 -0.531321 -0.577389 0.327417 0.554077 0.765373 -0.727349 -0.52146 -0.446143 0.477171 0.554115 0.682103 -0.807233 -0.510247 -0.296687 0.837522 -0.5323 -0.123346 0.86082 -0.507082 0.0430901 0.607061 0.552952 0.57072 -0.856454 -0.498378 -0.134561 0.789754 -0.543002 -0.285371 0.712123 0.550004 0.436322 -0.871302 -0.489547 0.0343091 0.712187 -0.549876 -0.436378 0.789054 0.544228 0.284973 -0.855766 0.499618 0.134339 -0.873202 0.486167 -0.0340704 0.606566 -0.554106 -0.570126 0.836378 0.534186 0.122954 -0.807128 0.510446 0.296629 0.476388 -0.556474 -0.680728 0.852933 0.520146 -0.0442012 -0.727761 0.520597 0.446478 -0.306523 -0.491008 -0.815448 -0.159184 -0.485278 -0.859748 -0.00576583 0.48272 0.875756 -0.159396 0.483785 0.860549 -0.442135 -0.501515 -0.743639 0.148081 0.487184 0.860653 -0.56091 -0.516273 -0.64718 0.295947 0.497096 0.815666 -0.658433 -0.534573 -0.529809 0.431818 0.512018 0.742544 -0.731109 -0.555593 -0.395975 0.763238 -0.598122 -0.244373 0.78976 -0.606657 -0.0908146 0.550239 0.531097 0.644339 -0.775932 -0.578871 -0.250675 0.71841 -0.575845 -0.390244 0.646747 0.553028 0.525242 -0.787773 -0.607761 -0.100201 0.646579 -0.553293 -0.525169 0.718178 0.576169 0.390192 -0.774028 0.581399 0.250711 -0.791214 0.603393 0.0994845 0.549742 -0.532049 -0.643978 0.762715 0.598792 0.244365 -0.729669 0.557667 0.395715 0.431183 -0.513604 -0.741817 0.777139 0.622394 0.0931706 -0.657541 0.536024 0.529451 0.295405 -0.499104 -0.814636 -0.56054 0.516991 0.646927 0.147796 -0.489313 -0.859493 -0.442162 0.501448 0.743668 -0.00575669 -0.484669 -0.874679 -0.306752 0.490172 0.815864 -0.574785 -0.521291 -0.630775 -0.489529 -0.482132 -0.726574 0.377505 0.45714 0.805303 0.258386 0.431111 0.864511 -0.638417 -0.566113 -0.521479 0.67124 -0.626144 -0.396712 0.700881 -0.661876 -0.265869 0.481801 0.491537 0.725438 -0.677717 -0.615187 -0.402795 0.630891 -0.578385 -0.517153 0.567352 0.532524 0.628116 -0.685778 -0.671271 -0.281255 0.566887 -0.533127 -0.628024 0.631254 0.577988 0.517154 -0.674703 0.618113 0.403376 -0.69166 0.666116 0.279098 0.481285 -0.492371 -0.725214 0.671583 0.625815 0.396652 -0.635785 0.569024 0.521525 0.377039 -0.458146 -0.80495 0.682104 0.678557 0.27257 -0.572736 0.523965 0.630424 0.258074 -0.432121 -0.8641 -0.488145 0.484363 0.726021 0.12903 -0.415506 -0.900392 -0.385037 0.451814 0.804743 -0.00503283 -0.408997 -0.912522 -0.267153 0.42769 0.863545 -0.138904 -0.412821 -0.900158 -0.138865 0.413056 0.900056 -0.267449 -0.426759 -0.863914 -0.00503381 0.408628 0.912687 -0.385802 -0.450189 -0.805287 0.129152 0.414706 0.900743 -0.567931 -0.665001 -0.485004 -0.564077 -0.595448 -0.572065 0.474558 -0.483024 -0.735855 0.529214 -0.540601 -0.653975 0.530268 0.539696 0.653869 0.475408 0.48211 0.735906 -0.560017 0.598257 0.573123 -0.57672 0.660045 0.481389 0.402167 -0.431913 -0.807287 0.565367 0.601593 0.564311 -0.527478 0.536103 0.65906 0.31458 -0.389495 -0.86564 0.570433 0.670696 0.474104 -0.475026 0.478964 0.738203 0.215064 -0.357619 -0.908766 -0.404817 0.428769 0.807638 0.107425 -0.337653 -0.93512 -0.319333 0.387451 0.864817 -0.0041976 -0.330392 -0.943835 -0.22163 0.356644 0.907571 -0.115542 -0.336084 -0.934718 -0.115266 0.337632 0.934194 -0.222407 -0.354442 -0.908243 -0.00419125 0.331263 0.943529 -0.320803 -0.3847 -0.865501 0.107385 0.337901 0.935035 -0.40709 -0.425648 -0.808147 0.215153 0.357361 0.908847 -0.478081 -0.475709 -0.738335 0.314907 0.388871 0.865802 -0.531171 -0.532958 -0.658645 0.56411 -0.602475 -0.564627 0.596358 -0.655487 -0.463352 0.402762 0.431085 0.807433 -0.36631 0.399721 0.840262 -0.407041 0.456507 0.791151 0.166795 -0.277118 -0.946248 0.244563 -0.30823 -0.919338 -0.312012 0.349939 0.883284 0.0831737 -0.257795 -0.962613 -0.246062 0.308999 0.91868 -0.00325888 -0.250978 -0.967987 -0.170786 0.278445 0.945146 -0.0893544 -0.256907 -0.962296 -0.0888661 0.25947 0.961654 -0.171978 -0.275323 -0.945844 -0.00324606 0.252836 0.967504 -0.248121 -0.305515 -0.919291 0.0829835 0.258873 0.96234 -0.315005 -0.346344 -0.883639 0.16668 0.277434 0.946176 -0.370173 -0.396294 -0.840192 0.244765 0.307882 0.919401 -0.411595 -0.453506 -0.79052 0.444981 -0.521825 -0.727799 0.478816 -0.580267 -0.658806 0.31433 0.349121 0.882786 -0.43751 -0.515965 -0.736454 0.415998 -0.458659 -0.785225 0.372744 0.39962 0.837476 -0.437212 -0.58438 -0.683627 0.371512 -0.400735 -0.837491 0.417712 0.457503 0.784989 -0.432552 0.518333 0.737719 -0.448862 0.58064 0.67925 0.313641 -0.349968 -0.882696 0.447047 0.520804 0.727264 0.44572 0.591673 0.671756 -0.115172 0.195426 0.973932 -0.166332 0.218724 0.961506 -0.0605168 -0.177803 -0.982204 -0.00222145 -0.173487 -0.984834 -0.0598605 0.181092 0.981643 -0.11668 -0.191697 -0.974494 -0.00220295 0.17609 0.984372 -0.168807 -0.214841 -0.96195 0.0560403 0.180509 0.981975 -0.215032 -0.246545 -0.944974 0.113189 0.194205 0.974409 -0.253614 -0.285781 -0.924126 0.167621 0.216881 0.961699 -0.283026 -0.331206 -0.90011 0.317852 -0.387626 -0.865284 0.351519 -0.439541 -0.826582 0.217677 0.248129 0.943954 -0.301986 -0.381217 -0.873772 0.294629 -0.335172 -0.894904 0.261478 0.287436 0.921418 -0.298325 -0.435597 -0.849269 0.260038 -0.288561 -0.921473 0.296762 0.334021 0.89463 -0.296379 0.383037 0.874895 -0.312009 0.433595 0.845367 0.216987 -0.248896 -0.943911 0.320565 0.3867 0.864697 -0.277902 0.333885 0.900717 0.167561 -0.216977 -0.961688 0.313038 0.445907 0.838555 -0.24923 0.289124 0.924279 0.113491 -0.193428 -0.974528 -0.211564 0.250298 0.944771 0.0563606 -0.178778 -0.982274 0.0262486 0.108086 0.993795 -0.00105074 0.10604 0.994361 -0.109284 -0.131325 -0.985297 -0.0836382 -0.117146 -0.989586 0.0542174 0.113074 0.992106 -0.132232 -0.150693 -0.979697 0.0833182 0.121346 0.989107 -0.151083 -0.174969 -0.972913 0.189462 -0.210775 -0.958999 0.219935 -0.246409 -0.943881 0.113596 0.133887 0.984464 -0.164577 -0.203361 -0.965173 0.169959 -0.178355 -0.969177 0.144025 0.152154 0.977807 -0.159978 -0.23517 -0.958698 0.142812 -0.15301 -0.977851 0.171928 0.17746 0.968994 -0.158983 0.204661 0.965836 -0.173187 0.234638 0.956531 0.113155 -0.134345 -0.984453 0.192178 0.210111 0.958604 -0.145995 0.177213 0.973284 0.0834955 -0.121073 -0.989126 0.181591 0.248395 0.951486 -0.127833 0.15372 0.979811 0.0547031 -0.111868 -0.992216 -0.105723 0.134931 0.985199 0.0266639 -0.105906 -0.994019 -0.0810199 0.121068 0.989332 -0.00107277 -0.103025 -0.994678 -0.0548624 0.111968 0.992196 -0.0288168 -0.103536 -0.994208 -0.0280722 0.107162 0.993845 -0.0565087 -0.108035 -0.99254 0.0267199 0.0403534 0.998828 0.0130839 0.0465273 0.998831 -0.056415 -0.0504898 -0.99713 -0.0484125 -0.0418939 -0.997948 0.068357 -0.0402934 -0.996847 0.085213 -0.0521014 -0.995 0.0461655 0.0370831 0.998245 -0.0544848 -0.0615905 -0.996613 0.0466797 -0.0367364 -0.998234 0.0682604 0.0403341 0.996852 -0.0521449 0.0513481 0.997319 -0.0599493 0.0615712 0.996301 0.0274508 -0.0396177 -0.998838 0.0857257 0.0519961 0.994961 -0.0443918 0.0435601 0.998064 0.0138661 -0.0453494 -0.998875 0.0823573 0.0692684 0.994193 -0.0342243 0.0393943 0.998637 0.00601236 -0.0505131 -0.998705 -0.023647 0.0390176 0.998959 0.00210367 -0.0529521 -0.998595 -0.0142963 0.0417806 0.999025 -0.000287771 -0.0520194 -0.998646 -0.00723323 0.0464056 0.998896 -0.00335191 -0.0483175 -0.998826 -0.00275712 0.0512394 0.998683 -0.00854406 -0.0432799 -0.999026 -0.0002773 0.0545874 0.998509 -0.0163903 -0.0386721 -0.999117 0.00168791 0.0550813 0.99848 -0.0265126 -0.0361684 -0.998994 0.00533474 0.0521629 0.998624 -0.0377662 -0.0370353 -0.9986 0.102667 -0.0691372 -0.99231 -0.193222 -0.587307 -0.785961 -0.389555 -0.472542 -0.790538 -0.891551 0.302094 -0.337454 -0.891021 0.409578 -0.195775 -0.815219 -0.0188828 -0.578845 -0.873865 0.148089 -0.463065 0.0082143 0.639807 0.768491 0.20936 0.701289 0.681441 0.712866 0.701101 0.0167404 0.733212 0.658941 -0.167919 0.651316 0.729344 0.20939 -0.198669 0.550345 0.810957 0.212154 -0.731321 -0.648198 0.0133698 -0.674079 -0.738538 -0.566235 0.294167 0.769963 -0.393385 0.433373 0.810824 -0.874046 -0.33683 0.350128 -0.861081 -0.18391 0.474043 -0.565575 -0.336449 -0.752946 0.546532 -0.623519 0.559041 0.568219 -0.630321 0.528983 0.584993 -0.671858 0.454303 1 -2.46583e-07 -1.75698e-07 -0.852696 -0.471332 0.225291 0.54171 0.742976 0.393111 0.657541 0.635105 -0.405315 -0.806389 -0.0221064 0.590973 -0.707244 0.139802 0.693009 0.53431 -0.768376 -0.352296 0.388626 -0.763084 -0.516403 0.389938 0.735725 0.553766 -0.711201 -0.183653 -0.678575 0.700924 -0.682729 0.206365 0.689307 -0.724051 0.0246007 0.671051 0.584649 -0.455934 0.610227 0.589856 -0.52886 1 -2.53844e-07 -1.69187e-07 0.636795 -0.752407 -0.168453 -0.203004 -0.604813 -0.770059 -0.151355 -0.594622 -0.789631 -0.0906622 -0.612008 -0.785638 -0.280267 -0.596946 -0.751735 0.105696 0.603226 0.790536 0.0405084 0.609952 0.791402 -0.0263849 0.614325 0.788612 0.310105 0.589008 0.74626 0.19702 0.604176 0.772111 0.337251 -0.585645 -0.737077 0.352672 -0.578518 -0.735486 -0.0275698 0.612108 0.790293 -0.0294168 0.624938 0.78012 0.389886 0.573522 0.720459 -0.022444 0.607533 0.793977 0.143421 -0.60963 -0.779604 0.259728 -0.59785 -0.758364 -0.0242877 -0.610551 -0.791604 0.0470685 -0.606192 -0.793924 0.408929 0.564186 0.717266 -0.000982638 0.620489 0.784214 -0.0727883 -0.618644 -0.782292 -0.101186 -0.604574 -0.790096 -0.0442229 0.608971 0.791959 -0.0825146 0.599909 0.795802 -0.329341 0.584614 0.741459 -0.474499 0.542062 0.693556 -0.110143 -0.608809 -0.785633 -0.561892 0.508086 0.652784 -0.121156 -0.604762 -0.787136 -0.111571 -0.621448 -0.77547 -0.141644 0.611037 0.778826 -0.600039 -0.491354 -0.631288 -0.517011 -0.526996 -0.674518 -0.225779 0.605386 0.763238 -0.378177 -0.573486 -0.726702 0.696764 -0.632305 0.338689 0.67002 -0.739511 -0.0647873 0.573208 -0.775256 -0.265348 0.707118 -0.69199 0.145377 -0.730982 -0.168911 -0.661161 -0.82769 0.0251313 -0.560622 -0.580505 -0.347053 -0.736593 -0.864055 0.230634 -0.447456 -0.848623 0.413207 -0.3303 -0.790828 -0.387449 0.473787 -0.787354 -0.185677 0.587876 0.216816 0.67514 0.705108 0.412773 0.713104 0.566658 -0.718631 0.0104722 0.695312 -0.590628 0.193036 0.783515 0.581515 0.715795 0.386624 0.423799 -0.78831 -0.446052 0.242005 -0.766216 -0.59527 0.0315449 -0.71371 -0.699731 -0.189691 -0.625837 -0.756535 0.765101 0.594782 -0.246688 -0.421908 0.357876 0.833018 -0.223816 0.49814 0.837713 0.699163 0.691921 0.180044 -0.68252 -0.682604 0.261186 -0.74751 -0.555915 0.363575 -0.39584 -0.501376 -0.769372 -0.00191841 0.604736 0.796424 0.75809 0.651075 -0.0374256 -0.832429 0.517539 -0.198029 </float_array>
          <technique_common>
            <accessor count="1194" offset="0" source="#meshId1-bitangents-array" stride="3">
              <param name="X" type="float" />
              <param name="Y" type="float" />
              <param name="Z" type="float" />
            </accessor>
          </technique_common>
        </source>
        <source id="meshId1-tex0" name="meshId1-tex0">
          <float_array id="meshId1-tex0-array" count="2388"> 0.68088 0.271812 0.681879 0.277296 0.66069 0.281515 0.659607 0.276053 0.913093 0.700379 0.911774 0.70574 0.890553 0.70087 0.891693 0.695245 0.682907 0.28273 0.66173 0.28699 0.910533 0.711094 0.889457 0.706419 0.683983 0.28813 0.662754 0.292499 0.909356 0.716454 0.888373 0.711902 0.685119 0.293509 0.66379 0.29806 0.908227 0.721832 0.887273 0.717336 0.686332 0.298879 0.664872 0.303683 0.90713 0.727242 0.886134 0.722741 0.687631 0.304248 0.666036 0.309373 0.90605 0.732697 0.884936 0.728141 0.689027 0.309622 0.667319 0.315119 0.904974 0.738209 0.883663 0.733563 0.924949 0.662241 0.923028 0.667786 0.901152 0.660634 0.90319 0.655055 0.690523 0.315005 0.668753 0.320901 0.903888 0.743788 0.882303 0.739032 0.921154 0.673288 0.899193 0.666331 0.692116 0.320398 0.670361 0.326682 0.902785 0.749441 0.880852 0.74458 0.919351 0.67876 0.897376 0.672119 0.693797 0.325799 0.672144 0.332416 0.676904 0.24915 0.677923 0.254945 0.655909 0.25949 0.65448 0.253814 0.917639 0.684204 0.895728 0.677947 0.695548 0.331209 0.674073 0.338053 0.678921 0.260655 0.657233 0.265069 0.916028 0.689622 0.894247 0.683767 0.697347 0.336637 0.676085 0.343565 0.679907 0.266277 0.658461 0.27058 0.91452 0.695016 0.892913 0.689541 0.962392 0.710595 0.961046 0.714083 0.948 0.710017 0.949426 0.705621 0.931875 0.705392 0.933348 0.700409 0.734487 0.263626 0.733626 0.267961 0.718367 0.267231 0.718352 0.262091 0.700579 0.268693 0.699971 0.263255 0.964084 0.707159 0.951118 0.701254 0.93495 0.695416 0.735726 0.258966 0.71851 0.256746 0.699401 0.257674 0.746904 0.30837 0.750363 0.312504 0.734734 0.322196 0.732208 0.317362 0.716932 0.329889 0.714915 0.324643 0.966148 0.703757 0.953055 0.696865 0.936702 0.690395 0.737348 0.253854 0.718783 0.251112 0.698858 0.251933 0.743771 0.304635 0.729836 0.312663 0.71298 0.319486 0.968629 0.700367 0.955243 0.692419 0.938598 0.685324 0.739237 0.248293 0.719119 0.245153 0.698311 0.246022 0.741082 0.301059 0.727665 0.308101 0.71115 0.3144 0.971569 0.696954 0.957681 0.687873 0.940628 0.68018 0.96191 0.747556 0.963427 0.753319 0.943562 0.754767 0.943591 0.748942 0.923519 0.752978 0.924254 0.747256 0.738842 0.297548 0.725718 0.303633 0.709441 0.309366 0.974964 0.693429 0.96036 0.683177 0.942777 0.674938 0.960624 0.742299 0.943633 0.743395 0.924979 0.741666 0.737009 0.294056 0.724006 0.299219 0.707866 0.304367 0.978715 0.689544 0.963259 0.678269 0.945021 0.669573 0.95969 0.737542 0.943754 0.738112 0.925722 0.736207 0.73554 0.290554 0.722531 0.294825 0.706432 0.299382 0.959107 0.733146 0.944001 0.733059 0.926512 0.730868 0.734411 0.28702 0.721289 0.290421 0.705139 0.294393 0.958857 0.729012 0.944407 0.728197 0.927371 0.725634 0.733609 0.283427 0.720277 0.285978 0.703984 0.289381 0.958931 0.725079 0.944995 0.723493 0.928322 0.720488 0.733123 0.279755 0.719487 0.281468 0.702963 0.284325 0.959324 0.721302 0.945781 0.718915 0.92938 0.715412 0.732957 0.275977 0.718911 0.276862 0.702064 0.279206 0.960028 0.717646 0.946779 0.714432 0.930561 0.710387 0.733122 0.272059 0.718542 0.272128 0.701274 0.274003 0.859035 0.737726 0.861132 0.732428 0.886847 0.668368 0.889438 0.662624 0.662464 0.33608 0.659898 0.330374 0.634437 0.26608 0.632325 0.260719 0.884325 0.674147 0.665044 0.341659 0.636494 0.271305 0.881903 0.679891 0.667559 0.347022 0.638506 0.276443 0.879588 0.685546 0.640486 0.281542 0.877373 0.691084 0.642453 0.286642 0.875244 0.696494 0.644423 0.291781 0.873181 0.701781 0.646415 0.296991 0.871164 0.706964 0.648449 0.302297 0.869173 0.712069 0.650548 0.307717 0.86719 0.717127 0.65273 0.313255 0.865199 0.722178 0.655013 0.318901 0.863184 0.727262 0.892036 0.656999 0.894561 0.651583 0.657405 0.324625 0.863701 0.684554 0.866783 0.679359 0.625449 0.294605 0.622716 0.289895 0.860724 0.689608 0.628208 0.299357 0.857838 0.69453 0.631016 0.304186 0.855025 0.699342 0.633894 0.309122 0.852265 0.704073 0.63686 0.314184 0.849534 0.708758 0.639927 0.319382 0.84681 0.713438 0.643102 0.324707 0.844069 0.718155 0.883265 0.652342 0.886393 0.647258 0.646373 0.330128 0.841287 0.722958 0.879976 0.657663 0.64971 0.33559 0.83845 0.727889 0.876613 0.663114 0.653059 0.341014 0.614434 0.275612 0.611574 0.270651 0.87326 0.668597 0.656339 0.346302 0.617232 0.280444 0.869973 0.67403 0.659465 0.351346 0.619985 0.28519 0.840211 0.689325 0.843729 0.684979 0.62049 0.318187 0.616876 0.31373 0.836761 0.693595 0.624213 0.322766 0.833351 0.697824 0.628058 0.327479 0.829953 0.702048 0.632023 0.332319 0.826536 0.706308 0.875128 0.64661 0.878875 0.641988 0.636084 0.337258 0.823068 0.710649 0.871159 0.651464 0.640196 0.342245 0.819527 0.71511 0.867066 0.656441 0.644285 0.347201 0.596144 0.287999 0.592581 0.283527 0.862948 0.661444 0.648251 0.352029 0.599632 0.292351 0.858881 0.666393 0.651999 0.356623 0.603065 0.296623 0.854912 0.671238 0.606475 0.300858 0.851065 0.675951 0.609895 0.305097 0.847341 0.680528 0.613353 0.309376 0.81496 0.688249 0.818958 0.68457 0.622107 0.341529 0.617456 0.337306 0.810939 0.69196 0.867841 0.639848 0.872165 0.635794 0.62686 0.345846 0.806856 0.695745 0.86325 0.644107 0.631658 0.350212 0.802684 0.699637 0.858499 0.64847 0.63641 0.354557 0.579918 0.30298 0.575726 0.299088 0.853701 0.65285 0.641003 0.358794 0.584018 0.306764 0.848949 0.657178 0.645331 0.362825 0.588055 0.310476 0.844301 0.661409 0.592066 0.314155 0.839786 0.665521 0.596089 0.317837 0.835411 0.66951 0.600158 0.321555 0.831165 0.673387 0.604304 0.325338 0.827027 0.677171 0.608557 0.329213 0.822969 0.680889 0.612938 0.333199 0.788297 0.681798 0.793011 0.678561 0.851143 0.639364 0.856454 0.635725 0.629645 0.362943 0.624331 0.359321 0.566091 0.32023 0.561361 0.317 0.845773 0.643008 0.634775 0.366484 0.570717 0.323365 0.840444 0.646601 0.639604 0.36986 0.575269 0.326437 0.835223 0.650109 0.579792 0.32948 0.830145 0.653514 0.584328 0.332524 0.82522 0.656817 0.588915 0.335597 0.820437 0.660026 0.593589 0.338723 0.815772 0.663159 0.598381 0.341925 0.811196 0.666238 0.603313 0.34522 0.806671 0.669289 0.608397 0.348616 0.802161 0.672338 0.613623 0.352113 0.797622 0.675418 0.86158 0.632165 0.866405 0.628769 0.618957 0.355693 0.564989 0.344163 0.560017 0.341797 0.827914 0.637595 0.833587 0.634905 0.569928 0.346501 0.822389 0.640204 0.574881 0.348837 0.817023 0.642733 0.579887 0.35119 0.811807 0.645192 0.584987 0.353582 0.806715 0.647596 0.590211 0.35603 0.801718 0.64996 0.595584 0.358547 0.796775 0.652307 0.601115 0.361143 0.791845 0.654656 0.606794 0.36382 0.786884 0.657033 0.856485 0.623716 0.86171 0.621046 0.61258 0.366569 0.781843 0.659463 0.850936 0.626499 0.618403 0.369367 0.776686 0.661973 0.845187 0.629326 0.624157 0.372176 0.554965 0.339379 0.549796 0.336882 0.839368 0.632141 0.62971 0.374941 0.63494 0.377592 0.573303 0.368008 0.567976 0.366436 0.805506 0.629199 0.811047 0.627565 0.578725 0.369597 0.80009 0.630802 0.584272 0.371216 0.794769 0.632388 0.589966 0.372878 0.789505 0.63397 0.595815 0.374592 0.784253 0.635564 0.601806 0.376368 0.778969 0.637186 0.852658 0.614688 0.858169 0.612789 0.607899 0.378207 0.773601 0.638852 0.846817 0.616644 0.614021 0.380104 0.76811 0.640583 0.840773 0.618597 0.620068 0.382039 0.546778 0.36003 0.541278 0.358315 0.834655 0.620512 0.625913 0.383976 0.552154 0.361681 0.828567 0.622368 0.631428 0.385857 0.557446 0.363288 0.822581 0.624159 0.562704 0.364868 0.816736 0.625889 0.586667 0.387882 0.580778 0.387161 0.785039 0.614605 0.790547 0.613835 0.592688 0.388631 0.779547 0.615407 0.598825 0.389427 0.774027 0.616248 0.850145 0.605298 0.855826 0.604174 0.605043 0.390291 0.768431 0.617135 0.844162 0.606416 0.611279 0.391238 0.762721 0.618076 0.837999 0.607468 0.617445 0.392272 0.541672 0.381771 0.535957 0.380848 0.831765 0.608434 0.62343 0.393372 0.547272 0.382642 0.82555 0.609316 0.629113 0.394478 0.552797 0.383467 0.819415 0.61013 0.558293 0.384253 0.813397 0.610895 0.563804 0.385007 0.807511 0.611633 0.569368 0.385736 0.801753 0.612359 0.575018 0.386451 0.796107 0.61309 0.604097 0.402418 0.598001 0.402579 0.766252 0.594607 0.772036 0.594429 0.842939 0.596134 0.848887 0.595796 0.610198 0.402402 0.760428 0.594875 0.836885 0.596307 0.616253 0.402557 0.539561 0.404312 0.533736 0.404061 0.830784 0.59631 0.622201 0.402877 0.545348 0.404473 0.824688 0.596166 0.627977 0.403305 0.551098 0.404534 0.818631 0.595916 0.556835 0.404496 0.812634 0.595604 0.562578 0.404363 0.806704 0.595273 0.568345 0.404144 0.800839 0.594957 0.574154 0.403858 0.79503 0.594688 0.580019 0.403525 0.789263 0.594487 0.585948 0.403176 0.783522 0.594371 0.591945 0.402847 0.777786 0.59435 0.854661 0.595351 0.622062 0.499947 0.61619 0.499962 0.545611 0.500156 0.539729 0.500173 0.824939 0.498743 0.830824 0.498741 0.627926 0.499932 0.551491 0.50014 0.819052 0.498745 0.557369 0.500123 0.813167 0.498746 0.563247 0.500106 0.807284 0.498748 0.569125 0.50009 0.801403 0.498749 0.575004 0.500074 0.795524 0.49875 0.580886 0.500057 0.789646 0.498752 0.58677 0.500041 0.783769 0.498753 0.592655 0.500025 0.777891 0.498754 0.598542 0.500009 0.772012 0.498755 0.848457 0.498735 0.854321 0.498732 0.604428 0.499993 0.76613 0.498755 0.842585 0.498737 0.610312 0.499978 0.760266 0.498756 0.836707 0.498739 0.533865 0.50019 0.962403 0.721724 0.962337 0.725224 0.967798 0.745513 0.970354 0.750865 0.964264 0.736551 0.965754 0.740812 0.736398 0.282945 0.736982 0.286321 0.742991 0.299675 0.745642 0.303071 0.740861 0.296332 0.736208 0.279518 0.963589 0.71494 0.9628 0.718296 0.736804 0.272463 0.736351 0.276038 0.743033 0.256258 0.740712 0.260776 0.962572 0.728836 0.983721 0.695706 0.978981 0.697933 0.976841 0.695312 0.983045 0.694675 0.745891 0.251144 0.73915 0.293017 0.748899 0.306625 0.738965 0.264905 0.737654 0.268762 0.966176 0.708337 0.964697 0.711624 0.737883 0.289673 0.963194 0.732599 0.973341 0.698649 0.970458 0.701884 0.751203 0.304158 0.755779 0.306687 0.755039 0.307671 0.968103 0.705109 0.968045 0.731531 0.967017 0.728356 0.986551 0.720906 0.96959 0.734738 0.743299 0.294715 0.741768 0.291646 0.76013 0.281797 0.74786 0.300934 0.745285 0.29781 0.978981 0.697933 0.983721 0.695706 0.739802 0.282374 0.739928 0.279299 0.751203 0.304158 0.740104 0.285441 0.972642 0.703905 0.975425 0.700938 0.968724 0.709878 0.970453 0.706888 0.755779 0.306687 0.740735 0.288528 0.967495 0.71295 0.966673 0.716013 0.740403 0.276262 0.741191 0.273212 0.74639 0.263898 0.749418 0.260731 0.966184 0.719076 0.753535 0.25697 0.966414 0.725247 0.966123 0.72217 0.742405 0.270124 0.978425 0.745454 0.97451 0.74141 0.744135 0.267037 0.97166 0.738034 0.975425 0.700938 0.970453 0.706888 0.968724 0.709878 0.972642 0.703905 0.968045 0.731531 0.96959 0.734738 0.967017 0.728356 0.97166 0.738034 0.97451 0.74141 0.74639 0.263898 0.744135 0.267037 0.740104 0.285441 0.740735 0.288528 0.742405 0.270124 0.741191 0.273212 0.741768 0.291646 0.967495 0.71295 0.966673 0.716013 0.966184 0.719076 0.966123 0.72217 0.74786 0.300934 0.740403 0.276262 0.739928 0.279299 0.743299 0.294715 0.753535 0.25697 0.749418 0.260731 0.966414 0.725247 0.739802 0.282374 0.745285 0.29781 0.978425 0.745454 0.907809 0.271406 0.908766 0.27687 0.887646 0.280932 0.886603 0.275486 0.687024 0.700949 0.685738 0.706287 0.664588 0.701551 0.665693 0.695945 0.909755 0.282286 0.888647 0.28639 0.684531 0.71162 0.663527 0.707081 0.91079 0.287666 0.889632 0.291882 0.683388 0.716958 0.662479 0.712545 0.911887 0.293026 0.89063 0.297424 0.682294 0.722314 0.661415 0.717961 0.91306 0.298376 0.891674 0.303029 0.681233 0.727701 0.660313 0.723348 0.91432 0.303726 0.8928 0.308699 0.680191 0.733134 0.659153 0.72873 0.915677 0.309082 0.894044 0.314426 0.679154 0.738623 0.65792 0.734135 0.698633 0.662932 0.696745 0.66846 0.67494 0.661445 0.676942 0.655884 0.917133 0.314446 0.89544 0.320188 0.678109 0.744179 0.656602 0.739587 0.694905 0.673945 0.673017 0.667125 0.918686 0.319819 0.897009 0.32595 0.677049 0.749808 0.655195 0.745119 0.693136 0.679398 0.671234 0.672894 0.920327 0.325201 0.898753 0.331664 0.90401 0.248821 0.904982 0.254597 0.883033 0.258968 0.881649 0.253304 0.691456 0.684823 0.669621 0.678704 0.922039 0.330591 0.900642 0.337282 0.905935 0.260287 0.884313 0.264532 0.689877 0.690222 0.668176 0.684505 0.923797 0.335999 0.902616 0.342774 0.906878 0.265891 0.885499 0.270029 0.688401 0.695596 0.666878 0.69026 0.736092 0.71087 0.734768 0.714342 0.721773 0.710352 0.723193 0.705991 0.705733 0.705835 0.70716 0.700872 0.96119 0.263635 0.960304 0.26794 0.945136 0.267106 0.945157 0.261993 0.927432 0.268436 0.926865 0.263022 0.737759 0.707449 0.724851 0.701639 0.708734 0.695899 0.962456 0.259011 0.945353 0.256679 0.926337 0.257465 0.973234 0.308195 0.976645 0.312326 0.961051 0.321862 0.95857 0.317041 0.943309 0.329402 0.941334 0.324174 0.739796 0.704059 0.726756 0.697265 0.710455 0.690897 0.964106 0.25394 0.945664 0.251077 0.925838 0.251749 0.970143 0.304463 0.956241 0.312355 0.939441 0.319035 0.742248 0.700681 0.728912 0.692834 0.71232 0.685844 0.966026 0.248426 0.946043 0.245153 0.925337 0.245863 0.967494 0.300892 0.954112 0.307806 0.937652 0.313967 0.745157 0.697278 0.731317 0.688303 0.714318 0.680717 0.735785 0.747587 0.737321 0.753302 0.717602 0.754847 0.717599 0.749061 0.697682 0.753189 0.698378 0.747498 0.96529 0.297387 0.952204 0.303352 0.935983 0.308951 0.748518 0.693762 0.733963 0.683622 0.716434 0.675492 0.734481 0.742373 0.71761 0.743551 0.699065 0.741939 0.96349 0.293904 0.95053 0.298952 0.934448 0.303969 0.752233 0.689889 0.736829 0.678729 0.718646 0.670143 0.733529 0.737653 0.717701 0.738302 0.699772 0.736508 0.962053 0.290413 0.949091 0.294574 0.933052 0.299002 0.732928 0.73329 0.717919 0.733279 0.700527 0.731195 0.960954 0.286892 0.947885 0.290187 0.931798 0.294032 0.73266 0.729185 0.718297 0.728445 0.701354 0.725987 0.96018 0.283315 0.946908 0.285762 0.930682 0.289039 0.732715 0.725276 0.718857 0.723767 0.702272 0.720865 0.959723 0.279661 0.946152 0.281272 0.929698 0.284004 0.733088 0.721522 0.719615 0.719212 0.703299 0.715812 0.959584 0.275904 0.945611 0.276688 0.928838 0.278906 0.733772 0.717886 0.720584 0.714749 0.704449 0.710809 0.959774 0.27201 0.945276 0.271977 0.928087 0.273724 0.633424 0.738442 0.635477 0.733151 0.660736 0.669209 0.663289 0.663478 0.889104 0.335262 0.886578 0.329571 0.861597 0.265385 0.85953 0.260029 0.658252 0.674975 0.891644 0.340824 0.863612 0.270605 0.655867 0.680706 0.894121 0.346171 0.865583 0.275738 0.653589 0.68635 0.867523 0.28083 0.651412 0.691876 0.86945 0.285923 0.64932 0.697275 0.871381 0.291055 0.647294 0.702553 0.873334 0.296256 0.645314 0.707726 0.875329 0.301553 0.64336 0.712822 0.877388 0.306963 0.641416 0.717872 0.879531 0.31249 0.639463 0.722915 0.881774 0.318124 0.637488 0.727992 0.665851 0.657869 0.668341 0.652467 0.884125 0.323835 0.63776 0.685441 0.640804 0.680249 0.852458 0.293754 0.849762 0.289043 0.634819 0.690492 0.85518 0.298506 0.631969 0.695412 0.85795 0.303335 0.629192 0.700222 0.86079 0.30827 0.626467 0.704953 0.863718 0.31333 0.623773 0.709638 0.866747 0.318524 0.621085 0.714319 0.869882 0.323844 0.618382 0.719038 0.657102 0.653269 0.660196 0.648197 0.873113 0.329259 0.61564 0.723843 0.653848 0.65858 0.876411 0.334714 0.612843 0.728777 0.650523 0.664023 0.879721 0.340129 0.841596 0.274752 0.838778 0.269786 0.647207 0.669498 0.882963 0.345405 0.844355 0.279587 0.643957 0.674925 0.886052 0.350437 0.847069 0.284336 0.614369 0.690317 0.617855 0.685965 0.847383 0.317233 0.843803 0.312771 0.610952 0.694594 0.851071 0.321817 0.607575 0.69883 0.854881 0.326533 0.60421 0.703063 0.858808 0.331375 0.600827 0.707332 0.648979 0.647592 0.652694 0.642977 0.862833 0.336314 0.597393 0.711684 0.645044 0.652441 0.866908 0.3413 0.593889 0.716156 0.640985 0.657415 0.87096 0.346252 0.823276 0.286988 0.81975 0.282504 0.636902 0.662416 0.87489 0.351074 0.826728 0.291351 0.63287 0.667366 0.878605 0.35566 0.830127 0.295632 0.628937 0.672212 0.833504 0.299877 0.625124 0.676929 0.83689 0.304124 0.621433 0.681509 0.840314 0.308411 0.589173 0.68938 0.593143 0.685687 0.848885 0.340511 0.844267 0.33628 0.58518 0.693107 0.641699 0.640881 0.645994 0.63683 0.853606 0.344833 0.581126 0.696908 0.637138 0.645139 0.85837 0.349203 0.576984 0.700819 0.632418 0.649504 0.863089 0.353549 0.806992 0.301838 0.80283 0.297928 0.627652 0.653888 0.86765 0.357785 0.811063 0.305639 0.622931 0.658222 0.871947 0.361812 0.815071 0.309367 0.618314 0.66246 0.819054 0.313061 0.613829 0.66658 0.823048 0.316756 0.609483 0.670579 0.827088 0.320487 0.605266 0.674466 0.831206 0.324283 0.601156 0.678262 0.835429 0.328169 0.597126 0.681992 0.839779 0.332165 0.562511 0.683086 0.567203 0.679826 0.625054 0.640451 0.630339 0.636807 0.856321 0.361884 0.851035 0.358257 0.793087 0.318984 0.788378 0.315732 0.619711 0.644103 0.861423 0.365428 0.79769 0.322141 0.614408 0.647706 0.866226 0.368804 0.80222 0.325233 0.609213 0.651225 0.806722 0.328295 0.60416 0.654643 0.811235 0.331356 0.599259 0.65796 0.8158 0.334445 0.594499 0.661184 0.820451 0.337587 0.589857 0.664332 0.825218 0.340804 0.585302 0.667428 0.830126 0.344113 0.580799 0.670495 0.835184 0.347522 0.57631 0.673563 0.840383 0.35103 0.571792 0.676662 0.635439 0.633243 0.640238 0.629846 0.845689 0.35462 0.791867 0.342889 0.78691 0.340503 0.601873 0.638765 0.607525 0.636059 0.796791 0.345247 0.596367 0.641389 0.801727 0.347602 0.59102 0.643934 0.806717 0.349974 0.58582 0.64641 0.811799 0.352384 0.580746 0.648831 0.817006 0.354848 0.575764 0.651214 0.822359 0.357382 0.570836 0.653579 0.82787 0.359994 0.565922 0.655949 0.833528 0.362685 0.560975 0.658346 0.630339 0.624831 0.635544 0.622159 0.839292 0.365447 0.555949 0.660798 0.624811 0.627621 0.845092 0.368256 0.550806 0.663332 0.619083 0.630457 0.850823 0.371074 0.781873 0.338063 0.776718 0.335542 0.613286 0.633283 0.856355 0.373845 0.861563 0.376499 0.800074 0.366745 0.794757 0.365155 0.579466 0.63046 0.584996 0.628809 0.805483 0.368353 0.574062 0.632082 0.811018 0.36999 0.568751 0.633686 0.816699 0.371669 0.563496 0.635288 0.822534 0.373401 0.558254 0.636901 0.828509 0.375192 0.552979 0.638543 0.626502 0.615833 0.631998 0.613929 0.834585 0.377046 0.547619 0.640231 0.620677 0.617797 0.84069 0.378957 0.542136 0.641984 0.61465 0.619762 0.84672 0.380903 0.773598 0.358667 0.768107 0.35693 0.608547 0.62169 0.852548 0.382849 0.778965 0.36034 0.602475 0.623561 0.858047 0.384734 0.784247 0.361967 0.596503 0.625368 0.789496 0.363567 0.590672 0.627115 0.813355 0.386644 0.807475 0.385905 0.558962 0.615948 0.564464 0.61516 0.819366 0.38741 0.553475 0.616769 0.825494 0.388223 0.547959 0.617629 0.623978 0.606464 0.629648 0.605332 0.831701 0.389103 0.542367 0.618536 0.618005 0.607593 0.837925 0.390065 0.53666 0.619498 0.611852 0.608658 0.844079 0.391111 0.76841 0.380385 0.762698 0.379441 0.605629 0.609638 0.850053 0.392221 0.774006 0.381275 0.599423 0.610536 0.855725 0.393335 0.779525 0.382119 0.593297 0.611366 0.785016 0.382924 0.587288 0.612149 0.790522 0.383696 0.58141 0.612904 0.796079 0.384444 0.575659 0.613648 0.801721 0.385177 0.570019 0.614397 0.830725 0.401212 0.824635 0.401358 0.540113 0.596014 0.545897 0.595819 0.616762 0.597325 0.622703 0.596975 0.836819 0.401212 0.534291 0.596301 0.610713 0.597512 0.842867 0.40138 0.766225 0.402916 0.760401 0.402648 0.604618 0.597529 0.848808 0.401712 0.772009 0.403095 0.598527 0.597401 0.854578 0.40215 0.777758 0.403174 0.592474 0.597168 0.783493 0.403153 0.586481 0.596873 0.789233 0.403037 0.580554 0.596558 0.794998 0.402837 0.574691 0.59626 0.800804 0.402568 0.568885 0.596008 0.806665 0.402253 0.56312 0.595825 0.812591 0.401921 0.557379 0.595726 0.818583 0.401609 0.551645 0.595722 0.628473 0.596519 0.73615 0.721928 0.736099 0.725405 0.741621 0.745529 0.744185 0.75083 0.738067 0.736646 0.739568 0.740871 0.962957 0.282855 0.963515 0.286215 0.9694 0.299528 0.972013 0.302921 0.967304 0.296191 0.962791 0.279447 0.737299 0.715182 0.736529 0.71852 0.963432 0.272437 0.962957 0.275988 0.96974 0.256373 0.9674 0.260847 0.73635 0.728991 0.757226 0.695994 0.752526 0.698223 0.75039 0.695627 0.756551 0.694973 0.972618 0.251311 0.965626 0.292885 0.975228 0.306474 0.965633 0.264939 0.964303 0.268764 0.739842 0.708611 0.738386 0.711883 0.964388 0.289552 0.736985 0.732727 0.746924 0.698956 0.744072 0.702181 0.977533 0.304036 0.982064 0.306579 0.981322 0.307552 0.741744 0.705395 0.741799 0.731643 0.740764 0.728494 0.76013 0.721011 0.743348 0.734821 0.969738 0.2946 0.968237 0.291539 0.986551 0.281873 0.974232 0.300811 0.971692 0.297689 0.752526 0.698223 0.757226 0.695994 0.966345 0.282309 0.96649 0.279254 0.977533 0.304036 0.966624 0.28536 0.74625 0.704181 0.749004 0.701223 0.74238 0.710132 0.744086 0.707154 0.982064 0.306579 0.967231 0.288433 0.741171 0.713188 0.740368 0.716235 0.966983 0.276239 0.967788 0.273212 0.97302 0.263991 0.976052 0.260866 0.739894 0.71928 0.980171 0.257158 0.74015 0.725409 0.739847 0.722354 0.969016 0.270151 0.75217 0.745418 0.748265 0.741422 0.970757 0.267095 0.745419 0.738084 0.749004 0.701223 0.744086 0.707154 0.74238 0.710132 0.74625 0.704181 0.741799 0.731643 0.743348 0.734821 0.740764 0.728494 0.745419 0.738084 0.748265 0.741422 0.97302 0.263991 0.970757 0.267095 0.966624 0.28536 0.967231 0.288433 0.969016 0.270151 0.967788 0.273212 0.968237 0.291539 0.741171 0.713188 0.740368 0.716235 0.739894 0.71928 0.739847 0.722354 0.974232 0.300811 0.966983 0.276239 0.96649 0.279254 0.969738 0.2946 0.980171 0.257158 0.976052 0.260866 0.74015 0.725409 0.966345 0.282309 0.971692 0.297689 0.75217 0.745418 </float_array>
          <technique_common>
            <accessor count="1194" offset="0" source="#meshId1-tex0-array" stride="2">
              <param name="S" type="float" />
              <param name="T" type="float" />
            </accessor>
          </technique_common>
        </source>
        <vertices id="meshId1-vertices">
          <input semantic="POSITION" source="#meshId1-positions" />
        </vertices>
        <polylist count="2112" material="defaultMaterial">
          <input offset="0" semantic="VERTEX" source="#meshId1-vertices" />
          <input offset="0" semantic="NORMAL" source="#meshId1-normals" />
          <input offset="0" semantic="TANGENT" source="#meshId1-tangents" />
          <input offset="0" semantic="BINORMAL" source="#meshId1-bitangents" />
          <input offset="0" semantic="TEXCOORD" source="#meshId1-tex0" set="0" />
          <vcount>3 3 3 3 3 3 3 3 3 3 3 3 3 3 3 3 3 3 3 3 3 3 3 3 3 3 3 3 3 3 3 3 3 3 3 3 3 3 3 3 3 3 3 3 3 3 3 3 3 3 3 3 3 3 3 3 3 3 3 3 3 3 3 3 3 3 3 3 3 3 3 3 3 3 3 3 3 3 3 3 3 3 3 3 3 3 3 3 3 3 3 3 3 3 3 3 3 3 3 3 3 3 3 3 3 3 3 3 3 3 3 3 3 3 3 3 3 3 3 3 3 3 3 3 3 3 3 3 3 3 3 3 3 3 3 3 3 3 3 3 3 3 3 3 3 3 3 3 3 3 3 3 3 3 3 3 3 3 3 3 3 3 3 3 3 3 3 3 3 3 3 3 3 3 3 3 3 3 3 3 3 3 3 3 3 3 3 3 3 3 3 3 3 3 3 3 3 3 3 3 3 3 3 3 3 3 3 3 3 3 3 3 3 3 3 3 3 3 3 3 3 3 3 3 3 3 3 3 3 3 3 3 3 3 3 3 3 3 3 3 3 3 3 3 3 3 3 3 3 3 3 3 3 3 3 3 3 3 3 3 3 3 3 3 3 3 3 3 3 3 3 3 3 3 3 3 3 3 3 3 3 3 3 3 3 3 3 3 3 3 3 3 3 3 3 3 3 3 3 3 3 3 3 3 3 3 3 3 3 3 3 3 3 3 3 3 3 3 3 3 3 3 3 3 3 3 3 3 3 3 3 3 3 3 3 3 3 3 3 3 3 3 3 3 3 3 3 3 3 3 3 3 3 3 3 3 3 3 3 3 3 3 3 3 3 3 3 3 3 3 3 3 3 3 3 3 3 3 3 3 3 3 3 3 3 3 3 3 3 3 3 3 3 3 3 3 3 3 3 3 3 3 3 3 3 3 3 3 3 3 3 3 3 3 3 3 3 3 3 3 3 3 3 3 3 3 3 3 3 3 3 3 3 3 3 3 3 3 3 3 3 3 3 3 3 3 3 3 3 3 3 3 3 3 3 3 3 3 3 3 3 3 3 3 3 3 3 3 3 3 3 3 3 3 3 3 3 3 3 3 3 3 3 3 3 3 3 3 3 3 3 3 3 3 3 3 3 3 3 3 3 3 3 3 3 3 3 3 3 3 3 3 3 3 3 3 3 3 3 3 3 3 3 3 3 3 3 3 3 3 3 3 3 3 3 3 3 3 3 3 3 3 3 3 3 3 3 3 3 3 3 3 3 3 3 3 3 3 3 3 3 3 3 3 3 3 3 3 3 3 3 3 3 3 3 3 3 3 3 3 3 3 3 3 3 3 3 3 3 3 3 3 3 3 3 3 3 3 3 3 3 3 3 3 3 3 3 3 3 3 3 3 3 3 3 3 3 3 3 3 3 3 3 3 3 3 3 3 3 3 3 3 3 3 3 3 3 3 3 3 3 3 3 3 3 3 3 3 3 3 3 3 3 3 3 3 3 3 3 3 3 3 3 3 3 3 3 3 3 3 3 3 3 3 3 3 3 3 3 3 3 3 3 3 3 3 3 3 3 3 3 3 3 3 3 3 3 3 3 3 3 3 3 3 3 3 3 3 3 3 3 3 3 3 3 3 3 3 3 3 3 3 3 3 3 3 3 3 3 3 3 3 3 3 3 3 3 3 3 3 3 3 3 3 3 3 3 3 3 3 3 3 3 3 3 3 3 3 3 3 3 3 3 3 3 3 3 3 3 3 3 3 3 3 3 3 3 3 3 3 3 3 3 3 3 3 3 3 3 3 3 3 3 3 3 3 3 3 3 3 3 3 3 3 3 3 3 3 3 3 3 3 3 3 3 3 3 3 3 3 3 3 3 3 3 3 3 3 3 3 3 3 3 3 3 3 3 3 3 3 3 3 3 3 3 3 3 3 3 3 3 3 3 3 3 3 3 3 3 3 3 3 3 3 3 3 3 3 3 3 3 3 3 3 3 3 3 3 3 3 3 3 3 3 3 3 3 3 3 3 3 3 3 3 3 3 3 3 3 3 3 3 3 3 3 3 3 3 3 3 3 3 3 3 3 3 3 3 3 3 3 3 3 3 3 3 3 3 3 3 3 3 3 3 3 3 3 3 3 3 3 3 3 3 3 3 3 3 3 3 3 3 3 3 3 3 3 3 3 3 3 3 3 3 3 3 3 3 3 3 3 3 3 3 3 3 3 3 3 3 3 3 3 3 3 3 3 3 3 3 3 3 3 3 3 3 3 3 3 3 3 3 3 3 3 3 3 3 3 3 3 3 3 3 3 3 3 3 3 3 3 3 3 3 3 3 3 3 3 3 3 3 3 3 3 3 3 3 3 3 3 3 3 3 3 3 3 3 3 3 3 3 3 3 3 3 3 3 3 3 3 3 3 3 3 3 3 3 3 3 3 3 3 3 3 3 3 3 3 3 3 3 3 3 3 3 3 3 3 3 3 3 3 3 3 3 3 3 3 3 3 3 3 3 3 3 3 3 3 3 3 3 3 3 3 3 3 3 3 3 3 3 3 3 3 3 3 3 3 3 3 3 3 3 3 3 3 3 3 3 3 3 3 3 3 3 3 3 3 3 3 3 3 3 3 3 3 3 3 3 3 3 3 3 3 3 3 3 3 3 3 3 3 3 3 3 3 3 3 3 3 3 3 3 3 3 3 3 3 3 3 3 3 3 3 3 3 3 3 3 3 3 3 3 3 3 3 3 3 3 3 3 3 3 3 3 3 3 3 3 3 3 3 3 3 3 3 3 3 3 3 3 3 3 3 3 3 3 3 3 3 3 3 3 3 3 3 3 3 3 3 3 3 3 3 3 3 3 3 3 3 3 3 3 3 3 3 3 3 3 3 3 3 3 3 3 3 3 3 3 3 3 3 3 3 3 3 3 3 3 3 3 3 3 3 3 3 3 3 3 3 3 3 3 3 3 3 3 3 3 3 3 3 3 3 3 3 3 3 3 3 3 3 3 3 3 3 3 3 3 3 3 3 3 3 3 3 3 3 3 3 3 3 3 3 3 3 3 3 3 3 3 3 3 3 3 3 3 3 3 3 3 3 3 3 3 3 3 3 3 3 3 3 3 3 3 3 3 3 3 3 3 3 3 3 3 3 3 3 3 3 3 3 3 3 3 3 3 3 3 3 3 3 3 3 3 3 3 3 3 3 3 3 3 3 3 3 3 3 3 3 3 3 3 3 3 3 3 3 3 3 3 3 3 3 3 3 3 3 3 3 3 3 3 3 3 3 3 3 3 3 3 3 3 3 3 3 3 3 3 3 3 3 3 3 3 3 3 3 3 3 3 3 3 3 3 3 3 3 3 3 3 3 3 3 3 3 3 3 3 3 3 3 3 3 3 3 3 3 3 3 3 3 3 3 3 3 3 3 3 3 3 3 3 3 3 3 3 3 3 3 3 3 3 3 3 3 3 3 3 3 3 3 3 3 3 3 3 3 3 3 3 3 3 3 3 3 3 3 3 3 3 3 3 3 3 3 3 3 3 3 3 3 3 3 3 3 3 3 3 3 3 3 3 3 3 3 3 3 3 3 3 3 3 3 3 3 3 3 3 3 3 3 3 3 3 3 3 3 3 3 3 3 3 3 3 3 3 3 3 3 3 3 3 3 3 3 3 3 3 3 3 3 3 3 3 3 3 3 3 3 3 3 3 3 3 3 3 3 3 3 3 3 3 3 3 3 3 3 3 3 3 3 3 3 3 3 3 3 3 3 3 3 3 3 3 3 3 3 3 3 3 3 3 3 3 3 3 3 3 3 3 3 3 3 3 3 3 3 3 3 3 3 3 3 3 3 3 3 3 3 3 3 3 3 3 3 3 3 3 3 3 3 3 3 3 3 3 3 3 3 3 3 3 3 3 3 3 3 3 3 3 3 3 3 3 3 3 3 3 3 3 3 3 3 3 3 3 3 3 3 3 3 3 3 3 3 3 3 3 3 3 3 3 3 3 3 3 3 3 3 3 3 3 3 3 3 3 3 3 3 3 3 3 3 3 3 3 3 3 3 3 3 3 3 3 3 3 3 3 3 3 3 3 3 3 3 3 3 3 3 3 3 3 3 3 3 3 3 3 3 3 3 3 3 3 3 3 3 3 3 3 3 3 3 3 3 3 3 3 3 3 3 3 3 3 3 3 3 3 3 3 3 3 3 3 3 3 3 3 3 3 3 3 3 3 3 3 3 3 3 3 3 3 3 3 3 3 3 3 3 3 3 3 3 3 3 3 3 3 3 3 3 3 3 3 3 3 3 3 3 3 3 3 3 3 3 3 3 3 3 3 3 3 3 3 3 3 3 3 3 3 3 3 3 3 3 3 3 3 3 3 3 3 3 3 3 3 3 3 3 3 3 3 3 3 3 3 3 3 3 3 3 3 3 3 3 3 3 3 3 3 3 3 3 3 3 3 3 3 3 3 3 3 3 3 3 3 3 3 3 3 3 3 3 3 3 3 3 3 3 3 3 3 3 3 3 3 3 3 3 3 3 3 3 3 3 3 3 3 3 3 3 3 3 3 3 3 3 3 3 3 3 3 3 3 3 3 3 3 3 3 3 3 3 3 3 3 3 3 3 3 3 3 3 3 3 3 3 3 3 3 3 3 3 3 3 3 3 3 3 3 3 3 3 3 3 3 3 3 3 3 3 3 3 3 3 3 3 3 3 3 3 3 3 3 3 3 3 3 3 3 3 3 3 3 3 3 3 3 3 3 3 3 3 3 3 3 3 3 3 3 </vcount>
          <p>3 0 1 1 2 3 7 4 5 5 6 7 2 1 8 8 9 2 6 5 10 10 11 6 9 8 12 12 13 9 11 10 14 14 15 11 13 12 16 16 17 13 15 14 18 18 19 15 17 16 20 20 21 17 19 18 22 22 23 19 21 20 24 24 25 21 23 22 26 26 27 23 25 24 28 28 29 25 27 26 30 30 31 27 35 32 33 33 34 35 29 28 36 36 37 29 31 30 38 38 39 31 34 33 40 40 41 34 37 36 42 42 43 37 39 38 44 44 45 39 41 40 46 46 47 41 43 42 48 48 49 43 53 50 51 51 52 53 47 46 54 54 55 47 49 48 56 56 57 49 52 51 58 58 59 52 55 54 60 60 61 55 57 56 62 62 63 57 59 58 64 64 65 59 61 60 66 66 67 61 65 64 0 0 3 65 67 66 4 4 7 67 71 68 69 69 70 71 73 71 70 70 72 73 66 73 72 72 4 66 77 74 75 75 76 77 79 77 76 76 78 79 64 79 78 78 0 64 81 80 68 68 71 81 82 81 71 71 73 82 60 82 73 73 66 60 84 83 74 74 77 84 85 84 77 77 79 85 58 85 79 79 64 58 89 86 87 87 88 89 91 89 88 88 90 91 56 91 90 90 62 56 93 92 80 80 81 93 94 93 81 81 82 94 54 94 82 82 60 54 96 95 83 83 84 96 97 96 84 84 85 97 51 97 85 85 58 51 99 98 86 86 89 99 100 99 89 89 91 100 48 100 91 91 56 48 102 101 92 92 93 102 103 102 93 93 94 103 46 103 94 94 54 46 105 104 95 95 96 105 106 105 96 96 97 106 50 106 97 97 51 50 108 107 98 98 99 108 109 108 99 99 100 109 42 109 100 100 48 42 111 110 101 101 102 111 112 111 102 102 103 112 40 112 103 103 46 40 116 113 114 114 115 116 118 116 115 115 117 118 38 118 117 117 44 38 120 119 107 107 108 120 121 120 108 108 109 121 36 121 109 109 42 36 123 122 110 110 111 123 124 123 111 111 112 124 33 124 112 112 40 33 126 125 113 113 116 126 127 126 116 116 118 127 30 127 118 118 38 30 129 128 119 119 120 129 130 129 120 120 121 130 28 130 121 121 36 28 132 131 122 122 123 132 133 132 123 123 124 133 32 133 124 124 33 32 135 134 125 125 126 135 136 135 126 126 127 136 26 136 127 127 30 26 138 137 128 128 129 138 139 138 129 129 130 139 24 139 130 130 28 24 141 140 134 134 135 141 142 141 135 135 136 142 22 142 136 136 26 22 144 143 137 137 138 144 145 144 138 138 139 145 20 145 139 139 24 20 147 146 140 140 141 147 148 147 141 141 142 148 18 148 142 142 22 18 150 149 143 143 144 150 151 150 144 144 145 151 16 151 145 145 20 16 153 152 146 146 147 153 154 153 147 147 148 154 14 154 148 148 18 14 156 155 149 149 150 156 157 156 150 150 151 157 12 157 151 151 16 12 159 158 152 152 153 159 160 159 153 153 154 160 10 160 154 154 14 10 162 161 155 155 156 162 163 162 156 156 157 163 8 163 157 157 12 8 165 164 158 158 159 165 166 165 159 159 160 166 5 166 160 160 10 5 168 167 161 161 162 168 169 168 162 162 163 169 1 169 163 163 8 1 70 69 164 164 165 70 72 70 165 165 166 72 4 72 166 166 5 4 76 75 167 167 168 76 78 76 168 168 169 78 0 78 169 169 1 0 171 39 45 45 170 171 173 41 47 47 172 173 175 43 49 49 174 175 177 53 52 52 176 177 172 47 55 55 178 172 174 49 57 57 179 174 176 52 59 59 180 176 178 55 61 61 181 178 179 57 63 63 182 179 180 59 65 65 183 180 181 61 67 67 184 181 183 65 3 3 185 183 184 67 7 7 186 184 185 3 2 2 187 185 186 7 6 6 188 186 187 2 9 9 189 187 188 6 11 11 190 188 189 9 13 13 191 189 190 11 15 15 192 190 191 13 17 17 193 191 192 15 19 19 194 192 193 17 21 21 195 193 194 19 23 23 196 194 195 21 25 25 197 195 196 23 27 27 198 196 197 25 29 29 199 197 198 27 31 31 200 198 202 35 34 34 201 202 199 29 37 37 203 199 200 31 39 39 171 200 201 34 41 41 173 201 203 37 43 43 175 203 205 184 186 186 204 205 207 185 187 187 206 207 204 186 188 188 208 204 206 187 189 189 209 206 208 188 190 190 210 208 209 189 191 191 211 209 210 190 192 192 212 210 211 191 193 193 213 211 212 192 194 194 214 212 213 193 195 195 215 213 214 194 196 196 216 214 215 195 197 197 217 215 216 196 198 198 218 216 217 197 199 199 219 217 218 198 200 200 220 218 222 202 201 201 221 222 219 199 203 203 223 219 220 200 171 171 224 220 221 201 173 173 225 221 223 203 175 175 226 223 224 171 170 170 227 224 225 173 172 172 228 225 226 175 174 174 229 226 231 177 176 176 230 231 228 172 178 178 232 228 229 174 179 179 233 229 230 176 180 180 234 230 232 178 181 181 235 232 233 179 182 182 236 233 234 180 183 183 237 234 235 181 184 184 205 235 237 183 185 185 207 237 239 210 212 212 238 239 241 211 213 213 240 241 238 212 214 214 242 238 240 213 215 215 243 240 242 214 216 216 244 242 243 215 217 217 245 243 244 216 218 218 246 244 245 217 219 219 247 245 246 218 220 220 248 246 250 222 221 221 249 250 247 219 223 223 251 247 248 220 224 224 252 248 249 221 225 225 253 249 251 223 226 226 254 251 252 224 227 227 255 252 253 225 228 228 256 253 254 226 229 229 257 254 259 231 230 230 258 259 256 228 232 232 260 256 257 229 233 233 261 257 258 230 234 234 262 258 260 232 235 235 263 260 261 233 236 236 264 261 262 234 237 237 265 262 263 235 205 205 266 263 265 237 207 207 267 265 266 205 204 204 268 266 267 207 206 206 269 267 268 204 208 208 270 268 269 206 209 209 271 269 270 208 210 210 239 270 271 209 211 211 241 271 273 244 246 246 272 273 275 245 247 247 274 275 272 246 248 248 276 272 278 250 249 249 277 278 274 247 251 251 279 274 276 248 252 252 280 276 277 249 253 253 281 277 279 251 254 254 282 279 280 252 255 255 283 280 281 253 256 256 284 281 282 254 257 257 285 282 287 259 258 258 286 287 284 256 260 260 288 284 285 257 261 261 289 285 286 258 262 262 290 286 288 260 263 263 291 288 289 261 264 264 292 289 290 262 265 265 293 290 291 263 266 266 294 291 293 265 267 267 295 293 294 266 268 268 296 294 295 267 269 269 297 295 296 268 270 270 298 296 297 269 271 271 299 297 298 270 239 239 300 298 299 271 241 241 301 299 300 239 238 238 302 300 301 241 240 240 303 301 302 238 242 242 304 302 303 240 243 243 305 303 304 242 244 244 273 304 305 243 245 245 275 305 307 280 283 283 306 307 309 281 284 284 308 309 311 282 285 285 310 311 313 287 286 286 312 313 308 284 288 288 314 308 310 285 289 289 315 310 312 286 290 290 316 312 314 288 291 291 317 314 315 289 292 292 318 315 316 290 293 293 319 316 317 291 294 294 320 317 319 293 295 295 321 319 320 294 296 296 322 320 321 295 297 297 323 321 322 296 298 298 324 322 323 297 299 299 325 323 324 298 300 300 326 324 325 299 301 301 327 325 326 300 302 302 328 326 327 301 303 303 329 327 328 302 304 304 330 328 329 303 305 305 331 329 330 304 273 273 332 330 331 305 275 275 333 331 332 273 272 272 334 332 333 275 274 274 335 333 334 272 276 276 336 334 338 278 277 277 337 338 335 274 279 279 339 335 336 276 280 280 307 336 337 277 281 281 309 337 339 279 282 282 311 339 341 316 319 319 340 341 343 317 320 320 342 343 340 319 321 321 344 340 342 320 322 322 345 342 344 321 323 323 346 344 345 322 324 324 347 345 346 323 325 325 348 346 347 324 326 326 349 347 348 325 327 327 350 348 349 326 328 328 351 349 350 327 329 329 352 350 351 328 330 330 353 351 352 329 331 331 354 352 353 330 332 332 355 353 354 331 333 333 356 354 355 332 334 334 357 355 356 333 335 335 358 356 357 334 336 336 359 357 361 338 337 337 360 361 358 335 339 339 362 358 359 336 307 307 363 359 360 337 309 309 364 360 362 339 311 311 365 362 363 307 306 306 366 363 364 309 308 308 367 364 365 311 310 310 368 365 370 313 312 312 369 370 367 308 314 314 371 367 368 310 315 315 372 368 369 312 316 316 341 369 371 314 317 317 343 371 372 315 318 318 373 372 375 346 348 348 374 375 377 347 349 349 376 377 374 348 350 350 378 374 376 349 351 351 379 376 378 350 352 352 380 378 379 351 353 353 381 379 380 352 354 354 382 380 381 353 355 355 383 381 382 354 356 356 384 382 383 355 357 357 385 383 384 356 358 358 386 384 385 357 359 359 387 385 389 361 360 360 388 389 386 358 362 362 390 386 387 359 363 363 391 387 388 360 364 364 392 388 390 362 365 365 393 390 391 363 366 366 394 391 392 364 367 367 395 392 393 365 368 368 396 393 398 370 369 369 397 398 395 367 371 371 399 395 396 368 372 372 400 396 397 369 341 341 401 397 399 371 343 343 402 399 400 372 373 373 403 400 401 341 340 340 404 401 402 343 342 342 405 402 404 340 344 344 406 404 405 342 345 345 407 405 406 344 346 346 375 406 407 345 347 347 377 407 409 380 382 382 408 409 411 381 383 383 410 411 408 382 384 384 412 408 410 383 385 385 413 410 412 384 386 386 414 412 413 385 387 387 415 413 417 389 388 388 416 417 414 386 390 390 418 414 415 387 391 391 419 415 416 388 392 392 420 416 418 390 393 393 421 418 419 391 394 394 422 419 420 392 395 395 423 420 421 393 396 396 424 421 426 398 397 397 425 426 423 395 399 399 427 423 424 396 400 400 428 424 425 397 401 401 429 425 427 399 402 402 430 427 428 400 403 403 431 428 429 401 404 404 432 429 430 402 405 405 433 430 432 404 406 406 434 432 433 405 407 407 435 433 434 406 375 375 436 434 435 407 377 377 437 435 436 375 374 374 438 436 437 377 376 376 439 437 438 374 378 378 440 438 439 376 379 379 441 439 440 378 380 380 409 440 441 379 381 381 411 441 443 414 418 418 442 443 445 415 419 419 444 445 447 416 420 420 446 447 442 418 421 421 448 442 444 419 422 422 449 444 446 420 423 423 450 446 448 421 424 424 451 448 453 426 425 425 452 453 450 423 427 427 454 450 451 424 428 428 455 451 452 425 429 429 456 452 454 427 430 430 457 454 455 428 431 431 458 455 456 429 432 432 459 456 457 430 433 433 460 457 459 432 434 434 461 459 460 433 435 435 462 460 461 434 436 436 463 461 462 435 437 437 464 462 463 436 438 438 465 463 464 437 439 439 466 464 465 438 440 440 467 465 466 439 441 441 468 466 467 440 409 409 469 467 468 441 411 411 470 468 469 409 408 408 471 469 470 411 410 410 472 470 471 408 412 412 473 471 472 410 413 413 474 472 473 412 414 414 443 473 474 413 415 415 445 474 475 417 416 416 447 475 477 451 455 455 476 477 479 452 456 456 478 479 481 454 457 457 480 481 476 455 458 458 482 476 478 456 459 459 483 478 480 457 460 460 484 480 483 459 461 461 485 483 484 460 462 462 486 484 485 461 463 463 487 485 486 462 464 464 488 486 487 463 465 465 489 487 488 464 466 466 490 488 489 465 467 467 491 489 490 466 468 468 492 490 491 467 469 469 493 491 492 468 470 470 494 492 493 469 471 471 495 493 494 470 472 472 496 494 495 471 473 473 497 495 496 472 474 474 498 496 497 473 443 443 499 497 498 474 445 445 500 498 502 475 447 447 501 502 499 443 442 442 503 499 500 445 444 444 504 500 501 447 446 446 505 501 503 442 448 448 506 503 504 444 449 449 507 504 505 446 450 450 508 505 506 448 451 451 477 506 509 453 452 452 479 509 508 450 454 454 481 508 158 510 511 511 152 158 113 512 513 513 114 113 134 514 515 515 125 134 149 516 517 517 143 149 107 518 519 519 98 107 119 520 518 518 107 119 155 521 516 516 149 155 69 522 523 523 164 69 167 524 525 525 161 167 95 526 527 527 83 95 152 511 528 528 146 152 529 530 531 529 531 122 529 122 131 529 131 532 104 533 526 526 95 104 128 534 520 520 119 128 161 525 521 521 155 161 98 519 535 535 86 98 164 523 510 510 158 164 74 536 537 537 75 74 80 538 539 539 68 80 68 539 522 522 69 68 137 540 534 534 128 137 75 537 524 524 167 75 143 517 540 540 137 143 83 527 536 536 74 83 125 515 512 512 113 125 146 528 541 541 140 146 110 542 543 543 101 110 535 544 545 545 546 87 545 87 86 545 86 535 140 541 514 514 134 140 101 543 547 547 92 101 92 547 538 538 80 92 122 531 542 542 110 122 548 549 550 551 548 550 552 553 554 555 556 554 556 552 554 557 558 550 559 560 554 561 555 554 562 559 554 563 564 550 565 566 550 567 561 554 568 562 554 566 563 550 569 565 550 553 568 554 564 557 550 570 569 550 571 572 554 573 574 554 575 570 550 560 571 554 574 576 554 577 578 550 572 579 554 580 581 550 549 577 550 579 582 554 581 583 550 578 575 550 582 573 554 583 551 550 531 530 584 584 542 531 547 585 586 586 538 547 543 587 585 585 547 543 541 588 589 589 514 541 542 584 587 587 543 542 528 590 588 588 541 528 515 591 592 592 512 515 527 593 594 594 536 527 517 595 596 596 540 517 537 597 598 598 524 537 540 596 599 599 534 540 539 600 601 601 522 539 538 586 600 600 539 538 536 594 597 597 537 536 523 602 603 603 510 523 519 604 544 544 535 519 525 605 606 606 521 525 534 599 607 607 520 534 533 608 609 609 526 533 511 610 590 590 528 511 526 609 593 593 527 526 524 598 605 605 525 524 522 601 602 602 523 522 521 606 611 611 516 521 520 607 612 612 518 520 518 612 604 604 519 518 516 611 595 595 517 516 514 589 591 591 515 514 512 592 613 613 513 512 510 603 610 610 511 510 617 614 615 615 616 617 621 618 619 619 620 621 616 615 622 622 623 616 620 619 624 624 625 620 623 622 626 626 627 623 625 624 628 628 629 625 627 626 630 630 631 627 629 628 632 632 633 629 631 630 634 634 635 631 633 632 636 636 637 633 635 634 638 638 639 635 637 636 640 640 641 637 639 638 642 642 643 639 641 640 644 644 645 641 649 646 647 647 648 649 643 642 650 650 651 643 645 644 652 652 653 645 648 647 654 654 655 648 651 650 656 656 657 651 653 652 658 658 659 653 655 654 660 660 661 655 657 656 662 662 663 657 667 664 665 665 666 667 661 660 668 668 669 661 663 662 670 670 671 663 666 665 672 672 673 666 669 668 674 674 675 669 671 670 676 676 677 671 673 672 678 678 679 673 675 674 680 680 681 675 679 678 614 614 617 679 681 680 618 618 621 681 685 682 683 683 684 685 687 685 684 684 686 687 680 687 686 686 618 680 691 688 689 689 690 691 693 691 690 690 692 693 678 693 692 692 614 678 695 694 682 682 685 695 696 695 685 685 687 696 674 696 687 687 680 674 698 697 688 688 691 698 699 698 691 691 693 699 672 699 693 693 678 672 703 700 701 701 702 703 705 703 702 702 704 705 670 705 704 704 676 670 707 706 694 694 695 707 708 707 695 695 696 708 668 708 696 696 674 668 710 709 697 697 698 710 711 710 698 698 699 711 665 711 699 699 672 665 713 712 700 700 703 713 714 713 703 703 705 714 662 714 705 705 670 662 716 715 706 706 707 716 717 716 707 707 708 717 660 717 708 708 668 660 719 718 709 709 710 719 720 719 710 710 711 720 664 720 711 711 665 664 722 721 712 712 713 722 723 722 713 713 714 723 656 723 714 714 662 656 725 724 715 715 716 725 726 725 716 716 717 726 654 726 717 717 660 654 730 727 728 728 729 730 732 730 729 729 731 732 652 732 731 731 658 652 734 733 721 721 722 734 735 734 722 722 723 735 650 735 723 723 656 650 737 736 724 724 725 737 738 737 725 725 726 738 647 738 726 726 654 647 740 739 727 727 730 740 741 740 730 730 732 741 644 741 732 732 652 644 743 742 733 733 734 743 744 743 734 734 735 744 642 744 735 735 650 642 746 745 736 736 737 746 747 746 737 737 738 747 646 747 738 738 647 646 749 748 739 739 740 749 750 749 740 740 741 750 640 750 741 741 644 640 752 751 742 742 743 752 753 752 743 743 744 753 638 753 744 744 642 638 755 754 748 748 749 755 756 755 749 749 750 756 636 756 750 750 640 636 758 757 751 751 752 758 759 758 752 752 753 759 634 759 753 753 638 634 761 760 754 754 755 761 762 761 755 755 756 762 632 762 756 756 636 632 764 763 757 757 758 764 765 764 758 758 759 765 630 765 759 759 634 630 767 766 760 760 761 767 768 767 761 761 762 768 628 768 762 762 632 628 770 769 763 763 764 770 771 770 764 764 765 771 626 771 765 765 630 626 773 772 766 766 767 773 774 773 767 767 768 774 624 774 768 768 628 624 776 775 769 769 770 776 777 776 770 770 771 777 622 777 771 771 626 622 779 778 772 772 773 779 780 779 773 773 774 780 619 780 774 774 624 619 782 781 775 775 776 782 783 782 776 776 777 783 615 783 777 777 622 615 684 683 778 778 779 684 686 684 779 779 780 686 618 686 780 780 619 618 690 689 781 781 782 690 692 690 782 782 783 692 614 692 783 783 615 614 785 653 659 659 784 785 787 655 661 661 786 787 789 657 663 663 788 789 791 667 666 666 790 791 786 661 669 669 792 786 788 663 671 671 793 788 790 666 673 673 794 790 792 669 675 675 795 792 793 671 677 677 796 793 794 673 679 679 797 794 795 675 681 681 798 795 797 679 617 617 799 797 798 681 621 621 800 798 799 617 616 616 801 799 800 621 620 620 802 800 801 616 623 623 803 801 802 620 625 625 804 802 803 623 627 627 805 803 804 625 629 629 806 804 805 627 631 631 807 805 806 629 633 633 808 806 807 631 635 635 809 807 808 633 637 637 810 808 809 635 639 639 811 809 810 637 641 641 812 810 811 639 643 643 813 811 812 641 645 645 814 812 816 649 648 648 815 816 813 643 651 651 817 813 814 645 653 653 785 814 815 648 655 655 787 815 817 651 657 657 789 817 819 798 800 800 818 819 821 799 801 801 820 821 818 800 802 802 822 818 820 801 803 803 823 820 822 802 804 804 824 822 823 803 805 805 825 823 824 804 806 806 826 824 825 805 807 807 827 825 826 806 808 808 828 826 827 807 809 809 829 827 828 808 810 810 830 828 829 809 811 811 831 829 830 810 812 812 832 830 831 811 813 813 833 831 832 812 814 814 834 832 836 816 815 815 835 836 833 813 817 817 837 833 834 814 785 785 838 834 835 815 787 787 839 835 837 817 789 789 840 837 838 785 784 784 841 838 839 787 786 786 842 839 840 789 788 788 843 840 845 791 790 790 844 845 842 786 792 792 846 842 843 788 793 793 847 843 844 790 794 794 848 844 846 792 795 795 849 846 847 793 796 796 850 847 848 794 797 797 851 848 849 795 798 798 819 849 851 797 799 799 821 851 853 824 826 826 852 853 855 825 827 827 854 855 852 826 828 828 856 852 854 827 829 829 857 854 856 828 830 830 858 856 857 829 831 831 859 857 858 830 832 832 860 858 859 831 833 833 861 859 860 832 834 834 862 860 864 836 835 835 863 864 861 833 837 837 865 861 862 834 838 838 866 862 863 835 839 839 867 863 865 837 840 840 868 865 866 838 841 841 869 866 867 839 842 842 870 867 868 840 843 843 871 868 873 845 844 844 872 873 870 842 846 846 874 870 871 843 847 847 875 871 872 844 848 848 876 872 874 846 849 849 877 874 875 847 850 850 878 875 876 848 851 851 879 876 877 849 819 819 880 877 879 851 821 821 881 879 880 819 818 818 882 880 881 821 820 820 883 881 882 818 822 822 884 882 883 820 823 823 885 883 884 822 824 824 853 884 885 823 825 825 855 885 887 858 860 860 886 887 889 859 861 861 888 889 886 860 862 862 890 886 892 864 863 863 891 892 888 861 865 865 893 888 890 862 866 866 894 890 891 863 867 867 895 891 893 865 868 868 896 893 894 866 869 869 897 894 895 867 870 870 898 895 896 868 871 871 899 896 901 873 872 872 900 901 898 870 874 874 902 898 899 871 875 875 903 899 900 872 876 876 904 900 902 874 877 877 905 902 903 875 878 878 906 903 904 876 879 879 907 904 905 877 880 880 908 905 907 879 881 881 909 907 908 880 882 882 910 908 909 881 883 883 911 909 910 882 884 884 912 910 911 883 885 885 913 911 912 884 853 853 914 912 913 885 855 855 915 913 914 853 852 852 916 914 915 855 854 854 917 915 916 852 856 856 918 916 917 854 857 857 919 917 918 856 858 858 887 918 919 857 859 859 889 919 921 894 897 897 920 921 923 895 898 898 922 923 925 896 899 899 924 925 927 901 900 900 926 927 922 898 902 902 928 922 924 899 903 903 929 924 926 900 904 904 930 926 928 902 905 905 931 928 929 903 906 906 932 929 930 904 907 907 933 930 931 905 908 908 934 931 933 907 909 909 935 933 934 908 910 910 936 934 935 909 911 911 937 935 936 910 912 912 938 936 937 911 913 913 939 937 938 912 914 914 940 938 939 913 915 915 941 939 940 914 916 916 942 940 941 915 917 917 943 941 942 916 918 918 944 942 943 917 919 919 945 943 944 918 887 887 946 944 945 919 889 889 947 945 946 887 886 886 948 946 947 889 888 888 949 947 948 886 890 890 950 948 952 892 891 891 951 952 949 888 893 893 953 949 950 890 894 894 921 950 951 891 895 895 923 951 953 893 896 896 925 953 955 930 933 933 954 955 957 931 934 934 956 957 954 933 935 935 958 954 956 934 936 936 959 956 958 935 937 937 960 958 959 936 938 938 961 959 960 937 939 939 962 960 961 938 940 940 963 961 962 939 941 941 964 962 963 940 942 942 965 963 964 941 943 943 966 964 965 942 944 944 967 965 966 943 945 945 968 966 967 944 946 946 969 967 968 945 947 947 970 968 969 946 948 948 971 969 970 947 949 949 972 970 971 948 950 950 973 971 975 952 951 951 974 975 972 949 953 953 976 972 973 950 921 921 977 973 974 951 923 923 978 974 976 953 925 925 979 976 977 921 920 920 980 977 978 923 922 922 981 978 979 925 924 924 982 979 984 927 926 926 983 984 981 922 928 928 985 981 982 924 929 929 986 982 983 926 930 930 955 983 985 928 931 931 957 985 986 929 932 932 987 986 989 960 962 962 988 989 991 961 963 963 990 991 988 962 964 964 992 988 990 963 965 965 993 990 992 964 966 966 994 992 993 965 967 967 995 993 994 966 968 968 996 994 995 967 969 969 997 995 996 968 970 970 998 996 997 969 971 971 999 997 998 970 972 972 1000 998 999 971 973 973 1001 999 1003 975 974 974 1002 1003 1000 972 976 976 1004 1000 1001 973 977 977 1005 1001 1002 974 978 978 1006 1002 1004 976 979 979 1007 1004 1005 977 980 980 1008 1005 1006 978 981 981 1009 1006 1007 979 982 982 1010 1007 1012 984 983 983 1011 1012 1009 981 985 985 1013 1009 1010 982 986 986 1014 1010 1011 983 955 955 1015 1011 1013 985 957 957 1016 1013 1014 986 987 987 1017 1014 1015 955 954 954 1018 1015 1016 957 956 956 1019 1016 1018 954 958 958 1020 1018 1019 956 959 959 1021 1019 1020 958 960 960 989 1020 1021 959 961 961 991 1021 1023 994 996 996 1022 1023 1025 995 997 997 1024 1025 1022 996 998 998 1026 1022 1024 997 999 999 1027 1024 1026 998 1000 1000 1028 1026 1027 999 1001 1001 1029 1027 1031 1003 1002 1002 1030 1031 1028 1000 1004 1004 1032 1028 1029 1001 1005 1005 1033 1029 1030 1002 1006 1006 1034 1030 1032 1004 1007 1007 1035 1032 1033 1005 1008 1008 1036 1033 1034 1006 1009 1009 1037 1034 1035 1007 1010 1010 1038 1035 1040 1012 1011 1011 1039 1040 1037 1009 1013 1013 1041 1037 1038 1010 1014 1014 1042 1038 1039 1011 1015 1015 1043 1039 1041 1013 1016 1016 1044 1041 1042 1014 1017 1017 1045 1042 1043 1015 1018 1018 1046 1043 1044 1016 1019 1019 1047 1044 1046 1018 1020 1020 1048 1046 1047 1019 1021 1021 1049 1047 1048 1020 989 989 1050 1048 1049 1021 991 991 1051 1049 1050 989 988 988 1052 1050 1051 991 990 990 1053 1051 1052 988 992 992 1054 1052 1053 990 993 993 1055 1053 1054 992 994 994 1023 1054 1055 993 995 995 1025 1055 1057 1028 1032 1032 1056 1057 1059 1029 1033 1033 1058 1059 1061 1030 1034 1034 1060 1061 1056 1032 1035 1035 1062 1056 1058 1033 1036 1036 1063 1058 1060 1034 1037 1037 1064 1060 1062 1035 1038 1038 1065 1062 1067 1040 1039 1039 1066 1067 1064 1037 1041 1041 1068 1064 1065 1038 1042 1042 1069 1065 1066 1039 1043 1043 1070 1066 1068 1041 1044 1044 1071 1068 1069 1042 1045 1045 1072 1069 1070 1043 1046 1046 1073 1070 1071 1044 1047 1047 1074 1071 1073 1046 1048 1048 1075 1073 1074 1047 1049 1049 1076 1074 1075 1048 1050 1050 1077 1075 1076 1049 1051 1051 1078 1076 1077 1050 1052 1052 1079 1077 1078 1051 1053 1053 1080 1078 1079 1052 1054 1054 1081 1079 1080 1053 1055 1055 1082 1080 1081 1054 1023 1023 1083 1081 1082 1055 1025 1025 1084 1082 1083 1023 1022 1022 1085 1083 1084 1025 1024 1024 1086 1084 1085 1022 1026 1026 1087 1085 1086 1024 1027 1027 1088 1086 1087 1026 1028 1028 1057 1087 1088 1027 1029 1029 1059 1088 1089 1031 1030 1030 1061 1089 505 1065 1069 1069 501 505 504 1066 1070 1070 500 504 503 1068 1071 1071 499 503 501 1069 1072 1072 502 501 500 1070 1073 1073 498 500 499 1071 1074 1074 497 499 498 1073 1075 1075 496 498 497 1074 1076 1076 495 497 496 1075 1077 1077 494 496 495 1076 1078 1078 493 495 494 1077 1079 1079 492 494 493 1078 1080 1080 491 493 492 1079 1081 1081 490 492 491 1080 1082 1082 489 491 490 1081 1083 1083 488 490 489 1082 1084 1084 487 489 488 1083 1085 1085 486 488 487 1084 1086 1086 485 487 486 1085 1087 1087 484 486 485 1086 1088 1088 483 485 484 1087 1057 1057 480 484 483 1088 1059 1059 478 483 482 1089 1061 1061 476 482 480 1057 1056 1056 481 480 478 1059 1058 1058 479 478 476 1061 1060 1060 477 476 481 1056 1062 1062 508 481 479 1058 1063 1063 509 479 477 1060 1064 1064 506 477 508 1062 1065 1065 505 508 507 1067 1066 1066 504 507 506 1064 1068 1068 503 506 772 1090 1091 1091 766 772 727 1092 1093 1093 728 727 748 1094 1095 1095 739 748 763 1096 1097 1097 757 763 721 1098 1099 1099 712 721 733 1100 1098 1098 721 733 769 1101 1096 1096 763 769 683 1102 1103 1103 778 683 781 1104 1105 1105 775 781 709 1106 1107 1107 697 709 766 1091 1108 1108 760 766 1109 1110 1111 1109 1111 736 1109 736 745 1109 745 1112 718 1113 1106 1106 709 718 742 1114 1100 1100 733 742 775 1105 1101 1101 769 775 712 1099 1115 1115 700 712 778 1103 1090 1090 772 778 688 1116 1117 1117 689 688 694 1118 1119 1119 682 694 682 1119 1102 1102 683 682 751 1120 1114 1114 742 751 689 1117 1104 1104 781 689 757 1097 1120 1120 751 757 697 1107 1116 1116 688 697 739 1095 1092 1092 727 739 760 1108 1121 1121 754 760 724 1122 1123 1123 715 724 1115 1124 1125 1125 1126 701 1125 701 700 1125 700 1115 754 1121 1094 1094 748 754 715 1123 1127 1127 706 715 706 1127 1118 1118 694 706 736 1111 1122 1122 724 736 1128 1129 1130 1131 1128 1130 1132 1133 1134 1135 1136 1134 1136 1132 1134 1137 1138 1130 1139 1140 1134 1141 1135 1134 1142 1139 1134 1143 1144 1130 1145 1146 1130 1147 1141 1134 1148 1142 1134 1146 1143 1130 1149 1145 1130 1133 1148 1134 1144 1137 1130 1150 1149 1130 1151 1152 1134 1153 1154 1134 1155 1150 1130 1140 1151 1134 1154 1156 1134 1157 1158 1130 1152 1159 1134 1160 1161 1130 1129 1157 1130 1159 1162 1134 1161 1163 1130 1158 1155 1130 1162 1153 1134 1163 1131 1130 1111 1110 1164 1164 1122 1111 1127 1165 1166 1166 1118 1127 1123 1167 1165 1165 1127 1123 1121 1168 1169 1169 1094 1121 1122 1164 1167 1167 1123 1122 1108 1170 1168 1168 1121 1108 1095 1171 1172 1172 1092 1095 1107 1173 1174 1174 1116 1107 1097 1175 1176 1176 1120 1097 1117 1177 1178 1178 1104 1117 1120 1176 1179 1179 1114 1120 1119 1180 1181 1181 1102 1119 1118 1166 1180 1180 1119 1118 1116 1174 1177 1177 1117 1116 1103 1182 1183 1183 1090 1103 1099 1184 1124 1124 1115 1099 1105 1185 1186 1186 1101 1105 1114 1179 1187 1187 1100 1114 1113 1188 1189 1189 1106 1113 1091 1190 1170 1170 1108 1091 1106 1189 1173 1173 1107 1106 1104 1178 1185 1185 1105 1104 1102 1181 1182 1182 1103 1102 1101 1186 1191 1191 1096 1101 1100 1187 1192 1192 1098 1100 1098 1192 1184 1184 1099 1098 1096 1191 1175 1175 1097 1096 1094 1169 1171 1171 1095 1094 1092 1172 1193 1193 1093 1092 1090 1183 1190 1190 1091 1090 </p>
        </polylist>
      </mesh>
    </geometry>
  </library_geometries>
  <library_visual_scenes>
    <visual_scene id="root" name="root">
      <node id="Sphere" name="Sphere">
        <matrix>1 0 0 0 0 1 0 0 0 0 1 0 0 0 0 1</matrix>
        <instance_geometry url="#meshId0">
          <bind_material>
            <technique_common>
              <instance_material symbol="defaultMaterial" target="#DefaultMaterial" />
            </technique_common>
          </bind_material>
        </instance_geometry>
      </node>
      <node id="Circle" name="Circle">
        <matrix>1 0 0 0 0 1 0 0 0 0 1 0 0 0 0 1</matrix>
        <instance_geometry url="#meshId1">
          <bind_material>
            <technique_common>
              <instance_material symbol="defaultMaterial" target="#DefaultMaterial" />
            </technique_common>
          </bind_material>
        </instance_geometry>
      </node>
    </visual_scene>
  </library_visual_scenes>
  <scene>
    <instance_visual_scene url="#root" />
  </scene>
</COLLADA>
