<?xml version="1.0"?>
<COLLADA xmlns="http://www.collada.org/2005/11/COLLADASchema" version="1.4.1">
  <asset>
    <contributor>
      <author>Assimp</author>
      <authoring_tool>Assimp Exporter</authoring_tool>
    </contributor>
    <created>2020-04-25T15:07:50</created>
    <modified>2020-04-25T15:07:50</modified>
    <unit name="meter" meter="0.01" />
    <up_axis>Y_UP</up_axis>
  </asset>
  <library_effects>
    <effect id="wire_088199225-fx" name="wire_088199225">
      <profile_COMMON>
        <technique sid="standard">
          <phong>
            <emission>
              <color sid="emission">0   0   0   1</color>
            </emission>
            <ambient>
              <color sid="ambient">0   0   0   1</color>
            </ambient>
            <diffuse>
              <color sid="diffuse">0.6   0.6   0.6   1</color>
            </diffuse>
            <specular>
              <color sid="specular">0   0   0   1</color>
            </specular>
            <shininess>
              <float sid="shininess">0</float>
            </shininess>
            <transparency>
              <float sid="transparency">0</float>
            </transparency>
            <index_of_refraction>
              <float sid="index_of_refraction">1</float>
            </index_of_refraction>
          </phong>
        </technique>
      </profile_COMMON>
    </effect>
  </library_effects>
  <library_materials>
    <material id="wire_088199225" name="wire_088199225">
      <instance_effect url="#wire_088199225-fx"/>
    </material>
  </library_materials>
  <library_geometries>
    <geometry id="meshId0" name="meshId0_name" >
      <mesh>
        <source id="meshId0-positions" name="meshId0-positions">
          <float_array id="meshId0-positions-array" count="147"> -0.99665 -0.00370643 -0.0245453 -0.978026 -0.00152204 -0.0219358 -0.978026 -0.00259797 -0.0522076 -0.998944 -0.00630125 -0.0522506 -0.955248 -0.00455458 -0.0234504 -0.956051 -0.00548459 -0.0522076 -0.934077 -0.00186004 -0.0219358 -0.934077 -0.00662875 -0.0522076 -0.912102 -0.00152204 -0.0219358 -0.912102 -0.00424282 -0.0522076 -0.89214 0.000470257 -0.024328 -0.893704 -0.00262946 -0.0520963 -0.978026 -0.00667284 -0.0824783 -1 -0.00764379 -0.0824783 -0.956051 -0.0057974 -0.0824783 -0.934077 -0.00874176 -0.0824783 -0.912102 -0.0104727 -0.0824783 -0.89499 -0.00697829 -0.0818643 -0.978026 -0.00898634 -0.112749 -1 -0.00880684 -0.112749 -0.956051 -0.00731839 -0.112749 -0.934077 -0.0104485 -0.112749 -0.912102 -0.0119433 -0.112749 -0.895708 -0.00967598 -0.111781 -0.978026 -0.00825576 -0.143021 -1 -0.00884148 -0.143021 -0.956051 -0.00724911 -0.143021 -0.934077 -0.0103467 -0.143021 -0.912102 -0.0105262 -0.143021 -0.896086 -0.00934848 -0.143814 -0.978026 -0.00572392 -0.173292 -1 -0.00490832 -0.173292 -0.956051 -0.00296641 -0.173292 -0.934077 -0.0043184 -0.173292 -0.912102 -0.00470678 -0.173292 -0.896232 -0.00458922 -0.173567 -0.978026 -0.00299475 -0.203563 -1 -0.00373897 -0.203563 -0.956051 -0.00010287 -0.203563 -0.934077 -0.00302099 -0.203563 -0.912102 -0.00187159 -0.203563 -0.895469 -0.00117565 -0.203385 -0.978026 -0.00234814 -0.233834 -0.999425 -0.00202064 -0.233675 -0.956051 -0.000726382 -0.233834 -0.933662 -0.00355633 -0.23155 -0.911966 -0.00165115 -0.232031 -0.911966 -0.00165115 -0.232031 -0.894569 0.000620362 -0.23316 </float_array>
          <technique_common>
            <accessor count="49" offset="0" source="#meshId0-positions-array" stride="3">
              <param name="X" type="float" />
              <param name="Y" type="float" />
              <param name="Z" type="float" />
            </accessor>
          </technique_common>
        </source>
        <source id="meshId0-normals" name="meshId0-normals">
          <float_array id="meshId0-normals-array" count="147"> -0.1353 0.9895 -0.0514 0.0122 0.9993 -0.0357 -0.0325 0.9968 -0.0724 -0.1467 0.9853 -0.0876 0.0388 0.9966 -0.0727 0.0995 0.9945 -0.0313 -0.082 0.9875 -0.1347 -0.0257 0.9931 -0.1145 -0.0571 0.9939 -0.0939 -0.0959 0.9848 -0.1448 -0.1111 0.9883 -0.1041 -0.0908 0.989 -0.1166 -0.0581 0.9945 -0.0869 -0.0335 0.9981 -0.0521 0.0645 0.9967 -0.0497 0.0965 0.9939 -0.0527 -0.0707 0.9914 -0.1098 -0.1745 0.9755 -0.134 -0.0359 0.9991 -0.0236 0.0012 0.9999 -0.0122 0.0364 0.999 -0.0278 0.0977 0.995 -0.0189 -0.028 0.9996 -0.0075 -0.1467 0.9888 -0.0258 -0.0405 0.9975 0.0584 -0.014 0.9986 0.0502 0.0363 0.9959 0.0834 0.0744 0.9924 0.098 -0.0194 0.9943 0.1052 -0.0783 0.992 0.0987 -0.0506 0.9943 0.094 0.0228 0.9948 0.0991 -0.0167 0.9948 0.1009 0.0401 0.9921 0.1185 0.0025 0.9893 0.1459 -0.0138 0.9892 0.146 -0.0695 0.9967 0.0416 -0.0242 0.999 0.037 0.0007 0.9993 0.0365 0.0296 0.9993 0.0238 -0.0478 0.9975 0.0512 -0.0368 0.9962 0.0789 -0.039 0.9987 0.0321 0.0157 0.9982 0.0573 0.0119 0.9999 -0.0076 0.0224 0.9996 -0.0198 -0.1018 0.9948 -0.0005 -0.1018 0.9948 -0.0005 -0.0994 0.9947 0.0248 </float_array>
          <technique_common>
            <accessor count="49" offset="0" source="#meshId0-normals-array" stride="3">
              <param name="X" type="float" />
              <param name="Y" type="float" />
              <param name="Z" type="float" />
            </accessor>
          </technique_common>
        </source>
        <source id="meshId0-tangents" name="meshId0-tangents">
          <float_array id="meshId0-tangents-array" count="147"> -0.990801 -0.134962 0.00993632 -0.999925 0.0121807 -0.000753675 -0.999472 -0.0323757 0.00291068 -0.98918 -0.146009 0.0142737 -0.999241 0.0389388 0.00049336 -0.99503 0.0993387 -0.00681291 -0.996629 -0.0815977 0.0085066 -0.999668 -0.0252957 0.00498108 -0.998368 -0.0569169 0.00465516 -0.995383 -0.0954459 0.0100978 -0.993809 -0.110508 0.0115031 -0.995864 -0.0905485 0.00747812 -0.998311 -0.0579064 0.00476363 -0.999431 -0.0332515 0.00561662 -0.997918 0.064386 -0.00386578 -0.995332 0.0964153 -0.00422013 -0.997496 -0.0700886 0.00944543 -0.984648 -0.173477 0.0193628 -0.999355 -0.0358594 0.00210477 -0.999999 0.00120012 8.26711e-08 -0.999331 0.0364807 0.00246411 -0.995211 0.0977411 0.00107026 -0.999606 -0.0279855 0.00195768 -0.989177 -0.146596 0.0061475 -0.999179 -0.0404866 -0.00139372 -0.999901 -0.0140533 0.000697729 -0.999339 0.035987 0.00523404 -0.997227 0.0741803 0.00588971 -0.999809 -0.0195541 0.000440909 -0.996916 -0.0784419 -0.00247373 -0.998719 -0.0503619 -0.0048976 -0.99974 0.0227032 0.00210872 -0.99986 -0.0165331 -0.00248253 -0.999195 0.0397628 0.00522442 -0.999994 0.00210952 0.00283096 -0.999897 -0.0142384 0.00195958 -0.997581 -0.0693854 -0.0042185 -0.999705 -0.0241134 -0.00280026 -0.999994 0.000823149 -0.00335823 -0.999561 0.0295554 0.00219721 -0.998855 -0.0478445 -0.000397057 -0.99932 -0.0368526 -0.000791439 -0.999238 -0.0389437 -0.00240718 -0.999876 0.0157136 0.000223316 -0.999918 0.0118635 -0.00482994 -0.999749 0.0223967 -0.000336728 -0.994804 -0.101801 -0.00126212 -0.994805 -0.1018 0.000783443 -0.995047 -0.0993936 -0.00164774 </float_array>
          <technique_common>
            <accessor count="49" offset="0" source="#meshId0-tangents-array" stride="3">
              <param name="X" type="float" />
              <param name="Y" type="float" />
              <param name="Z" type="float" />
            </accessor>
          </technique_common>
        </source>
        <source id="meshId0-bitangents" name="meshId0-bitangents">
          <float_array id="meshId0-bitangents-array" count="147"> 0.00289495 0.0522716 0.998658 -0.000318296 0.0357065 0.999374 0.000557364 0.0724563 0.997325 0.00127347 0.0887461 0.996059 0.00332254 0.0726257 0.997355 -0.00366614 0.0318223 0.999442 -0.00259095 0.134943 0.990862 0.00205036 0.11459 0.99342 -0.000717731 0.0940126 0.995528 -0.00387622 0.1451 0.989407 -0.00013532 0.104733 0.994459 -0.0031621 0.116797 0.993131 -0.000294632 0.08703 0.996184 0.00387355 0.0522585 0.998646 -0.00065304 0.0498458 0.998777 0.0008867 0.0528612 0.998565 0.00166847 0.110193 0.993873 -0.00435745 0.135322 0.990795 0.00125659 0.0236603 0.999743 1.47241e-05 0.0122 0.999901 0.00347581 0.0276917 0.99966 0.00291222 0.0187049 0.999785 0.001747 0.00755186 0.99999 0.00229648 0.0264226 0.999604 0.000974176 -0.0584085 0.998321 0.00140223 -0.0501853 0.998698 0.00221126 -0.0835348 0.996548 -0.00142472 -0.0981665 0.995168 0.00249549 -0.105171 0.994489 0.00528827 -0.0985893 0.995082 -0.000135668 -0.0941274 0.995575 -0.00015213 -0.0991223 0.995059 -0.000801427 -0.100927 0.994937 0.000471258 -0.118614 0.992896 0.00249289 -0.145906 0.989299 0.00401723 -0.145958 0.989294 -0.00131815 -0.0417926 0.999111 -0.00190526 -0.0370569 0.999289 -0.00338592 -0.0364974 0.999295 0.00149225 -0.0238546 0.999736 0.00205358 -0.0511603 0.998645 0.00211924 -0.0788755 0.996879 -0.00115396 -0.0321694 0.999458 -0.000677472 -0.0572964 0.998323 -0.00473929 0.00765685 0.999959 0.00010686 0.0198026 0.999851 -0.00130646 0.000368918 0.999994 0.000728469 0.000577157 0.999995 0.000825952 -0.0248409 0.999653 </float_array>
          <technique_common>
            <accessor count="49" offset="0" source="#meshId0-bitangents-array" stride="3">
              <param name="X" type="float" />
              <param name="Y" type="float" />
              <param name="Z" type="float" />
            </accessor>
          </technique_common>
        </source>
        <source id="meshId0-tex0" name="meshId0-tex0">
          <float_array id="meshId0-tex0-array" count="98"> 0.4332 0.6928 0.409 0.6963 0.4089 0.6574 0.4362 0.6569 0.3793 0.6942 0.3805 0.6571 0.3519 0.6965 0.3521 0.657 0.3236 0.6965 0.3235 0.6574 0.2977 0.6937 0.2998 0.6577 0.409 0.6181 0.4373 0.6179 0.3806 0.6181 0.3521 0.6179 0.3239 0.6178 0.3016 0.6191 0.409 0.5789 0.4373 0.5789 0.3806 0.579 0.352 0.579 0.3238 0.5791 0.3025 0.5804 0.4089 0.5399 0.4372 0.5399 0.3804 0.5399 0.3519 0.5402 0.3237 0.5403 0.303 0.5392 0.4089 0.5007 0.4372 0.5006 0.3804 0.5003 0.352 0.5005 0.3236 0.5006 0.3032 0.5003 0.4089 0.4615 0.4373 0.4616 0.3804 0.4613 0.3519 0.4614 0.3235 0.4614 0.302 0.4616 0.409 0.4225 0.4366 0.4227 0.3805 0.4224 0.3514 0.4252 0.3233 0.4246 0.3233 0.4246 0.3006 0.4231 </float_array>
          <technique_common>
            <accessor count="49" offset="0" source="#meshId0-tex0-array" stride="2">
              <param name="S" type="float" />
              <param name="T" type="float" />
            </accessor>
          </technique_common>
        </source>
        <vertices id="meshId0-vertices">
          <input semantic="POSITION" source="#meshId0-positions" />
        </vertices>
        <polylist count="70" material="defaultMaterial">
          <input offset="0" semantic="VERTEX" source="#meshId0-vertices" />
          <input offset="0" semantic="NORMAL" source="#meshId0-normals" />
          <input offset="0" semantic="TANGENT" source="#meshId0-tangents" />
          <input offset="0" semantic="BINORMAL" source="#meshId0-bitangents" />
          <input offset="0" semantic="TEXCOORD" source="#meshId0-tex0" set="0" />
          <vcount>3 3 3 3 3 3 3 3 3 3 3 3 3 3 3 3 3 3 3 3 3 3 3 3 3 3 3 3 3 3 3 3 3 3 3 3 3 3 3 3 3 3 3 3 3 3 3 3 3 3 3 3 3 3 3 3 3 3 3 3 3 3 3 3 3 3 3 3 3 3 </vcount>
          <p>0 1 2 2 3 0 1 4 5 5 2 1 4 6 7 7 5 4 6 8 9 9 7 6 8 10 11 11 9 8 3 2 12 12 13 3 2 5 14 14 12 2 5 7 15 15 14 5 7 9 16 16 15 7 9 11 17 17 16 9 13 12 18 18 19 13 12 14 20 20 18 12 14 15 21 21 20 14 15 16 22 22 21 15 16 17 23 23 22 16 19 18 24 24 25 19 18 20 26 26 24 18 20 21 27 27 26 20 21 22 28 28 27 21 22 23 29 29 28 22 25 24 30 30 31 25 24 26 32 32 30 24 26 27 33 33 32 26 27 28 34 34 33 27 28 29 35 35 34 28 31 30 36 36 37 31 30 32 38 38 36 30 32 33 39 39 38 32 33 34 40 40 39 33 34 35 41 41 40 34 37 36 42 42 43 37 36 38 44 44 42 36 38 39 45 45 44 38 39 40 46 47 45 39 40 41 48 48 46 40 </p>
        </polylist>
      </mesh>
    </geometry>
    <geometry id="meshId1" name="meshId1_name" >
      <mesh>
        <source id="meshId1-positions" name="meshId1-positions">
          <float_array id="meshId1-positions-array" count="144"> -0.786613 -0.00900628 -0.0397132 -0.762483 -0.00881629 -0.0385417 -0.762338 -0.00456507 -0.0697992 -0.784313 -0.00362876 -0.0697992 -0.740197 -0.00621622 -0.0432685 -0.740364 -0.000132261 -0.0697992 -0.718121 -0.00510041 -0.0447737 -0.718389 -0.0041473 -0.0697992 -0.695599 -0.00388908 -0.0443538 -0.696415 -0.00679355 -0.0697992 -0.681653 -0.00589397 -0.0419228 -0.678888 -0.00434254 -0.0708195 -0.762338 0.00220118 -0.100071 -0.783127 0.000905875 -0.100004 -0.740364 0.00517179 -0.100071 -0.718389 0.000475505 -0.100071 -0.696415 -0.00241217 -0.100071 -0.678282 -0.00178971 -0.0999975 -0.762338 0.00571027 -0.130342 -0.781732 0.00337998 -0.129863 -0.740364 0.00715989 -0.130342 -0.718389 0.00769103 -0.130342 -0.696415 0.0107823 -0.130342 -0.677486 0.0046354 -0.128748 -0.762338 0.00414205 -0.160614 -0.780759 0.00238383 -0.161271 -0.740364 0.00828935 -0.160614 -0.718389 0.0129226 -0.160614 -0.696415 0.0115455 -0.160614 -0.675068 0.00436983 -0.160751 -0.762338 0.00662455 -0.190884 -0.780712 -0.000592022 -0.191256 -0.740364 0.00575016 -0.190884 -0.718389 0.00723546 -0.190884 -0.696415 0.00531244 -0.190884 -0.675593 0.000596219 -0.191438 -0.762338 0.0053114 -0.221156 -0.784313 -0.00198285 -0.221156 -0.740364 0.00850033 -0.221156 -0.718389 0.00366864 -0.221156 -0.696415 0.000421972 -0.221156 -0.677916 -0.00126277 -0.220161 -0.76311 0.0026389 -0.248051 -0.786443 -0.000774667 -0.248702 -0.740359 0.00435094 -0.252594 -0.718389 0.00334009 -0.255305 -0.696785 -0.00172463 -0.253469 -0.680495 -0.00137509 -0.248398 </float_array>
          <technique_common>
            <accessor count="48" offset="0" source="#meshId1-positions-array" stride="3">
              <param name="X" type="float" />
              <param name="Y" type="float" />
              <param name="Z" type="float" />
            </accessor>
          </technique_common>
        </source>
        <source id="meshId1-normals" name="meshId1-normals">
          <float_array id="meshId1-normals-array" count="144"> 0.0075 0.9884 0.1519 -0.0663 0.9853 0.1574 -0.0771 0.9815 0.1751 0.023 0.9825 0.1849 -0.0102 0.9839 0.1785 0.0056 0.9835 0.1808 -0.0111 0.9999 -0.0028 0.1246 0.9851 0.1186 -0.003 0.9989 -0.0478 -0.0205 0.9995 0.0253 0.1308 0.9892 0.0656 -0.097 0.995 0.0217 -0.0802 0.9857 0.1485 -0.0711 0.9897 0.1242 0.0075 0.9885 0.1509 0.1378 0.9656 0.2206 0.0714 0.9674 0.243 -0.0508 0.9839 0.1712 -0.0992 0.9943 0.0388 -0.1144 0.9933 0.0182 -0.0701 0.9944 0.0788 -0.0381 0.9871 0.1553 0.1005 0.9789 0.1781 0.2377 0.9534 0.1857 -0.1207 0.9927 -0.0073 -0.1461 0.9892 -0.0076 -0.1701 0.9841 -0.0513 -0.0512 0.9983 -0.029 0.1607 0.9855 -0.0539 0.3159 0.9473 -0.0529 -0.1593 0.9872 0.0121 -0.3531 0.9338 -0.0575 -0.008 1 -0.0029 0.0013 0.9898 -0.1423 0.1379 0.9766 -0.1653 0.2364 0.9637 -0.1239 -0.2286 0.9713 -0.0662 -0.2749 0.9614 -0.0144 0.0374 0.9991 -0.0214 0.1607 0.9861 -0.0414 0.1064 0.9896 -0.0964 0.1203 0.9898 -0.076 -0.1566 0.9863 -0.0528 -0.146 0.9878 0.0546 -0.0357 0.9919 -0.1221 0.1678 0.9848 -0.0457 0.1132 0.9925 -0.0462 0.0284 0.9984 -0.0493 </float_array>
          <technique_common>
            <accessor count="48" offset="0" source="#meshId1-normals-array" stride="3">
              <param name="X" type="float" />
              <param name="Y" type="float" />
              <param name="Z" type="float" />
            </accessor>
          </technique_common>
        </source>
        <source id="meshId1-tangents" name="meshId1-tangents">
          <float_array id="meshId1-tangents-array" count="144"> -0.999963 0.00675636 0.00540972 -0.997795 -0.0659722 -0.00731467 -0.997015 -0.0766304 -0.00946371 -0.999727 0.0218253 0.00838491 -0.999943 -0.0105713 0.00112995 -0.999984 0.00542692 0.00145209 -0.999898 -0.0110747 0.00902874 -0.992186 0.122925 0.0213545 -0.999915 -0.00239115 0.0127875 -0.999708 -0.0208156 0.0123008 -0.991408 0.130542 0.00829202 -0.995252 -0.0971519 0.00583771 -0.996752 -0.0803881 -0.0047202 -0.997431 -0.0716283 -0.000216475 -0.999953 0.00648763 0.00720109 -0.990435 0.135923 0.0237302 -0.99744 0.070232 0.0134764 -0.998689 -0.05112 -0.00254917 -0.995054 -0.099328 0.00135217 -0.99343 -0.114435 0.00107026 -0.997508 -0.0705154 0.00247816 -0.99927 -0.0372293 -0.00852024 -0.994818 0.101638 0.00272958 -0.9713 0.234978 0.03689 -0.992676 -0.120652 0.00608758 -0.989263 -0.146074 0.00462326 -0.985427 -0.169879 0.00863865 -0.998675 -0.0510266 0.00663194 -0.987001 0.160572 -0.0068181 -0.948604 0.316459 0.00222984 -0.987134 -0.159437 0.0120537 -0.935576 -0.352675 0.0178047 -0.999954 -0.00798434 0.00527193 -0.999992 0.00182209 0.00353834 -0.990224 0.139467 -0.00210714 -0.971445 0.23707 -0.00956337 -0.973522 -0.228086 0.0152137 -0.961306 -0.274531 0.022869 -0.999299 0.0373497 -0.00269485 -0.987002 0.160547 -0.00714754 -0.994257 0.107016 0.00118121 -0.992682 0.120748 0.00127115 -0.987616 -0.155835 0.0181906 -0.988858 -0.147333 0.0212784 -0.999351 -0.0360275 -0.000482193 -0.985822 0.167565 -0.0088155 -0.99356 0.113302 -0.000398958 -0.999573 0.0287047 0.0054957 </float_array>
          <technique_common>
            <accessor count="48" offset="0" source="#meshId1-tangents-array" stride="3">
              <param name="X" type="float" />
              <param name="Y" type="float" />
              <param name="Z" type="float" />
            </accessor>
          </technique_common>
        </source>
        <source id="meshId1-bitangents" name="meshId1-bitangents">
          <float_array id="meshId1-bitangents-array" count="144"> 0.00432067 -0.151935 0.988414 0.00317688 -0.157538 0.987501 0.00412935 -0.175307 0.984478 0.00420268 -0.185042 0.982733 0.00299874 -0.178478 0.983952 0.000446943 -0.180805 0.983515 0.00899683 0.00289993 0.999921 0.00645738 -0.120334 0.992719 0.0126592 0.0478343 0.998823 0.0128213 -0.0250404 0.999635 -0.000361094 -0.066121 0.997776 0.00791672 -0.0210307 0.9997 0.00728494 -0.148396 0.988946 0.00868198 -0.123896 0.992251 0.0061393 -0.150947 0.988502 -0.00707066 -0.22176 0.975094 -0.00402931 -0.24334 0.969938 0.00624362 -0.171105 0.985207 0.00519839 -0.038474 0.999235 0.00314579 -0.017958 0.999866 0.00802089 -0.0784299 0.996865 -0.00262862 -0.155511 0.987798 -0.0154297 -0.177451 0.984042 -0.0084644 -0.189139 0.981892 0.00516237 0.00798131 0.999992 0.00346317 0.00819386 0.99992 -0.000213499 0.0520218 0.998655 0.00514089 0.0293011 0.99959 0.00193558 0.054295 0.998493 0.018853 0.0494767 0.998582 0.0138286 -0.0100242 0.999897 -0.00365281 0.0600825 0.998171 0.00524877 0.00294204 1.00002 0.00376153 0.142294 0.989795 0.0209961 0.163975 0.986286 0.0201568 0.122623 0.992225 -0.000322191 0.067925 0.997723 0.018033 0.0201295 0.999668 -0.00189314 0.0214858 0.999796 -0.000401546 0.0420105 0.999083 0.0114852 0.0957207 0.995303 0.010435 0.0752909 0.997083 0.00971328 0.0549947 0.998489 0.0290631 -0.050885 0.998305 -0.00487725 0.122004 0.992542 -0.00102378 0.0465313 0.998955 0.0048386 0.0459477 0.998935 0.00690205 0.0491229 0.998789 </float_array>
          <technique_common>
            <accessor count="48" offset="0" source="#meshId1-bitangents-array" stride="3">
              <param name="X" type="float" />
              <param name="Y" type="float" />
              <param name="Z" type="float" />
            </accessor>
          </technique_common>
        </source>
        <source id="meshId1-tex0" name="meshId1-tex0">
          <float_array id="meshId1-tex0-array" count="96"> 0.3 0.5686 0.2687 0.5702 0.2684 0.5294 0.2968 0.5291 0.2397 0.5637 0.2396 0.5285 0.211 0.5617 0.2109 0.5293 0.1817 0.5628 0.1826 0.5299 0.1635 0.5661 0.1599 0.5287 0.268 0.4894 0.295 0.4895 0.2394 0.489 0.2107 0.4901 0.1823 0.4908 0.1588 0.4908 0.2676 0.45 0.2929 0.4506 0.2392 0.45 0.211 0.4502 0.1831 0.4491 0.1579 0.4524 0.2677 0.4107 0.2918 0.4098 0.2389 0.411 0.2103 0.4113 0.1826 0.4114 0.154 0.411 0.2673 0.3715 0.2928 0.3706 0.2389 0.3718 0.2102 0.3719 0.1815 0.372 0.1539 0.371 0.267 0.3325 0.2969 0.3318 0.2384 0.3327 0.2095 0.3323 0.1808 0.3322 0.1567 0.3336 0.268 0.2974 0.2986 0.2959 0.2382 0.2919 0.2098 0.2881 0.181 0.2903 0.1599 0.297 </float_array>
          <technique_common>
            <accessor count="48" offset="0" source="#meshId1-tex0-array" stride="2">
              <param name="S" type="float" />
              <param name="T" type="float" />
            </accessor>
          </technique_common>
        </source>
        <vertices id="meshId1-vertices">
          <input semantic="POSITION" source="#meshId1-positions" />
        </vertices>
        <polylist count="70" material="defaultMaterial">
          <input offset="0" semantic="VERTEX" source="#meshId1-vertices" />
          <input offset="0" semantic="NORMAL" source="#meshId1-normals" />
          <input offset="0" semantic="TANGENT" source="#meshId1-tangents" />
          <input offset="0" semantic="BINORMAL" source="#meshId1-bitangents" />
          <input offset="0" semantic="TEXCOORD" source="#meshId1-tex0" set="0" />
          <vcount>3 3 3 3 3 3 3 3 3 3 3 3 3 3 3 3 3 3 3 3 3 3 3 3 3 3 3 3 3 3 3 3 3 3 3 3 3 3 3 3 3 3 3 3 3 3 3 3 3 3 3 3 3 3 3 3 3 3 3 3 3 3 3 3 3 3 3 3 3 3 </vcount>
          <p>0 1 2 2 3 0 1 4 5 5 2 1 4 6 7 7 5 4 6 8 9 9 7 6 8 10 11 11 9 8 3 2 12 12 13 3 2 5 14 14 12 2 5 7 15 15 14 5 7 9 16 16 15 7 9 11 17 17 16 9 13 12 18 18 19 13 12 14 20 20 18 12 14 15 21 21 20 14 15 16 22 22 21 15 16 17 23 23 22 16 19 18 24 24 25 19 18 20 26 26 24 18 20 21 27 27 26 20 21 22 28 28 27 21 22 23 29 29 28 22 25 24 30 30 31 25 24 26 32 32 30 24 26 27 33 33 32 26 27 28 34 34 33 27 28 29 35 35 34 28 31 30 36 36 37 31 30 32 38 38 36 30 32 33 39 39 38 32 33 34 40 40 39 33 34 35 41 41 40 34 37 36 42 42 43 37 36 38 44 44 42 36 38 39 45 45 44 38 39 40 46 46 45 39 40 41 47 47 46 40 </p>
        </polylist>
      </mesh>
    </geometry>
    <geometry id="meshId2" name="meshId2_name" >
      <mesh>
        <source id="meshId2-positions" name="meshId2-positions">
          <float_array id="meshId2-positions-array" count="144"> -0.576844 -0.000290763 -0.0347073 -0.555509 -0.000240378 -0.0362671 -0.555509 -0.00175192 -0.0674826 -0.57565 -0.00389013 -0.0673597 -0.53351 -0.000884884 -0.0357149 -0.533535 -0.00215395 -0.0674826 -0.511559 -0.00205213 -0.0352856 -0.511559 -0.0020007 -0.0674826 -0.489584 -0.000275018 -0.0354084 -0.489584 -0.000840797 -0.0674826 -0.471903 -0.00349754 -0.037364 -0.471162 -0.00319524 -0.0668485 -0.555509 -0.00267459 -0.0977544 -0.575669 -0.00445801 -0.0980766 -0.533535 -0.00641881 -0.0977544 -0.511559 -0.00591392 -0.0977544 -0.489584 -0.000871238 -0.0977544 -0.470212 -0.00208047 -0.0982729 -0.555509 0.000389431 -0.128025 -0.575102 -0.00354163 -0.127727 -0.533535 -0.00283624 -0.128025 -0.511559 -0.00246676 -0.128025 -0.489584 0.00170259 -0.128025 -0.46942 0.000285513 -0.127975 -0.555509 0.0056116 -0.158297 -0.574149 0.000804056 -0.158623 -0.533535 0.00269978 -0.158297 -0.511559 0.00274597 -0.158297 -0.489584 0.00399929 -0.158297 -0.469878 0.00161966 -0.159412 -0.555509 0.00532714 -0.188568 -0.574044 4.93341e-05 -0.188317 -0.533535 0.00237648 -0.188568 -0.511559 0.00310181 -0.188568 -0.489584 0.00290342 -0.188568 -0.46945 -0.00155563 -0.189047 -0.555509 -0.00252869 -0.218838 -0.573954 -0.00500909 -0.218153 -0.533535 -0.00357627 -0.218838 -0.511559 -0.00157663 -0.218838 -0.489584 -0.00156403 -0.218838 -0.468687 -0.00429425 -0.218456 -0.555309 -0.00397935 -0.246307 -0.572403 -0.00535968 -0.244702 -0.53314 -0.00335164 -0.245189 -0.511605 -0.000859691 -0.245242 -0.489838 0.000555281 -0.245246 -0.470973 -0.00455458 -0.246934 </float_array>
          <technique_common>
            <accessor count="48" offset="0" source="#meshId2-positions-array" stride="3">
              <param name="X" type="float" />
              <param name="Y" type="float" />
              <param name="Z" type="float" />
            </accessor>
          </technique_common>
        </source>
        <source id="meshId2-normals" name="meshId2-normals">
          <float_array id="meshId2-normals-array" count="144"> -0.043 0.9965 -0.0724 0.0096 0.9989 -0.0458 -0.0196 0.9976 -0.0662 -0.1024 0.9923 -0.0698 0.0303 0.9992 -0.0269 0.0052 0.996 -0.0894 -0.0087 1 -0.0044 -0.0416 0.9978 -0.0507 0.036 0.9993 -0.0078 0.0287 0.9996 0.0004 0.1809 0.9834 0.0146 0.1352 0.9907 0.0158 0.0361 0.9986 0.0395 -0.1087 0.9937 0.0276 0.0582 0.9983 0.0043 -0.1177 0.993 -0.0133 -0.0635 0.9977 0.022 0.0742 0.9961 0.0482 -0.0169 0.9918 0.1266 -0.2046 0.9749 0.0875 0.0674 0.9873 0.1442 -0.0892 0.9878 0.1278 -0.0574 0.9953 0.0786 0.0688 0.9957 0.0623 -0.0547 0.9958 0.074 -0.2548 0.9653 0.0569 0.0631 0.9942 0.087 -0.0243 0.996 0.0855 0.0278 0.9993 0.0248 0.1091 0.9937 -0.0241 -0.0766 0.9894 -0.1231 -0.2505 0.9604 -0.1223 0.0443 0.9944 -0.0963 -0.0098 0.9973 -0.073 0.0975 0.9925 -0.0744 0.1964 0.9778 -0.0736 -0.0657 0.9893 -0.1303 -0.1274 0.9862 -0.1058 -0.0155 0.995 -0.0987 -0.047 0.997 -0.0619 0.0805 0.9955 -0.0498 0.1467 0.9865 -0.0723 -0.0637 0.9971 -0.0426 -0.0821 0.9965 -0.018 -0.0544 0.9985 -0.0099 -0.0845 0.9962 0.0215 0.119 0.9909 0.0635 0.2091 0.9773 0.0345 </float_array>
          <technique_common>
            <accessor count="48" offset="0" source="#meshId2-normals-array" stride="3">
              <param name="X" type="float" />
              <param name="Y" type="float" />
              <param name="Z" type="float" />
            </accessor>
          </technique_common>
        </source>
        <source id="meshId2-tangents" name="meshId2-tangents">
          <float_array id="meshId2-tangents-array" count="144"> -0.999075 -0.0429081 0.00279418 -0.999951 0.00970149 0.00199315 -0.999802 -0.0193339 0.00466157 -0.994742 -0.102264 0.00551299 -0.999535 0.0303805 0.00261094 -0.999977 0.00556237 0.00380577 -0.999955 -0.00868265 0.003852 -0.999131 -0.041416 0.00471296 -0.999343 0.0360317 0.00385593 -0.999572 0.0286969 0.00572609 -0.983501 0.180901 0.00116567 -0.990818 0.135168 0.00299289 -0.999328 0.0358204 0.00773515 -0.994067 -0.108767 0.000949762 -0.998284 0.0581703 0.00668344 -0.993048 -0.117658 0.00353039 -0.997943 -0.0636781 0.00737496 -0.997225 0.0738203 0.00957945 -0.999762 -0.0185097 0.0115474 -0.978773 -0.20485 -0.00627704 -0.997697 0.0655817 0.0173089 -0.995951 -0.089894 -0.000325085 -0.998341 -0.0575734 -2.55153e-05 -0.997618 0.0683505 0.00930205 -0.998428 -0.0554487 0.008133 -0.966673 -0.255792 0.0106808 -0.997926 0.0617416 0.0182256 -0.999649 -0.0251127 0.00843009 -0.999613 0.027801 0.000309432 -0.994015 0.109204 0.00287113 -0.997049 -0.0753813 0.0145541 -0.968072 -0.247223 0.0414487 -0.998988 0.0448408 0.00347396 -0.999913 -0.0091318 0.00947948 -0.995204 0.0978234 0.000770622 -0.980482 0.196537 -0.0053306 -0.997817 -0.0642683 0.0151646 -0.991799 -0.12557 0.0237991 -0.999875 -0.0151117 0.0046801 -0.998861 -0.0463955 0.0111495 -0.996673 0.081031 0.00871765 -0.989101 0.147224 0.00186973 -0.997886 -0.0630838 0.0155978 -0.996434 -0.0817146 0.0210321 -0.998514 -0.0543627 0.00384269 -0.996396 -0.084639 0.00567112 -0.992865 0.118255 0.0153108 -0.977865 0.208687 0.0151361 </float_array>
          <technique_common>
            <accessor count="48" offset="0" source="#meshId2-tangents-array" stride="3">
              <param name="X" type="float" />
              <param name="Y" type="float" />
              <param name="Z" type="float" />
            </accessor>
          </technique_common>
        </source>
        <source id="meshId2-bitangents" name="meshId2-bitangents">
          <float_array id="meshId2-bitangents-array" count="144"> -0.00032215 0.0724532 0.997423 0.00243528 0.0457786 0.998944 0.00337048 0.0662783 0.997782 -0.0016675 0.0699975 0.997554 0.00342608 0.0268084 0.999656 0.00428783 0.0893782 0.996006 0.0038138 0.00443331 1.00003 0.0026028 0.050852 0.998656 0.00413427 0.00765606 0.999941 0.00571232 -0.000564167 0.999996 -0.00149484 -0.01457 0.9999 0.000829394 -0.0160596 0.999878 0.00630942 -0.0397527 0.999222 0.00394573 -0.027333 0.999627 0.00642195 -0.0046816 0.999973 0.00194082 0.0136231 0.999945 0.00875891 -0.0214864 0.999691 0.00598395 -0.0487771 0.998814 0.013796 -0.126375 0.991877 0.0118048 -0.086927 0.996118 0.00763223 -0.145035 0.989447 0.0111673 -0.127312 0.991819 0.00449987 -0.0784711 0.996954 0.00500382 -0.0627916 0.998031 0.012202 -0.0734388 0.997268 0.0248647 -0.0522822 0.998305 0.0127484 -0.0879696 0.996034 0.0105435 -0.0852651 0.996261 -0.00038025 -0.024799 0.999687 0.00548486 0.0236425 0.999667 0.00512042 0.123852 0.992254 0.00957194 0.128778 0.991665 0.00777268 0.0960487 0.99538 0.00878727 0.0730866 0.997303 0.0080429 0.073968 0.997277 0.00925289 0.0732104 0.997315 0.00662816 0.131012 0.991363 0.0101854 0.107964 0.99411 0.00316517 0.0987602 0.99511 0.00824413 0.0623535 0.998045 0.0127138 0.0489326 0.998711 0.0124888 0.0712377 0.997346 0.0128652 0.0435035 0.999011 0.0194876 0.0196625 0.999655 0.00329874 0.0100943 0.999973 0.00746931 -0.0209433 0.999761 0.0076623 -0.0648689 0.997903 0.0075928 -0.0369013 0.999304 </float_array>
          <technique_common>
            <accessor count="48" offset="0" source="#meshId2-bitangents-array" stride="3">
              <param name="X" type="float" />
              <param name="Y" type="float" />
              <param name="Z" type="float" />
            </accessor>
          </technique_common>
        </source>
        <source id="meshId2-tex0" name="meshId2-tex0">
          <float_array id="meshId2-tex0-array" count="96"> 0.5835 0.6965 0.5559 0.6945 0.5558 0.654 0.582 0.654 0.5274 0.6953 0.5273 0.6541 0.499 0.6959 0.4987 0.6542 0.4705 0.6959 0.4702 0.6544 0.4473 0.6934 0.4462 0.6553 0.5556 0.6146 0.5819 0.6141 0.5269 0.6148 0.499 0.615 0.47 0.6151 0.4448 0.6147 0.5552 0.575 0.5811 0.5756 0.5266 0.5759 0.4984 0.5761 0.4697 0.5758 0.4436 0.5761 0.5544 0.5357 0.5792 0.5352 0.5261 0.5363 0.4979 0.5367 0.4696 0.5368 0.444 0.5354 0.5539 0.4977 0.5783 0.4969 0.5258 0.4974 0.4976 0.4977 0.4694 0.4979 0.4429 0.4971 0.554 0.4578 0.578 0.4581 0.5257 0.4578 0.4973 0.4582 0.4688 0.4585 0.4415 0.4591 0.5533 0.4224 0.5753 0.424 0.5249 0.4241 0.4971 0.4241 0.469 0.4242 0.4439 0.4226 </float_array>
          <technique_common>
            <accessor count="48" offset="0" source="#meshId2-tex0-array" stride="2">
              <param name="S" type="float" />
              <param name="T" type="float" />
            </accessor>
          </technique_common>
        </source>
        <vertices id="meshId2-vertices">
          <input semantic="POSITION" source="#meshId2-positions" />
        </vertices>
        <polylist count="70" material="defaultMaterial">
          <input offset="0" semantic="VERTEX" source="#meshId2-vertices" />
          <input offset="0" semantic="NORMAL" source="#meshId2-normals" />
          <input offset="0" semantic="TANGENT" source="#meshId2-tangents" />
          <input offset="0" semantic="BINORMAL" source="#meshId2-bitangents" />
          <input offset="0" semantic="TEXCOORD" source="#meshId2-tex0" set="0" />
          <vcount>3 3 3 3 3 3 3 3 3 3 3 3 3 3 3 3 3 3 3 3 3 3 3 3 3 3 3 3 3 3 3 3 3 3 3 3 3 3 3 3 3 3 3 3 3 3 3 3 3 3 3 3 3 3 3 3 3 3 3 3 3 3 3 3 3 3 3 3 3 3 </vcount>
          <p>0 1 2 2 3 0 1 4 5 5 2 1 4 6 7 7 5 4 6 8 9 9 7 6 8 10 11 11 9 8 3 2 12 12 13 3 2 5 14 14 12 2 5 7 15 15 14 5 7 9 16 16 15 7 9 11 17 17 16 9 13 12 18 18 19 13 12 14 20 20 18 12 14 15 21 21 20 14 15 16 22 22 21 15 16 17 23 23 22 16 19 18 24 24 25 19 18 20 26 26 24 18 20 21 27 27 26 20 21 22 28 28 27 21 22 23 29 29 28 22 25 24 30 30 31 25 24 26 32 32 30 24 26 27 33 33 32 26 27 28 34 34 33 27 28 29 35 35 34 28 31 30 36 36 37 31 30 32 38 38 36 30 32 33 39 39 38 32 33 34 40 40 39 33 34 35 41 41 40 34 37 36 42 42 43 37 36 38 44 44 42 36 38 39 45 45 44 38 39 40 46 46 45 39 40 41 47 47 46 40 </p>
        </polylist>
      </mesh>
    </geometry>
    <geometry id="meshId3" name="meshId3_name" >
      <mesh>
        <source id="meshId3-positions" name="meshId3-positions">
          <float_array id="meshId3-positions-array" count="144"> -0.367353 -0.00125542 -0.0282381 -0.350022 -0.00323932 -0.0304613 -0.349805 -0.00225052 -0.0522076 -0.369494 -0.00192407 -0.0525025 -0.33094 -0.00771727 -0.0303154 -0.327831 -0.00586248 -0.0522076 -0.304206 -0.0129226 -0.0292762 -0.305856 -0.00719978 -0.0522076 -0.284547 -0.0106805 -0.0283199 -0.283881 -0.00434359 -0.0522076 -0.264296 -0.0110658 -0.0337531 -0.264067 -0.00799964 -0.0530095 -0.349805 -0.00131106 -0.0824783 -0.368989 -0.00183905 -0.0824321 -0.327831 -0.00340517 -0.0824783 -0.305856 -0.0024909 -0.0824783 -0.283881 0.00108747 -0.0824783 -0.263889 -0.000993001 -0.0822579 -0.349805 -0.000337999 -0.112749 -0.368178 -0.00294226 -0.1134 -0.327831 -0.00445486 -0.112749 -0.305856 -0.00185374 -0.112749 -0.283881 -0.00245101 -0.112749 -0.263009 -0.000778866 -0.112938 -0.349805 -0.00343456 -0.143021 -0.367531 -0.00640307 -0.142793 -0.327831 -0.00409586 -0.143021 -0.305856 -0.00313435 -0.143021 -0.283881 -0.0021697 -0.143021 -0.262702 -0.00168789 -0.142961 -0.349805 0.000198389 -0.173292 -0.366251 -0.00208467 -0.173312 -0.327831 -0.00344401 -0.173292 -0.305856 -0.00255073 -0.173292 -0.283881 -0.00332645 -0.173292 -0.262463 -0.00234499 -0.173452 -0.349805 0.00234604 -0.203563 -0.36608 4.09366e-05 -0.203127 -0.327831 0.000732678 -0.203563 -0.305856 -0.0014811 -0.203563 -0.283881 -0.00254233 -0.203563 -0.261907 -0.00179391 -0.203563 -0.349811 0.00393841 -0.238633 -0.365499 0.00255598 -0.236753 -0.32738 0.00349334 -0.240563 -0.305823 0.00147795 -0.238706 -0.283877 -0.00152939 -0.237658 -0.261912 -0.00139083 -0.242072 </float_array>
          <technique_common>
            <accessor count="48" offset="0" source="#meshId3-positions-array" stride="3">
              <param name="X" type="float" />
              <param name="Y" type="float" />
              <param name="Z" type="float" />
            </accessor>
          </technique_common>
        </source>
        <source id="meshId3-normals" name="meshId3-normals">
          <float_array id="meshId3-normals-array" count="144"> 0.0715 0.9974 0.0109 0.1555 0.9858 0.0626 0.0931 0.995 0.0347 0.0084 1 -0.0033 0.1776 0.9745 0.1373 0.1059 0.9899 0.0945 0.0157 0.9702 0.2419 -0.0165 0.9826 0.1852 -0.0101 0.9721 0.2345 0.0236 0.974 0.2252 0.0611 0.9856 0.1577 0.1588 0.962 0.2222 0.0469 0.9988 0.0171 -0.0469 0.9989 0.0048 0.026 0.9994 0.0241 -0.0726 0.9958 0.0561 -0.0435 0.998 0.046 0.1181 0.9876 0.1038 0.0181 0.9994 -0.029 -0.1426 0.987 -0.0734 0.032 0.9994 -0.0096 -0.0447 0.9989 -0.0111 -0.0399 0.9984 -0.039 -0.0467 0.9977 -0.0499 -0.0521 0.9986 -0.0086 -0.1612 0.9869 -0.0017 0.0091 1 -0.0007 -0.0433 0.999 -0.012 -0.0285 0.9994 -0.0197 -0.0337 0.9993 -0.014 0.0016 0.9942 0.1073 -0.137 0.9853 0.1023 0.0617 0.995 0.0781 -0.0017 0.9997 0.0262 -0.012 0.9999 0.0011 -0.0414 0.9991 -0.0068 -0.0371 0.9973 0.0627 -0.1306 0.9895 0.0614 0.0941 0.9908 0.097 0.0677 0.9955 0.0662 0.0086 0.9996 0.026 -0.0363 0.9992 0.0165 -0.0326 0.998 0.0545 -0.0789 0.9942 0.073 0.0641 0.9958 0.0657 0.1102 0.9906 0.0806 0.0488 0.9977 0.0464 -0.0131 0.9997 0.0224 </float_array>
          <technique_common>
            <accessor count="48" offset="0" source="#meshId3-normals-array" stride="3">
              <param name="X" type="float" />
              <param name="Y" type="float" />
              <param name="Z" type="float" />
            </accessor>
          </technique_common>
        </source>
        <source id="meshId3-tangents" name="meshId3-tangents">
          <float_array id="meshId3-tangents-array" count="144"> 0.997308 -0.0713064 -0.0171145 0.987743 -0.154316 -0.0234767 0.995548 -0.0925249 -0.0179615 0.99988 -0.00844192 -0.01301 0.984097 -0.175339 -0.02846 0.994327 -0.104455 -0.0200946 0.999873 -0.0145422 -0.00656965 0.999823 0.0178852 -0.00581489 0.999943 0.0106361 -0.00102317 0.999713 -0.0220713 -0.00930646 0.998053 -0.0583399 -0.0220748 0.987306 -0.153995 -0.0388905 0.998844 -0.0467082 -0.0113226 0.998789 0.0469653 -0.0146726 0.999609 -0.0257431 -0.0108801 0.997304 0.0730837 -0.00663934 0.999038 0.0437091 -0.00355462 0.992999 -0.117179 -0.0149101 0.999792 -0.018365 -0.0088886 0.989774 0.141971 -0.0138453 0.999455 -0.0320764 -0.00777088 0.998953 0.0445891 -0.0101985 0.999193 0.0396931 -0.00610939 0.998903 0.0464625 -0.00587518 0.998556 0.051981 -0.0135478 0.986895 0.161186 -0.00761402 0.999899 -0.00910672 -0.0109277 0.999008 0.0431691 -0.0109288 0.999556 0.0283208 -0.00931454 0.999406 0.0335967 -0.00763033 0.999864 0.000170839 -0.0164924 0.990418 0.138061 -0.0033665 0.997975 -0.0602957 -0.0202416 0.999942 0.00197808 -0.010595 0.999866 0.0120119 -0.0111595 0.99909 0.0413277 -0.010554 0.999235 0.0377999 -0.00998734 0.991362 0.131093 -0.00398866 0.995499 -0.0925482 -0.0204089 0.997644 -0.0668112 -0.0155582 0.99989 -0.00828277 -0.0122922 0.999241 0.0365252 -0.0135502 0.999385 0.033253 -0.0111298 0.996739 0.0799211 -0.0111622 0.997868 -0.0631465 -0.0164702 0.993857 -0.109008 -0.0191068 0.998733 -0.0481724 -0.0145818 0.999819 0.0134043 -0.0135127 </float_array>
          <technique_common>
            <accessor count="48" offset="0" source="#meshId3-tangents-array" stride="3">
              <param name="X" type="float" />
              <param name="Y" type="float" />
              <param name="Z" type="float" />
            </accessor>
          </technique_common>
        </source>
        <source id="meshId3-bitangents" name="meshId3-bitangents">
          <float_array id="meshId3-bitangents-array" count="144"> -0.0162928 0.0120943 -0.999813 -0.0134832 0.0654833 -0.997713 -0.0146611 0.0362177 -0.999185 -0.0130379 -0.00319032 -0.999951 -0.00366025 0.140171 -0.990142 -0.0100206 0.0960919 -0.995346 -0.00285612 0.241972 -0.970305 -0.00902605 0.185071 -0.982721 -0.0034888 0.234476 -0.972152 -0.00409404 0.225355 -0.974241 -0.0125567 0.158742 -0.987245 -0.00319513 0.225555 -0.974243 -0.0105103 0.0176113 -0.999836 -0.0148819 0.00410604 -0.999893 -0.0102531 0.0243735 -0.999679 -0.0107115 0.0554667 -0.998421 -0.00555813 0.0458011 -0.998941 -0.00256204 0.104834 -0.994525 -0.00941586 -0.0288331 -0.999524 -0.00324462 -0.0746237 -0.997152 -0.00807415 -0.0093461 -0.999882 -0.00969239 -0.0115443 -0.999848 -0.00455159 -0.0392123 -0.999178 -0.00354319 -0.0501196 -0.998775 -0.0130818 -0.00929343 -0.999866 -0.00724026 -0.0029051 -0.999949 -0.010934 -0.000600488 -0.999982 -0.0103999 -0.0124613 -0.999878 -0.00875103 -0.0199567 -0.999763 -0.00715464 -0.0142488 -0.999839 -0.0164151 0.107312 -0.994064 -0.0174407 0.100859 -0.994773 -0.0154313 0.0791908 -0.996706 -0.0106436 0.0261805 -0.999645 -0.0111716 0.000965938 -0.99991 -0.0102635 -0.00723075 -0.999902 -0.0123304 0.0622815 -0.99794 -0.0119959 0.0603487 -0.998074 -0.011244 0.0984839 -0.995049 -0.0110653 0.0670974 -0.997678 -0.0120719 0.0261029 -0.999561 -0.014142 0.0159956 -0.999767 -0.0129199 0.0541037 -0.99847 -0.0169317 0.0718812 -0.997263 -0.0122523 0.0666157 -0.997725 -0.0101411 0.0822105 -0.996528 -0.0123131 0.0470528 -0.998786 -0.013809 0.0222189 -0.999694 </float_array>
          <technique_common>
            <accessor count="48" offset="0" source="#meshId3-bitangents-array" stride="3">
              <param name="X" type="float" />
              <param name="Y" type="float" />
              <param name="Z" type="float" />
            </accessor>
          </technique_common>
        </source>
        <source id="meshId3-tex0" name="meshId3-tex0">
          <float_array id="meshId3-tex0-array" count="96"> 0.5779 0.7119 0.6004 0.7143 0.6011 0.7424 0.5758 0.7431 0.6255 0.7134 0.6299 0.7417 0.6604 0.7106 0.6584 0.7412 0.6859 0.71 0.6869 0.7417 0.7121 0.7165 0.7128 0.7416 0.6017 0.7814 0.5769 0.7817 0.6303 0.7811 0.6588 0.7809 0.6873 0.7808 0.713 0.7803 0.602 0.8203 0.5783 0.8215 0.6306 0.8203 0.6591 0.8199 0.6874 0.8197 0.7144 0.8198 0.6024 0.8597 0.5791 0.8596 0.631 0.8593 0.6594 0.859 0.6878 0.8587 0.715 0.8584 0.603 0.8992 0.5817 0.8993 0.6316 0.8983 0.6598 0.898 0.6881 0.8977 0.7157 0.8976 0.6035 0.9381 0.5824 0.9376 0.6318 0.9376 0.6603 0.937 0.6886 0.9367 0.7169 0.9363 0.6041 0.9832 0.5838 0.981 0.6329 0.9853 0.6607 0.9824 0.6892 0.9805 0.7175 0.9858 </float_array>
          <technique_common>
            <accessor count="48" offset="0" source="#meshId3-tex0-array" stride="2">
              <param name="S" type="float" />
              <param name="T" type="float" />
            </accessor>
          </technique_common>
        </source>
        <vertices id="meshId3-vertices">
          <input semantic="POSITION" source="#meshId3-positions" />
        </vertices>
        <polylist count="70" material="defaultMaterial">
          <input offset="0" semantic="VERTEX" source="#meshId3-vertices" />
          <input offset="0" semantic="NORMAL" source="#meshId3-normals" />
          <input offset="0" semantic="TANGENT" source="#meshId3-tangents" />
          <input offset="0" semantic="BINORMAL" source="#meshId3-bitangents" />
          <input offset="0" semantic="TEXCOORD" source="#meshId3-tex0" set="0" />
          <vcount>3 3 3 3 3 3 3 3 3 3 3 3 3 3 3 3 3 3 3 3 3 3 3 3 3 3 3 3 3 3 3 3 3 3 3 3 3 3 3 3 3 3 3 3 3 3 3 3 3 3 3 3 3 3 3 3 3 3 3 3 3 3 3 3 3 3 3 3 3 3 </vcount>
          <p>0 1 2 2 3 0 1 4 5 5 2 1 4 6 7 7 5 4 6 8 9 9 7 6 8 10 11 11 9 8 3 2 12 12 13 3 2 5 14 14 12 2 5 7 15 15 14 5 7 9 16 16 15 7 9 11 17 17 16 9 13 12 18 18 19 13 12 14 20 20 18 12 14 15 21 21 20 14 15 16 22 22 21 15 16 17 23 23 22 16 19 18 24 24 25 19 18 20 26 26 24 18 20 21 27 27 26 20 21 22 28 28 27 21 22 23 29 29 28 22 25 24 30 30 31 25 24 26 32 32 30 24 26 27 33 33 32 26 27 28 34 34 33 27 28 29 35 35 34 28 31 30 36 36 37 31 30 32 38 38 36 30 32 33 39 39 38 32 33 34 40 40 39 33 34 35 41 41 40 34 37 36 42 42 43 37 36 38 44 44 42 36 38 39 45 45 44 38 39 40 46 46 45 39 40 41 47 47 46 40 </p>
        </polylist>
      </mesh>
    </geometry>
    <geometry id="meshId4" name="meshId4_name" >
      <mesh>
        <source id="meshId4-positions" name="meshId4-positions">
          <float_array id="meshId4-positions-array" count="144"> -0.158585 -0.0034923 -0.0228647 -0.135615 -0.00690482 -0.0217815 -0.135883 -0.00566829 -0.0522076 -0.160212 -0.00466479 -0.0522517 -0.114159 -0.00716619 -0.0260873 -0.113908 -0.0072764 -0.0522076 -0.0937089 -0.0100644 -0.0281173 -0.0919339 -0.00438348 -0.0522076 -0.0696732 -0.0113292 -0.0300897 -0.0699588 -0.00687018 -0.0522076 -0.0539008 -0.0116651 -0.0324683 -0.0545221 -0.0066445 -0.0530032 -0.135883 -0.00545415 -0.0824783 -0.160919 -0.0076144 -0.0822831 -0.113908 -0.00718928 -0.0824783 -0.0919339 -0.00305878 -0.0824783 -0.0699588 -0.000602519 -0.0824783 -0.0560316 -0.000869139 -0.0812009 -0.135883 -0.0119989 -0.112749 -0.15996 -0.0116987 -0.112668 -0.113908 -0.00626136 -0.112749 -0.0919339 -0.00495555 -0.112749 -0.0699588 -0.00490307 -0.112749 -0.0555572 -0.000861791 -0.114996 -0.135883 -0.00953952 -0.143021 -0.157858 -0.00852028 -0.143021 -0.113908 -0.0054804 -0.143021 -0.0919339 -0.00391952 -0.143021 -0.0699588 -0.00418824 -0.143021 -0.0545221 -0.00326137 -0.142375 -0.135883 0.00204373 -0.173292 -0.157088 -0.00469733 -0.17328 -0.113908 -8.71247e-05 -0.173292 -0.0919339 -0.000928971 -0.173292 -0.0699588 -0.00221588 -0.173292 -0.0545809 -0.00220539 -0.173565 -0.135883 0.00646185 -0.203563 -0.155955 0.00178761 -0.203186 -0.113908 0.00162701 -0.203563 -0.0919339 -0.000724282 -0.203563 -0.0699588 0.000405177 -0.203563 -0.051244 -0.00100245 -0.203284 -0.138407 0.00688277 -0.231003 -0.154766 0.00485268 -0.232545 -0.113893 0.00592336 -0.234286 -0.0918972 0.00508676 -0.237699 -0.0699588 0.00486633 -0.238591 -0.0496453 0.00276172 -0.241295 </float_array>
          <technique_common>
            <accessor count="48" offset="0" source="#meshId4-positions-array" stride="3">
              <param name="X" type="float" />
              <param name="Y" type="float" />
              <param name="Z" type="float" />
            </accessor>
          </technique_common>
        </source>
        <source id="meshId4-normals" name="meshId4-normals">
          <float_array id="meshId4-normals-array" count="144"> 0.101 0.9949 0.0043 0.0947 0.9951 0.028 0.0688 0.9976 0.0109 0.0124 0.9991 -0.0401 0.0172 0.9983 0.055 -0.0408 0.9991 0.0118 0.127 0.9654 0.2279 -0.0005 0.9913 0.1319 0.0507 0.9769 0.2076 0.0482 0.9777 0.2046 0.0562 0.9702 0.2355 0.0077 0.9784 0.2067 -0.0234 0.9965 -0.0807 -0.0656 0.9884 -0.1369 -0.0414 0.9991 0.0035 -0.1316 0.9909 -0.0272 -0.0496 0.9983 0.0309 0.0084 0.994 0.1089 -0.1227 0.9906 -0.0608 0.0189 0.9995 -0.0247 -0.1251 0.9921 -0.0071 -0.0422 0.9991 -0.0018 -0.1382 0.9881 -0.067 -0.2471 0.9642 -0.0959 -0.0454 0.9795 0.1963 -0.0205 0.9821 0.1874 -0.1229 0.9877 0.097 -0.0235 0.9979 0.0601 -0.0213 0.999 0.0405 -0.0943 0.9955 0.0112 -0.0598 0.9774 0.2026 -0.2862 0.9486 0.1354 0.0468 0.9893 0.1383 0.0265 0.9967 0.0763 0.0312 0.9968 0.0733 -0.0087 0.9988 0.0477 -0.0265 0.9935 0.1109 -0.2073 0.9693 0.1326 0.1435 0.983 0.1143 0.0264 0.9958 0.0879 0.0257 0.9956 0.0903 0.0626 0.9942 0.0874 -0.0683 0.9967 0.0445 -0.1316 0.9865 0.0976 0.0855 0.9907 0.1055 0.0453 0.9862 0.1595 0.0587 0.9886 0.1388 0.1041 0.9876 0.1177 </float_array>
          <technique_common>
            <accessor count="48" offset="0" source="#meshId4-normals-array" stride="3">
              <param name="X" type="float" />
              <param name="Y" type="float" />
              <param name="Z" type="float" />
            </accessor>
          </technique_common>
        </source>
        <source id="meshId4-tangents" name="meshId4-tangents">
          <float_array id="meshId4-tangents-array" count="144"> 0.994757 -0.101053 0.0157259 0.995307 -0.0952065 0.0173013 0.997461 -0.0689835 0.0176658 0.999817 -0.0118039 0.0150741 0.999687 -0.0181708 0.0171865 0.998863 0.0404933 0.025153 0.991436 -0.130594 0.000715196 0.999947 -0.000863661 0.0102814 0.998658 -0.0517846 -0.000210022 0.998758 -0.0497554 0.0024716 0.998291 -0.0583961 0.00234376 0.999894 -0.0100821 0.0104748 0.999567 0.0247587 0.0158885 0.997439 0.0688697 0.0192756 0.998931 0.0413205 0.0207075 0.99102 0.132171 0.0202299 0.99866 0.0491135 0.0162967 0.999669 -0.0109945 0.0232448 0.992088 0.124065 0.0192319 0.99953 -0.0182922 0.0246151 0.992049 0.125186 0.0129011 0.998954 0.0422255 0.0175561 0.990133 0.139433 0.0139917 0.968351 0.249322 0.0116468 0.998933 0.04285 0.0172184 0.999664 0.0171575 0.0194381 0.992397 0.121644 0.018736 0.999672 0.0228468 0.0115388 0.999691 0.0207622 0.0136298 0.995437 0.0941176 0.0156844 0.998131 0.0559876 0.0245114 0.957881 0.279737 0.064893 0.998898 -0.0468424 -0.00294479 0.999639 -0.0267653 0.00244532 0.999491 -0.0316021 0.00432239 0.999927 0.0082907 0.00877596 0.999535 0.024656 0.017962 0.978279 0.205574 0.0266532 0.989587 -0.143837 -0.00536917 0.999635 -0.0268022 0.00340409 0.999643 -0.0262534 0.00495076 0.998 -0.0631247 0.00324678 0.99759 0.0676774 0.0153103 0.991297 0.131293 0.00957217 0.996263 -0.0863125 0.00312122 0.998925 -0.0462943 0.0025341 0.998233 -0.0594181 0.00104101 0.994514 -0.104584 -0.00205685 </float_array>
          <technique_common>
            <accessor count="48" offset="0" source="#meshId4-tangents-array" stride="3">
              <param name="X" type="float" />
              <param name="Y" type="float" />
              <param name="Z" type="float" />
            </accessor>
          </technique_common>
        </source>
        <source id="meshId4-bitangents" name="meshId4-bitangents">
          <float_array id="meshId4-bitangents-array" count="144"> 0.0160802 0.00268914 -0.99989 0.0198823 0.0262302 -0.999446 0.0183754 0.00965692 -0.999813 0.0145872 -0.0402796 -0.999063 0.0181566 0.0546872 -0.9983 0.0246525 0.0128128 -0.999616 0.0304528 0.225857 -0.973717 0.0103058 0.131898 -0.991247 0.0105453 0.207332 -0.978215 0.0125964 0.204227 -0.978884 0.0160262 0.234966 -0.971824 0.0123325 0.206598 -0.978374 0.0178309 -0.0802933 -0.996648 0.0284802 -0.135285 -0.990387 0.0205443 0.00435355 -0.999743 0.0236409 -0.0242935 -0.999396 0.0147514 0.0316669 -0.999399 0.0243026 0.108669 -0.993764 0.0265942 -0.0579592 -0.997985 0.024151 -0.0251536 -0.999376 0.013688 -0.00542962 -0.999873 0.0176163 -0.00105725 -0.999837 0.0231672 -0.0644052 -0.99762 0.0351399 -0.0899869 -0.995291 0.00845398 0.196872 -0.9804 0.0158748 0.187735 -0.982122 0.00670601 0.0985651 -0.99514 0.0101415 0.0603515 -0.99811 0.0127753 0.0407778 -0.999134 0.0145597 0.0126279 -0.999833 0.0126144 0.203687 -0.978921 0.023681 0.148269 -0.988707 0.00356502 0.138285 -0.990402 0.00447944 0.0762076 -0.997049 0.00662499 0.0731279 -0.997279 0.00836996 0.0477729 -0.998799 0.0151109 0.111324 -0.993691 -0.00142421 0.135245 -0.990861 0.0111627 0.11388 -0.993404 0.00574571 0.087778 -0.996144 0.00729966 0.0901405 -0.995919 0.00874505 0.087022 -0.996164 0.0122481 0.0454384 -0.99892 -0.00337125 0.0980103 -0.995193 0.0121982 0.104839 -0.994378 0.00988308 0.159214 -0.987237 0.00927638 0.138494 -0.990341 0.0102781 0.117268 -0.993069 </float_array>
          <technique_common>
            <accessor count="48" offset="0" source="#meshId4-bitangents-array" stride="3">
              <param name="X" type="float" />
              <param name="Y" type="float" />
              <param name="Z" type="float" />
            </accessor>
          </technique_common>
        </source>
        <source id="meshId4-tex0" name="meshId4-tex0">
          <float_array id="meshId4-tex0-array" count="96"> 0.0049 0.5671 0.0348 0.5662 0.0337 0.6054 0.0023 0.605 0.0623 0.5722 0.0622 0.606 0.0888 0.5751 0.0908 0.6069 0.1199 0.5775 0.1192 0.6066 0.1402 0.5807 0.139 0.6079 0.0329 0.6446 0.0005 0.6438 0.0613 0.6451 0.0902 0.6458 0.1185 0.6462 0.1365 0.645 0.0313 0.6842 0.0006 0.6832 0.0606 0.6844 0.0891 0.6849 0.1175 0.6854 0.1367 0.6885 0.031 0.7229 0.0027 0.7227 0.0599 0.7238 0.0886 0.7242 0.1171 0.7245 0.1371 0.724 0.0319 0.7641 0.0035 0.762 0.0601 0.7637 0.0884 0.7637 0.1168 0.7637 0.1366 0.7642 0.0314 0.8028 0.0049 0.8015 0.06 0.8026 0.0883 0.8025 0.1166 0.8028 0.1407 0.8025 0.0279 0.8379 0.0065 0.8397 0.0595 0.8425 0.0879 0.847 0.1161 0.8483 0.1425 0.8517 </float_array>
          <technique_common>
            <accessor count="48" offset="0" source="#meshId4-tex0-array" stride="2">
              <param name="S" type="float" />
              <param name="T" type="float" />
            </accessor>
          </technique_common>
        </source>
        <vertices id="meshId4-vertices">
          <input semantic="POSITION" source="#meshId4-positions" />
        </vertices>
        <polylist count="70" material="defaultMaterial">
          <input offset="0" semantic="VERTEX" source="#meshId4-vertices" />
          <input offset="0" semantic="NORMAL" source="#meshId4-normals" />
          <input offset="0" semantic="TANGENT" source="#meshId4-tangents" />
          <input offset="0" semantic="BINORMAL" source="#meshId4-bitangents" />
          <input offset="0" semantic="TEXCOORD" source="#meshId4-tex0" set="0" />
          <vcount>3 3 3 3 3 3 3 3 3 3 3 3 3 3 3 3 3 3 3 3 3 3 3 3 3 3 3 3 3 3 3 3 3 3 3 3 3 3 3 3 3 3 3 3 3 3 3 3 3 3 3 3 3 3 3 3 3 3 3 3 3 3 3 3 3 3 3 3 3 3 </vcount>
          <p>0 1 2 2 3 0 1 4 5 5 2 1 4 6 7 7 5 4 6 8 9 9 7 6 8 10 11 11 9 8 3 2 12 12 13 3 2 5 14 14 12 2 5 7 15 15 14 5 7 9 16 16 15 7 9 11 17 17 16 9 13 12 18 18 19 13 12 14 20 20 18 12 14 15 21 21 20 14 15 16 22 22 21 15 16 17 23 23 22 16 19 18 24 24 25 19 18 20 26 26 24 18 20 21 27 27 26 20 21 22 28 28 27 21 22 23 29 29 28 22 25 24 30 30 31 25 24 26 32 32 30 24 26 27 33 33 32 26 27 28 34 34 33 27 28 29 35 35 34 28 31 30 36 36 37 31 30 32 38 38 36 30 32 33 39 39 38 32 33 34 40 40 39 33 34 35 41 41 40 34 37 36 42 42 43 37 36 38 44 44 42 36 38 39 45 45 44 38 39 40 46 46 45 39 40 41 47 47 46 40 </p>
        </polylist>
      </mesh>
    </geometry>
    <geometry id="meshId5" name="meshId5_name" >
      <mesh>
        <source id="meshId5-positions" name="meshId5-positions">
          <float_array id="meshId5-positions-array" count="144"> 0.0516344 -0.00459131 -0.0325743 0.070471 -0.00124912 -0.0352951 0.070494 -0.000246677 -0.0626267 0.0521508 -0.00388068 -0.0621166 0.0924188 -0.00141812 -0.0344448 0.0924692 -0.000576277 -0.0626267 0.114194 -0.00196186 -0.0349088 0.114443 0.00272708 -0.0626267 0.136383 -0.00188103 -0.0357328 0.136418 0.00382085 -0.0626267 0.155019 -0.00328131 -0.0337699 0.156687 -0.00341462 -0.0630015 0.070494 0.000830298 -0.0928985 0.053591 -0.000674947 -0.0924314 0.0924692 0.00297165 -0.0928985 0.114443 0.00637262 -0.0928985 0.136418 0.00635373 -0.0928985 0.158392 -0.00127537 -0.0928985 0.070494 0.000415673 -0.123169 0.0543363 -0.00110637 -0.12326 0.0924692 0.00313015 -0.123169 0.114443 0.00496605 -0.123169 0.136418 0.00409061 -0.123169 0.159308 -0.000445067 -0.123135 0.070494 -0.00107173 -0.153441 0.0542964 -0.00277221 -0.153199 0.0924692 5.24741e-06 -0.153441 0.114443 0.000244575 -0.153441 0.136418 -0.000100771 -0.153441 0.159381 -0.00287298 -0.153374 0.070494 -0.00168159 -0.183712 0.0538597 -0.00205948 -0.183138 0.0924692 -0.0019776 -0.183712 0.114443 -0.00103499 -0.183712 0.136418 -0.00439922 -0.183712 0.159098 -0.00216235 -0.183699 0.070494 -4.19974e-06 -0.213983 0.0544654 -0.000837648 -0.214106 0.0924692 0.00209517 -0.213983 0.114443 -0.000425123 -0.213983 0.136418 -0.00459341 -0.213983 0.159758 -0.00263156 -0.213977 0.070494 -0.00152204 -0.244254 0.0548895 -0.00185374 -0.241153 0.0927211 0.00209097 -0.24421 0.114443 0.00165745 -0.244254 0.136418 -0.00575646 -0.244254 0.160284 -0.00320258 -0.242866 </float_array>
          <technique_common>
            <accessor count="48" offset="0" source="#meshId5-positions-array" stride="3">
              <param name="X" type="float" />
              <param name="Y" type="float" />
              <param name="Z" type="float" />
            </accessor>
          </technique_common>
        </source>
        <source id="meshId5-normals" name="meshId5-normals">
          <float_array id="meshId5-normals-array" count="144"> -0.179 0.9834 0.0298 -0.083 0.9959 0.0346 -0.0987 0.9941 0.0457 -0.1768 0.9835 0.0376 -0.0207 0.9974 0.0697 -0.0681 0.9949 0.0742 0.0052 0.984 0.1782 -0.0755 0.9901 0.1179 0.0949 0.9853 0.1423 0.1492 0.9791 0.1385 0.075 0.9972 -0.0003 0.289 0.9517 0.1038 -0.1042 0.9943 0.0239 -0.088 0.9951 0.0457 -0.107 0.9934 0.0409 -0.0716 0.9969 0.0317 0.1463 0.9889 0.0252 0.3293 0.9424 0.0584 -0.1003 0.9942 -0.0397 -0.0954 0.9949 -0.0335 -0.093 0.9939 -0.0592 -0.0311 0.9955 -0.0899 0.1054 0.9901 -0.0928 0.2221 0.9736 -0.0533 -0.0698 0.9967 -0.0423 -0.0918 0.9953 -0.0306 -0.0404 0.9966 -0.0725 0.0088 0.9944 -0.1054 0.048 0.9919 -0.1176 0.1354 0.9898 -0.0453 -0.0212 0.9991 0.0372 -0.0261 0.999 0.0368 -0.0053 0.9997 0.0239 0.0614 0.9979 -0.0185 0.015 0.9981 -0.0604 -0.0532 0.9975 -0.0457 -0.0778 0.9969 0.0072 -0.0484 0.9988 -0.0037 0.0104 0.9978 0.0649 0.149 0.9878 0.0454 0.046 0.9988 -0.0161 -0.0867 0.9961 -0.0162 -0.1026 0.9937 -0.0462 -0.0288 0.9989 -0.038 -0.0569 0.9983 -0.0149 0.1892 0.9808 0.0465 0.0857 0.9963 -0.0069 -0.0956 0.9949 -0.0311 </float_array>
          <technique_common>
            <accessor count="48" offset="0" source="#meshId5-normals-array" stride="3">
              <param name="X" type="float" />
              <param name="Y" type="float" />
              <param name="Z" type="float" />
            </accessor>
          </technique_common>
        </source>
        <source id="meshId5-tangents" name="meshId5-tangents">
          <float_array id="meshId5-tangents-array" count="144"> 0.983354 0.177866 0.0371371 0.996058 0.081823 0.034256 0.994691 0.0972051 0.0337928 0.983768 0.1754 0.0378862 0.999143 0.018137 0.0371941 0.997144 0.0654417 0.037703 0.999329 -0.0115749 0.0347544 0.996559 0.070876 0.0429676 0.994988 -0.0984 0.0177741 0.987931 -0.153489 0.0208102 0.997166 -0.0749957 0.00595079 0.956978 -0.290128 -0.00435447 0.994135 0.103423 0.0316199 0.995749 0.0866189 0.0313227 0.993918 0.105797 0.0305747 0.996951 0.0705436 0.0333377 0.988634 -0.147057 0.0312506 0.94354 -0.330791 0.0176291 0.994452 0.101438 0.0278585 0.994917 0.0963838 0.0291693 0.995182 0.0946449 0.0256027 0.999064 0.0336648 0.0271685 0.994125 -0.102596 0.034491 0.974703 -0.22028 0.0378361 0.997023 0.0710897 0.0298564 0.995272 0.0926899 0.0290297 0.998657 0.0426263 0.0294567 0.999582 -0.00584299 0.0283307 0.998574 -0.0448965 0.0289 0.990388 -0.133892 0.0347059 0.999239 0.0199553 0.033509 0.999064 0.0247956 0.0354544 0.999513 0.00456129 0.0308577 0.99763 -0.0607856 0.0322443 0.999583 -0.0134763 0.0255465 0.998314 0.0541958 0.0207888 0.996296 0.0774836 0.037288 0.998161 0.0485037 0.0363491 0.999403 -0.012511 0.0321983 0.988303 -0.150271 0.0260041 0.998693 -0.0456233 0.02306 0.996067 0.0869726 0.0169375 0.993894 0.104294 0.0360109 0.998943 0.0301223 0.0347277 0.997648 0.0574215 0.037432 0.981325 -0.190549 0.0263143 0.996135 -0.085548 0.019901 0.995235 0.096141 0.0162767 </float_array>
          <technique_common>
            <accessor count="48" offset="0" source="#meshId5-tangents-array" stride="3">
              <param name="X" type="float" />
              <param name="Y" type="float" />
              <param name="Z" type="float" />
            </accessor>
          </technique_common>
        </source>
        <source id="meshId5-bitangents" name="meshId5-bitangents">
          <float_array id="meshId5-bitangents-array" count="144"> 0.0312202 0.0359515 -0.998868 0.0312845 0.0373069 -0.998765 0.0291511 0.0487927 -0.998416 0.0306661 0.043688 -0.998547 0.0358333 0.0704102 -0.996921 0.0326549 0.0765556 -0.996515 0.036261 0.1779 -0.9834 0.034186 0.120738 -0.992044 0.0315151 0.1399 -0.9897 0.0416336 0.133724 -0.990184 0.00591162 -0.000745459 -0.999999 0.0259711 0.100593 -0.994603 0.0289678 0.0270546 -0.999245 0.0272107 0.0482621 -0.998492 0.0260458 0.0439227 -0.998678 0.0309982 0.0339903 -0.998912 0.0346096 0.0203416 -0.999175 0.0359318 0.0492974 -0.998121 0.031724 -0.0366855 -0.998858 0.0322494 -0.030547 -0.999038 0.0310495 -0.0565337 -0.997913 0.0300727 -0.0889709 -0.995615 0.0246287 -0.0958902 -0.995097 0.0250963 -0.060355 -0.997895 0.032765 -0.0400901 -0.998695 0.0317296 -0.0277904 -0.999103 0.0324469 -0.0712126 -0.996983 0.0275562 -0.105605 -0.994035 0.0233861 -0.118819 -0.99264 0.0282866 -0.0495638 -0.998415 0.0327365 0.0378821 -0.998763 0.0345064 0.0376909 -0.998712 0.0307394 0.0240519 -0.999238 0.0310521 -0.020436 -0.999267 0.0246839 -0.060758 -0.997886 0.0232136 -0.044517 -0.998701 0.0366146 0.0100743 -0.999236 0.0364849 -0.0019339 -0.999311 0.0329395 0.0645264 -0.997335 0.0325092 0.0409943 -0.998636 0.0222978 -0.0171397 -0.999593 0.0182804 -0.0146678 -0.999723 0.0406025 -0.0422232 -0.998333 0.0358341 -0.0369597 -0.998712 0.0382239 -0.0127351 -0.999219 0.0346696 0.0406529 -0.998535 0.0192371 -0.00857885 -0.999781 0.0191836 -0.0293957 -0.99935 </float_array>
          <technique_common>
            <accessor count="48" offset="0" source="#meshId5-bitangents-array" stride="3">
              <param name="X" type="float" />
              <param name="Y" type="float" />
              <param name="Z" type="float" />
            </accessor>
          </technique_common>
        </source>
        <source id="meshId5-tex0" name="meshId5-tex0">
          <float_array id="meshId5-tex0-array" count="96"> 0.2922 0.71 0.3168 0.7144 0.3157 0.7497 0.2916 0.7481 0.3451 0.7143 0.3439 0.7505 0.3732 0.7158 0.3724 0.7519 0.4018 0.7179 0.4003 0.7531 0.426 0.7155 0.428 0.7534 0.3146 0.7888 0.2927 0.7875 0.343 0.7897 0.3713 0.7906 0.3991 0.7915 0.4288 0.7922 0.3134 0.8278 0.2925 0.8273 0.3419 0.8285 0.3702 0.8292 0.3984 0.83 0.4283 0.8312 0.3122 0.8669 0.2912 0.866 0.3406 0.8678 0.369 0.8686 0.3975 0.8694 0.4274 0.8703 0.311 0.9061 0.2895 0.9046 0.3394 0.907 0.3679 0.9079 0.3966 0.9089 0.4259 0.9094 0.3097 0.9453 0.289 0.9447 0.3381 0.9464 0.3667 0.9471 0.3956 0.9479 0.4259 0.9484 0.3081 0.9843 0.2881 0.9796 0.3371 0.9853 0.3651 0.9864 0.3949 0.987 0.4259 0.9857 </float_array>
          <technique_common>
            <accessor count="48" offset="0" source="#meshId5-tex0-array" stride="2">
              <param name="S" type="float" />
              <param name="T" type="float" />
            </accessor>
          </technique_common>
        </source>
        <vertices id="meshId5-vertices">
          <input semantic="POSITION" source="#meshId5-positions" />
        </vertices>
        <polylist count="70" material="defaultMaterial">
          <input offset="0" semantic="VERTEX" source="#meshId5-vertices" />
          <input offset="0" semantic="NORMAL" source="#meshId5-normals" />
          <input offset="0" semantic="TANGENT" source="#meshId5-tangents" />
          <input offset="0" semantic="BINORMAL" source="#meshId5-bitangents" />
          <input offset="0" semantic="TEXCOORD" source="#meshId5-tex0" set="0" />
          <vcount>3 3 3 3 3 3 3 3 3 3 3 3 3 3 3 3 3 3 3 3 3 3 3 3 3 3 3 3 3 3 3 3 3 3 3 3 3 3 3 3 3 3 3 3 3 3 3 3 3 3 3 3 3 3 3 3 3 3 3 3 3 3 3 3 3 3 3 3 3 3 </vcount>
          <p>0 1 2 2 3 0 1 4 5 5 2 1 4 6 7 7 5 4 6 8 9 9 7 6 8 10 11 11 9 8 3 2 12 12 13 3 2 5 14 14 12 2 5 7 15 15 14 5 7 9 16 16 15 7 9 11 17 17 16 9 13 12 18 18 19 13 12 14 20 20 18 12 14 15 21 21 20 14 15 16 22 22 21 15 16 17 23 23 22 16 19 18 24 24 25 19 18 20 26 26 24 18 20 21 27 27 26 20 21 22 28 28 27 21 22 23 29 29 28 22 25 24 30 30 31 25 24 26 32 32 30 24 26 27 33 33 32 26 27 28 34 34 33 27 28 29 35 35 34 28 31 30 36 36 37 31 30 32 38 38 36 30 32 33 39 39 38 32 33 34 40 40 39 33 34 35 41 41 40 34 37 36 42 42 43 37 36 38 44 44 42 36 38 39 45 45 44 38 39 40 46 46 45 39 40 41 47 47 46 40 </p>
        </polylist>
      </mesh>
    </geometry>
    <geometry id="meshId6" name="meshId6_name" >
      <mesh>
        <source id="meshId6-positions" name="meshId6-positions">
          <float_array id="meshId6-positions-array" count="144"> 0.260963 -0.000342198 -0.0264756 0.286897 -0.00152204 -0.0288406 0.286897 -0.00407382 -0.0591113 0.260637 -0.00407382 -0.0592278 0.306984 -0.00223268 -0.0342286 0.308872 -0.00132365 -0.0591113 0.330858 -0.00263261 -0.035188 0.330847 -0.000448216 -0.0591113 0.352821 -0.00152204 -0.0365337 0.352821 -0.00100875 -0.0591113 0.36582 -0.00390587 -0.0392051 0.365773 -0.00375787 -0.0599332 0.286897 -0.00102764 -0.0893831 0.26109 -0.00315955 -0.0892561 0.308872 -0.00220643 -0.0893831 0.330847 0.00250454 -0.0893831 0.352821 0.00271133 -0.0893831 0.364791 -0.00119349 -0.0887785 0.286897 -0.00391217 -0.119654 0.264144 -0.00737088 -0.119598 0.308872 0.000566828 -0.119654 0.330847 0.00264835 -0.119654 0.352821 0.00477501 -0.119654 0.36731 0.00285619 -0.120081 0.286897 -0.00374107 -0.149926 0.264923 -0.00672742 -0.149926 0.308872 0.0013142 -0.149926 0.330847 0.000425121 -0.149926 0.352821 0.00147061 -0.149926 0.370321 0.00342197 -0.150579 0.286897 0.000627709 -0.180196 0.266319 -0.00307662 -0.179574 0.308872 0.000418822 -0.180196 0.330847 -0.000750524 -0.180196 0.352821 0.000395729 -0.180196 0.371292 -0.00243212 -0.18025 0.286897 0.00100979 -0.210468 0.267532 -0.00330545 -0.210226 0.308872 0.000880683 -0.210468 0.330847 -2.3094e-05 -0.210468 0.352821 0.000214134 -0.210468 0.371298 -0.00491462 -0.20936 0.287402 -0.000584675 -0.239054 0.268337 -0.0019776 -0.236352 0.308872 -0.00218229 -0.243145 0.330848 -0.00128271 -0.245046 0.352791 -0.000777816 -0.245913 0.371697 -0.00618053 -0.248686 </float_array>
          <technique_common>
            <accessor count="48" offset="0" source="#meshId6-positions-array" stride="3">
              <param name="X" type="float" />
              <param name="Y" type="float" />
              <param name="Z" type="float" />
            </accessor>
          </technique_common>
        </source>
        <source id="meshId6-normals" name="meshId6-normals">
          <float_array id="meshId6-normals-array" count="144"> 0.0207 0.995 -0.0973 0.0053 0.9984 -0.0557 -0.0404 0.9991 -0.0155 -0.0185 0.9996 -0.0224 0.0226 0.9985 0.0503 -0.0834 0.9965 0.0041 0.0045 0.9972 0.0742 -0.0033 0.9959 0.0904 0.0615 0.9979 0.0182 0.1161 0.9906 0.0729 0.1817 0.9833 0.0066 0.206 0.9773 0.0489 -0.0309 0.9993 0.021 -0.0959 0.9945 -0.0418 -0.0847 0.9957 0.0379 -0.1016 0.9939 0.0418 0.139 0.9847 0.1053 0.2897 0.9488 0.1258 -0.1698 0.9842 -0.0493 -0.147 0.9864 -0.0731 -0.1088 0.9939 0.0155 -0.1022 0.9944 -0.0266 0.0068 1 -0.0061 0.1528 0.9866 0.0578 -0.1581 0.9861 0.0504 -0.1416 0.9873 0.0725 -0.0887 0.996 -0.0066 -0.0175 0.999 -0.0408 -0.063 0.9937 -0.0927 -0.0818 0.9873 -0.1361 -0.0793 0.9942 0.0731 -0.1822 0.9814 0.0601 0.0063 0.9998 0.0202 0.0034 0.9999 -0.0105 0.0612 0.9976 -0.0336 0.1074 0.9904 -0.0872 -0.0978 0.9947 -0.0327 -0.1906 0.9815 -0.017 0.0158 0.9994 -0.0304 0.0152 0.9999 -0.0061 0.1261 0.9919 -0.0127 0.2476 0.9684 -0.0308 -0.0225 0.9993 -0.0289 -0.0659 0.9966 0.0486 -0.0089 0.9965 -0.0833 -0.0197 0.9984 -0.0533 0.1354 0.9903 -0.0304 0.2703 0.9624 -0.0275 </float_array>
          <technique_common>
            <accessor count="48" offset="0" source="#meshId6-normals-array" stride="3">
              <param name="X" type="float" />
              <param name="Y" type="float" />
              <param name="Z" type="float" />
            </accessor>
          </technique_common>
        </source>
        <source id="meshId6-tangents" name="meshId6-tangents">
          <float_array id="meshId6-tangents-array" count="144"> 0.999254 -0.0174185 0.034462 0.99935 -0.00330199 0.0359037 0.998627 0.0408889 0.0327455 0.999315 0.0192037 0.0316379 0.999265 -0.0241185 0.0298 0.995992 0.0832227 0.0327609 0.999666 -0.00637455 0.0250432 0.999664 0.000960714 0.0259084 0.997877 -0.0618699 0.0203589 0.992936 -0.117556 0.0160626 0.98322 -0.181787 0.0151958 0.978363 -0.206688 0.00928224 0.999122 0.0302861 0.0289493 0.994718 0.0972961 0.0327153 0.995964 0.0834658 0.033013 0.994453 0.100328 0.0315878 0.989872 -0.141249 0.0142053 0.956403 -0.292049 0.000210135 0.984829 0.171298 0.0277398 0.988418 0.14931 0.0271172 0.993773 0.108383 0.025863 0.994354 0.10289 0.0259718 0.999664 -0.0066448 0.0250643 0.987658 -0.154478 0.0258433 0.987208 0.156803 0.0288574 0.989813 0.140098 0.0253624 0.99562 0.0888588 0.0290791 0.999543 0.0184865 0.0239207 0.997621 0.0653074 0.0220692 0.996125 0.0854187 0.0209468 0.996625 0.0775034 0.0270658 0.983102 0.180734 0.0290911 0.999589 -0.00686129 0.0278468 0.999608 -0.00310673 0.0278335 0.997656 -0.0601013 0.032722 0.993876 -0.104654 0.035473 0.994703 0.0987393 0.0285622 0.981227 0.191008 0.0266342 0.999464 -0.0149142 0.0291549 0.999449 -0.0150126 0.029601 0.991522 -0.125627 0.0331847 0.968431 -0.246407 0.0377618 0.999262 0.0233805 0.030475 0.997587 0.0647426 0.0250715 0.999527 0.0113184 0.0286077 0.999382 0.0212164 0.0280414 0.990377 -0.134397 0.0330122 0.962362 -0.26923 0.0370734 </float_array>
          <technique_common>
            <accessor count="48" offset="0" source="#meshId6-tangents-array" stride="3">
              <param name="X" type="float" />
              <param name="Y" type="float" />
              <param name="Z" type="float" />
            </accessor>
          </technique_common>
        </source>
        <source id="meshId6-bitangents" name="meshId6-bitangents">
          <float_array id="meshId6-bitangents-array" count="144"> 0.0325949 -0.0979408 -0.994619 0.0356623 -0.0558541 -0.997768 0.0333498 -0.0141558 -0.99938 0.0320554 -0.0217994 -0.99927 0.0309685 0.0495895 -0.998311 0.0323051 0.00681583 -0.999447 0.025446 0.0740625 -0.996896 0.0257153 0.0904551 -0.995568 0.0214422 0.0169093 -0.999586 0.0244814 0.0705202 -0.997251 0.0161418 0.00372818 -0.999831 0.0191786 0.0459298 -0.998732 0.028293 0.0218761 -0.999358 0.0366023 -0.0384418 -0.998577 0.0297077 0.0405432 -0.998751 0.0272014 0.0447774 -0.99858 0.0288615 0.102259 -0.994361 0.0369392 0.120255 -0.992042 0.0357465 -0.0438418 -0.998355 0.037663 -0.0682672 -0.996925 0.0240253 0.0182174 -0.999503 0.0285632 -0.0237955 -0.999301 0.0250237 -0.00626839 -0.999709 0.0344258 0.0531378 -0.998028 0.0205534 0.0543176 -0.998277 0.0148832 0.0753527 -0.99708 0.0295493 -0.00399177 -0.999519 0.0246511 -0.0403627 -0.998867 0.0279842 -0.0910891 -0.99545 0.0323063 -0.133859 -0.990461 0.0212433 0.0749996 -0.99699 0.0176879 0.0643848 -0.997746 0.0279799 0.0200163 -0.999432 0.0277981 -0.0105905 -0.999518 0.030624 -0.0355238 -0.99894 0.0260066 -0.0904758 -0.995574 0.0316396 -0.0297334 -0.999088 0.0293886 -0.0116044 -0.999481 0.028684 -0.0308443 -0.9991 0.0295064 -0.00654657 -0.999577 0.0313205 -0.0167769 -0.999333 0.0289792 -0.0391775 -0.998838 0.0311294 -0.028193 -0.999089 0.0218398 0.0501349 -0.998462 0.0294504 -0.083006 -0.996129 0.0291273 -0.0527146 -0.998201 0.0286063 -0.0345773 -0.998968 0.0282756 -0.0364859 -0.99895 </float_array>
          <technique_common>
            <accessor count="48" offset="0" source="#meshId6-bitangents-array" stride="3">
              <param name="X" type="float" />
              <param name="Y" type="float" />
              <param name="Z" type="float" />
            </accessor>
          </technique_common>
        </source>
        <source id="meshId6-tex0" name="meshId6-tex0">
          <float_array id="meshId6-tex0-array" count="96"> 0.0027 0.2833 0.036 0.2876 0.0348 0.3266 0.001 0.3257 0.0617 0.2954 0.0633 0.3276 0.0924 0.2974 0.0917 0.3284 0.1207 0.2999 0.1201 0.3291 0.1376 0.3036 0.1372 0.3303 0.0338 0.3657 0.0005 0.3644 0.0621 0.3664 0.0908 0.3676 0.1189 0.3683 0.1351 0.3675 0.0322 0.4049 0.0026 0.404 0.0612 0.4056 0.0897 0.4064 0.118 0.407 0.1367 0.4081 0.0312 0.4438 0.0027 0.4431 0.0602 0.4448 0.0886 0.4455 0.117 0.4461 0.1397 0.4474 0.031 0.4831 0.0042 0.4815 0.0593 0.4838 0.0877 0.4846 0.1161 0.4854 0.1403 0.4864 0.03 0.522 0.0045 0.521 0.0582 0.5228 0.0865 0.5237 0.1148 0.5245 0.1395 0.524 0.0295 0.5588 0.005 0.5547 0.057 0.565 0.0852 0.5682 0.1134 0.5701 0.1386 0.5746 </float_array>
          <technique_common>
            <accessor count="48" offset="0" source="#meshId6-tex0-array" stride="2">
              <param name="S" type="float" />
              <param name="T" type="float" />
            </accessor>
          </technique_common>
        </source>
        <vertices id="meshId6-vertices">
          <input semantic="POSITION" source="#meshId6-positions" />
        </vertices>
        <polylist count="70" material="defaultMaterial">
          <input offset="0" semantic="VERTEX" source="#meshId6-vertices" />
          <input offset="0" semantic="NORMAL" source="#meshId6-normals" />
          <input offset="0" semantic="TANGENT" source="#meshId6-tangents" />
          <input offset="0" semantic="BINORMAL" source="#meshId6-bitangents" />
          <input offset="0" semantic="TEXCOORD" source="#meshId6-tex0" set="0" />
          <vcount>3 3 3 3 3 3 3 3 3 3 3 3 3 3 3 3 3 3 3 3 3 3 3 3 3 3 3 3 3 3 3 3 3 3 3 3 3 3 3 3 3 3 3 3 3 3 3 3 3 3 3 3 3 3 3 3 3 3 3 3 3 3 3 3 3 3 3 3 3 3 </vcount>
          <p>0 1 2 2 3 0 1 4 5 5 2 1 4 6 7 7 5 4 6 8 9 9 7 6 8 10 11 11 9 8 3 2 12 12 13 3 2 5 14 14 12 2 5 7 15 15 14 5 7 9 16 16 15 7 9 11 17 17 16 9 13 12 18 18 19 13 12 14 20 20 18 12 14 15 21 21 20 14 15 16 22 22 21 15 16 17 23 23 22 16 19 18 24 24 25 19 18 20 26 26 24 18 20 21 27 27 26 20 21 22 28 28 27 21 22 23 29 29 28 22 25 24 30 30 31 25 24 26 32 32 30 24 26 27 33 33 32 26 27 28 34 34 33 27 28 29 35 35 34 28 31 30 36 36 37 31 30 32 38 38 36 30 32 33 39 39 38 32 33 34 40 40 39 33 34 35 41 41 40 34 37 36 42 42 43 37 36 38 44 44 42 36 38 39 45 45 44 38 39 40 46 46 45 39 40 41 47 47 46 40 </p>
        </polylist>
      </mesh>
    </geometry>
    <geometry id="meshId7" name="meshId7_name" >
      <mesh>
        <source id="meshId7-positions" name="meshId7-positions">
          <float_array id="meshId7-positions-array" count="144"> 0.474221 0.0043058 -0.0301915 0.493334 0.00566094 -0.031046 0.49343 0.00036214 -0.0640018 0.47276 -0.00141707 -0.063922 0.515403 0.00319523 -0.0329123 0.515405 0.00269349 -0.0640018 0.537979 -0.000107069 -0.0347587 0.53738 -0.00149895 -0.0640018 0.55981 0.00059307 -0.0350442 0.559354 -0.000519594 -0.0640018 0.578521 -0.0033233 -0.0362702 0.577589 -0.000416725 -0.0639997 0.49343 -0.00225052 -0.0942726 0.472427 -0.00357522 -0.0941456 0.515405 -0.00111686 -0.0942726 0.53738 -0.00358677 -0.0942726 0.559354 -0.00142967 -0.0942726 0.577195 -1.25972e-05 -0.0940889 0.49343 -0.000695941 -0.124544 0.473388 -0.00417354 -0.124226 0.515405 -0.00172358 -0.124544 0.53738 -0.00125542 -0.124544 0.559354 0.00109272 -0.124544 0.578033 0.000329599 -0.124083 0.49343 -0.00143282 -0.154815 0.4746 -0.00444331 -0.154608 0.515405 -0.00276277 -0.154815 0.53738 -7.34789e-05 -0.154815 0.559354 0.00250664 -0.154815 0.579294 0.00171623 -0.154916 0.49343 -0.00261476 -0.185087 0.475215 -0.00413575 -0.185788 0.515405 -0.00324037 -0.185087 0.53738 -0.00102449 -0.185087 0.559354 0.000486002 -0.185087 0.580444 -0.00232295 -0.184957 0.49343 -0.00236284 -0.215358 0.475607 -0.00433834 -0.215694 0.515405 -0.00370958 -0.215358 0.53738 -0.00244576 -0.215358 0.559354 -0.00327291 -0.215358 0.581102 -0.00536178 -0.215342 0.493436 -0.00227676 -0.240598 0.477352 -0.00390902 -0.240377 0.514434 -0.00499649 -0.240926 0.537288 -0.00416724 -0.243727 0.559485 -0.00411161 -0.244839 0.581231 -0.00443491 -0.245616 </float_array>
          <technique_common>
            <accessor count="48" offset="0" source="#meshId7-positions-array" stride="3">
              <param name="X" type="float" />
              <param name="Y" type="float" />
              <param name="Z" type="float" />
            </accessor>
          </technique_common>
        </source>
        <source id="meshId7-normals" name="meshId7-normals">
          <float_array id="meshId7-normals-array" count="144"> -0.0798 0.9839 -0.1601 -0.0283 0.9926 -0.1179 -0.089 0.9877 -0.1287 -0.0812 0.9894 -0.1207 0.1336 0.9907 -0.0253 0.0541 0.9949 -0.0847 0.0534 0.9975 -0.0459 0.0625 0.9969 -0.0477 0.0481 0.9988 0.0034 -0.0302 0.9991 -0.0282 0.2099 0.9731 0.0949 0.0351 0.9993 0.0123 -0.0496 0.9984 -0.0255 -0.0834 0.9962 -0.0244 0.0115 0.9986 -0.0523 0.0138 0.9999 -0.0034 -0.0727 0.9973 0.0089 -0.0665 0.9978 -0.003 -0.0507 0.9987 0.0003 -0.169 0.9853 -0.023 -0.0072 1 -0.0055 -0.0515 0.9977 0.0445 -0.0326 0.9974 0.0637 0.0193 0.9984 0.0523 -0.0536 0.9982 -0.0267 -0.1455 0.9892 -0.0186 -0.0299 0.9992 -0.0259 -0.1043 0.9945 -0.0124 -0.0285 0.9994 -0.021 0.0393 0.9982 -0.0454 -0.031 0.9995 -0.0113 -0.0881 0.9961 0.0054 -0.0285 0.9993 -0.0238 -0.076 0.9959 -0.0483 0.0235 0.9961 -0.0856 0.1152 0.989 -0.0933 -0.0148 0.9999 -0.0047 -0.1084 0.9941 -0.0013 -0.0004 0.9995 -0.0312 -0.0186 0.9988 -0.0442 0.048 0.9973 -0.0555 0.1027 0.9939 -0.0401 0.0132 0.9999 0.0055 -0.1008 0.9949 0.0102 0.0265 0.999 -0.0357 -0.0262 0.998 -0.0574 0.0133 0.9992 -0.0374 0.0472 0.9989 -0.0042 </float_array>
          <technique_common>
            <accessor count="48" offset="0" source="#meshId7-normals-array" stride="3">
              <param name="X" type="float" />
              <param name="Y" type="float" />
              <param name="Z" type="float" />
            </accessor>
          </technique_common>
        </source>
        <source id="meshId7-tangents" name="meshId7-tangents">
          <float_array id="meshId7-tangents-array" count="144"> 0.996482 0.0828636 0.0125561 0.999327 0.0308466 0.0198252 0.995692 0.0915971 0.0144042 0.996369 0.0836847 0.0156796 0.990489 -0.132637 0.036593 0.998269 -0.0519337 0.0275977 0.998303 -0.0522606 0.0256965 0.997691 -0.0611346 0.029572 0.99858 -0.0481669 0.0227726 0.999218 0.0309 0.0246731 0.976723 -0.213084 0.0246309 0.998951 -0.0354448 0.029006 0.998566 0.0500909 0.0188998 0.996267 0.0839029 0.020302 0.999709 -0.0103724 0.0217744 0.999518 -0.0137001 0.0278432 0.997097 0.0724769 0.0233384 0.997484 0.0665524 0.02441 0.99843 0.0506791 0.0238658 0.985271 0.169519 0.0224554 0.999727 0.00732019 0.0222105 0.998414 0.0504204 0.0250311 0.999215 0.0310905 0.0245642 0.99957 -0.0204244 0.0210324 0.998217 0.0542662 0.0248733 0.989063 0.145888 0.0216973 0.999227 0.0305424 0.02475 0.994265 0.104556 0.0224878 0.999212 0.0290629 0.0270437 0.998957 -0.0381912 0.025034 0.999236 0.0312571 0.0234648 0.995888 0.0879638 0.0216645 0.999271 0.0290877 0.0247085 0.996746 0.0771908 0.0232221 0.999323 -0.0209776 0.0302367 0.993011 -0.112218 0.0365593 0.99956 0.0149154 0.0256266 0.993833 0.108401 0.023365 0.999698 0.00116657 0.0245546 0.999496 0.0197148 0.0248996 0.998442 -0.0463239 0.0311055 0.994183 -0.101247 0.0367331 0.999559 -0.0133413 0.0265131 0.994627 0.100518 0.02477 0.999336 -0.0255815 0.0259517 0.999313 0.0276542 0.0246855 0.999482 -0.0121891 0.0297805 0.998321 -0.0470304 0.0338214 </float_array>
          <technique_common>
            <accessor count="48" offset="0" source="#meshId7-tangents-array" stride="3">
              <param name="X" type="float" />
              <param name="Y" type="float" />
              <param name="Z" type="float" />
            </accessor>
          </technique_common>
        </source>
        <source id="meshId7-bitangents" name="meshId7-bitangents">
          <float_array id="meshId7-bitangents-array" count="144"> 0.0256204 -0.158535 -0.987051 0.0233153 -0.11726 -0.992805 0.0260156 -0.126864 -0.991597 0.0256141 -0.118989 -0.992603 0.0328969 -0.0299482 -0.998998 0.0230581 -0.0860464 -0.995988 0.0232335 -0.0471943 -0.998598 0.0265642 -0.0494381 -0.998419 0.022909 0.00229981 -0.999698 0.0255222 -0.0274328 -0.999252 0.0441899 0.087521 -0.995176 0.0294217 0.011269 -0.999496 0.0201469 -0.024526 -0.999453 0.0222721 -0.0226157 -0.999479 0.0212014 -0.0525352 -0.998429 0.0277938 -0.0037826 -0.999608 0.0226303 0.0105709 -0.999674 0.0245559 -0.00136919 -0.999716 0.0238196 0.00150952 -0.999701 0.0260243 -0.0188663 -0.999436 0.0222508 -0.00533858 -0.999779 0.0227299 0.0457185 -0.998715 0.0225198 0.0644508 -0.99763 0.0220669 0.0518716 -0.998365 0.0262774 -0.0253192 -0.999328 0.0241764 -0.0152396 -0.999608 0.0255212 -0.02514 -0.999341 0.0236606 -0.00998341 -0.999701 0.0276378 -0.0202127 -0.99944 0.0232551 -0.0463365 -0.99866 0.0238062 -0.010564 -0.999705 0.021105 0.00728643 -0.999754 0.0253835 -0.0230785 -0.999401 0.0268553 -0.0463779 -0.998526 0.0283231 -0.0862526 -0.995918 0.0256871 -0.0968595 -0.995015 0.0256941 -0.00431866 -0.999681 0.0233681 0.00124079 -0.99972 0.0245787 -0.0311807 -0.999198 0.0257411 -0.0437146 -0.998663 0.0284505 -0.0569066 -0.99797 0.032449 -0.0436392 -0.998516 0.0265839 0.0051476 -0.999636 0.0236184 0.012642 -0.999686 0.0250125 -0.036364 -0.999014 0.0262235 -0.0567138 -0.998039 0.0293008 -0.0377767 -0.998845 0.0335867 -0.00578932 -0.999443 </float_array>
          <technique_common>
            <accessor count="48" offset="0" source="#meshId7-bitangents-array" stride="3">
              <param name="X" type="float" />
              <param name="Y" type="float" />
              <param name="Z" type="float" />
            </accessor>
          </technique_common>
        </source>
        <source id="meshId7-tex0" name="meshId7-tex0">
          <float_array id="meshId7-tex0-array" count="96"> 0.1582 0.571 0.1828 0.5724 0.1819 0.6154 0.1552 0.6149 0.2112 0.5759 0.2103 0.6158 0.2406 0.5792 0.239 0.6169 0.2687 0.5801 0.2674 0.6175 0.2933 0.5823 0.2909 0.6182 0.181 0.6546 0.1539 0.6539 0.2095 0.6551 0.238 0.6559 0.2664 0.6566 0.2894 0.6569 0.1804 0.6936 0.1543 0.6926 0.2087 0.6943 0.237 0.6949 0.2655 0.6957 0.2896 0.6956 0.1795 0.7325 0.1549 0.7317 0.2078 0.7333 0.2362 0.7339 0.2646 0.7346 0.2902 0.7354 0.1785 0.7715 0.1549 0.7719 0.2068 0.7722 0.2352 0.7729 0.2636 0.7735 0.2909 0.7744 0.1775 0.8105 0.1544 0.8104 0.2058 0.8113 0.2342 0.8119 0.2626 0.8127 0.2907 0.8137 0.1766 0.843 0.1558 0.8422 0.2038 0.8442 0.2331 0.8485 0.2616 0.8507 0.2896 0.8526 </float_array>
          <technique_common>
            <accessor count="48" offset="0" source="#meshId7-tex0-array" stride="2">
              <param name="S" type="float" />
              <param name="T" type="float" />
            </accessor>
          </technique_common>
        </source>
        <vertices id="meshId7-vertices">
          <input semantic="POSITION" source="#meshId7-positions" />
        </vertices>
        <polylist count="70" material="defaultMaterial">
          <input offset="0" semantic="VERTEX" source="#meshId7-vertices" />
          <input offset="0" semantic="NORMAL" source="#meshId7-normals" />
          <input offset="0" semantic="TANGENT" source="#meshId7-tangents" />
          <input offset="0" semantic="BINORMAL" source="#meshId7-bitangents" />
          <input offset="0" semantic="TEXCOORD" source="#meshId7-tex0" set="0" />
          <vcount>3 3 3 3 3 3 3 3 3 3 3 3 3 3 3 3 3 3 3 3 3 3 3 3 3 3 3 3 3 3 3 3 3 3 3 3 3 3 3 3 3 3 3 3 3 3 3 3 3 3 3 3 3 3 3 3 3 3 3 3 3 3 3 3 3 3 3 3 3 3 </vcount>
          <p>0 1 2 2 3 0 1 4 5 5 2 1 4 6 7 7 5 4 6 8 9 9 7 6 8 10 11 11 9 8 3 2 12 12 13 3 2 5 14 14 12 2 5 7 15 15 14 5 7 9 16 16 15 7 9 11 17 17 16 9 13 12 18 18 19 13 12 14 20 20 18 12 14 15 21 21 20 14 15 16 22 22 21 15 16 17 23 23 22 16 19 18 24 24 25 19 18 20 26 26 24 18 20 21 27 27 26 20 21 22 28 28 27 21 22 23 29 29 28 22 25 24 30 30 31 25 24 26 32 32 30 24 26 27 33 33 32 26 27 28 34 34 33 27 28 29 35 35 34 28 31 30 36 36 37 31 30 32 38 38 36 30 32 33 39 39 38 32 33 34 40 40 39 33 34 35 41 41 40 34 37 36 42 42 43 37 36 38 44 44 42 36 38 39 45 45 44 38 39 40 46 46 45 39 40 41 47 47 46 40 </p>
        </polylist>
      </mesh>
    </geometry>
    <geometry id="meshId8" name="meshId8_name" >
      <mesh>
        <source id="meshId8-positions" name="meshId8-positions">
          <float_array id="meshId8-positions-array" count="144"> 0.686946 -0.00408117 -0.0380967 0.70704 -0.00152204 -0.0378248 0.70704 -0.00726591 -0.0640364 0.685445 -0.00654792 -0.0639283 0.729399 -0.00329076 -0.0343199 0.729015 -0.00655527 -0.0640364 0.750989 -0.00538173 -0.0315823 0.750989 -0.00767213 -0.0640364 0.772964 -0.00522427 -0.0308885 0.772964 -0.00577221 -0.0640364 0.790009 -0.00100035 -0.0344711 0.791147 -0.00369594 -0.0644605 0.70704 -0.00747899 -0.0943072 0.685827 -0.00473932 -0.0945896 0.729015 -0.00586353 -0.0943072 0.750989 -0.00795555 -0.0943072 0.772964 -0.00525366 -0.0943072 0.791695 -0.00558851 -0.0940973 0.70704 0.000238277 -0.124579 0.685066 0.00145486 -0.124579 0.729015 -0.000993001 -0.124579 0.750989 -0.003 -0.124579 0.772964 -0.00455773 -0.124579 0.789653 -0.00312911 -0.123993 0.70704 0.00511091 -0.15485 0.685066 0.00509726 -0.15485 0.729015 0.00354163 -0.15485 0.750989 0.00209622 -0.15485 0.772964 -0.00348705 -0.15485 0.788583 -0.00206368 -0.155107 0.70704 0.00419033 -0.185121 0.68459 0.00266095 -0.185087 0.729015 0.00612175 -0.185121 0.750989 0.00166585 -0.185121 0.772964 -0.00450104 -0.185121 0.788359 -0.00456192 -0.185006 0.70704 0.00272288 -0.215392 0.685066 0.000184743 -0.215392 0.729015 0.00255178 -0.215392 0.750989 -0.00271973 -0.215392 0.772964 -0.0041473 -0.215392 0.788266 -0.00451049 -0.215158 0.707008 -0.00252449 -0.247481 0.685216 -0.00345661 -0.249527 0.728513 -0.00104758 -0.244779 0.751076 -0.00253918 -0.241661 0.773679 -0.00313645 -0.240761 0.788655 -0.00422078 -0.242813 </float_array>
          <technique_common>
            <accessor count="48" offset="0" source="#meshId8-positions-array" stride="3">
              <param name="X" type="float" />
              <param name="Y" type="float" />
              <param name="Z" type="float" />
            </accessor>
          </technique_common>
        </source>
        <source id="meshId8-normals" name="meshId8-normals">
          <float_array id="meshId8-normals-array" count="144"> -0.0552 0.985 -0.1636 -0.0337 0.9828 -0.1814 -0.0199 0.9958 -0.0892 0.0516 0.9979 -0.0382 0.0895 0.9913 -0.0963 0.0279 0.9976 -0.0634 0.031 0.9981 -0.0526 -0.0159 0.999 -0.0418 -0.1016 0.994 -0.0408 -0.081 0.9965 -0.0212 -0.2585 0.9612 -0.0962 -0.1365 0.9892 -0.0538 0.0289 0.9928 0.1163 0.1111 0.9829 0.1465 0.0145 0.9961 0.0873 0.0007 0.9982 0.0602 -0.0573 0.998 0.026 -0.0062 0.9994 0.0336 0.0627 0.979 0.194 0.0433 0.9842 0.1717 0.0574 0.9838 0.1696 0.0984 0.9848 0.1432 -0.0275 0.9983 0.0506 -0.0676 0.9969 0.0402 0.0247 0.9968 0.0757 -0.0144 0.9993 0.0343 0.0802 0.9914 0.1032 0.1604 0.9846 0.0694 0.0683 0.9976 0.0123 -0.0905 0.9956 -0.023 -0.0615 0.9965 -0.0571 -0.0773 0.9945 -0.0706 0.075 0.9965 -0.0372 0.2012 0.9787 -0.0407 0.1371 0.9905 -0.0098 -0.0106 0.9997 -0.0235 -0.0538 0.9931 -0.1038 -0.0987 0.9889 -0.1115 0.0951 0.9913 -0.0914 0.141 0.9883 -0.0589 0.07 0.9975 -0.0017 0.0206 0.9997 0.0097 -0.0551 0.9883 -0.1422 -0.0325 0.9938 -0.1061 0.0227 0.9905 -0.1359 0.0892 0.9955 -0.0332 0.0614 0.9976 0.0326 0.0586 0.9978 0.0309 </float_array>
          <technique_common>
            <accessor count="48" offset="0" source="#meshId8-normals-array" stride="3">
              <param name="X" type="float" />
              <param name="Y" type="float" />
              <param name="Z" type="float" />
            </accessor>
          </technique_common>
        </source>
        <source id="meshId8-tangents" name="meshId8-tangents">
          <float_array id="meshId8-tangents-array" count="144"> 0.998271 0.0511309 -0.0289772 0.999325 0.0304778 -0.0205272 0.999702 0.0185549 -0.0158871 0.99847 -0.0523147 -0.0179013 0.995934 -0.0900688 -0.00154792 0.999528 -0.0286574 -0.0110693 0.999496 -0.0313188 -0.00522609 0.999842 0.0155535 -0.00860116 0.99481 0.101287 -0.00963364 0.996692 0.0808381 -0.00834428 0.965962 0.258203 -0.0157677 0.99064 0.136278 -0.0077448 0.999532 -0.0275289 -0.0133775 0.99377 -0.108582 -0.0251362 0.999855 -0.0136672 -0.0101264 0.999956 -0.000133069 -0.00942098 0.99833 0.057472 -0.00587506 0.99994 0.00650034 -0.00883375 0.998014 -0.0603227 -0.0181421 0.998989 -0.0405673 -0.0193936 0.998342 -0.0558512 -0.0139059 0.995144 -0.0970136 -0.0166424 0.999538 0.0281205 -0.0115689 0.997621 0.0680858 -0.0108344 0.999582 -0.023487 -0.01688 0.999753 0.0149704 -0.0164287 0.99675 -0.078984 -0.0158394 0.987032 -0.159558 -0.0175691 0.997499 -0.0680577 -0.0190936 0.995806 0.0901591 -0.0155677 0.99793 0.0603091 -0.0223239 0.996764 0.0755218 -0.0275272 0.996966 -0.0757098 -0.0180755 0.979335 -0.201853 -0.0125629 0.990476 -0.13721 -0.0114139 0.999859 0.0102891 -0.0132952 0.998302 0.0511713 -0.0278463 0.994866 0.0955275 -0.0334182 0.995182 -0.0968682 -0.0151381 0.989817 -0.141892 -0.011336 0.997478 -0.0700183 -0.0115895 0.999734 -0.0204985 -0.0105326 0.998252 0.05148 -0.0290155 0.999195 0.0298106 -0.0268433 0.999441 -0.0258203 -0.0212485 0.9959 -0.0896404 -0.0121295 0.998057 -0.0610162 -0.0126051 0.998234 -0.0582676 -0.0115569 </float_array>
          <technique_common>
            <accessor count="48" offset="0" source="#meshId8-tangents-array" stride="3">
              <param name="X" type="float" />
              <param name="Y" type="float" />
              <param name="Z" type="float" />
            </accessor>
          </technique_common>
        </source>
        <source id="meshId8-bitangents" name="meshId8-bitangents">
          <float_array id="meshId8-bitangents-array" count="144"> -0.0201775 -0.164917 -0.98612 -0.0146455 -0.181969 -0.983163 -0.0141653 -0.0894895 -0.995872 -0.0198621 -0.0372179 -0.999073 -0.0102081 -0.0957699 -0.995331 -0.0128596 -0.0630612 -0.997929 -0.00686353 -0.0524115 -0.998568 -0.00794243 -0.0419302 -0.99909 -0.00544331 -0.041567 -0.999132 -0.00660131 -0.0218058 -0.999752 0.00968317 -0.0970015 -0.995228 -0.000329422 -0.0543536 -0.998543 -0.0100795 0.116632 -0.993131 -0.00879908 0.14838 -0.98884 -0.00889374 0.0874342 -0.996154 -0.00939601 0.0602039 -0.998156 -0.00735758 0.0256199 -0.999626 -0.00904686 0.0335432 -0.99938 -0.00605849 0.194752 -0.980838 -0.0121218 0.172366 -0.984961 -0.00420827 0.170117 -0.985375 -0.00249707 0.144142 -0.989564 -0.0129721 0.0502585 -0.998612 -0.0135379 0.0393719 -0.999131 -0.015048 0.0760853 -0.996963 -0.0169307 0.0340549 -0.999269 -0.00755202 0.104135 -0.994513 -0.00622518 0.0713181 -0.997425 -0.0182107 0.0135733 -0.999753 -0.0134255 -0.0243124 -0.999584 -0.0188021 -0.0583547 -0.998146 -0.022044 -0.0724994 -0.99712 -0.0208286 -0.0357315 -0.999155 -0.0205108 -0.0373313 -0.999088 -0.0126501 -0.00814183 -0.999878 -0.0130495 -0.0236376 -0.999668 -0.0223426 -0.105122 -0.994166 -0.0223959 -0.114226 -0.993251 -0.0238602 -0.08952 -0.995736 -0.0195608 -0.0567019 -0.998243 -0.0116796 -0.000884445 -0.999886 -0.0103306 0.0099144 -0.999857 -0.0213556 -0.14355 -0.989409 -0.0235139 -0.106887 -0.993969 -0.0245556 -0.135342 -0.990532 -0.015051 -0.0319819 -0.999415 -0.0105857 0.0333106 -0.999408 -0.00973097 0.0315227 -0.999452 </float_array>
          <technique_common>
            <accessor count="48" offset="0" source="#meshId8-bitangents-array" stride="3">
              <param name="X" type="float" />
              <param name="Y" type="float" />
              <param name="Z" type="float" />
            </accessor>
          </technique_common>
        </source>
        <source id="meshId8-tex0" name="meshId8-tex0">
          <float_array id="meshId8-tex0-array" count="96"> 0.4575 0.0145 0.4836 0.0131 0.484 0.0478 0.4561 0.0481 0.5127 0.0086 0.5126 0.0474 0.5408 0.005 0.5411 0.0471 0.5693 0.0039 0.5697 0.0468 0.5921 0.0082 0.5934 0.0472 0.4847 0.0866 0.4572 0.0877 0.513 0.0866 0.5414 0.0861 0.57 0.0861 0.5943 0.0856 0.4849 0.1267 0.4565 0.1273 0.5133 0.1263 0.5419 0.1258 0.5704 0.1254 0.592 0.1244 0.4852 0.1662 0.457 0.1666 0.5135 0.1657 0.5417 0.1653 0.571 0.1646 0.5912 0.1646 0.4859 0.205 0.4571 0.2057 0.514 0.2044 0.5424 0.2039 0.5716 0.2037 0.5914 0.2033 0.4869 0.2438 0.4585 0.2448 0.515 0.2432 0.544 0.243 0.5722 0.2426 0.5919 0.2421 0.4877 0.2855 0.4598 0.2889 0.5154 0.2812 0.5444 0.2767 0.5734 0.2752 0.5928 0.2776 </float_array>
          <technique_common>
            <accessor count="48" offset="0" source="#meshId8-tex0-array" stride="2">
              <param name="S" type="float" />
              <param name="T" type="float" />
            </accessor>
          </technique_common>
        </source>
        <vertices id="meshId8-vertices">
          <input semantic="POSITION" source="#meshId8-positions" />
        </vertices>
        <polylist count="70" material="defaultMaterial">
          <input offset="0" semantic="VERTEX" source="#meshId8-vertices" />
          <input offset="0" semantic="NORMAL" source="#meshId8-normals" />
          <input offset="0" semantic="TANGENT" source="#meshId8-tangents" />
          <input offset="0" semantic="BINORMAL" source="#meshId8-bitangents" />
          <input offset="0" semantic="TEXCOORD" source="#meshId8-tex0" set="0" />
          <vcount>3 3 3 3 3 3 3 3 3 3 3 3 3 3 3 3 3 3 3 3 3 3 3 3 3 3 3 3 3 3 3 3 3 3 3 3 3 3 3 3 3 3 3 3 3 3 3 3 3 3 3 3 3 3 3 3 3 3 3 3 3 3 3 3 3 3 3 3 3 3 </vcount>
          <p>0 1 2 2 3 0 1 4 5 5 2 1 4 6 7 7 5 4 6 8 9 9 7 6 8 10 11 11 9 8 3 2 12 12 13 3 2 5 14 14 12 2 5 7 15 15 14 5 7 9 16 16 15 7 9 11 17 17 16 9 13 12 18 18 19 13 12 14 20 20 18 12 14 15 21 21 20 14 15 16 22 22 21 15 16 17 23 23 22 16 19 18 24 24 25 19 18 20 26 26 24 18 20 21 27 27 26 20 21 22 28 28 27 21 22 23 29 29 28 22 25 24 30 30 31 25 24 26 32 32 30 24 26 27 33 33 32 26 27 28 34 34 33 27 28 29 35 35 34 28 31 30 36 36 37 31 30 32 38 38 36 30 32 33 39 39 38 32 33 34 40 40 39 33 34 35 41 41 40 34 37 36 42 42 43 37 36 38 44 44 42 36 38 39 45 45 44 38 39 40 46 46 45 39 40 41 47 47 46 40 </p>
        </polylist>
      </mesh>
    </geometry>
    <geometry id="meshId9" name="meshId9_name" >
      <mesh>
        <source id="meshId9-positions" name="meshId9-positions">
          <float_array id="meshId9-positions-array" count="144"> 0.895874 -0.00502273 -0.0355617 0.912291 -0.00330965 -0.0358283 0.912118 0.00107173 -0.0635473 0.89476 -0.00130896 -0.0631474 0.934094 -0.00152204 -0.0363049 0.934094 0.00116095 -0.0635473 0.954751 0.00212981 -0.0340848 0.956069 0.00422602 -0.0635473 0.978043 0.00576486 -0.0313997 0.978043 0.00540482 -0.0635473 1 0.00296535 -0.0287188 0.997928 -0.000575227 -0.0635851 0.912118 0.00426696 -0.0938181 0.893903 0.000817702 -0.0942138 0.934094 0.00294436 -0.0938181 0.956069 0.00520748 -0.0938181 0.978043 0.00453778 -0.0938181 0.998667 -0.00316375 -0.0938989 0.912118 0.00297795 -0.12409 0.894368 0.000474456 -0.12408 0.934094 0.00192617 -0.12409 0.956069 0.00350489 -0.12409 0.978043 6.82284e-05 -0.12409 0.999703 -0.00440972 -0.124075 0.912118 0.00200384 -0.154361 0.893789 -0.000266621 -0.15403 0.934094 -0.00272498 -0.154361 0.956069 -0.00276487 -0.154361 0.978043 -0.00199545 -0.154361 0.998271 -0.00536808 -0.154201 0.912118 0.00151889 -0.184631 0.892377 -0.00405283 -0.184575 0.934094 -0.00158607 -0.184631 0.956069 -0.00267669 -0.184631 0.978043 -0.00336528 -0.184631 0.996273 -0.00416409 -0.185005 0.912118 0.00176137 -0.214903 0.891237 -0.00256963 -0.214993 0.934094 0.000748423 -0.214903 0.956069 -0.00053219 -0.214903 0.978043 0.00249929 -0.214903 0.996358 -0.000331701 -0.21484 0.912118 0.00130371 -0.245174 0.891152 0.00200174 -0.243648 0.934094 0.0019881 -0.245174 0.956069 -0.00152204 -0.242674 0.978043 -0.00152204 -0.240222 0.995433 0.00171938 -0.238592 </float_array>
          <technique_common>
            <accessor count="48" offset="0" source="#meshId9-positions-array" stride="3">
              <param name="X" type="float" />
              <param name="Y" type="float" />
              <param name="Z" type="float" />
            </accessor>
          </technique_common>
        </source>
        <source id="meshId9-normals" name="meshId9-normals">
          <float_array id="meshId9-normals-array" count="144"> -0.1112 0.9825 0.1494 -0.0739 0.9874 0.1398 -0.0593 0.991 0.1204 -0.1417 0.9832 0.1153 -0.1219 0.9887 0.0868 -0.0755 0.9937 0.0828 -0.1467 0.9884 0.0398 -0.0911 0.9948 0.0446 0.0317 0.9984 -0.0465 0.1146 0.9933 -0.0153 0.1387 0.9844 -0.1082 0.2599 0.9637 -0.0614 -0.0601 0.9978 0.0277 -0.1785 0.9837 0.0193 -0.0246 0.9996 0.0162 -0.0272 0.9994 -0.0215 0.1685 0.9839 -0.0604 0.3382 0.9404 -0.0356 -0.0338 0.9981 -0.0508 -0.1368 0.9904 -0.021 -0.0034 0.9947 -0.1023 0.0201 0.9942 -0.106 0.1624 0.9827 -0.0887 0.2319 0.9703 -0.069 0.0356 0.9993 -0.0145 -0.1518 0.9878 -0.0363 0.0949 0.9945 -0.0448 -0.017 0.9949 -0.0997 0.0738 0.9951 -0.0652 0.1724 0.9849 -0.0161 -0.0638 0.9979 -0.0088 -0.2579 0.9654 -0.038 0.1028 0.9935 0.0481 0.0189 0.998 0.0603 0.0404 0.9968 0.0691 0.0677 0.9962 0.0543 -0.0934 0.9956 0.0124 -0.1559 0.9863 0.0538 0.0718 0.9967 0.0375 -0.0243 0.9997 0.0018 -0.0084 0.9994 0.034 0.133 0.9832 0.1247 -0.0437 0.9984 0.0356 0.0443 0.9866 0.1573 0.0737 0.997 0.0233 0.0637 0.9979 -0.0111 -0.1075 0.9871 -0.1187 -0.0421 0.9971 -0.0637 </float_array>
          <technique_common>
            <accessor count="48" offset="0" source="#meshId9-normals-array" stride="3">
              <param name="X" type="float" />
              <param name="Y" type="float" />
              <param name="Z" type="float" />
            </accessor>
          </technique_common>
        </source>
        <source id="meshId9-tangents" name="meshId9-tangents">
          <float_array id="meshId9-tangents-array" count="144"> 0.9936 0.106911 0.0364667 0.997031 0.0701128 0.0318399 0.997938 0.0558772 0.0315895 0.989676 0.138164 0.0381101 0.992259 0.119316 0.034429 0.996866 0.0732503 0.0298854 0.98867 0.145209 0.0380277 0.995343 0.08955 0.035681 0.998846 -0.0299667 0.0375208 0.992563 -0.113851 0.0430976 0.990214 -0.136154 0.0306186 0.965277 -0.257537 0.0437606 0.997763 0.0592373 0.030995 0.983504 0.177813 0.0332011 0.999384 0.0241828 0.0254156 0.999032 0.0279211 0.0339829 0.985082 -0.165894 0.0457406 0.94025 -0.33608 0.0545908 0.998786 0.035558 0.0340833 0.990029 0.137406 0.0310026 0.999635 0.00612476 0.0263297 0.999326 -0.0167182 0.0326909 0.986197 -0.158722 0.0471546 0.972152 -0.228708 0.0511153 0.998598 -0.0349989 0.0397041 0.987539 0.153098 0.0364222 0.994961 -0.0932896 0.0367259 0.999378 0.0199871 0.029044 0.996738 -0.0714643 0.0375013 0.984213 -0.17157 0.043448 0.997295 0.0640789 0.0360188 0.965138 0.259249 0.0360413 0.993787 -0.104662 0.037845 0.99911 -0.0211276 0.0365209 0.998608 -0.0426262 0.0310562 0.997049 -0.0695318 0.0325487 0.994917 0.0928504 0.0389827 0.987302 0.153913 0.0393227 0.996579 -0.0732321 0.0382947 0.998897 0.024208 0.0402342 0.999565 0.00743034 0.028543 0.990494 -0.136319 0.0183928 0.998458 0.0424258 0.0358066 0.998184 -0.0501436 0.0333891 0.996494 -0.0745503 0.0379839 0.997194 -0.0632089 0.0401014 0.993256 0.111845 0.0305564 0.998913 0.0432819 0.0173034 </float_array>
          <technique_common>
            <accessor count="48" offset="0" source="#meshId9-tangents-array" stride="3">
              <param name="X" type="float" />
              <param name="Y" type="float" />
              <param name="Z" type="float" />
            </accessor>
          </technique_common>
        </source>
        <source id="meshId9-bitangents" name="meshId9-bitangents">
          <float_array id="meshId9-bitangents-array" count="144"> 0.0198561 0.152499 -0.9881 0.0216369 0.141738 -0.989649 0.0245776 0.122025 -0.99227 0.0215395 0.11951 -0.992627 0.0236833 0.090325 -0.995591 0.023632 0.0847968 -0.996116 0.0318073 0.0449277 -0.998503 0.0315016 0.0476428 -0.998325 0.0360673 -0.0476358 -0.998198 0.0410669 -0.0201252 -0.99896 0.0154091 -0.111388 -0.993652 0.0263593 -0.0706414 -0.997171 0.0292859 0.0295008 -0.999128 0.0292281 0.024908 -0.999213 0.0250137 0.0168153 -0.99958 0.0345628 -0.0205549 -0.999192 0.0349841 -0.0672062 -0.997176 0.0393727 -0.0519355 -0.997873 0.0358249 -0.0495863 -0.99809 0.0335905 -0.0165495 -0.999322 0.0268167 -0.102173 -0.994357 0.0307291 -0.106586 -0.993866 0.0322602 -0.0951335 -0.994912 0.0338163 -0.0789321 -0.996317 0.0391689 -0.0158931 -0.999145 0.0415353 -0.0303188 -0.998732 0.0323445 -0.0480596 -0.998342 0.0308886 -0.0991443 -0.994621 0.0326581 -0.0677549 -0.997128 0.0400297 -0.0233363 -0.99893 0.0365071 -0.00647819 -0.999289 0.0446457 -0.0273802 -0.998604 0.0426333 0.0439107 -0.998087 0.0377218 0.0595561 -0.997511 0.0339023 0.0677492 -0.997135 0.0362005 0.0519362 -0.997967 0.0376598 0.015978 -0.999211 0.0305034 0.0592472 -0.997771 0.0409145 0.0346222 -0.998549 0.0401785 0.00277571 -0.999186 0.0282733 0.034225 -0.999028 0.0350829 0.121068 -0.991984 0.034239 0.0371098 -0.998714 0.0408292 0.155535 -0.987029 0.039607 0.0204189 -0.998998 0.0393156 -0.0136233 -0.999127 0.0434382 -0.114615 -0.992466 0.0200103 -0.0629023 -0.997838 </float_array>
          <technique_common>
            <accessor count="48" offset="0" source="#meshId9-bitangents-array" stride="3">
              <param name="X" type="float" />
              <param name="Y" type="float" />
              <param name="Z" type="float" />
            </accessor>
          </technique_common>
        </source>
        <source id="meshId9-tex0" name="meshId9-tex0">
          <float_array id="meshId9-tex0-array" count="96"> 0.6143 0.0081 0.6355 0.0092 0.6346 0.0452 0.6121 0.0438 0.6637 0.0107 0.6629 0.0459 0.6908 0.0089 0.6914 0.0469 0.7213 0.0066 0.7196 0.0479 0.7499 0.004 0.7464 0.0492 0.6336 0.0842 0.6099 0.0839 0.6618 0.0849 0.6902 0.0857 0.7183 0.0867 0.7464 0.0884 0.6324 0.123 0.6093 0.1223 0.6607 0.124 0.689 0.1245 0.7176 0.1259 0.7461 0.1273 0.631 0.1621 0.6072 0.1608 0.6599 0.1634 0.688 0.1642 0.7163 0.1651 0.7428 0.166 0.6295 0.2012 0.603 0.2002 0.6582 0.2022 0.6866 0.2033 0.715 0.2043 0.7385 0.2055 0.6281 0.2404 0.6005 0.2394 0.6566 0.2415 0.6851 0.2426 0.7137 0.2438 0.7373 0.2441 0.6267 0.2796 0.5998 0.2767 0.655 0.2806 0.6837 0.2785 0.712 0.2765 0.735 0.2748 </float_array>
          <technique_common>
            <accessor count="48" offset="0" source="#meshId9-tex0-array" stride="2">
              <param name="S" type="float" />
              <param name="T" type="float" />
            </accessor>
          </technique_common>
        </source>
        <vertices id="meshId9-vertices">
          <input semantic="POSITION" source="#meshId9-positions" />
        </vertices>
        <polylist count="70" material="defaultMaterial">
          <input offset="0" semantic="VERTEX" source="#meshId9-vertices" />
          <input offset="0" semantic="NORMAL" source="#meshId9-normals" />
          <input offset="0" semantic="TANGENT" source="#meshId9-tangents" />
          <input offset="0" semantic="BINORMAL" source="#meshId9-bitangents" />
          <input offset="0" semantic="TEXCOORD" source="#meshId9-tex0" set="0" />
          <vcount>3 3 3 3 3 3 3 3 3 3 3 3 3 3 3 3 3 3 3 3 3 3 3 3 3 3 3 3 3 3 3 3 3 3 3 3 3 3 3 3 3 3 3 3 3 3 3 3 3 3 3 3 3 3 3 3 3 3 3 3 3 3 3 3 3 3 3 3 3 3 </vcount>
          <p>0 1 2 2 3 0 1 4 5 5 2 1 4 6 7 7 5 4 6 8 9 9 7 6 8 10 11 11 9 8 3 2 12 12 13 3 2 5 14 14 12 2 5 7 15 15 14 5 7 9 16 16 15 7 9 11 17 17 16 9 13 12 18 18 19 13 12 14 20 20 18 12 14 15 21 21 20 14 15 16 22 22 21 15 16 17 23 23 22 16 19 18 24 24 25 19 18 20 26 26 24 18 20 21 27 27 26 20 21 22 28 28 27 21 22 23 29 29 28 22 25 24 30 30 31 25 24 26 32 32 30 24 26 27 33 33 32 26 27 28 34 34 33 27 28 29 35 35 34 28 31 30 36 36 37 31 30 32 38 38 36 30 32 33 39 39 38 32 33 34 40 40 39 33 34 35 41 41 40 34 37 36 42 42 43 37 36 38 44 44 42 36 38 39 45 45 44 38 39 40 46 46 45 39 40 41 47 47 46 40 </p>
        </polylist>
      </mesh>
    </geometry>
    <geometry id="meshId10" name="meshId10_name" >
      <mesh>
        <source id="meshId10-positions" name="meshId10-positions">
          <float_array id="meshId10-positions-array" count="144"> -0.997759 -0.00220958 0.253802 -0.977815 0.000687541 0.254528 -0.977815 -8.39855e-06 0.224257 -0.99824 -0.00244471 0.224585 -0.95584 -0.00175087 0.254528 -0.95584 -0.00135619 0.224257 -0.933862 -0.00171728 0.254134 -0.933866 -0.00285094 0.224257 -0.910774 0.000918472 0.253793 -0.911891 0.000106017 0.224257 -0.892376 -0.000879635 0.253275 -0.89291 -0.000779916 0.224471 -0.977815 -0.0011473 0.193985 -0.998454 -0.00328026 0.193889 -0.95584 -0.00187054 0.193985 -0.933866 -0.00302834 0.193985 -0.911891 -0.000939467 0.193985 -0.893795 -0.00220539 0.193226 -0.977815 -0.00296746 0.163714 -0.998184 -0.00568718 0.163799 -0.95584 -0.00406332 0.163714 -0.933866 -0.00511511 0.163714 -0.911891 -0.00170259 0.163714 -0.893228 -0.00434044 0.164678 -0.977815 -0.00353009 0.133443 -0.997719 -0.00574492 0.133235 -0.95584 -0.00467634 0.133443 -0.933866 -0.00527676 0.133443 -0.911891 -0.00309342 0.133443 -0.893019 -0.00561476 0.133472 -0.977815 -0.00205738 0.103172 -0.99811 -0.00382295 0.102883 -0.95584 -0.00365605 0.103172 -0.933866 -0.00538802 0.103172 -0.911891 -0.00388698 0.103172 -0.89252 -0.005472 0.10303 -0.977815 -0.00245416 0.0729 -0.998571 -0.00316375 0.0724717 -0.95584 -0.00223163 0.0729 -0.933866 -0.0034692 0.0729 -0.911891 -0.00258012 0.0729 -0.893551 -0.00373687 0.0737701 -0.978859 -0.00122708 0.0455158 -0.998178 -0.000883834 0.0453542 -0.956098 0.000828199 0.0448776 -0.933866 -0.00152204 0.0442394 -0.911891 -0.00152204 0.0442394 -0.894427 -0.000890132 0.0455515 </float_array>
          <technique_common>
            <accessor count="48" offset="0" source="#meshId10-positions-array" stride="3">
              <param name="X" type="float" />
              <param name="Y" type="float" />
              <param name="Z" type="float" />
            </accessor>
          </technique_common>
        </source>
        <source id="meshId10-normals" name="meshId10-normals">
          <float_array id="meshId10-normals-array" count="144"> -0.1337 0.9909 -0.0164 -0.0249 0.9996 -0.012 -0.034 0.9991 -0.0246 -0.1156 0.9931 -0.0196 0.0685 0.9976 -0.0021 0.068 0.9977 -0.0057 -0.0616 0.9975 -0.0335 -0.0359 0.9992 -0.0185 -0.0166 0.9997 -0.0164 -0.0405 0.9986 -0.0346 0.0973 0.9953 0.0016 0.0562 0.9979 -0.0323 -0.0347 0.9982 -0.0488 -0.1082 0.993 -0.0471 0.0451 0.9979 -0.0471 -0.0256 0.9991 -0.0325 -0.0108 0.9994 -0.033 0.0637 0.9964 -0.0564 -0.0384 0.9983 -0.0428 -0.1284 0.9906 -0.0468 0.045 0.9981 -0.0421 -0.0469 0.998 -0.0435 -0.0008 0.9991 -0.0412 0.1285 0.9909 -0.0405 -0.0295 0.9995 0.015 -0.1064 0.994 0.0255 0.0446 0.999 0.0013 -0.0307 0.9995 -0.0101 0.0067 0.9997 -0.0247 0.1341 0.9908 -0.0181 -0.0177 0.9994 0.0294 -0.0769 0.9965 0.0318 0.0712 0.9964 0.0449 0.0028 0.9995 0.0323 0.0018 0.9999 0.0139 0.0908 0.9956 0.0208 -0.036 0.9989 0.0312 -0.0245 0.9988 0.0418 0.0369 0.9973 0.0628 0.0143 0.9982 0.0586 -0.002 0.9986 0.0533 0.0635 0.9954 0.0717 -0.0458 0.9972 0.0584 0.017 0.9963 0.084 0.0274 0.9955 0.0911 0.0427 0.996 0.0791 -0.0276 0.9986 0.0461 -0.0043 0.9983 0.059 </float_array>
          <technique_common>
            <accessor count="48" offset="0" source="#meshId10-normals-array" stride="3">
              <param name="X" type="float" />
              <param name="Y" type="float" />
              <param name="Z" type="float" />
            </accessor>
          </technique_common>
        </source>
        <source id="meshId10-tangents" name="meshId10-tangents">
          <float_array id="meshId10-tangents-array" count="144"> -0.99031 -0.132956 0.0401129 -0.999007 -0.0244379 0.0372602 -0.998769 -0.0330784 0.036972 -0.992653 -0.114793 0.0382517 -0.997141 0.0685355 0.0318377 -0.997125 0.0681501 0.0331362 -0.997576 -0.0604466 0.0344831 -0.998802 -0.0352574 0.0339359 -0.999241 -0.0160096 0.0355238 -0.998621 -0.0392946 0.0348136 -0.994745 0.097194 0.0321809 -0.997798 0.0572765 0.0334345 -0.99885 -0.033023 0.0347656 -0.993629 -0.106522 0.036816 -0.998396 0.0466376 0.0321011 -0.999065 -0.0244393 0.0356533 -0.999332 -0.00963569 0.0352388 -0.997286 0.0656442 0.0333464 -0.99865 -0.0368436 0.0366174 -0.991225 -0.1267 0.0376936 -0.99836 0.0464247 0.0334995 -0.998299 -0.0453156 0.0366718 -0.999403 0.000624649 0.0345536 -0.991152 0.129688 0.0282545 -0.998889 -0.030027 0.0363188 -0.993606 -0.107262 0.0352383 -0.998373 0.0445256 0.0356315 -0.998891 -0.0303172 0.0360345 -0.99939 0.0075407 0.0341108 -0.990537 0.134558 0.0270397 -0.999213 -0.0187251 0.0349598 -0.996434 -0.077927 0.0323426 -0.996846 0.0695053 0.0383143 -0.999388 0.00167088 0.0349301 -0.999409 0.00132144 0.0343614 -0.995364 0.090074 0.0337199 -0.998777 -0.0370191 0.0327691 -0.999034 -0.0259891 0.0354453 -0.998739 0.0346666 0.0363133 -0.999292 0.0122262 0.0355916 -0.999419 -0.00380896 0.0338609 -0.997468 0.0609981 0.0365647 -0.998354 -0.0477167 0.0318237 -0.999264 0.0140406 0.0357002 -0.999055 0.0241926 0.0361184 -0.998484 0.039786 0.038033 -0.999041 -0.0291222 0.0327098 -0.999419 -0.00628455 0.0334975 </float_array>
          <technique_common>
            <accessor count="48" offset="0" source="#meshId10-tangents-array" stride="3">
              <param name="X" type="float" />
              <param name="Y" type="float" />
              <param name="Z" type="float" />
            </accessor>
          </technique_common>
        </source>
        <source id="meshId10-bitangents" name="meshId10-bitangents">
          <float_array id="meshId10-bitangents-array" count="144"> 0.0375674 0.0216042 0.999074 0.0369521 0.0129159 0.999216 0.036125 0.0258268 0.998994 0.0357378 0.0238779 0.999073 0.0319053 -8.68898e-05 0.999442 0.0334485 0.00343035 0.999465 0.0323719 0.0355429 0.998805 0.0332565 0.0196961 0.999269 0.0352506 0.0169772 0.999207 0.0334052 0.0359622 0.998814 0.0318741 -0.00472279 0.999527 0.0352144 0.0303499 0.998922 0.0330915 0.0499502 0.998198 0.0315411 0.0507834 0.998199 0.0342303 0.0455767 0.998403 0.034827 0.0333823 0.998792 0.0348996 0.0333586 0.998837 0.0369287 0.0541228 0.997877 0.0349782 0.0441483 0.998367 0.0314097 0.0512292 0.998175 0.0353903 0.0405235 0.998552 0.0346272 0.0451459 0.998428 0.0345483 0.041203 0.998503 0.0332498 0.036511 0.998798 0.036751 -0.0139119 0.999275 0.037762 -0.0215876 0.999057 0.0355379 -0.00288705 0.99936 0.0357103 0.0111951 0.999322 0.0342868 0.0244564 0.99914 0.0292264 0.0143027 0.999468 0.0354894 -0.0287581 0.998945 0.0347075 -0.0291995 0.998939 0.0350556 -0.0474863 0.998206 0.0348587 -0.032378 0.998893 0.0343396 -0.0139536 0.999311 0.031698 -0.0237653 0.999163 0.033888 -0.0299822 0.999011 0.0364891 -0.0408912 0.998471 0.0340382 -0.0640608 0.997322 0.034811 -0.0590675 0.997668 0.0340165 -0.0532013 0.998028 0.032023 -0.0738403 0.996753 0.0345213 -0.0568463 0.997744 0.0343887 -0.0845451 0.995805 0.0337519 -0.0920035 0.995222 0.0347338 -0.0806041 0.996189 0.0340066 -0.045153 0.998446 0.0338114 -0.0588217 0.997747 </float_array>
          <technique_common>
            <accessor count="48" offset="0" source="#meshId10-bitangents-array" stride="3">
              <param name="X" type="float" />
              <param name="Y" type="float" />
              <param name="Z" type="float" />
            </accessor>
          </technique_common>
        </source>
        <source id="meshId10-tex0" name="meshId10-tex0">
          <float_array id="meshId10-tex0-array" count="96"> 0.8623 0.6956 0.8364 0.6976 0.8351 0.6586 0.8615 0.658 0.808 0.6985 0.8068 0.6596 0.7797 0.6989 0.7784 0.6605 0.7498 0.6996 0.75 0.6615 0.7261 0.6997 0.7256 0.6626 0.8337 0.6197 0.8604 0.6186 0.8054 0.6206 0.7771 0.6215 0.7487 0.6226 0.7253 0.6224 0.8324 0.5806 0.8589 0.5797 0.8041 0.5816 0.7758 0.5825 0.7473 0.5837 0.7231 0.5856 0.8311 0.5416 0.8569 0.5404 0.8027 0.5426 0.7744 0.5436 0.746 0.5447 0.7215 0.5454 0.8297 0.5025 0.8559 0.5013 0.8014 0.5036 0.773 0.5047 0.7446 0.5056 0.7196 0.5063 0.8284 0.4636 0.8551 0.4621 0.8 0.4645 0.7717 0.4656 0.7433 0.4665 0.7197 0.4685 0.8286 0.4282 0.8534 0.4271 0.7992 0.4282 0.7704 0.4286 0.7421 0.4296 0.7197 0.432 </float_array>
          <technique_common>
            <accessor count="48" offset="0" source="#meshId10-tex0-array" stride="2">
              <param name="S" type="float" />
              <param name="T" type="float" />
            </accessor>
          </technique_common>
        </source>
        <vertices id="meshId10-vertices">
          <input semantic="POSITION" source="#meshId10-positions" />
        </vertices>
        <polylist count="70" material="defaultMaterial">
          <input offset="0" semantic="VERTEX" source="#meshId10-vertices" />
          <input offset="0" semantic="NORMAL" source="#meshId10-normals" />
          <input offset="0" semantic="TANGENT" source="#meshId10-tangents" />
          <input offset="0" semantic="BINORMAL" source="#meshId10-bitangents" />
          <input offset="0" semantic="TEXCOORD" source="#meshId10-tex0" set="0" />
          <vcount>3 3 3 3 3 3 3 3 3 3 3 3 3 3 3 3 3 3 3 3 3 3 3 3 3 3 3 3 3 3 3 3 3 3 3 3 3 3 3 3 3 3 3 3 3 3 3 3 3 3 3 3 3 3 3 3 3 3 3 3 3 3 3 3 3 3 3 3 3 3 </vcount>
          <p>0 1 2 2 3 0 1 4 5 5 2 1 4 6 7 7 5 4 6 8 9 9 7 6 8 10 11 11 9 8 3 2 12 12 13 3 2 5 14 14 12 2 5 7 15 15 14 5 7 9 16 16 15 7 9 11 17 17 16 9 13 12 18 18 19 13 12 14 20 20 18 12 14 15 21 21 20 14 15 16 22 22 21 15 16 17 23 23 22 16 19 18 24 24 25 19 18 20 26 26 24 18 20 21 27 27 26 20 21 22 28 28 27 21 22 23 29 29 28 22 25 24 30 30 31 25 24 26 32 32 30 24 26 27 33 33 32 26 27 28 34 34 33 27 28 29 35 35 34 28 31 30 36 36 37 31 30 32 38 38 36 30 32 33 39 39 38 32 33 34 40 40 39 33 34 35 41 41 40 34 37 36 42 42 43 37 36 38 44 44 42 36 38 39 45 45 44 38 39 40 46 46 45 39 40 41 47 47 46 40 </p>
        </polylist>
      </mesh>
    </geometry>
    <geometry id="meshId11" name="meshId11_name" >
      <mesh>
        <source id="meshId11-positions" name="meshId11-positions">
          <float_array id="meshId11-positions-array" count="144"> -0.786137 -0.00151574 0.25113 -0.759765 -0.00443386 0.25113 -0.759765 -0.00233765 0.218474 -0.786131 -0.000425123 0.218474 -0.737791 -0.00473617 0.25113 -0.737791 -0.00434359 0.218474 -0.715816 -0.00168474 0.25113 -0.715816 -0.00175822 0.218474 -0.693841 -0.000926871 0.249586 -0.693841 -0.000283415 0.218474 -0.681014 -0.00324772 0.249874 -0.68182 -0.00303778 0.217421 -0.759765 -0.0013394 0.188203 -0.786131 -0.000346396 0.188203 -0.737791 -0.00306403 0.188203 -0.715816 -0.00102134 0.188203 -0.693841 0.000775715 0.188203 -0.681402 -0.00236704 0.189302 -0.759765 -0.00157663 0.157933 -0.786131 -0.000289714 0.157933 -0.737791 -0.0026683 0.157933 -0.715816 -0.000241428 0.157933 -0.693841 0.00146641 0.157933 -0.681691 -0.00056473 0.157925 -0.759765 -0.00105913 0.127661 -0.786131 0.000241426 0.127661 -0.737791 -0.00223163 0.127661 -0.715816 0.000339047 0.127661 -0.693841 0.00106858 0.127661 -0.681308 -0.000620364 0.126526 -0.759765 -0.00329706 0.0973901 -0.786357 -0.00113891 0.0973901 -0.737791 -0.00319419 0.0973901 -0.715816 -5.03858e-05 0.0973901 -0.693841 0.000446114 0.0973901 -0.680568 -0.00102659 0.0984345 -0.759765 -0.00282575 0.0671183 -0.785155 -0.00053324 0.0671183 -0.737791 -0.00305248 0.0671183 -0.715816 -0.000744226 0.0671183 -0.693841 -0.000461862 0.0671183 -0.680595 -0.00208992 0.0671068 -0.759765 -0.00152204 0.0412982 -0.785756 0.00039258 0.0409098 -0.73779 -0.00256123 0.0409927 -0.716213 -0.000511197 0.04121 -0.693347 -0.000436669 0.0399641 -0.680607 -0.00341672 0.0396827 </float_array>
          <technique_common>
            <accessor count="48" offset="0" source="#meshId11-positions-array" stride="3">
              <param name="X" type="float" />
              <param name="Y" type="float" />
              <param name="Z" type="float" />
            </accessor>
          </technique_common>
        </source>
        <source id="meshId11-normals" name="meshId11-normals">
          <float_array id="meshId11-normals-array" count="144"> 0.0936 0.9943 0.0506 0.0763 0.9959 0.0477 0.0844 0.9954 0.0454 0.0644 0.9976 0.0262 -0.0581 0.9983 0.0076 -0.0179 0.9993 0.0326 -0.0931 0.9956 0.0046 -0.0954 0.9953 0.0148 0.0769 0.9969 0.0136 0.0844 0.9962 0.0227 0.178 0.984 0.0019 0.2196 0.9754 0.0213 0.059 0.9982 0.0115 0.0402 0.9992 -0.0004 -0.0076 0.9996 0.0282 -0.0891 0.9957 0.0272 0.0775 0.9964 0.0335 0.2391 0.9701 0.0422 0.0483 0.9988 0.0055 0.0489 0.9988 0.0096 -0.0279 0.9995 0.0113 -0.0875 0.996 0.0157 0.0415 0.9991 0.0078 0.1745 0.9845 0.0153 0.0454 0.9987 -0.022 0.0565 0.9982 -0.0218 -0.0346 0.9994 -0.0055 -0.073 0.9973 0.0013 0.0439 0.999 -0.0103 0.1363 0.9906 -0.0103 0.036 0.999 -0.027 0.0829 0.9965 -0.0138 -0.0637 0.9977 -0.0239 -0.0787 0.9967 -0.0217 0.0445 0.9987 -0.025 0.115 0.993 -0.0256 0.0532 0.9981 0.0296 0.0856 0.9958 0.0326 -0.0476 0.9988 0.0122 -0.0612 0.9981 -0.0036 0.0608 0.9979 -0.0219 0.1206 0.9919 -0.0395 0.0646 0.9968 0.046 0.0729 0.9968 0.0335 -0.032 0.9991 0.0275 -0.0508 0.9986 0.0121 0.1153 0.9933 0.0052 0.1971 0.9803 -0.0105 </float_array>
          <technique_common>
            <accessor count="48" offset="0" source="#meshId11-normals-array" stride="3">
              <param name="X" type="float" />
              <param name="Y" type="float" />
              <param name="Z" type="float" />
            </accessor>
          </technique_common>
        </source>
        <source id="meshId11-tangents" name="meshId11-tangents">
          <float_array id="meshId11-tangents-array" count="144"> 0.994841 -0.0914117 -0.0440008 0.996304 -0.0742629 -0.0431763 0.995661 -0.0824553 -0.0431226 0.997054 -0.0632245 -0.0434189 0.99747 0.0583607 -0.0405944 0.99899 0.0192194 -0.0406146 0.994899 0.0932126 -0.0385709 0.994638 0.0959117 -0.0386774 0.996248 -0.0762923 -0.0408567 0.99568 -0.083427 -0.0407657 0.983117 -0.177756 -0.0434047 0.974936 -0.218591 -0.0414368 0.997404 -0.0584686 -0.0420405 0.998343 -0.040182 -0.0411983 0.999138 0.00874149 -0.0405869 0.995166 0.0901184 -0.0390303 0.996176 -0.0760355 -0.043041 0.97036 -0.237139 -0.0465596 0.997987 -0.0480327 -0.0414002 0.997976 -0.0484638 -0.0411842 0.998759 0.0283422 -0.0409412 0.995291 0.0880758 -0.0404831 0.998334 -0.0411524 -0.0404491 0.983985 -0.173793 -0.0396161 0.998128 -0.0462554 -0.040013 0.997508 -0.0573582 -0.0410882 0.998557 0.0343435 -0.0412943 0.996464 0.0729931 -0.0416045 0.998143 -0.0442934 -0.0418065 0.989806 -0.136609 -0.0402666 0.998517 -0.0370607 -0.0398901 0.995666 -0.0834006 -0.0411562 0.997154 0.0626607 -0.0419291 0.996093 0.0777401 -0.0418872 0.998097 -0.0455144 -0.041597 0.9923 -0.116036 -0.0433122 0.99781 -0.0519712 -0.0409149 0.995549 -0.0841915 -0.042365 0.998028 0.0480565 -0.0403822 0.997291 0.0610021 -0.041106 0.99729 -0.0616444 -0.0401697 0.991619 -0.122232 -0.041837 0.997146 -0.0626807 -0.0420766 0.996572 -0.0714835 -0.0416522 0.998632 0.0330992 -0.0404793 0.997843 0.0512583 -0.041003 0.992563 -0.115005 -0.0399104 0.979512 -0.19737 -0.0400083 </float_array>
          <technique_common>
            <accessor count="48" offset="0" source="#meshId11-tangents-array" stride="3">
              <param name="X" type="float" />
              <param name="Y" type="float" />
              <param name="Z" type="float" />
            </accessor>
          </technique_common>
        </source>
        <source id="meshId11-bitangents" name="meshId11-bitangents">
          <float_array id="meshId11-bitangents-array" count="144"> -0.0391246 0.0544574 -0.997726 -0.0394569 0.050818 -0.997885 -0.0391808 0.0488426 -0.99804 -0.0416582 0.028919 -0.998733 -0.040969 0.00522223 -0.999165 -0.0412127 0.0318401 -0.998635 -0.03883 0.000985583 -0.999199 -0.0399151 0.0110308 -0.999113 -0.0396924 0.0166909 -0.999027 -0.0387169 0.0260425 -0.998937 -0.0423725 0.00959395 -0.999028 -0.0357615 0.0298657 -0.998955 -0.0412924 0.0139505 -0.999058 -0.0411814 0.00125684 -0.999159 -0.0408172 0.0278672 -0.998805 -0.0413137 0.0235909 -0.998916 -0.0403389 0.0367076 -0.998482 -0.0351603 0.0520816 -0.998046 -0.0410863 0.00748856 -0.99911 -0.0406696 0.0115945 -0.999148 -0.041241 0.0101437 -0.999051 -0.0417039 0.0120838 -0.999016 -0.0400917 0.00946564 -0.999143 -0.036343 0.021968 -0.99906 -0.0409786 -0.0201422 -0.99893 -0.0422647 -0.0194242 -0.998953 -0.0410807 -0.00692085 -0.999146 -0.0415871 -0.00174173 -0.999102 -0.0422209 -0.00844557 -0.99909 -0.0412951 -0.00470667 -0.999122 -0.0408508 -0.0255239 -0.998852 -0.0421631 -0.0103283 -0.999095 -0.0403351 -0.0265029 -0.998852 -0.040062 -0.0249118 -0.998924 -0.0426808 -0.0231014 -0.998825 -0.0459795 -0.020422 -0.998698 -0.0392988 0.0317119 -0.998679 -0.0394424 0.0360813 -0.998574 -0.0409201 0.0102537 -0.999118 -0.0408082 -0.00610593 -0.999129 -0.0414354 -0.0193983 -0.998943 -0.0463263 -0.0341234 -0.998329 -0.0390586 0.0485869 -0.998005 -0.0391242 0.0364216 -0.998594 -0.0413531 0.026167 -0.998792 -0.0415658 0.00999095 -0.99905 -0.039045 0.00976299 -0.999173 -0.0412925 -0.00239925 -0.999117 </float_array>
          <technique_common>
            <accessor count="48" offset="0" source="#meshId11-bitangents-array" stride="3">
              <param name="X" type="float" />
              <param name="Y" type="float" />
              <param name="Z" type="float" />
            </accessor>
          </technique_common>
        </source>
        <source id="meshId11-tex0" name="meshId11-tex0">
          <float_array id="meshId11-tex0-array" count="96"> 0.7148 0.714 0.7489 0.7125 0.7505 0.7545 0.7165 0.756 0.7772 0.7113 0.7789 0.7533 0.8057 0.7102 0.8073 0.7522 0.8341 0.7111 0.8357 0.7511 0.8508 0.71 0.8516 0.7518 0.7521 0.7935 0.7181 0.7949 0.7805 0.7923 0.8089 0.7912 0.8372 0.7901 0.8537 0.7879 0.7537 0.8325 0.7198 0.8339 0.782 0.8313 0.8105 0.8302 0.8388 0.829 0.8546 0.8284 0.7553 0.8714 0.7213 0.8728 0.7837 0.8703 0.8122 0.8691 0.8404 0.8679 0.8568 0.8687 0.757 0.9104 0.7228 0.9118 0.7853 0.9093 0.8138 0.908 0.842 0.9069 0.8592 0.9048 0.7586 0.9493 0.7258 0.9507 0.7869 0.9482 0.8153 0.947 0.8436 0.9459 0.8608 0.9452 0.7599 0.9826 0.7264 0.9845 0.7883 0.9818 0.8162 0.9804 0.8457 0.9808 0.8625 0.9805 </float_array>
          <technique_common>
            <accessor count="48" offset="0" source="#meshId11-tex0-array" stride="2">
              <param name="S" type="float" />
              <param name="T" type="float" />
            </accessor>
          </technique_common>
        </source>
        <vertices id="meshId11-vertices">
          <input semantic="POSITION" source="#meshId11-positions" />
        </vertices>
        <polylist count="70" material="defaultMaterial">
          <input offset="0" semantic="VERTEX" source="#meshId11-vertices" />
          <input offset="0" semantic="NORMAL" source="#meshId11-normals" />
          <input offset="0" semantic="TANGENT" source="#meshId11-tangents" />
          <input offset="0" semantic="BINORMAL" source="#meshId11-bitangents" />
          <input offset="0" semantic="TEXCOORD" source="#meshId11-tex0" set="0" />
          <vcount>3 3 3 3 3 3 3 3 3 3 3 3 3 3 3 3 3 3 3 3 3 3 3 3 3 3 3 3 3 3 3 3 3 3 3 3 3 3 3 3 3 3 3 3 3 3 3 3 3 3 3 3 3 3 3 3 3 3 3 3 3 3 3 3 3 3 3 3 3 3 </vcount>
          <p>0 1 2 2 3 0 1 4 5 5 2 1 4 6 7 7 5 4 6 8 9 9 7 6 8 10 11 11 9 8 3 2 12 12 13 3 2 5 14 14 12 2 5 7 15 15 14 5 7 9 16 16 15 7 9 11 17 17 16 9 13 12 18 18 19 13 12 14 20 20 18 12 14 15 21 21 20 14 15 16 22 22 21 15 16 17 23 23 22 16 19 18 24 24 25 19 18 20 26 26 24 18 20 21 27 27 26 20 21 22 28 28 27 21 22 23 29 29 28 22 25 24 30 30 31 25 24 26 32 32 30 24 26 27 33 33 32 26 27 28 34 34 33 27 28 29 35 35 34 28 31 30 36 36 37 31 30 32 38 38 36 30 32 33 39 39 38 32 33 34 40 40 39 33 34 35 41 41 40 34 37 36 42 42 43 37 36 38 44 44 42 36 38 39 45 45 44 38 39 40 46 46 45 39 40 41 47 47 46 40 </p>
        </polylist>
      </mesh>
    </geometry>
    <geometry id="meshId12" name="meshId12_name" >
      <mesh>
        <source id="meshId12-positions" name="meshId12-positions">
          <float_array id="meshId12-positions-array" count="144"> -0.576626 -0.00237858 0.253526 -0.558335 -0.000506998 0.255305 -0.5586 -0.00173198 0.218474 -0.577348 -0.0033149 0.218545 -0.536626 -0.000569979 0.25457 -0.536626 -0.00198075 0.218474 -0.514651 0.00121238 0.252853 -0.514651 -0.000313856 0.218474 -0.492676 8.08246e-05 0.2504 -0.492676 0.000729529 0.218474 -0.471281 -0.00261896 0.250323 -0.472471 -0.00260531 0.218389 -0.5586 -0.00289083 0.188203 -0.577776 -0.00449369 0.18865 -0.536626 -0.00340202 0.188203 -0.514651 -0.00107278 0.188203 -0.492676 0.00126172 0.188203 -0.472615 -0.00230196 0.188335 -0.5586 -0.0044832 0.157933 -0.577411 -0.00478341 0.157479 -0.536626 -0.00460286 0.157933 -0.514651 -0.00164695 0.157933 -0.492676 0.00151889 0.157933 -0.472575 -0.00122498 0.157483 -0.5586 -0.00517284 0.127661 -0.576763 -0.00491147 0.127599 -0.536626 -0.00591392 0.127661 -0.514651 -0.00255703 0.127661 -0.492676 0.000307556 0.127661 -0.472138 -0.00167425 0.12738 -0.5586 -0.00571238 0.0973901 -0.575855 -0.0049566 0.0976987 -0.536626 -0.00580685 0.0973901 -0.514651 -0.00311651 0.0973901 -0.492676 -0.00245521 0.0973901 -0.470702 -0.0033275 0.0973901 -0.5586 -0.00152204 0.0671183 -0.575545 -0.00397095 0.0679392 -0.536626 -0.00639047 0.0671183 -0.514651 -0.00414415 0.0671183 -0.492676 -0.00292232 0.0671183 -0.470702 -0.00360251 0.0671183 -0.560296 -0.00434779 0.0446131 -0.574301 -0.00394366 0.0438983 -0.536626 -0.00152204 0.0437471 -0.514651 -0.00152204 0.0425452 -0.492728 -0.00275437 0.0404511 -0.469536 -0.00152204 0.040069 </float_array>
          <technique_common>
            <accessor count="48" offset="0" source="#meshId12-positions-array" stride="3">
              <param name="X" type="float" />
              <param name="Y" type="float" />
              <param name="Z" type="float" />
            </accessor>
          </technique_common>
        </source>
        <source id="meshId12-normals" name="meshId12-normals">
          <float_array id="meshId12-normals-array" count="144"> -0.0944 0.9951 -0.0302 -0.0455 0.9984 -0.0348 -0.0365 0.9987 -0.0356 -0.0842 0.9959 -0.0316 -0.0383 0.9984 -0.0406 -0.036 0.9986 -0.0387 -0.038 0.9989 -0.0258 -0.0681 0.9973 -0.0274 0.0949 0.9954 0.0127 0.0683 0.9976 0.0073 0.1252 0.9921 -0.0042 0.1558 0.9877 0.01 -0.0323 0.9985 -0.0435 -0.0722 0.9967 -0.0376 -0.0451 0.9982 -0.0388 -0.1063 0.9941 -0.0211 0.037 0.9993 0.0108 0.1725 0.9847 0.0243 -0.0084 0.9994 -0.0337 -0.0104 0.9999 -0.0129 -0.0641 0.9971 -0.0414 -0.1338 0.9906 -0.0288 -0.0037 0.9999 -0.0155 0.1425 0.9898 0.0025 0.0185 0.9997 -0.0141 0.0192 0.9998 -0.0079 -0.0586 0.9981 -0.02 -0.1284 0.991 -0.0369 -0.0238 0.998 -0.0578 0.1026 0.9939 -0.0402 0.0437 0.9983 0.0394 0.0149 0.9986 0.0503 -0.0538 0.9985 -0.0133 -0.0814 0.9965 -0.0201 -0.0061 0.9991 -0.0414 0.0501 0.9979 -0.0417 0.0102 0.9994 0.0339 -0.1149 0.9932 -0.0176 0.048 0.9937 0.1017 -0.0674 0.9974 0.0244 -0.0192 0.9998 0.0026 0.0326 0.9989 0.0332 -0.0787 0.994 -0.0765 0.0287 0.9996 0.0026 0.0277 0.9916 0.1263 0.0142 0.9913 0.1308 -0.0229 0.9992 0.0322 -0.0161 0.9992 0.0379 </float_array>
          <technique_common>
            <accessor count="48" offset="0" source="#meshId12-normals-array" stride="3">
              <param name="X" type="float" />
              <param name="Y" type="float" />
              <param name="Z" type="float" />
            </accessor>
          </technique_common>
        </source>
        <source id="meshId12-tangents" name="meshId12-tangents">
          <float_array id="meshId12-tangents-array" count="144"> 0.00299105 0.0306181 0.999527 0.00342334 0.0349902 0.999382 0.00238533 0.0357107 0.999359 0.00302222 0.0319692 0.999484 0.00366457 0.0407716 0.999162 0.00231022 0.0388082 0.999244 0.00299376 0.0259335 0.999659 0.00311583 0.0276763 0.999612 0.00521979 -0.013255 0.999898 0.00489925 -0.00765269 0.999959 0.00605237 0.00346955 0.999976 0.00629881 -0.0111173 0.999918 0.00315992 0.0436259 0.999043 0.00382029 0.0379737 0.999271 0.00294399 0.0389733 0.999236 0.00343633 0.0215876 0.999761 0.00368406 -0.0109433 0.999933 0.00233865 -0.0250794 0.999683 0.00397624 0.0337342 0.999423 0.00529932 0.0129551 0.999902 0.00381938 0.0417295 0.999122 0.00509706 0.0297485 0.999544 0.00444328 0.015516 0.99987 0.00172333 -0.00277385 0.999995 0.00627121 0.0139865 0.999883 0.00565491 0.00779262 0.999954 0.00510947 0.0203337 0.99978 0.00393713 0.0377184 0.999281 0.00275224 0.0578841 0.99832 0.00231676 0.0401748 0.99919 0.00559534 -0.0396803 0.999197 0.00425619 -0.0503696 0.998722 0.00652403 0.01367 0.999885 0.00331872 0.0204374 0.999786 0.0020501 0.0414142 0.99914 0.0015259 0.0416748 0.99913 -7.54998e-05 -0.0339001 0.999425 0.000254918 0.0177472 0.999843 0.00355464 -0.101982 0.99478 0.00257379 -0.0242824 0.999702 0.00197952 -0.00256249 0.999995 0.00262261 -0.0333036 0.999442 -0.00220808 0.0765608 0.997063 4.51203e-05 -0.00260233 0.999997 -0.000773531 -0.126328 0.991988 0.00235425 -0.130847 0.9914 0.00227293 -0.0321569 0.99948 0.00228477 -0.0378662 0.99928 </float_array>
          <technique_common>
            <accessor count="48" offset="0" source="#meshId12-tangents-array" stride="3">
              <param name="X" type="float" />
              <param name="Y" type="float" />
              <param name="Z" type="float" />
            </accessor>
          </technique_common>
        </source>
        <source id="meshId12-bitangents" name="meshId12-bitangents">
          <float_array id="meshId12-bitangents-array" count="144"> 0.995554 0.094265 -0.00586674 0.999 0.0453527 -0.00500992 0.999331 0.0363917 -0.00368567 0.996397 0.0840611 -0.00570163 0.999218 0.0381191 -0.00522025 0.999347 0.0358834 -0.00370408 0.999229 0.0379098 -0.00397594 0.997671 0.0679882 -0.00499217 0.995467 -0.0948241 -0.00645368 0.997615 -0.0682614 -0.00541017 0.99209 -0.125222 -0.00557017 0.987731 -0.155724 -0.00795341 0.999442 0.0321316 -0.00456429 0.997402 0.0720038 -0.00654939 0.998949 0.0449513 -0.00469638 0.994318 0.106202 -0.00571082 0.999352 -0.0369577 -0.00408639 0.984997 -0.172388 -0.00662907 0.99996 0.00826115 -0.00425722 0.999969 0.0103306 -0.00543353 0.997952 0.0638856 -0.00648316 0.991005 0.133592 -0.00902949 1.00001 0.00363065 -0.00450025 0.989802 -0.142495 -0.00210102 0.99978 -0.0185863 -0.00601058 0.999815 -0.0192438 -0.00550416 0.998287 0.0584849 -0.00629132 0.991679 0.128162 -0.00874474 0.999669 0.0236009 -0.00412438 0.99471 -0.10261 0.00181931 0.999062 -0.0434444 -0.00731986 0.999857 -0.0146669 -0.00500074 0.998567 0.0537071 -0.00724969 0.996697 0.0813158 -0.00497071 0.999955 0.00600988 -0.00230089 0.99877 -0.05012 0.000565216 0.999975 -0.0101967 -0.000270326 0.993356 0.114877 -0.00229234 0.998884 -0.0473879 -0.00842739 0.997695 0.0674427 -0.000930466 0.999801 0.019205 -0.00192993 0.999448 -0.0324947 -0.00370542 0.996937 0.0786377 -0.00383051 0.999603 -0.0286998 -0.000119789 0.999611 -0.0275758 -0.00273225 0.999889 -0.0137699 -0.0041918 0.999716 0.0229613 -0.00153472 0.999916 0.016175 -0.0016733 </float_array>
          <technique_common>
            <accessor count="48" offset="0" source="#meshId12-bitangents-array" stride="3">
              <param name="X" type="float" />
              <param name="Y" type="float" />
              <param name="Z" type="float" />
            </accessor>
          </technique_common>
        </source>
        <source id="meshId12-tex0" name="meshId12-tex0">
          <float_array id="meshId12-tex0-array" count="96"> 0.2752 0.855 0.2776 0.8787 0.2301 0.8785 0.23 0.8542 0.2768 0.9067 0.2302 0.9069 0.2748 0.9352 0.2303 0.9353 0.2716 0.9635 0.2305 0.9637 0.2717 0.9914 0.2305 0.9901 0.191 0.8786 0.1915 0.8538 0.1911 0.9069 0.1913 0.9354 0.1914 0.9639 0.1918 0.9902 0.152 0.8787 0.1513 0.8545 0.152 0.9071 0.1523 0.9356 0.1525 0.9641 0.152 0.9902 0.1129 0.8789 0.1127 0.8555 0.1131 0.9072 0.1133 0.9358 0.1136 0.9643 0.1132 0.9908 0.0739 0.8792 0.0741 0.8569 0.0742 0.9075 0.0744 0.936 0.0745 0.9643 0.0745 0.9927 0.0346 0.8793 0.0357 0.8574 0.0356 0.9078 0.0354 0.936 0.0354 0.9644 0.0355 0.9928 0.0057 0.877 0.0048 0.859 0.0051 0.9078 0.0036 0.9361 0.001 0.9644 0.0005 0.9944 </float_array>
          <technique_common>
            <accessor count="48" offset="0" source="#meshId12-tex0-array" stride="2">
              <param name="S" type="float" />
              <param name="T" type="float" />
            </accessor>
          </technique_common>
        </source>
        <vertices id="meshId12-vertices">
          <input semantic="POSITION" source="#meshId12-positions" />
        </vertices>
        <polylist count="70" material="defaultMaterial">
          <input offset="0" semantic="VERTEX" source="#meshId12-vertices" />
          <input offset="0" semantic="NORMAL" source="#meshId12-normals" />
          <input offset="0" semantic="TANGENT" source="#meshId12-tangents" />
          <input offset="0" semantic="BINORMAL" source="#meshId12-bitangents" />
          <input offset="0" semantic="TEXCOORD" source="#meshId12-tex0" set="0" />
          <vcount>3 3 3 3 3 3 3 3 3 3 3 3 3 3 3 3 3 3 3 3 3 3 3 3 3 3 3 3 3 3 3 3 3 3 3 3 3 3 3 3 3 3 3 3 3 3 3 3 3 3 3 3 3 3 3 3 3 3 3 3 3 3 3 3 3 3 3 3 3 3 </vcount>
          <p>0 1 2 2 3 0 1 4 5 5 2 1 4 6 7 7 5 4 6 8 9 9 7 6 8 10 11 11 9 8 3 2 12 12 13 3 2 5 14 14 12 2 5 7 15 15 14 5 7 9 16 16 15 7 9 11 17 17 16 9 13 12 18 18 19 13 12 14 20 20 18 12 14 15 21 21 20 14 15 16 22 22 21 15 16 17 23 23 22 16 19 18 24 24 25 19 18 20 26 26 24 18 20 21 27 27 26 20 21 22 28 28 27 21 22 23 29 29 28 22 25 24 30 30 31 25 24 26 32 32 30 24 26 27 33 33 32 26 27 28 34 34 33 27 28 29 35 35 34 28 31 30 36 36 37 31 30 32 38 38 36 30 32 33 39 39 38 32 33 34 40 40 39 33 34 35 41 41 40 34 37 36 42 42 43 37 36 38 44 44 42 36 38 39 45 45 44 38 39 40 46 46 45 39 40 41 47 47 46 40 </p>
        </polylist>
      </mesh>
    </geometry>
    <geometry id="meshId13" name="meshId13_name" >
      <mesh>
        <source id="meshId13-positions" name="meshId13-positions">
          <float_array id="meshId13-positions-array" count="147"> -0.365349 -0.004648 0.24706 -0.353922 -0.000987753 0.248603 -0.353699 -0.000311757 0.218474 -0.365425 -0.00333484 0.217279 -0.331725 -0.00186319 0.248746 -0.331725 -0.00190832 0.218474 -0.309749 -0.00402659 0.251392 -0.309749 -0.00299895 0.218474 -0.287774 -0.000278167 0.253844 -0.287774 0.000853391 0.218474 -0.260868 -0.000790412 0.253004 -0.261212 -0.00248985 0.218478 -0.353699 0.00107277 0.188203 -0.365683 -0.00212456 0.189102 -0.331725 -0.00136984 0.188203 -0.309749 -0.00312911 0.188203 -0.287774 2.83404e-05 0.188203 -0.26119 -0.00267879 0.18829 -0.353699 0.00227361 0.157933 -0.366138 -0.000305459 0.157758 -0.331725 0.000315954 0.157933 -0.309749 -0.00307662 0.157933 -0.287774 -0.00281105 0.157933 -0.261156 -0.00410741 0.157986 -0.353699 0.00155143 0.127661 -0.366832 -0.00104549 0.126445 -0.331725 0.000872286 0.127661 -0.309749 -0.00199335 0.127661 -0.287774 -0.00185689 0.127661 -0.261743 -0.00374317 0.127572 -0.353699 -0.00162071 0.0973901 -0.367285 -0.00282995 0.0982425 -0.331725 -0.000671798 0.0973901 -0.309749 -0.00162806 0.0973901 -0.287774 -0.000218335 0.0973901 -0.262517 -0.00147376 0.0973723 -0.353699 -0.00281525 0.0671183 -0.36722 -0.0039867 0.066858 -0.331725 -0.00233135 0.0671183 -0.309749 -0.00445381 0.0671183 -0.287774 -0.00177292 0.0671183 -0.262292 -0.0029685 0.0672086 -0.353699 -0.00152204 0.0381135 -0.366412 -0.00350174 0.0402401 -0.331725 -0.00152204 0.0390939 -0.309987 -0.00518334 0.0417076 -0.287774 -0.00152204 0.0432632 -0.287774 -0.00152204 0.0432632 -0.261561 -0.00522847 0.04309 </float_array>
          <technique_common>
            <accessor count="49" offset="0" source="#meshId13-positions-array" stride="3">
              <param name="X" type="float" />
              <param name="Y" type="float" />
              <param name="Z" type="float" />
            </accessor>
          </technique_common>
        </source>
        <source id="meshId13-normals" name="meshId13-normals">
          <float_array id="meshId13-normals-array" count="147"> -0.2947 0.9553 0.0248 -0.1226 0.9924 0.0137 -0.0913 0.9953 0.0338 -0.2537 0.9663 0.0437 0.0593 0.9982 0.0091 0.0607 0.9981 0.0085 -0.0489 0.9983 0.0314 -0.0544 0.9985 0.0051 -0.0519 0.9986 0.0076 -0.0267 0.9996 0.0051 0.0175 0.9986 -0.0493 0.1027 0.9947 -0.004 -0.0755 0.9961 0.0448 -0.2484 0.9677 0.0438 0.0986 0.9946 0.0326 -0.0214 0.9997 -0.0123 -0.0296 0.9983 -0.0505 0.1068 0.9938 -0.0321 -0.0666 0.9976 0.0184 -0.2018 0.9793 0.018 0.1204 0.992 0.0369 0.0636 0.9976 0.0261 0.0079 0.9998 -0.0195 0.0609 0.9977 -0.0308 -0.0871 0.9948 -0.0536 -0.1751 0.9828 -0.0581 0.0774 0.9969 -0.0132 0.0583 0.9979 0.0276 0.03 0.9985 0.046 0.0668 0.9966 0.0471 -0.0716 0.9952 -0.066 -0.091 0.9946 -0.0504 0.0128 0.9977 -0.0666 -0.0074 0.999 -0.0437 -0.0017 1 -0.0046 0.0548 0.9985 0.0071 -0.0525 0.9986 0.0005 -0.095 0.9955 -0.0002 0.0427 0.9989 -0.0187 -0.0229 0.9985 -0.0499 -0.0191 0.9991 -0.0389 0.0476 0.9963 -0.0713 -0.0641 0.9974 0.0344 -0.1517 0.9883 0.0134 0.0718 0.9969 0.0337 -0.0036 0.9999 -0.0106 -0.0041 1 0.0001 -0.0041 1 0.0001 0.0918 0.9949 -0.0429 </float_array>
          <technique_common>
            <accessor count="49" offset="0" source="#meshId13-normals-array" stride="3">
              <param name="X" type="float" />
              <param name="Y" type="float" />
              <param name="Z" type="float" />
            </accessor>
          </technique_common>
        </source>
        <source id="meshId13-tangents" name="meshId13-tangents">
          <float_array id="meshId13-tangents-array" count="147"> 0.955432 0.294066 0.0259858 0.992278 0.122299 0.0206918 0.995659 0.0906108 0.021266 0.967148 0.252649 0.028155 0.998099 -0.0594426 0.016304 0.998017 -0.0608324 0.0161423 0.998633 0.0482867 0.0200178 0.998355 0.0542982 0.0183867 0.998391 0.0517121 0.0232642 0.999376 0.0265753 0.0232713 0.999706 -0.0166481 0.0176488 0.994476 -0.102587 0.0222233 0.996978 0.0745916 0.0216785 0.968542 0.247402 0.0268166 0.994946 -0.0991528 0.0158179 0.999635 0.0215984 0.0162399 0.999317 0.0306737 0.0206286 0.994032 -0.105992 0.0257961 0.997608 0.0662355 0.0197906 0.979311 0.201449 0.019214 0.992484 -0.121112 0.0175515 0.997783 -0.0640818 0.0179699 0.999789 -0.00752748 0.0190953 0.997914 -0.0601923 0.0233469 0.995934 0.0881886 0.0183614 0.984217 0.176276 0.0156288 0.996798 -0.077112 0.0211523 0.998056 -0.0588743 0.0204358 0.999336 -0.0309143 0.019301 0.997531 -0.0677379 0.018524 0.997175 0.0729338 0.0179693 0.99561 0.0919716 0.0173501 0.999704 -0.0113921 0.0214766 0.999757 0.00829903 0.0204241 0.999818 0.00178709 0.0189993 0.99829 -0.0549308 0.0200123 0.998394 0.0524785 0.0213228 0.995271 0.0949822 0.0203403 0.998822 -0.0422502 0.0238518 0.999527 0.0238915 0.0193678 0.99968 0.0197272 0.0158231 0.998776 -0.0465163 0.016796 0.997738 0.0633455 0.0225053 0.988096 0.151291 0.0278833 0.997103 -0.0725836 0.022747 0.999803 0.00380601 0.0194665 0.999826 0.0040985 0.018179 0.999893 0.00409549 0.0140403 0.995684 -0.0911091 0.0176983 </float_array>
          <technique_common>
            <accessor count="49" offset="0" source="#meshId13-tangents-array" stride="3">
              <param name="X" type="float" />
              <param name="Y" type="float" />
              <param name="Z" type="float" />
            </accessor>
          </technique_common>
        </source>
        <source id="meshId13-bitangents" name="meshId13-bitangents">
          <float_array id="meshId13-bitangents-array" count="147"> 0.0175314 0.0313527 -0.999385 0.018859 0.016131 -0.99973 0.0181034 0.0355949 -0.999252 0.0161654 0.0494073 -0.998653 0.0168156 0.00811587 -0.999827 0.0166287 0.00750331 -0.999814 0.0184676 0.0323359 -0.999296 0.0180822 0.00609185 -0.999812 0.0228387 0.00879519 -0.999677 0.0231264 0.00571816 -0.999686 0.0168033 -0.0495943 -0.998597 0.0216952 -0.00626024 -0.999741 0.0182522 0.0463014 -0.998722 0.0151142 0.0490834 -0.998712 0.0189649 0.0308756 -0.99935 0.0165007 -0.011948 -0.999797 0.0221426 -0.0498549 -0.998526 0.0222338 -0.0346635 -0.999189 0.0185244 0.019674 -0.999625 0.0151902 0.021505 -0.999691 0.0218801 0.0345095 -0.999126 0.0195993 0.0248992 -0.999464 0.0189447 -0.0196467 -0.999649 0.0214393 -0.0321576 -0.999284 0.0229928 -0.0517828 -0.998437 0.0256017 -0.0544464 -0.998154 0.0200688 -0.0147949 -0.999677 0.0220179 0.0263549 -0.999393 0.0206941 0.0453904 -0.998764 0.0216514 0.0457463 -0.998664 0.0226967 -0.0645269 -0.997611 0.0218918 -0.0485999 -0.998604 0.0206685 -0.0668552 -0.997551 0.0207663 -0.0435382 -0.998819 0.0190076 -0.00456686 -0.999821 0.0203723 0.00599118 -0.999802 0.0212667 0.00161864 -0.999752 0.0202678 0.00173328 -0.999816 0.0230355 -0.0196964 -0.999528 0.0205309 -0.0494329 -0.998575 0.0165763 -0.0385853 -0.999157 0.0134172 -0.0720122 -0.997295 0.0202677 0.0357648 -0.999204 0.0255297 0.0174704 -0.999486 0.0251226 0.0319691 -0.999223 0.0195049 -0.0105278 -0.999717 0.0181786 0.000174516 -0.999843 0.0140399 0.000157555 -0.99991 0.0136994 -0.0443395 -0.998969 </float_array>
          <technique_common>
            <accessor count="49" offset="0" source="#meshId13-bitangents-array" stride="3">
              <param name="X" type="float" />
              <param name="Y" type="float" />
              <param name="Z" type="float" />
            </accessor>
          </technique_common>
        </source>
        <source id="meshId13-tex0" name="meshId13-tex0">
          <float_array id="meshId13-tex0-array" count="98"> 0.7629 0.0105 0.7784 0.0089 0.7779 0.0478 0.7623 0.0489 0.807 0.0092 0.8063 0.0482 0.8354 0.0062 0.8347 0.0487 0.8643 0.0038 0.8634 0.0493 0.899 0.0055 0.8978 0.0501 0.7772 0.0868 0.7613 0.0852 0.8057 0.0872 0.8341 0.0877 0.8626 0.0881 0.8969 0.0889 0.7765 0.1257 0.7602 0.1256 0.8048 0.1262 0.8334 0.1267 0.8617 0.1272 0.896 0.1279 0.7758 0.1645 0.7586 0.1658 0.804 0.1651 0.8325 0.1657 0.8608 0.1663 0.8944 0.167 0.7748 0.2036 0.7573 0.2022 0.8032 0.2041 0.8316 0.2048 0.86 0.2053 0.8925 0.206 0.7739 0.2426 0.7564 0.2426 0.8023 0.2433 0.8308 0.244 0.8593 0.2444 0.8922 0.2448 0.7732 0.2801 0.7567 0.2769 0.8015 0.2794 0.8299 0.2767 0.8589 0.2751 0.8589 0.2751 0.8929 0.276 </float_array>
          <technique_common>
            <accessor count="49" offset="0" source="#meshId13-tex0-array" stride="2">
              <param name="S" type="float" />
              <param name="T" type="float" />
            </accessor>
          </technique_common>
        </source>
        <vertices id="meshId13-vertices">
          <input semantic="POSITION" source="#meshId13-positions" />
        </vertices>
        <polylist count="70" material="defaultMaterial">
          <input offset="0" semantic="VERTEX" source="#meshId13-vertices" />
          <input offset="0" semantic="NORMAL" source="#meshId13-normals" />
          <input offset="0" semantic="TANGENT" source="#meshId13-tangents" />
          <input offset="0" semantic="BINORMAL" source="#meshId13-bitangents" />
          <input offset="0" semantic="TEXCOORD" source="#meshId13-tex0" set="0" />
          <vcount>3 3 3 3 3 3 3 3 3 3 3 3 3 3 3 3 3 3 3 3 3 3 3 3 3 3 3 3 3 3 3 3 3 3 3 3 3 3 3 3 3 3 3 3 3 3 3 3 3 3 3 3 3 3 3 3 3 3 3 3 3 3 3 3 3 3 3 3 3 3 </vcount>
          <p>0 1 2 2 3 0 1 4 5 5 2 1 4 6 7 7 5 4 6 8 9 9 7 6 8 10 11 11 9 8 3 2 12 12 13 3 2 5 14 14 12 2 5 7 15 15 14 5 7 9 16 16 15 7 9 11 17 17 16 9 13 12 18 18 19 13 12 14 20 20 18 12 14 15 21 21 20 14 15 16 22 22 21 15 16 17 23 23 22 16 19 18 24 24 25 19 18 20 26 26 24 18 20 21 27 27 26 20 21 22 28 28 27 21 22 23 29 29 28 22 25 24 30 30 31 25 24 26 32 32 30 24 26 27 33 33 32 26 27 28 34 34 33 27 28 29 35 35 34 28 31 30 36 36 37 31 30 32 38 38 36 30 32 33 39 39 38 32 33 34 40 40 39 33 34 35 41 41 40 34 37 36 42 42 43 37 36 38 44 44 42 36 38 39 45 45 44 38 39 40 46 47 45 39 40 41 48 48 46 40 </p>
        </polylist>
      </mesh>
    </geometry>
    <geometry id="meshId14" name="meshId14_name" >
      <mesh>
        <source id="meshId14-positions" name="meshId14-positions">
          <float_array id="meshId14-positions-array" count="144"> -0.157084 -0.00385024 0.248256 -0.136625 0.000602517 0.246973 -0.137216 0.00175192 0.218474 -0.15601 -0.00186214 0.218894 -0.115197 -0.000629811 0.246927 -0.115242 -0.000561582 0.218474 -0.0933688 -0.00206263 0.248258 -0.093267 -2.51934e-05 0.218474 -0.0714262 -0.0019755 0.249329 -0.071293 0.000517493 0.218474 -0.0521436 -0.00454723 0.25044 -0.0508661 -0.00354478 0.218327 -0.137216 0.0024783 0.188203 -0.155095 -0.000337999 0.18773 -0.115242 0.000101818 0.188203 -0.093267 0.0013373 0.188203 -0.071293 0.00142862 0.188203 -0.0501271 -0.00239748 0.188413 -0.137216 0.00274387 0.157933 -0.155202 -0.000279217 0.157921 -0.115242 0.000955211 0.157933 -0.093267 0.00233974 0.157933 -0.071293 0.0014874 0.157933 -0.0500127 -0.0019965 0.15793 -0.137216 0.00241952 0.127661 -0.155439 -0.000937368 0.128 -0.115242 0.00100245 0.127661 -0.093267 0.00203848 0.127661 -0.071293 0.00122708 0.127661 -0.0499214 -0.00151574 0.127654 -0.137216 0.000815603 0.0973901 -0.155875 -0.00108642 0.0968212 -0.115242 -0.000381036 0.0973901 -0.093267 -0.000109168 0.0973901 -0.071293 0.000719032 0.0973901 -0.0509207 -0.00332225 0.0978226 -0.137216 0.00130895 0.0671183 -0.157098 -0.00176767 0.0670627 -0.115242 0.000217283 0.0671183 -0.093267 -0.000487054 0.0671183 -0.071293 0.000981453 0.0671183 -0.0517363 -0.00242792 0.067112 -0.137164 0.000398879 0.0375582 -0.15812 -0.00292232 0.0393248 -0.116192 0.00103289 0.0376506 -0.0932345 3.67378e-05 0.0387433 -0.071252 0.000557381 0.0401037 -0.0533539 -0.000716935 0.0412373 </float_array>
          <technique_common>
            <accessor count="48" offset="0" source="#meshId14-positions-array" stride="3">
              <param name="X" type="float" />
              <param name="Y" type="float" />
              <param name="Z" type="float" />
            </accessor>
          </technique_common>
        </source>
        <source id="meshId14-normals" name="meshId14-normals">
          <float_array id="meshId14-normals-array" count="144"> -0.2013 0.9783 0.0497 -0.0683 0.9972 0.0309 -0.0449 0.9984 0.0346 -0.1825 0.9821 0.0456 0.0418 0.9989 0.0225 0.0322 0.9993 0.0209 0.0221 0.9971 0.0722 -0.0136 0.9989 0.0448 0.0759 0.9949 0.066 0.0857 0.9948 0.0554 0.1301 0.9908 0.0361 0.1838 0.9815 0.0531 -0.0301 0.9993 0.0227 -0.158 0.9871 0.025 0.0248 0.9994 0.0261 -0.0227 0.9993 0.0309 0.0834 0.9963 0.0199 0.181 0.9832 0.0241 -0.0434 0.9991 -0.0001 -0.1685 0.9857 -0.0057 0.0134 0.9999 0.0102 -0.0116 0.9999 0.011 0.0927 0.9957 0.0051 0.1648 0.9863 0.0113 -0.0587 0.9978 -0.0323 -0.1676 0.9855 -0.0275 0.0138 0.9995 -0.0277 -0.0141 0.9994 -0.0305 0.0889 0.9958 -0.0201 0.134 0.9905 -0.0313 -0.0313 0.9995 -0.0098 -0.1114 0.9938 0.0006 0.0264 0.9995 -0.0189 -0.0314 0.9989 -0.0347 0.0844 0.9964 -0.0097 0.1809 0.9835 -0.0068 -0.0551 0.9985 -0.0039 -0.1542 0.9877 -0.0247 0.0423 0.9989 0.0213 -0.0172 0.9998 0.003 0.046 0.9989 0.0041 0.1761 0.9838 0.0336 -0.092 0.9952 -0.0321 -0.1594 0.9866 -0.0352 0.0214 0.9997 0.0086 0.0077 0.9998 0.0209 0.0126 0.9999 -0.0054 0.1118 0.9937 0.0123 </float_array>
          <technique_common>
            <accessor count="48" offset="0" source="#meshId14-normals-array" stride="3">
              <param name="X" type="float" />
              <param name="Y" type="float" />
              <param name="Z" type="float" />
            </accessor>
          </technique_common>
        </source>
        <source id="meshId14-tangents" name="meshId14-tangents">
          <float_array id="meshId14-tangents-array" count="144"> -0.979444 -0.200342 -0.023488 -0.997508 -0.0677066 -0.0198301 -0.998843 -0.0442699 -0.0187587 -0.983116 -0.181675 -0.0218436 -0.999012 0.0421233 -0.0141436 -0.999364 0.0325091 -0.0146826 -0.999628 0.0231944 -0.0143402 -0.9998 -0.0129284 -0.0152486 -0.996957 0.0769046 -0.0127776 -0.996158 0.0865581 -0.0133071 -0.991403 0.130517 -0.00927773 -0.982803 0.184481 -0.00808477 -0.999423 -0.0297305 -0.016429 -0.987347 -0.157594 -0.0175945 -0.999561 0.0252105 -0.0155662 -0.999632 -0.0222263 -0.0155627 -0.996389 0.0836925 -0.0142664 -0.983345 0.181329 -0.0123111 -0.998924 -0.043394 -0.0163488 -0.985552 -0.16857 -0.0164983 -0.999808 0.0135429 -0.0141261 -0.99983 -0.0114397 -0.014493 -0.995582 0.0927636 -0.0145636 -0.986202 0.164945 -0.0140713 -0.998133 -0.0592056 -0.0150132 -0.985738 -0.167941 -0.0107683 -0.999784 0.0133635 -0.0158925 -0.999795 -0.0145361 -0.0141082 -0.995942 0.0885928 -0.0158463 -0.990901 0.133518 -0.0169644 -0.999415 -0.0314294 -0.0134658 -0.993721 -0.111385 -0.0105716 -0.99951 0.026073 -0.0173058 -0.999363 -0.0319665 -0.0158884 -0.996324 0.0842425 -0.0155252 -0.983377 0.180758 -0.0172002 -0.99838 -0.0551481 -0.0139933 -0.987871 -0.154591 -0.0145822 -0.998988 0.0426113 -0.014423 -0.999724 -0.0171504 -0.016077 -0.9988 0.0460638 -0.0166656 -0.984141 0.176695 -0.0156435 -0.995592 -0.0925301 -0.0153118 -0.986992 -0.160018 -0.0155399 -0.999665 0.0215231 -0.0144026 -0.999856 0.00801302 -0.0149533 -0.999755 0.0124995 -0.0182727 -0.993543 0.112006 -0.0180866 </float_array>
          <technique_common>
            <accessor count="48" offset="0" source="#meshId14-tangents-array" stride="3">
              <param name="X" type="float" />
              <param name="Y" type="float" />
              <param name="Z" type="float" />
            </accessor>
          </technique_common>
        </source>
        <source id="meshId14-bitangents" name="meshId14-bitangents">
          <float_array id="meshId14-bitangents-array" count="144"> -0.0130213 -0.0534065 0.998519 -0.0176825 -0.0321774 0.99934 -0.0171969 -0.0354022 0.999233 -0.0131682 -0.0488165 0.998674 -0.0150758 -0.0218866 0.999674 -0.0153518 -0.0204139 0.999711 -0.0159732 -0.0718562 0.997242 -0.0146526 -0.0449984 0.998876 -0.0177881 -0.0648293 0.997709 -0.0180332 -0.0540467 0.998396 -0.013904 -0.0345826 0.999262 -0.0177312 -0.0507008 0.998529 -0.0157426 -0.0231814 0.999618 -0.0134277 -0.0274636 0.99951 -0.0162149 -0.0257025 0.999586 -0.014865 -0.0312419 0.999437 -0.0158791 -0.0186383 0.999683 -0.0164743 -0.0214703 0.999646 -0.0163384 -0.000609644 0.999909 -0.0172232 0.00283768 0.999862 -0.0142628 -0.0100088 0.99989 -0.0143657 -0.0111662 0.999862 -0.0149741 -0.00372742 0.9999 -0.0157424 -0.00882514 0.999874 -0.0168925 0.0313584 0.999412 -0.0152305 0.025303 0.999592 -0.0155144 0.0279133 0.999469 -0.0145431 0.0302948 0.9994 -0.013999 0.0214272 0.999635 -0.0126241 0.0332884 0.999379 -0.013767 0.00937279 0.999899 -0.0104392 -0.00177391 0.999968 -0.0168043 0.0193476 0.999699 -0.0169801 0.034179 0.999267 -0.0146521 0.0109747 0.999848 -0.0156872 0.00979847 0.999851 -0.0141874 0.00312265 0.999921 -0.0182212 0.0221518 0.999558 -0.0153147 -0.0206683 0.999691 -0.0160224 -0.0032757 0.999819 -0.0168361 -0.00332846 0.99982 -0.021327 -0.0303123 0.999314 -0.0182085 0.0305498 0.999326 -0.0209642 0.0322651 0.999273 -0.0145834 -0.0082889 0.999825 -0.0151178 -0.0207819 0.999718 -0.0182034 0.00562891 0.999812 -0.0193503 -0.0101985 0.999806 </float_array>
          <technique_common>
            <accessor count="48" offset="0" source="#meshId14-bitangents-array" stride="3">
              <param name="X" type="float" />
              <param name="Y" type="float" />
              <param name="Z" type="float" />
            </accessor>
          </technique_common>
        </source>
        <source id="meshId14-tex0" name="meshId14-tex0">
          <float_array id="meshId14-tex0-array" count="96"> 0.1442 0.2771 0.1173 0.2748 0.1186 0.2381 0.1433 0.2392 0.0896 0.2743 0.0902 0.2377 0.0614 0.2757 0.062 0.2373 0.0331 0.2766 0.0337 0.2368 0.0081 0.2778 0.0069 0.2364 0.1193 0.1992 0.1426 0.199 0.0908 0.1988 0.0625 0.1983 0.0343 0.1979 0.0066 0.1978 0.1198 0.1602 0.1433 0.1606 0.0915 0.1598 0.0631 0.1594 0.0348 0.159 0.0071 0.1586 0.1204 0.1213 0.1442 0.122 0.0921 0.1208 0.0637 0.1204 0.0354 0.12 0.0076 0.1195 0.1211 0.0823 0.1453 0.0818 0.0927 0.0818 0.0644 0.0813 0.036 0.0809 0.0092 0.081 0.1216 0.0432 0.1475 0.0435 0.0933 0.0428 0.065 0.0424 0.0366 0.0419 0.0111 0.0415 0.1222 0.0051 0.1495 0.0078 0.0952 0.0048 0.0655 0.0058 0.0372 0.0071 0.014 0.0081 </float_array>
          <technique_common>
            <accessor count="48" offset="0" source="#meshId14-tex0-array" stride="2">
              <param name="S" type="float" />
              <param name="T" type="float" />
            </accessor>
          </technique_common>
        </source>
        <vertices id="meshId14-vertices">
          <input semantic="POSITION" source="#meshId14-positions" />
        </vertices>
        <polylist count="70" material="defaultMaterial">
          <input offset="0" semantic="VERTEX" source="#meshId14-vertices" />
          <input offset="0" semantic="NORMAL" source="#meshId14-normals" />
          <input offset="0" semantic="TANGENT" source="#meshId14-tangents" />
          <input offset="0" semantic="BINORMAL" source="#meshId14-bitangents" />
          <input offset="0" semantic="TEXCOORD" source="#meshId14-tex0" set="0" />
          <vcount>3 3 3 3 3 3 3 3 3 3 3 3 3 3 3 3 3 3 3 3 3 3 3 3 3 3 3 3 3 3 3 3 3 3 3 3 3 3 3 3 3 3 3 3 3 3 3 3 3 3 3 3 3 3 3 3 3 3 3 3 3 3 3 3 3 3 3 3 3 3 </vcount>
          <p>0 1 2 2 3 0 1 4 5 5 2 1 4 6 7 7 5 4 6 8 9 9 7 6 8 10 11 11 9 8 3 2 12 12 13 3 2 5 14 14 12 2 5 7 15 15 14 5 7 9 16 16 15 7 9 11 17 17 16 9 13 12 18 18 19 13 12 14 20 20 18 12 14 15 21 21 20 14 15 16 22 22 21 15 16 17 23 23 22 16 19 18 24 24 25 19 18 20 26 26 24 18 20 21 27 27 26 20 21 22 28 28 27 21 22 23 29 29 28 22 25 24 30 30 31 25 24 26 32 32 30 24 26 27 33 33 32 26 27 28 34 34 33 27 28 29 35 35 34 28 31 30 36 36 37 31 30 32 38 38 36 30 32 33 39 39 38 32 33 34 40 40 39 33 34 35 41 41 40 34 37 36 42 42 43 37 36 38 44 44 42 36 38 39 45 45 44 38 39 40 46 46 45 39 40 41 47 47 46 40 </p>
        </polylist>
      </mesh>
    </geometry>
    <geometry id="meshId15" name="meshId15_name" >
      <mesh>
        <source id="meshId15-positions" name="meshId15-positions">
          <float_array id="meshId15-positions-array" count="144"> 0.0549325 -0.00292337 0.251601 0.0790636 -0.00548774 0.252135 0.0790636 -0.00559586 0.218474 0.0533506 -0.0041431 0.221648 0.101038 -0.00577326 0.253118 0.101038 -0.00619208 0.218474 0.122947 -0.00176347 0.253571 0.123013 -0.00462071 0.218474 0.145142 0.000657101 0.253445 0.144987 -0.0028121 0.218474 0.158296 -0.000619314 0.251741 0.158143 -0.00342617 0.218819 0.0790636 -0.00468684 0.188203 0.0528698 -0.00364765 0.188119 0.101038 -0.00595065 0.188203 0.123013 -0.00450209 0.188203 0.144987 -0.00377151 0.188203 0.157692 -0.00475297 0.188949 0.0790636 -0.00246046 0.157933 0.0530483 -0.00255598 0.157827 0.101038 -0.00514555 0.157933 0.123013 -0.00416724 0.157933 0.144987 -0.00252659 0.157933 0.15684 -0.0038072 0.157404 0.0790636 0.00106333 0.127661 0.053167 -0.00244156 0.127624 0.101038 -0.00166795 0.127661 0.123013 -0.00172043 0.127661 0.144987 -0.00212876 0.127661 0.157376 -0.00369069 0.126008 0.0790636 -0.000658152 0.0973901 0.0531155 -0.00248565 0.0974521 0.101038 -0.00126487 0.0973901 0.123013 0.0013331 0.0973901 0.144987 0.000836596 0.0973901 0.157185 -0.00260321 0.0976672 0.0790636 -0.0023198 0.0671183 0.0532225 -0.00289923 0.0671792 0.101038 -0.00219909 0.0671183 0.123013 0.000331699 0.0671183 0.144987 -0.00152204 0.0671183 0.158931 -0.00171833 0.0665977 0.0789062 -0.00319524 0.0428654 0.0555497 -0.00154408 0.0416782 0.101111 -0.00274282 0.0432769 0.122099 -0.000592022 0.0445491 0.146644 -0.000326452 0.0441911 0.159519 -0.0034881 0.0421883 </float_array>
          <technique_common>
            <accessor count="48" offset="0" source="#meshId15-positions-array" stride="3">
              <param name="X" type="float" />
              <param name="Y" type="float" />
              <param name="Z" type="float" />
            </accessor>
          </technique_common>
        </source>
        <source id="meshId15-normals" name="meshId15-normals">
          <float_array id="meshId15-normals-array" count="144"> 0.0831 0.9963 -0.0199 0.0612 0.9981 -0.0061 0.0501 0.9987 0.0055 0.0509 0.9986 -0.0122 -0.0653 0.9973 -0.0347 -0.0228 0.9997 -0.0013 -0.1381 0.9867 -0.0861 -0.0815 0.9961 -0.0328 -0.02 0.9954 -0.0937 -0.0173 0.9978 -0.0648 0.0853 0.9927 -0.085 0.0526 0.9961 -0.0709 0.057 0.9975 0.0423 0.0297 0.9989 0.0355 -0.0051 0.9998 0.0183 -0.0542 0.9985 0.0126 0.0191 0.9998 0.0081 0.073 0.9973 -0.0052 0.0637 0.994 0.089 -0.0334 0.9982 0.0506 0.0365 0.9967 0.0721 -0.0523 0.9979 0.038 0.0223 0.9995 0.0214 0.1042 0.9943 0.0212 -0.0005 0.9997 0.0246 -0.1197 0.9927 -0.0141 0.0507 0.9957 0.0772 0.0062 0.9954 0.0951 0.0733 0.9959 0.0536 0.1263 0.9917 0.0253 -0.032 0.9985 -0.0446 -0.0595 0.998 -0.0188 -0.0351 0.9992 -0.0196 -0.0294 0.9995 0.014 0.1286 0.9912 0.0313 0.2525 0.9656 0.0615 -0.0211 0.9991 -0.038 -0.0012 1 -0.002 -0.055 0.998 -0.0322 -0.027 0.9994 -0.0233 0.0601 0.9979 -0.0239 0.0432 0.9972 -0.0603 0.0018 0.9999 -0.0117 0.0674 0.996 0.0591 -0.0558 0.9981 -0.0265 -0.0613 0.9975 -0.0346 0.1522 0.9875 0.0411 0.1642 0.9863 0.0179 </float_array>
          <technique_common>
            <accessor count="48" offset="0" source="#meshId15-normals-array" stride="3">
              <param name="X" type="float" />
              <param name="Y" type="float" />
              <param name="Z" type="float" />
            </accessor>
          </technique_common>
        </source>
        <source id="meshId15-tangents" name="meshId15-tangents">
          <float_array id="meshId15-tangents-array" count="144"> 0.996464 -0.0828324 0.0140828 0.998026 -0.0611069 0.0144894 0.998655 -0.0501697 0.0130615 0.998632 -0.0507476 0.0126095 0.997777 0.0657165 0.0110741 0.999637 0.0228172 0.0143571 0.990188 0.139419 0.00952052 0.996539 0.0819874 0.0137094 0.999581 0.0218673 0.0189446 0.999691 0.0184166 0.016689 0.99612 -0.0831192 0.0289013 0.998461 -0.0512102 0.021278 0.998269 -0.0575579 0.0121216 0.999426 -0.0302576 0.0152511 0.999884 0.00483549 0.0144745 0.998387 0.0539717 0.0176105 0.999681 -0.0192303 0.0163615 0.997201 -0.0729064 0.0165649 0.997816 -0.0649958 0.0117406 0.999329 0.032589 0.0167427 0.999221 -0.0374857 0.0123494 0.998486 0.0516062 0.0190264 0.99959 -0.0226766 0.0174952 0.99442 -0.104518 0.0143446 0.999882 0.000122542 0.0153429 0.992622 0.119943 0.0177453 0.998581 -0.0518019 0.0123195 0.999844 -0.00774197 0.0158499 0.997086 -0.0743148 0.0172341 0.991795 -0.126739 0.0167175 0.999343 0.0327223 0.0155651 0.998135 0.0597447 0.0125628 0.99924 0.0354208 0.016285 0.999447 0.0291753 0.0159281 0.991553 -0.129055 0.0129526 0.96725 -0.253604 0.0105598 0.999681 0.0216093 0.0130676 0.999914 0.00122597 0.0130369 0.998378 0.0554384 0.0129427 0.999516 0.0273491 0.0148393 0.998066 -0.0596948 0.0173367 0.998955 -0.0422182 0.0174937 0.99992 -0.0016535 0.012524 0.99756 -0.0683507 0.0142427 0.998343 0.0561486 0.012619 0.997987 0.0618212 0.0141628 0.988128 -0.152915 0.0148447 0.986272 -0.164464 0.0148208 </float_array>
          <technique_common>
            <accessor count="48" offset="0" source="#meshId15-tangents-array" stride="3">
              <param name="X" type="float" />
              <param name="Y" type="float" />
              <param name="Z" type="float" />
            </accessor>
          </technique_common>
        </source>
        <source id="meshId15-bitangents" name="meshId15-bitangents">
          <float_array id="meshId15-bitangents-array" count="144"> 0.0123823 -0.0209999 -0.99966 0.0140892 -0.00697471 -0.99987 0.0133204 0.00483822 -0.999871 0.0119727 -0.0128251 -0.999817 0.0133246 -0.0338997 -0.999374 0.0143825 -0.000972185 -0.999857 0.0213979 -0.0839404 -0.996272 0.0163451 -0.0315692 -0.999335 0.0209065 -0.0932819 -0.995421 0.0178457 -0.0644913 -0.99781 0.0216252 -0.0871355 -0.995939 0.0175643 -0.0719101 -0.997261 0.014526 0.0415358 -0.999054 0.0163085 0.0350267 -0.999225 0.0143831 0.0183717 -0.999708 0.016904 0.0135342 -0.999815 0.016514 0.00778491 -0.999848 0.0161411 -0.00639469 -0.999831 0.0174548 0.0880578 -0.99597 0.0150636 0.0511252 -0.998618 0.0150113 0.0715931 -0.997292 0.0170254 0.0389376 -0.999088 0.0179717 0.0210011 -0.999596 0.0164786 0.019587 -0.999642 0.0153353 0.0246048 -0.999582 0.0193069 -0.0118719 -0.999733 0.0162657 0.0764659 -0.996914 0.0165132 0.0949869 -0.995293 0.0211467 0.0521805 -0.998445 0.0197852 0.022981 -0.99957 0.0170012 -0.0440726 -0.998891 0.0136609 -0.0180174 -0.999693 0.0169662 -0.0190135 -0.999684 0.0155117 0.0144605 -0.999805 0.016878 0.0293699 -0.999424 0.0257932 0.0568195 -0.998012 0.013877 -0.0377122 -0.999237 0.0130394 -0.00198418 -0.999916 0.0147019 -0.0314359 -0.999431 0.0154676 -0.0228881 -0.999654 0.0158736 -0.0248957 -0.999558 0.014899 -0.0609927 -0.997982 0.0125034 -0.0117216 -0.999823 0.0182253 0.0579958 -0.998176 0.014083 -0.0257519 -0.999579 0.0162664 -0.0336622 -0.999281 0.0209439 0.0383527 -0.99905 0.0175616 0.0152207 -0.999765 </float_array>
          <technique_common>
            <accessor count="48" offset="0" source="#meshId15-bitangents-array" stride="3">
              <param name="X" type="float" />
              <param name="Y" type="float" />
              <param name="Z" type="float" />
            </accessor>
          </technique_common>
        </source>
        <source id="meshId15-tex0" name="meshId15-tex0">
          <float_array id="meshId15-tex0-array" count="96"> 0.1609 0.0065 0.1922 0.0063 0.1916 0.0497 0.1584 0.0452 0.2205 0.0054 0.2199 0.0501 0.2493 0.005 0.2484 0.0505 0.278 0.0055 0.2769 0.0509 0.295 0.0082 0.2939 0.0508 0.191 0.0888 0.1572 0.0884 0.2194 0.0891 0.2478 0.0896 0.2762 0.0901 0.2927 0.0894 0.1904 0.1279 0.1568 0.1275 0.2188 0.1281 0.2471 0.1286 0.2755 0.1292 0.2908 0.1301 0.1898 0.167 0.1563 0.1664 0.2182 0.1673 0.2465 0.1677 0.2748 0.1682 0.2909 0.1706 0.1893 0.2058 0.1558 0.2053 0.2175 0.2063 0.2459 0.2068 0.2739 0.2072 0.2901 0.207 0.1887 0.2448 0.1554 0.2443 0.2169 0.2452 0.2454 0.2455 0.2738 0.246 0.2917 0.247 0.1881 0.2761 0.1579 0.2772 0.2166 0.2759 0.2438 0.2746 0.2754 0.2756 0.2924 0.2784 </float_array>
          <technique_common>
            <accessor count="48" offset="0" source="#meshId15-tex0-array" stride="2">
              <param name="S" type="float" />
              <param name="T" type="float" />
            </accessor>
          </technique_common>
        </source>
        <vertices id="meshId15-vertices">
          <input semantic="POSITION" source="#meshId15-positions" />
        </vertices>
        <polylist count="70" material="defaultMaterial">
          <input offset="0" semantic="VERTEX" source="#meshId15-vertices" />
          <input offset="0" semantic="NORMAL" source="#meshId15-normals" />
          <input offset="0" semantic="TANGENT" source="#meshId15-tangents" />
          <input offset="0" semantic="BINORMAL" source="#meshId15-bitangents" />
          <input offset="0" semantic="TEXCOORD" source="#meshId15-tex0" set="0" />
          <vcount>3 3 3 3 3 3 3 3 3 3 3 3 3 3 3 3 3 3 3 3 3 3 3 3 3 3 3 3 3 3 3 3 3 3 3 3 3 3 3 3 3 3 3 3 3 3 3 3 3 3 3 3 3 3 3 3 3 3 3 3 3 3 3 3 3 3 3 3 3 3 </vcount>
          <p>0 1 2 2 3 0 1 4 5 5 2 1 4 6 7 7 5 4 6 8 9 9 7 6 8 10 11 11 9 8 3 2 12 12 13 3 2 5 14 14 12 2 5 7 15 15 14 5 7 9 16 16 15 7 9 11 17 17 16 9 13 12 18 18 19 13 12 14 20 20 18 12 14 15 21 21 20 14 15 16 22 22 21 15 16 17 23 23 22 16 19 18 24 24 25 19 18 20 26 26 24 18 20 21 27 27 26 20 21 22 28 28 27 21 22 23 29 29 28 22 25 24 30 30 31 25 24 26 32 32 30 24 26 27 33 33 32 26 27 28 34 34 33 27 28 29 35 35 34 28 31 30 36 36 37 31 30 32 38 38 36 30 32 33 39 39 38 32 33 34 40 40 39 33 34 35 41 41 40 34 37 36 42 42 43 37 36 38 44 44 42 36 38 39 45 45 44 38 39 40 46 46 45 39 40 41 47 47 46 40 </p>
        </polylist>
      </mesh>
    </geometry>
    <geometry id="meshId16" name="meshId16_name" >
      <mesh>
        <source id="meshId16-positions" name="meshId16-positions">
          <float_array id="meshId16-positions-array" count="144"> 0.263053 -0.0043121 0.248586 0.283369 -0.00287718 0.250364 0.283369 -0.00159342 0.218474 0.263586 -0.00371588 0.219078 0.305344 -0.00440027 0.249561 0.305344 -0.0033044 0.218474 0.327318 -0.00580265 0.249565 0.327318 -0.0034755 0.218474 0.349293 -0.00402868 0.250053 0.349293 -0.00137823 0.218474 0.368353 -0.00599159 0.248173 0.369017 -0.00353428 0.218644 0.283369 -0.000748425 0.188203 0.264026 -0.00295171 0.188061 0.305344 -0.00211511 0.188203 0.327318 -0.0018191 0.188203 0.349293 0.000288662 0.188203 0.369384 -0.000575227 0.187848 0.283369 0.000403077 0.157933 0.264046 -0.0011494 0.158128 0.305344 -0.000558432 0.157933 0.327318 -0.000214136 0.157933 0.349293 0.00130685 0.157933 0.36978 -0.00020154 0.157882 0.283369 0.000630858 0.127661 0.264252 -0.000792512 0.128235 0.305344 -0.000957312 0.127661 0.327318 -0.000776767 0.127661 0.349293 0.000226731 0.127661 0.369417 -0.00102239 0.127856 0.283369 -5.77335e-05 0.0973901 0.264382 -0.00253079 0.0972232 0.305344 -0.00210986 0.0973901 0.327318 -0.00191147 0.0973901 0.349293 -0.000636109 0.0973901 0.36933 -0.00318684 0.0971025 0.283369 -0.00120294 0.0671183 0.264517 -0.00354793 0.0672904 0.305344 -0.00255913 0.0671183 0.327318 -0.00341567 0.0671183 0.349293 -0.000910076 0.0671183 0.369199 -0.00372743 0.0674196 0.283403 -0.00224737 0.0403094 0.264409 -0.00403078 0.0395064 0.305535 -0.00339258 0.0394655 0.32738 -0.00466794 0.0404385 0.349293 -0.00152204 0.039816 0.367485 -0.00334954 0.0388629 </float_array>
          <technique_common>
            <accessor count="48" offset="0" source="#meshId16-positions-array" stride="3">
              <param name="X" type="float" />
              <param name="Y" type="float" />
              <param name="Z" type="float" />
            </accessor>
          </technique_common>
        </source>
        <source id="meshId16-normals" name="meshId16-normals">
          <float_array id="meshId16-normals-array" count="144"> -0.0853 0.9958 0.0324 0.0009 0.9993 0.0387 -0.0128 0.9994 0.0324 -0.1073 0.994 0.0219 0.0562 0.9973 0.0471 0.0399 0.9984 0.0403 -0.0123 0.9969 0.0774 -0.0382 0.9975 0.0587 0.0114 0.9964 0.0841 0.0017 0.9972 0.0746 0.1104 0.9903 0.0849 0.1079 0.9901 0.09 -0.0269 0.9991 0.0342 -0.1072 0.9936 0.0343 0.0256 0.9987 0.0438 -0.0497 0.9976 0.0485 -0.0231 0.9989 0.0411 0.0551 0.9976 0.0412 -0.0183 0.9996 0.0231 -0.0786 0.9963 0.0347 0.0166 0.9997 0.0163 -0.0398 0.9991 0.0144 -0.0015 1 0.0031 0.0678 0.9977 -0.0012 0.0004 1 -0.0094 -0.0839 0.9964 -0.0112 0.0291 0.9993 -0.0224 -0.0289 0.9992 -0.0258 0.012 0.9993 -0.0362 0.0645 0.9966 -0.0514 -0.0163 0.9993 -0.0323 -0.1277 0.9907 -0.0461 0.0447 0.9986 -0.0294 -0.039 0.9985 -0.0375 0.0368 0.9991 -0.0217 0.1143 0.993 -0.0312 -0.0329 0.9988 -0.0366 -0.1176 0.9925 -0.0322 0.0557 0.9981 -0.0281 -0.0453 0.9982 -0.0395 0.0153 0.9997 -0.0175 0.1374 0.9905 -0.0042 -0.0273 0.9991 -0.0321 -0.0927 0.9955 -0.0169 0.0574 0.9978 -0.0322 -0.046 0.9981 -0.042 -0.0129 0.9995 -0.0291 0.1155 0.9932 -0.0114 </float_array>
          <technique_common>
            <accessor count="48" offset="0" source="#meshId16-normals-array" stride="3">
              <param name="X" type="float" />
              <param name="Y" type="float" />
              <param name="Z" type="float" />
            </accessor>
          </technique_common>
        </source>
        <source id="meshId16-tangents" name="meshId16-tangents">
          <float_array id="meshId16-tangents-array" count="144"> -0.995046 -0.0868117 0.0484474 -0.998618 -0.0011352 0.0525366 -0.998578 -0.0144533 0.0513215 -0.993045 -0.108219 0.046379 -0.997165 0.053703 0.0527098 -0.99788 0.0377387 0.0530292 -0.998673 -0.0161189 0.0489055 -0.998005 -0.0410422 0.0479699 -0.998597 0.0069956 0.0524803 -0.998676 -0.00214242 0.0513964 -0.992522 0.105364 0.0616274 -0.992972 0.102898 0.0584675 -0.998324 -0.0286015 0.0503158 -0.992865 -0.108805 0.0487963 -0.99831 0.023254 0.0532645 -0.99742 -0.0520921 0.0493883 -0.998494 -0.025098 0.0487879 -0.997173 0.0528717 0.0533845 -0.99859 -0.019423 0.0493966 -0.99551 -0.0802838 0.0501343 -0.998548 0.0157409 0.0515143 -0.997853 -0.0404923 0.0514792 -0.998827 -0.00164829 0.0484041 -0.996511 0.0677778 0.0486995 -0.998839 0.000852192 0.0481547 -0.995214 -0.0832243 0.051221 -0.998322 0.0301795 0.049429 -0.998222 -0.0275061 0.0528896 -0.998639 0.0138142 0.0502997 -0.996598 0.0669773 0.0480359 -0.998609 -0.0146515 0.0506523 -0.990582 -0.125095 0.0556616 -0.997802 0.046067 0.0476454 -0.997986 -0.0370464 0.0514844 -0.997971 0.0378702 0.0511869 -0.992089 0.115724 0.0486575 -0.998237 -0.0310271 0.0506044 -0.99183 -0.115783 0.0535487 -0.997266 0.0569782 0.0470528 -0.997736 -0.0432409 0.0515029 -0.998507 0.0161949 0.0521624 -0.989231 0.137437 0.0503307 -0.998384 -0.0256512 0.0507103 -0.994442 -0.0917239 0.0516936 -0.99721 0.0588478 0.0459158 -0.997711 -0.0438145 0.0515097 -0.998496 -0.0113253 0.0536402 -0.991917 0.115943 0.0515482 </float_array>
          <technique_common>
            <accessor count="48" offset="0" source="#meshId16-tangents-array" stride="3">
              <param name="X" type="float" />
              <param name="Y" type="float" />
              <param name="Z" type="float" />
            </accessor>
          </technique_common>
        </source>
        <source id="meshId16-bitangents" name="meshId16-bitangents">
          <float_array id="meshId16-bitangents-array" count="144"> 0.0510566 -0.0281069 0.998272 0.0525438 -0.0386938 0.997918 0.051759 -0.031697 0.998163 0.0484707 -0.0167712 0.998698 0.0500381 -0.0499288 0.997491 0.0514235 -0.0423304 0.997789 0.0500016 -0.0766958 0.995776 0.0502592 -0.0567505 0.997078 0.051703 -0.0845803 0.995082 0.0514123 -0.0745886 0.995876 0.0520842 -0.0910688 0.994527 0.0486279 -0.0956761 0.994244 0.0512487 -0.0327892 0.998195 0.052216 -0.0288243 0.998174 0.0521767 -0.0450895 0.997607 0.0517962 -0.0459203 0.997616 0.0497658 -0.0399111 0.997975 0.051078 -0.044025 0.997693 0.0498255 -0.0221635 0.998546 0.0527346 -0.0306037 0.998137 0.0512423 -0.0171315 0.99851 0.052016 -0.0123202 0.998566 0.0484092 -0.00302376 0.998829 0.0486688 -0.00210601 0.998815 0.0481627 0.00936983 0.99884 0.0501045 0.0154438 0.998613 0.0500704 0.020924 0.998501 0.0521376 0.0272826 0.998218 0.0507645 0.0355471 0.998105 0.0513152 0.0481268 0.997529 0.0501436 0.0330807 0.998149 0.0493771 0.0527738 0.997344 0.0489331 0.0272056 0.998464 0.0500179 0.0394324 0.997934 0.0519627 0.0197723 0.998466 0.0519275 0.0253916 0.998371 0.049408 0.0382003 0.99806 0.0494188 0.0382343 0.998007 0.0485645 0.0254023 0.998545 0.0497022 0.0417437 0.997899 0.0524302 0.0166758 0.998456 0.0504298 -0.00276066 0.998717 0.0498412 0.0334325 0.998186 0.0499109 0.0215981 0.99847 0.0477097 0.0294746 0.998394 0.0495716 0.0442733 0.997831 0.0532838 0.0297482 0.998143 0.0525194 0.00535404 0.998564 </float_array>
          <technique_common>
            <accessor count="48" offset="0" source="#meshId16-bitangents-array" stride="3">
              <param name="X" type="float" />
              <param name="Y" type="float" />
              <param name="Z" type="float" />
            </accessor>
          </technique_common>
        </source>
        <source id="meshId16-tex0" name="meshId16-tex0">
          <float_array id="meshId16-tex0-array" count="96"> 0.5809 0.9789 0.5548 0.9825 0.5527 0.9414 0.5783 0.941 0.5264 0.983 0.5243 0.943 0.4981 0.9845 0.4961 0.9444 0.4698 0.9864 0.4677 0.9457 0.445 0.9855 0.4422 0.9474 0.5507 0.9025 0.5757 0.9011 0.5223 0.904 0.4941 0.9055 0.4657 0.9068 0.4398 0.9077 0.5486 0.8636 0.5736 0.8626 0.5203 0.865 0.4921 0.8665 0.4637 0.8679 0.4374 0.8691 0.5467 0.8247 0.5714 0.8242 0.5184 0.826 0.4901 0.8275 0.4618 0.829 0.4358 0.8305 0.5447 0.7858 0.5693 0.7842 0.5164 0.7871 0.4881 0.7885 0.4598 0.79 0.4337 0.7909 0.5428 0.7468 0.5672 0.7457 0.5145 0.7481 0.4862 0.7495 0.4578 0.751 0.4319 0.7527 0.5411 0.7123 0.5655 0.71 0.5125 0.7126 0.4844 0.7151 0.4559 0.7159 0.4324 0.7159 </float_array>
          <technique_common>
            <accessor count="48" offset="0" source="#meshId16-tex0-array" stride="2">
              <param name="S" type="float" />
              <param name="T" type="float" />
            </accessor>
          </technique_common>
        </source>
        <vertices id="meshId16-vertices">
          <input semantic="POSITION" source="#meshId16-positions" />
        </vertices>
        <polylist count="70" material="defaultMaterial">
          <input offset="0" semantic="VERTEX" source="#meshId16-vertices" />
          <input offset="0" semantic="NORMAL" source="#meshId16-normals" />
          <input offset="0" semantic="TANGENT" source="#meshId16-tangents" />
          <input offset="0" semantic="BINORMAL" source="#meshId16-bitangents" />
          <input offset="0" semantic="TEXCOORD" source="#meshId16-tex0" set="0" />
          <vcount>3 3 3 3 3 3 3 3 3 3 3 3 3 3 3 3 3 3 3 3 3 3 3 3 3 3 3 3 3 3 3 3 3 3 3 3 3 3 3 3 3 3 3 3 3 3 3 3 3 3 3 3 3 3 3 3 3 3 3 3 3 3 3 3 3 3 3 3 3 3 </vcount>
          <p>0 1 2 2 3 0 1 4 5 5 2 1 4 6 7 7 5 4 6 8 9 9 7 6 8 10 11 11 9 8 3 2 12 12 13 3 2 5 14 14 12 2 5 7 15 15 14 5 7 9 16 16 15 7 9 11 17 17 16 9 13 12 18 18 19 13 12 14 20 20 18 12 14 15 21 21 20 14 15 16 22 22 21 15 16 17 23 23 22 16 19 18 24 24 25 19 18 20 26 26 24 18 20 21 27 27 26 20 21 22 28 28 27 21 22 23 29 29 28 22 25 24 30 30 31 25 24 26 32 32 30 24 26 27 33 33 32 26 27 28 34 34 33 27 28 29 35 35 34 28 31 30 36 36 37 31 30 32 38 38 36 30 32 33 39 39 38 32 33 34 40 40 39 33 34 35 41 41 40 34 37 36 42 42 43 37 36 38 44 44 42 36 38 39 45 45 44 38 39 40 46 46 45 39 40 41 47 47 46 40 </p>
        </polylist>
      </mesh>
    </geometry>
    <geometry id="meshId17" name="meshId17_name" >
      <mesh>
        <source id="meshId17-positions" name="meshId17-positions">
          <float_array id="meshId17-positions-array" count="147"> 0.473363 -0.00163016 0.252565 0.495314 -0.000484955 0.253584 0.495331 -0.000571029 0.218474 0.473357 -0.00305563 0.218474 0.517306 0.00056053 0.252366 0.517306 -7.34789e-05 0.218474 0.539294 -0.00113996 0.251873 0.53928 -0.00173303 0.218474 0.561145 -0.00107068 0.252078 0.561256 -0.00218859 0.218474 0.578353 -0.000435619 0.252076 0.57786 -0.00239118 0.218831 0.495331 -0.00221273 0.188203 0.473357 -0.00356368 0.188203 0.517306 -0.00059937 0.188203 0.53928 -0.00202379 0.188203 0.561256 -0.0028247 0.188203 0.577694 -0.00304723 0.188936 0.495331 -0.00410006 0.157933 0.473357 -0.00319104 0.157933 0.517306 -0.000736879 0.157933 0.53928 -0.00238278 0.157933 0.561256 -0.00322043 0.157933 0.577652 -0.00333169 0.157674 0.495331 -0.00352274 0.127661 0.473357 -0.0048128 0.127661 0.517306 -0.00122708 0.127661 0.53928 -0.00144436 0.127661 0.561256 -0.00283729 0.127661 0.577986 -0.00340832 0.127813 0.495331 -0.00146536 0.0973901 0.473357 -0.00287928 0.0973901 0.517306 -3.35909e-05 0.0973901 0.53928 -0.00053324 0.0973901 0.561256 -0.00109062 0.0973901 0.577677 -0.00246781 0.0979391 0.495331 -0.00169944 0.0671183 0.473357 -0.00311126 0.0671183 0.517306 0.00039258 0.0671183 0.53928 -0.00073163 0.0671183 0.561256 -0.000981455 0.0671183 0.57775 -0.00257277 0.0667247 0.495344 -0.00222953 0.0441796 0.473237 -0.00234499 0.0426303 0.517912 -0.000219385 0.0423384 0.539297 -0.0010098 0.0427436 0.561284 -0.000941567 0.0422555 0.561284 -0.000941567 0.0422555 0.577873 -0.00299055 0.042181 </float_array>
          <technique_common>
            <accessor count="49" offset="0" source="#meshId17-positions-array" stride="3">
              <param name="X" type="float" />
              <param name="Y" type="float" />
              <param name="Z" type="float" />
            </accessor>
          </technique_common>
        </source>
        <source id="meshId17-normals" name="meshId17-normals">
          <float_array id="meshId17-normals-array" count="147"> -0.0735 0.9972 -0.0164 -0.0455 0.9989 -0.0076 -0.067 0.9973 -0.0289 -0.1021 0.994 -0.0402 0.0123 0.9998 -0.0184 0.023 0.9996 -0.0143 0.0414 0.9989 -0.0226 0.0497 0.9986 -0.0155 -0.0125 0.999 -0.042 0.0147 0.9996 -0.0248 -0.0368 0.9976 -0.0581 0.0052 0.9995 -0.0315 -0.0803 0.9958 -0.0438 -0.0408 0.9989 -0.0246 0.0018 0.9998 -0.0176 0.0518 0.9986 -0.0121 0.0232 0.9996 -0.0146 0.0139 0.9998 -0.0154 -0.0605 0.998 -0.0155 0.0214 0.9998 0.0012 -0.0371 0.9992 -0.0119 0.0579 0.9983 0.0079 0.0244 0.9997 -0.0026 0.0078 0.9999 -0.0071 -0.0674 0.9973 0.0282 -0.0597 0.9982 0.0063 -0.0507 0.9986 0.0155 0.0393 0.9988 0.0276 0.0499 0.9982 0.0334 0.0296 0.9994 0.0194 -0.067 0.9972 0.0326 -0.0642 0.9975 0.028 -0.0222 0.9994 0.0279 0.0214 0.9997 0.0147 0.0588 0.998 0.0249 0.0748 0.9969 0.0236 -0.079 0.9968 -0.0159 -0.0503 0.9987 -0.0021 -0.021 0.9998 -0.0073 0.0267 0.9996 -0.0041 0.0576 0.9983 -0.0017 0.0939 0.9956 -0.0077 -0.0623 0.998 -0.0086 -0.0074 0.9995 0.0313 -0.0253 0.9994 -0.0244 0.0202 0.9997 -0.0147 0.0637 0.998 -0.0018 0.0637 0.998 -0.0018 0.1125 0.9936 -0.0051 </float_array>
          <technique_common>
            <accessor count="49" offset="0" source="#meshId17-normals-array" stride="3">
              <param name="X" type="float" />
              <param name="Y" type="float" />
              <param name="Z" type="float" />
            </accessor>
          </technique_common>
        </source>
        <source id="meshId17-tangents" name="meshId17-tangents">
          <float_array id="meshId17-tangents-array" count="147"> -0.997027 -0.0730858 0.0244089 -0.998696 -0.0453118 0.0235091 -0.997534 -0.0663531 0.022867 -0.994566 -0.101163 0.024598 -0.999683 0.0126985 0.0217309 -0.999499 0.0233038 0.0213979 -0.998914 0.0418637 0.0204683 -0.99852 0.0500269 0.0213139 -0.999632 -0.0114743 0.0245848 -0.999617 0.0152728 0.0230763 -0.99901 -0.0352722 0.0271255 -0.999656 0.0060058 0.0255425 -0.996577 -0.0793416 0.0232138 -0.998904 -0.0402098 0.0239726 -0.999765 0.00217927 0.0215486 -0.998388 0.0520627 0.0225896 -0.999465 0.0235287 0.0227204 -0.999653 0.0142396 0.0221791 -0.997927 -0.0601399 0.0228984 -0.999532 0.021368 0.0219055 -0.999035 -0.0368083 0.0239759 -0.998071 0.0577054 0.0229095 -0.999471 0.0244501 0.0214224 -0.999755 0.00794544 0.0206415 -0.997419 -0.0680555 0.0228998 -0.997921 -0.0598345 0.0239501 -0.998465 -0.0510272 0.0215205 -0.998981 0.0386642 0.0232666 -0.998513 0.0491245 0.0236451 -0.999313 0.0291529 0.0229018 -0.997439 -0.0677647 0.0228996 -0.997657 -0.0648238 0.0218631 -0.999476 -0.0228422 0.0229452 -0.999514 0.0210582 0.0229772 -0.998015 0.0582008 0.0240512 -0.996967 0.0742532 0.0233105 -0.996635 -0.078617 0.0231908 -0.998452 -0.0502374 0.0238548 -0.999521 -0.0208269 0.0229098 -0.999341 0.0267936 0.0244973 -0.998045 0.0576265 0.0242107 -0.995285 0.0940535 0.0236871 -0.997765 -0.0620723 0.0247202 -0.999739 -0.00807043 0.0213521 -0.999441 -0.0247518 0.0224974 -0.999495 0.0205524 0.0242466 -0.997687 0.0637212 0.0236595 -0.997637 0.0637275 0.0256593 -0.993368 0.112593 0.0233102 </float_array>
          <technique_common>
            <accessor count="49" offset="0" source="#meshId17-tangents-array" stride="3">
              <param name="X" type="float" />
              <param name="Y" type="float" />
              <param name="Z" type="float" />
            </accessor>
          </technique_common>
        </source>
        <source id="meshId17-bitangents" name="meshId17-bitangents">
          <float_array id="meshId17-bitangents-array" count="147"> 0.0231419 0.0181453 0.999607 0.0231388 0.00865975 0.999659 0.0208876 0.0303608 0.999287 0.0203836 0.042493 0.998927 0.0219602 0.0181269 0.99964 0.0217226 0.0138007 0.999636 0.0213919 0.0217281 0.999548 0.0220595 0.0144178 0.999609 0.0240783 0.0422918 0.998776 0.0234458 0.0244513 0.999442 0.0250111 0.0590407 0.99791 0.0257189 0.0313563 0.999187 0.0196411 0.0455141 0.998763 0.022957 0.0255511 0.999445 0.0215826 0.0175571 0.999569 0.023188 0.0109104 0.999687 0.0230548 0.0140651 0.999611 0.0223939 0.0150864 0.999651 0.0219204 0.0168532 0.99957 0.0218754 -0.00166821 0.999789 0.0235187 0.012778 0.999601 0.0224147 -0.00921122 0.999715 0.0214796 0.00207592 0.999768 0.0206959 0.00693726 0.999717 0.0247571 -0.0265838 0.999313 0.024284 -0.00485708 0.999697 0.0222812 -0.0143851 0.999655 0.0221716 -0.0284863 0.999302 0.0219618 -0.0345302 0.999167 0.0223225 -0.0200646 0.999576 0.0250446 -0.0309822 0.999186 0.0236235 -0.0265308 0.999325 0.0235687 -0.027376 0.999383 0.0226608 -0.0151846 0.999665 0.0225538 -0.0262648 0.999441 0.0214859 -0.0252721 0.999431 0.0218666 0.0176786 0.999657 0.0237182 0.00329664 0.999681 0.0227531 0.00777761 0.999758 0.0245973 0.00344322 0.999656 0.0242675 0.000302142 0.999667 0.0243071 0.00543947 0.999738 0.0241369 0.0101209 0.999637 0.021594 -0.0311338 0.999299 0.02188 0.0249555 0.999467 0.0245415 0.0142028 0.99961 0.0237269 0.000288724 0.999751 0.0257227 0.000161253 0.999702 0.0237353 0.00244378 0.999677 </float_array>
          <technique_common>
            <accessor count="49" offset="0" source="#meshId17-bitangents-array" stride="3">
              <param name="X" type="float" />
              <param name="Y" type="float" />
              <param name="Z" type="float" />
            </accessor>
          </technique_common>
        </source>
        <source id="meshId17-tex0" name="meshId17-tex0">
          <float_array id="meshId17-tex0-array" count="98"> 0.9995 0.9852 0.9712 0.9872 0.9702 0.942 0.9986 0.9413 0.9428 0.9863 0.9419 0.9426 0.9144 0.9862 0.9135 0.9432 0.8863 0.9871 0.8852 0.9438 0.8642 0.9877 0.8638 0.9448 0.9694 0.903 0.9978 0.9023 0.941 0.9036 0.9127 0.9042 0.8843 0.9049 0.8632 0.9063 0.9687 0.8639 0.997 0.8633 0.9401 0.8646 0.9118 0.8653 0.8835 0.8659 0.8623 0.866 0.9678 0.825 0.9961 0.8243 0.9393 0.8256 0.911 0.8262 0.8826 0.8269 0.8611 0.8276 0.9667 0.7859 0.995 0.7853 0.9384 0.7866 0.9101 0.7872 0.8818 0.7879 0.8606 0.7891 0.9658 0.747 0.9942 0.7463 0.9375 0.7476 0.9092 0.7483 0.8809 0.749 0.8596 0.749 0.9652 0.7174 0.9936 0.7148 0.9359 0.7158 0.9084 0.7169 0.8801 0.717 0.8801 0.717 0.8586 0.7174 </float_array>
          <technique_common>
            <accessor count="49" offset="0" source="#meshId17-tex0-array" stride="2">
              <param name="S" type="float" />
              <param name="T" type="float" />
            </accessor>
          </technique_common>
        </source>
        <vertices id="meshId17-vertices">
          <input semantic="POSITION" source="#meshId17-positions" />
        </vertices>
        <polylist count="70" material="defaultMaterial">
          <input offset="0" semantic="VERTEX" source="#meshId17-vertices" />
          <input offset="0" semantic="NORMAL" source="#meshId17-normals" />
          <input offset="0" semantic="TANGENT" source="#meshId17-tangents" />
          <input offset="0" semantic="BINORMAL" source="#meshId17-bitangents" />
          <input offset="0" semantic="TEXCOORD" source="#meshId17-tex0" set="0" />
          <vcount>3 3 3 3 3 3 3 3 3 3 3 3 3 3 3 3 3 3 3 3 3 3 3 3 3 3 3 3 3 3 3 3 3 3 3 3 3 3 3 3 3 3 3 3 3 3 3 3 3 3 3 3 3 3 3 3 3 3 3 3 3 3 3 3 3 3 3 3 3 3 </vcount>
          <p>0 1 2 2 3 0 1 4 5 5 2 1 4 6 7 7 5 4 6 8 9 9 7 6 8 10 11 11 9 8 3 2 12 12 13 3 2 5 14 14 12 2 5 7 15 15 14 5 7 9 16 16 15 7 9 11 17 17 16 9 13 12 18 18 19 13 12 14 20 20 18 12 14 15 21 21 20 14 15 16 22 22 21 15 16 17 23 23 22 16 19 18 24 24 25 19 18 20 26 26 24 18 20 21 27 27 26 20 21 22 28 28 27 21 22 23 29 29 28 22 25 24 30 30 31 25 24 26 32 32 30 24 26 27 33 33 32 26 27 28 34 34 33 27 28 29 35 35 34 28 31 30 36 36 37 31 30 32 38 38 36 30 32 33 39 39 38 32 33 34 40 40 39 33 34 35 41 41 40 34 37 36 42 42 43 37 36 38 44 44 42 36 38 39 45 45 44 38 39 40 46 47 45 39 40 41 48 48 46 40 </p>
        </polylist>
      </mesh>
    </geometry>
    <geometry id="meshId18" name="meshId18_name" >
      <mesh>
        <source id="meshId18-positions" name="meshId18-positions">
          <float_array id="meshId18-positions-array" count="144"> 0.682643 -0.00311966 0.250957 0.707096 -0.00152204 0.248617 0.707096 -0.000626662 0.218474 0.681989 -0.00240273 0.218432 0.728536 -0.00317424 0.248405 0.72907 -0.000155354 0.218474 0.751046 -0.000341148 0.249352 0.751046 0.00190937 0.218474 0.773021 -8.29261e-05 0.249844 0.773021 9.44704e-05 0.218474 0.785752 -0.00246991 0.249078 0.786833 -0.00268509 0.217673 0.707096 -0.000223584 0.188203 0.683186 -0.00123338 0.188209 0.72907 0.00194296 0.188203 0.751046 0.00274492 0.188203 0.773021 0.00079146 0.188203 0.787422 -0.00129846 0.187868 0.707096 0.000640306 0.157933 0.683922 -0.0014853 0.157933 0.72907 0.00253183 0.157933 0.751046 0.00150105 0.157933 0.773021 -0.000425123 0.157933 0.788804 -0.000280266 0.158142 0.707096 -0.000240378 0.127661 0.684068 -0.00349754 0.127669 0.72907 0.00157872 0.127661 0.751046 0.000480754 0.127661 0.773021 -0.00159657 0.127661 0.789685 -0.00132785 0.127079 0.707096 -0.00277326 0.0973901 0.683899 -0.00235234 0.0972568 0.72907 -0.00131735 0.0973901 0.751046 -0.00163541 0.0973901 0.773021 -0.00384604 0.0973901 0.789095 -0.00360671 0.0971655 0.707096 -0.00311756 0.0671183 0.684309 -0.00303254 0.067175 0.72907 -0.000934219 0.0671183 0.751046 -0.00167739 0.0671183 0.773021 -0.00306717 0.0671183 0.789442 -0.0038261 0.0672726 0.707096 -0.00152204 0.0385963 0.685121 -0.00152204 0.0414105 0.729044 -0.000530091 0.0390015 0.750708 -0.00237543 0.0381932 0.773235 -0.00324457 0.0394308 0.789462 -0.00466164 0.039941 </float_array>
          <technique_common>
            <accessor count="48" offset="0" source="#meshId18-positions-array" stride="3">
              <param name="X" type="float" />
              <param name="Y" type="float" />
              <param name="Z" type="float" />
            </accessor>
          </technique_common>
        </source>
        <source id="meshId18-normals" name="meshId18-normals">
          <float_array id="meshId18-normals-array" count="144"> -0.066 0.9975 0.0269 -0.0139 0.9986 0.0506 -0.0529 0.9982 0.0289 -0.0646 0.9976 0.0234 -0.0181 0.9956 0.0924 -0.0423 0.9968 0.0677 -0.0502 0.9974 0.0517 -0.0085 0.9985 0.0532 0.0873 0.9962 0.0035 0.1276 0.9914 0.0289 0.1842 0.9829 -0.0004 0.1972 0.98 0.0279 -0.072 0.9971 0.0228 -0.0522 0.9983 0.0248 -0.0513 0.9983 0.0268 0.0202 0.9998 -0.0004 0.1041 0.9945 0.006 0.1519 0.9878 0.0356 -0.083 0.9965 -0.0062 -0.1014 0.9945 -0.0274 -0.0204 0.9998 -0.005 0.0595 0.9978 -0.029 0.0387 0.9985 -0.0387 0.0129 0.9996 -0.0257 -0.1043 0.9925 -0.0632 -0.1072 0.993 -0.0496 -0.0201 0.998 -0.0591 0.0722 0.996 -0.0519 0.0376 0.9977 -0.0557 -0.0168 0.9982 -0.0569 -0.0438 0.9987 -0.026 0.0151 0.9998 0.0108 -0.0256 0.9988 -0.0417 0.0572 0.9977 -0.0353 0.0465 0.9985 -0.0293 -0.0159 0.999 -0.0409 -0.0405 0.9991 0.0147 0.0045 0.9999 0.0166 -0.024 0.9997 0.0042 0.044 0.999 -0.0082 0.0619 0.9981 0.0018 0.0367 0.9993 -0.0075 -0.0211 0.9982 0.0566 0.0075 0.9982 0.0588 0.009 0.9996 0.0264 0.0519 0.9986 -0.0133 0.0679 0.9976 -0.0114 0.0734 0.9972 -0.0141 </float_array>
          <technique_common>
            <accessor count="48" offset="0" source="#meshId18-normals-array" stride="3">
              <param name="X" type="float" />
              <param name="Y" type="float" />
              <param name="Z" type="float" />
            </accessor>
          </technique_common>
        </source>
        <source id="meshId18-tangents" name="meshId18-tangents">
          <float_array id="meshId18-tangents-array" count="144"> -0.997549 -0.0665828 0.0214912 -0.999599 -0.0151268 0.0239372 -0.99835 -0.053511 0.0208286 -0.997683 -0.0650714 0.0198697 -0.999608 -0.019993 0.0196118 -0.998874 -0.0436516 0.0186044 -0.99857 -0.0510761 0.0157652 -0.999782 -0.00950112 0.0185849 -0.995953 0.0872019 0.0217545 -0.991626 0.126937 0.0237492 -0.982624 0.184158 0.0231708 -0.980204 0.196566 0.0237102 -0.997161 -0.0724719 0.0204428 -0.9984 -0.0527131 0.0204439 -0.998467 -0.0518299 0.0194174 -0.99962 0.0202039 0.0187429 -0.994332 0.103948 0.0223262 -0.988242 0.151133 0.0231799 -0.996315 -0.0828463 0.0222162 -0.99462 -0.100748 0.0240942 -0.999611 -0.0203006 0.0191055 -0.998041 0.0600272 0.017647 -0.999025 0.0394858 0.0197485 -0.999679 0.0134533 0.0214796 -0.994376 -0.102901 0.0250628 -0.994029 -0.106022 0.0258048 -0.999632 -0.0189853 0.019379 -0.997191 0.0731296 0.0161834 -0.999067 0.0387183 0.019108 -0.999658 -0.0156284 0.0209831 -0.998836 -0.0432498 0.0213646 -0.999674 0.0148741 0.02074 -0.999492 -0.0247802 0.020061 -0.998177 0.0578376 0.0172472 -0.998727 0.0470449 0.0182108 -0.999702 -0.0151276 0.0191399 -0.998994 -0.0407703 0.0186659 -0.99979 0.00416615 0.0200797 -0.999518 -0.0240779 0.0195704 -0.998837 0.0441519 0.0193842 -0.997914 0.0618551 0.0184924 -0.999141 0.0368365 0.0189674 -0.999575 -0.0221992 0.0188732 -0.999735 0.00620459 0.0221869 -0.999796 0.008518 0.018317 -0.998429 0.0521634 0.0204428 -0.99747 0.0681234 0.0203283 -0.997072 0.0736799 0.0204581 </float_array>
          <technique_common>
            <accessor count="48" offset="0" source="#meshId18-tangents-array" stride="3">
              <param name="X" type="float" />
              <param name="Y" type="float" />
              <param name="Z" type="float" />
            </accessor>
          </technique_common>
        </source>
        <source id="meshId18-bitangents" name="meshId18-bitangents">
          <float_array id="meshId18-bitangents-array" count="144"> 0.0232285 -0.0254157 0.99945 0.0246691 -0.050247 0.99841 0.0223376 -0.0277505 0.999384 0.0213447 -0.0220622 0.999492 0.0213728 -0.0920088 0.995571 0.0215001 -0.0668368 0.997524 0.0183649 -0.0508347 0.998538 0.0190625 -0.0530304 0.998363 0.0213667 -0.00538501 0.999781 0.0198764 -0.0316884 0.999296 0.0228482 -0.00387501 0.999743 0.0177518 -0.0320233 0.999363 0.0220359 -0.0212634 0.999487 0.0217164 -0.0236932 0.999455 0.0207734 -0.0257628 0.999429 0.0187472 2.12423e-05 0.999828 0.0215797 -0.00829015 0.999684 0.0175168 -0.0387024 0.999142 0.0216248 0.0080211 0.999704 0.0212011 0.0296957 0.999366 0.0190001 0.00538781 0.999826 0.0193489 0.0278932 0.999417 0.021247 0.037898 0.999055 0.0218167 0.0254147 0.999453 0.0183715 0.0654586 0.997651 0.0203655 0.0520701 0.998436 0.0182182 0.0594678 0.998014 0.0199141 0.0505858 0.998482 0.0212207 0.0549296 0.998225 0.0200561 0.057233 0.998121 0.0202123 0.0269055 0.999432 0.0205752 -0.0111097 0.999699 0.0190036 0.0421924 0.998927 0.0192492 0.0342491 0.999189 0.0195619 0.0284159 0.999416 0.018502 0.0411921 0.998943 0.0192485 -0.0139292 0.999746 0.0200085 -0.0166869 0.999708 0.0196657 -0.00372829 0.999796 0.0197269 0.00733756 0.999781 0.0183459 -0.00294093 0.999847 0.0192304 0.00679746 0.999794 0.0200957 -0.0561777 0.998245 0.0217821 -0.0589508 0.997982 0.0180848 -0.0265595 0.999473 0.0211079 0.0122181 0.999739 0.0210561 0.00999087 0.999701 0.0214397 0.0125571 0.999688 </float_array>
          <technique_common>
            <accessor count="48" offset="0" source="#meshId18-bitangents-array" stride="3">
              <param name="X" type="float" />
              <param name="Y" type="float" />
              <param name="Z" type="float" />
            </accessor>
          </technique_common>
        </source>
        <source id="meshId18-tex0" name="meshId18-tex0">
          <float_array id="meshId18-tex0-array" count="96"> 0.7241 0.6953 0.6924 0.693 0.6915 0.6541 0.7239 0.6534 0.6647 0.6935 0.6632 0.6547 0.6355 0.695 0.6348 0.6551 0.6072 0.6962 0.6064 0.6558 0.5906 0.6956 0.5882 0.6552 0.6907 0.6151 0.7215 0.6145 0.6623 0.6157 0.634 0.6162 0.6057 0.6168 0.5869 0.6168 0.6898 0.5762 0.7197 0.5755 0.6614 0.5768 0.6331 0.5773 0.6047 0.5778 0.5844 0.5785 0.689 0.5372 0.7189 0.5364 0.6607 0.5379 0.6324 0.5383 0.604 0.5388 0.5825 0.5385 0.6884 0.4981 0.7183 0.4973 0.6599 0.4987 0.6316 0.4992 0.6031 0.4997 0.5825 0.4998 0.6876 0.4591 0.7169 0.4586 0.6592 0.4596 0.6308 0.4602 0.6025 0.4607 0.5813 0.4613 0.6868 0.4224 0.7151 0.4254 0.6585 0.4234 0.6305 0.4229 0.6015 0.4251 0.5805 0.4262 </float_array>
          <technique_common>
            <accessor count="48" offset="0" source="#meshId18-tex0-array" stride="2">
              <param name="S" type="float" />
              <param name="T" type="float" />
            </accessor>
          </technique_common>
        </source>
        <vertices id="meshId18-vertices">
          <input semantic="POSITION" source="#meshId18-positions" />
        </vertices>
        <polylist count="70" material="defaultMaterial">
          <input offset="0" semantic="VERTEX" source="#meshId18-vertices" />
          <input offset="0" semantic="NORMAL" source="#meshId18-normals" />
          <input offset="0" semantic="TANGENT" source="#meshId18-tangents" />
          <input offset="0" semantic="BINORMAL" source="#meshId18-bitangents" />
          <input offset="0" semantic="TEXCOORD" source="#meshId18-tex0" set="0" />
          <vcount>3 3 3 3 3 3 3 3 3 3 3 3 3 3 3 3 3 3 3 3 3 3 3 3 3 3 3 3 3 3 3 3 3 3 3 3 3 3 3 3 3 3 3 3 3 3 3 3 3 3 3 3 3 3 3 3 3 3 3 3 3 3 3 3 3 3 3 3 3 3 </vcount>
          <p>0 1 2 2 3 0 1 4 5 5 2 1 4 6 7 7 5 4 6 8 9 9 7 6 8 10 11 11 9 8 3 2 12 12 13 3 2 5 14 14 12 2 5 7 15 15 14 5 7 9 16 16 15 7 9 11 17 17 16 9 13 12 18 18 19 13 12 14 20 20 18 12 14 15 21 21 20 14 15 16 22 22 21 15 16 17 23 23 22 16 19 18 24 24 25 19 18 20 26 26 24 18 20 21 27 27 26 20 21 22 28 28 27 21 22 23 29 29 28 22 25 24 30 30 31 25 24 26 32 32 30 24 26 27 33 33 32 26 27 28 34 34 33 27 28 29 35 35 34 28 31 30 36 36 37 31 30 32 38 38 36 30 32 33 39 39 38 32 33 34 40 40 39 33 34 35 41 41 40 34 37 36 42 42 43 37 36 38 44 44 42 36 38 39 45 45 44 38 39 40 46 46 45 39 40 41 47 47 46 40 </p>
        </polylist>
      </mesh>
    </geometry>
    <geometry id="meshId19" name="meshId19_name" >
      <mesh>
        <source id="meshId19-positions" name="meshId19-positions">
          <float_array id="meshId19-positions-array" count="144"> 0.89344 -0.0064713 0.250764 0.910821 -0.00485164 0.252366 0.910815 -0.00286459 0.218474 0.893187 -0.00342197 0.218049 0.932799 -0.00378201 0.252863 0.93279 -0.00224002 0.218474 0.954764 -0.0009972 0.253357 0.954764 0.000218333 0.218474 0.976737 -0.00149895 0.254104 0.976739 -0.000696991 0.218474 0.998726 -0.00162806 0.254098 0.998713 -0.00299685 0.218474 0.910815 -0.00206263 0.188203 0.893064 -0.00241742 0.188204 0.93279 -0.00237963 0.188203 0.954764 -0.0003359 0.188203 0.976739 -0.00105178 0.188203 0.998079 -0.00348705 0.188255 0.910815 -0.00285094 0.157933 0.892269 -0.00262526 0.158293 0.93279 -0.00411896 0.157933 0.954764 -0.00271343 0.157933 0.976739 -0.00280475 0.157933 0.997572 -0.00531455 0.157985 0.910815 -0.00267879 0.127661 0.892275 -0.00284779 0.127215 0.93279 -0.00467634 0.127661 0.954764 -0.00344296 0.127661 0.976739 -0.00267039 0.127661 0.997168 -0.00502798 0.12752 0.910815 -0.00254443 0.0973901 0.891334 -0.00521588 0.0980535 0.93279 -0.00497655 0.0973901 0.954764 -0.00435514 0.0973901 0.976739 -0.00219804 0.0973901 0.996738 -0.00393946 0.0979748 0.910815 -0.00383449 0.0671183 0.891971 -0.00393631 0.0673135 0.93279 -0.00505527 0.0671183 0.954764 -0.00433099 0.0671183 0.976739 -0.00239958 0.0671183 0.997115 -0.00436248 0.0670091 0.910622 -0.00177187 0.0431393 0.892619 -0.00243212 0.0414945 0.932624 -0.00565149 0.0438143 0.954149 -0.00342407 0.0433755 0.976709 -0.00277011 0.0444347 0.997191 -0.00455773 0.0441806 </float_array>
          <technique_common>
            <accessor count="48" offset="0" source="#meshId19-positions-array" stride="3">
              <param name="X" type="float" />
              <param name="Y" type="float" />
              <param name="Z" type="float" />
            </accessor>
          </technique_common>
        </source>
        <source id="meshId19-normals" name="meshId19-normals">
          <float_array id="meshId19-normals-array" count="144"> -0.0787 0.9945 0.0687 -0.069 0.9962 0.0539 -0.0315 0.9985 0.044 -0.0309 0.9977 0.0604 -0.0857 0.9955 0.0414 -0.07 0.9973 0.0202 -0.0476 0.9984 0.0307 -0.0372 0.9993 0.0108 0.0314 0.9995 0.0025 0.0721 0.9974 0.0063 0.0059 0.9992 -0.0384 0.0868 0.9962 -0.0086 0.0005 1 -0.0033 -0.0144 0.9999 0.0069 -0.0405 0.9987 -0.0295 -0.0347 0.9985 -0.0431 0.0745 0.9966 -0.0363 0.1115 0.993 -0.0378 0.0355 0.9993 -0.0106 0.0085 1 -0.003 -0.0066 0.9994 -0.034 -0.0367 0.9984 -0.0438 0.0644 0.9975 -0.0292 0.1184 0.9926 -0.026 0.0446 0.999 0.0008 -0.0333 0.9993 -0.0162 0.0168 0.9998 -0.0136 -0.0526 0.9984 -0.0194 0.0411 0.9991 0.0087 0.1157 0.9931 0.0202 -0.0079 0.9996 -0.026 -0.1146 0.9924 -0.0446 0.0385 0.9993 -0.0036 -0.0648 0.9978 -0.0127 0.0016 1 -0.0034 0.0922 0.9957 0.0055 0.0278 0.9994 0.0205 -0.0122 0.9983 0.0574 0.0083 0.9999 -0.0115 -0.0528 0.9985 0.0124 0.0021 1 -0.0093 0.0942 0.9955 -0.0085 0.0675 0.9948 0.0758 -0.0418 0.9975 0.0571 0.0075 1 0.0038 -0.0506 0.9985 0.0221 0.0136 0.9999 -0.0017 0.091 0.9958 -0.0126 </float_array>
          <technique_common>
            <accessor count="48" offset="0" source="#meshId19-normals-array" stride="3">
              <param name="X" type="float" />
              <param name="Y" type="float" />
              <param name="Z" type="float" />
            </accessor>
          </technique_common>
        </source>
        <source id="meshId19-tangents" name="meshId19-tangents">
          <float_array id="meshId19-tangents-array" count="144"> 0.996734 0.0772509 0.0235359 0.997382 0.0677083 0.0253879 0.999277 0.030527 0.0226381 0.999356 0.0297362 0.0200715 0.996076 0.084679 0.025742 0.997282 0.0695037 0.0244413 0.998607 0.0468641 0.0242519 0.999043 0.0369372 0.0234315 0.999203 -0.0314521 0.0245789 0.997088 -0.072232 0.0244719 0.999688 -0.00496275 0.0244629 0.995869 -0.0865335 0.0275308 0.999725 -0.000422549 0.0234284 0.999658 0.0142452 0.0219253 0.998897 0.0411745 0.0225632 0.999089 0.035727 0.0233187 0.996985 -0.0736375 0.0244704 0.993552 -0.110615 0.0248704 0.999068 -0.0352273 0.0249299 0.999706 -0.00842934 0.0227236 0.999701 0.00739495 0.0233083 0.999067 0.0376524 0.0211508 0.997631 -0.0636435 0.0261297 0.992668 -0.117686 0.0275619 0.998711 -0.0446065 0.0242209 0.999154 0.0336776 0.0235934 0.99955 -0.0164545 0.0250906 0.998346 0.0530287 0.0222072 0.998894 -0.0412873 0.0224829 0.99293 -0.116176 0.0243612 0.999699 0.00849963 0.0230231 0.993035 0.115679 0.0223681 0.998966 -0.0383994 0.024356 0.997616 0.06508 0.0229382 0.999764 -0.00152587 0.0216915 0.995493 -0.0923011 0.021774 0.999339 -0.0282676 0.0228776 0.999564 0.0106322 0.0275363 0.99974 -0.00805347 0.0213201 0.998383 0.0525237 0.0217498 0.999738 -0.00188732 0.0228094 0.995276 -0.0939704 0.0244091 0.997316 -0.0694397 0.0232165 0.998716 0.0400772 0.0309857 0.99979 -0.00757077 0.0190406 0.998512 0.0501256 0.0214632 0.999669 -0.0135596 0.0218842 0.995608 -0.090688 0.0232658 </float_array>
          <technique_common>
            <accessor count="48" offset="0" source="#meshId19-tangents-array" stride="3">
              <param name="X" type="float" />
              <param name="Y" type="float" />
              <param name="Z" type="float" />
            </accessor>
          </technique_common>
        </source>
        <source id="meshId19-bitangents" name="meshId19-bitangents">
          <float_array id="meshId19-bitangents-array" count="144"> 0.0180994 0.0703279 -0.997332 0.0216419 0.0555107 -0.998264 0.021261 0.0446813 -0.99874 0.0182293 0.0609813 -0.997977 0.0221205 0.0434436 -0.99885 0.0229714 0.021856 -0.999455 0.0227744 0.0318116 -0.99924 0.0230162 0.0116613 -0.999717 0.0246452 0.00172623 -0.999691 0.0248633 0.00451723 -0.999703 0.0242528 -0.0385324 -0.998918 0.026682 -0.0109541 -0.999595 0.023427 -0.00331081 -0.999726 0.0218248 0.00721337 -0.999763 0.0237485 -0.0285537 -0.999266 0.0248236 -0.0422516 -0.99883 0.0217142 -0.0380136 -0.999081 0.020515 -0.0403293 -0.998931 0.024539 -0.0114751 -0.99962 0.0226983 -0.00319227 -0.999778 0.0235457 -0.033836 -0.99915 0.0227662 -0.0429829 -0.99885 0.0242059 -0.0308136 -0.999235 0.0242981 -0.0290727 -0.999257 0.0242324 -0.000281283 -0.999702 0.0241225 -0.0154006 -0.999576 0.0248618 -0.0140154 -0.999626 0.0232005 -0.0181998 -0.999538 0.0228219 0.00776633 -0.999692 0.0265399 0.0172386 -0.99952 0.0232348 -0.0258103 -0.999366 0.0273573 -0.041726 -0.998744 0.0242007 -0.00453398 -0.999745 0.0237142 -0.0111833 -0.999639 0.0216863 -0.0034339 -0.999766 0.022188 0.00346765 -0.999723 0.0234434 0.0198504 -0.999525 0.0268792 0.0577109 -0.997995 0.0212253 -0.011674 -0.999707 0.0210659 0.0135283 -0.999658 0.0227919 -0.00934546 -0.999742 0.0235006 -0.0107592 -0.999649 0.0283593 0.0740294 -0.996817 0.0286199 0.0583219 -0.997895 0.0190694 0.0036564 -0.999847 0.0203232 0.0231532 -0.999551 0.021859 -0.00199706 -0.999753 0.0220255 -0.0146618 -0.999679 </float_array>
          <technique_common>
            <accessor count="48" offset="0" source="#meshId19-bitangents-array" stride="3">
              <param name="X" type="float" />
              <param name="Y" type="float" />
              <param name="Z" type="float" />
            </accessor>
          </technique_common>
        </source>
        <source id="meshId19-tex0" name="meshId19-tex0">
          <float_array id="meshId19-tex0-array" count="96"> 0.3129 0.0053 0.3354 0.0038 0.3345 0.0475 0.3118 0.0476 0.3638 0.0039 0.3628 0.0482 0.3923 0.004 0.3913 0.0489 0.4206 0.0037 0.4195 0.0495 0.4489 0.0044 0.4479 0.0503 0.3336 0.0865 0.3108 0.086 0.3619 0.0872 0.3903 0.0878 0.4186 0.0885 0.4462 0.0891 0.3327 0.1255 0.3088 0.1245 0.361 0.1263 0.3894 0.1268 0.4177 0.1275 0.4448 0.1282 0.3317 0.1645 0.3078 0.1645 0.3601 0.1652 0.3885 0.1659 0.4168 0.1665 0.4432 0.1673 0.3307 0.2035 0.3054 0.2021 0.3592 0.2042 0.3875 0.2049 0.4159 0.2055 0.4417 0.2053 0.3299 0.2426 0.3056 0.2417 0.3583 0.2432 0.3866 0.2438 0.415 0.2444 0.4413 0.2452 0.3287 0.2736 0.3054 0.275 0.3575 0.2732 0.3853 0.2743 0.4143 0.2736 0.4407 0.2745 </float_array>
          <technique_common>
            <accessor count="48" offset="0" source="#meshId19-tex0-array" stride="2">
              <param name="S" type="float" />
              <param name="T" type="float" />
            </accessor>
          </technique_common>
        </source>
        <vertices id="meshId19-vertices">
          <input semantic="POSITION" source="#meshId19-positions" />
        </vertices>
        <polylist count="70" material="defaultMaterial">
          <input offset="0" semantic="VERTEX" source="#meshId19-vertices" />
          <input offset="0" semantic="NORMAL" source="#meshId19-normals" />
          <input offset="0" semantic="TANGENT" source="#meshId19-tangents" />
          <input offset="0" semantic="BINORMAL" source="#meshId19-bitangents" />
          <input offset="0" semantic="TEXCOORD" source="#meshId19-tex0" set="0" />
          <vcount>3 3 3 3 3 3 3 3 3 3 3 3 3 3 3 3 3 3 3 3 3 3 3 3 3 3 3 3 3 3 3 3 3 3 3 3 3 3 3 3 3 3 3 3 3 3 3 3 3 3 3 3 3 3 3 3 3 3 3 3 3 3 3 3 3 3 3 3 3 3 </vcount>
          <p>0 1 2 2 3 0 1 4 5 5 2 1 4 6 7 7 5 4 6 8 9 9 7 6 8 10 11 11 9 8 3 2 12 12 13 3 2 5 14 14 12 2 5 7 15 15 14 5 7 9 16 16 15 7 9 11 17 17 16 9 13 12 18 18 19 13 12 14 20 20 18 12 14 15 21 21 20 14 15 16 22 22 21 15 16 17 23 23 22 16 19 18 24 24 25 19 18 20 26 26 24 18 20 21 27 27 26 20 21 22 28 28 27 21 22 23 29 29 28 22 25 24 30 30 31 25 24 26 32 32 30 24 26 27 33 33 32 26 27 28 34 34 33 27 28 29 35 35 34 28 31 30 36 36 37 31 30 32 38 38 36 30 32 33 39 39 38 32 33 34 40 40 39 33 34 35 41 41 40 34 37 36 42 42 43 37 36 38 44 44 42 36 38 39 45 45 44 38 39 40 46 46 45 39 40 41 47 47 46 40 </p>
        </polylist>
      </mesh>
    </geometry>
  </library_geometries>
  <library_visual_scenes>
    <visual_scene id="lp.obj" name="lp.obj">
      <node id="sheet_1" name="sheet_1">
        <matrix>1 0 0 0 0 1 0 0 0 0 1 0 0 0 0 1</matrix>
      </node>
      <node id="g sheet_1" name="g sheet_1">
        <matrix>1 0 0 0 0 1 0 0 0 0 1 0 0 0 0 1</matrix>
        <instance_geometry url="#meshId0">
          <bind_material>
            <technique_common>
              <instance_material symbol="defaultMaterial" target="#wire_088199225" />
            </technique_common>
          </bind_material>
        </instance_geometry>
      </node>
      <node id="sheet_2" name="sheet_2">
        <matrix>1 0 0 0 0 1 0 0 0 0 1 0 0 0 0 1</matrix>
      </node>
      <node id="g sheet_2" name="g sheet_2">
        <matrix>1 0 0 0 0 1 0 0 0 0 1 0 0 0 0 1</matrix>
        <instance_geometry url="#meshId1">
          <bind_material>
            <technique_common>
              <instance_material symbol="defaultMaterial" target="#wire_088199225" />
            </technique_common>
          </bind_material>
        </instance_geometry>
      </node>
      <node id="sheet_3" name="sheet_3">
        <matrix>1 0 0 0 0 1 0 0 0 0 1 0 0 0 0 1</matrix>
      </node>
      <node id="g sheet_3" name="g sheet_3">
        <matrix>1 0 0 0 0 1 0 0 0 0 1 0 0 0 0 1</matrix>
        <instance_geometry url="#meshId2">
          <bind_material>
            <technique_common>
              <instance_material symbol="defaultMaterial" target="#wire_088199225" />
            </technique_common>
          </bind_material>
        </instance_geometry>
      </node>
      <node id="sheet_4" name="sheet_4">
        <matrix>1 0 0 0 0 1 0 0 0 0 1 0 0 0 0 1</matrix>
      </node>
      <node id="g sheet_4" name="g sheet_4">
        <matrix>1 0 0 0 0 1 0 0 0 0 1 0 0 0 0 1</matrix>
        <instance_geometry url="#meshId3">
          <bind_material>
            <technique_common>
              <instance_material symbol="defaultMaterial" target="#wire_088199225" />
            </technique_common>
          </bind_material>
        </instance_geometry>
      </node>
      <node id="sheet_5" name="sheet_5">
        <matrix>1 0 0 0 0 1 0 0 0 0 1 0 0 0 0 1</matrix>
      </node>
      <node id="g sheet_5" name="g sheet_5">
        <matrix>1 0 0 0 0 1 0 0 0 0 1 0 0 0 0 1</matrix>
        <instance_geometry url="#meshId4">
          <bind_material>
            <technique_common>
              <instance_material symbol="defaultMaterial" target="#wire_088199225" />
            </technique_common>
          </bind_material>
        </instance_geometry>
      </node>
      <node id="sheet_6" name="sheet_6">
        <matrix>1 0 0 0 0 1 0 0 0 0 1 0 0 0 0 1</matrix>
      </node>
      <node id="g sheet_6" name="g sheet_6">
        <matrix>1 0 0 0 0 1 0 0 0 0 1 0 0 0 0 1</matrix>
        <instance_geometry url="#meshId5">
          <bind_material>
            <technique_common>
              <instance_material symbol="defaultMaterial" target="#wire_088199225" />
            </technique_common>
          </bind_material>
        </instance_geometry>
      </node>
      <node id="sheet_7" name="sheet_7">
        <matrix>1 0 0 0 0 1 0 0 0 0 1 0 0 0 0 1</matrix>
      </node>
      <node id="g sheet_7" name="g sheet_7">
        <matrix>1 0 0 0 0 1 0 0 0 0 1 0 0 0 0 1</matrix>
        <instance_geometry url="#meshId6">
          <bind_material>
            <technique_common>
              <instance_material symbol="defaultMaterial" target="#wire_088199225" />
            </technique_common>
          </bind_material>
        </instance_geometry>
      </node>
      <node id="sheet_8" name="sheet_8">
        <matrix>1 0 0 0 0 1 0 0 0 0 1 0 0 0 0 1</matrix>
      </node>
      <node id="g sheet_8" name="g sheet_8">
        <matrix>1 0 0 0 0 1 0 0 0 0 1 0 0 0 0 1</matrix>
        <instance_geometry url="#meshId7">
          <bind_material>
            <technique_common>
              <instance_material symbol="defaultMaterial" target="#wire_088199225" />
            </technique_common>
          </bind_material>
        </instance_geometry>
      </node>
      <node id="sheet_9" name="sheet_9">
        <matrix>1 0 0 0 0 1 0 0 0 0 1 0 0 0 0 1</matrix>
      </node>
      <node id="g sheet_9" name="g sheet_9">
        <matrix>1 0 0 0 0 1 0 0 0 0 1 0 0 0 0 1</matrix>
        <instance_geometry url="#meshId8">
          <bind_material>
            <technique_common>
              <instance_material symbol="defaultMaterial" target="#wire_088199225" />
            </technique_common>
          </bind_material>
        </instance_geometry>
      </node>
      <node id="sheet_10" name="sheet_10">
        <matrix>1 0 0 0 0 1 0 0 0 0 1 0 0 0 0 1</matrix>
      </node>
      <node id="g sheet_10" name="g sheet_10">
        <matrix>1 0 0 0 0 1 0 0 0 0 1 0 0 0 0 1</matrix>
        <instance_geometry url="#meshId9">
          <bind_material>
            <technique_common>
              <instance_material symbol="defaultMaterial" target="#wire_088199225" />
            </technique_common>
          </bind_material>
        </instance_geometry>
      </node>
      <node id="sheet_11" name="sheet_11">
        <matrix>1 0 0 0 0 1 0 0 0 0 1 0 0 0 0 1</matrix>
      </node>
      <node id="g sheet_11" name="g sheet_11">
        <matrix>1 0 0 0 0 1 0 0 0 0 1 0 0 0 0 1</matrix>
        <instance_geometry url="#meshId10">
          <bind_material>
            <technique_common>
              <instance_material symbol="defaultMaterial" target="#wire_088199225" />
            </technique_common>
          </bind_material>
        </instance_geometry>
      </node>
      <node id="sheet_12" name="sheet_12">
        <matrix>1 0 0 0 0 1 0 0 0 0 1 0 0 0 0 1</matrix>
      </node>
      <node id="g sheet_12" name="g sheet_12">
        <matrix>1 0 0 0 0 1 0 0 0 0 1 0 0 0 0 1</matrix>
        <instance_geometry url="#meshId11">
          <bind_material>
            <technique_common>
              <instance_material symbol="defaultMaterial" target="#wire_088199225" />
            </technique_common>
          </bind_material>
        </instance_geometry>
      </node>
      <node id="sheet_13" name="sheet_13">
        <matrix>1 0 0 0 0 1 0 0 0 0 1 0 0 0 0 1</matrix>
      </node>
      <node id="g sheet_13" name="g sheet_13">
        <matrix>1 0 0 0 0 1 0 0 0 0 1 0 0 0 0 1</matrix>
        <instance_geometry url="#meshId12">
          <bind_material>
            <technique_common>
              <instance_material symbol="defaultMaterial" target="#wire_088199225" />
            </technique_common>
          </bind_material>
        </instance_geometry>
      </node>
      <node id="sheet_14" name="sheet_14">
        <matrix>1 0 0 0 0 1 0 0 0 0 1 0 0 0 0 1</matrix>
      </node>
      <node id="g sheet_14" name="g sheet_14">
        <matrix>1 0 0 0 0 1 0 0 0 0 1 0 0 0 0 1</matrix>
        <instance_geometry url="#meshId13">
          <bind_material>
            <technique_common>
              <instance_material symbol="defaultMaterial" target="#wire_088199225" />
            </technique_common>
          </bind_material>
        </instance_geometry>
      </node>
      <node id="sheet_15" name="sheet_15">
        <matrix>1 0 0 0 0 1 0 0 0 0 1 0 0 0 0 1</matrix>
      </node>
      <node id="g sheet_15" name="g sheet_15">
        <matrix>1 0 0 0 0 1 0 0 0 0 1 0 0 0 0 1</matrix>
        <instance_geometry url="#meshId14">
          <bind_material>
            <technique_common>
              <instance_material symbol="defaultMaterial" target="#wire_088199225" />
            </technique_common>
          </bind_material>
        </instance_geometry>
      </node>
      <node id="sheet_16" name="sheet_16">
        <matrix>1 0 0 0 0 1 0 0 0 0 1 0 0 0 0 1</matrix>
      </node>
      <node id="g sheet_16" name="g sheet_16">
        <matrix>1 0 0 0 0 1 0 0 0 0 1 0 0 0 0 1</matrix>
        <instance_geometry url="#meshId15">
          <bind_material>
            <technique_common>
              <instance_material symbol="defaultMaterial" target="#wire_088199225" />
            </technique_common>
          </bind_material>
        </instance_geometry>
      </node>
      <node id="sheet_17" name="sheet_17">
        <matrix>1 0 0 0 0 1 0 0 0 0 1 0 0 0 0 1</matrix>
      </node>
      <node id="g sheet_17" name="g sheet_17">
        <matrix>1 0 0 0 0 1 0 0 0 0 1 0 0 0 0 1</matrix>
        <instance_geometry url="#meshId16">
          <bind_material>
            <technique_common>
              <instance_material symbol="defaultMaterial" target="#wire_088199225" />
            </technique_common>
          </bind_material>
        </instance_geometry>
      </node>
      <node id="sheet_18" name="sheet_18">
        <matrix>1 0 0 0 0 1 0 0 0 0 1 0 0 0 0 1</matrix>
      </node>
      <node id="g sheet_18" name="g sheet_18">
        <matrix>1 0 0 0 0 1 0 0 0 0 1 0 0 0 0 1</matrix>
        <instance_geometry url="#meshId17">
          <bind_material>
            <technique_common>
              <instance_material symbol="defaultMaterial" target="#wire_088199225" />
            </technique_common>
          </bind_material>
        </instance_geometry>
      </node>
      <node id="sheet_19" name="sheet_19">
        <matrix>1 0 0 0 0 1 0 0 0 0 1 0 0 0 0 1</matrix>
      </node>
      <node id="g sheet_19" name="g sheet_19">
        <matrix>1 0 0 0 0 1 0 0 0 0 1 0 0 0 0 1</matrix>
        <instance_geometry url="#meshId18">
          <bind_material>
            <technique_common>
              <instance_material symbol="defaultMaterial" target="#wire_088199225" />
            </technique_common>
          </bind_material>
        </instance_geometry>
      </node>
      <node id="sheet_20" name="sheet_20">
        <matrix>1 0 0 0 0 1 0 0 0 0 1 0 0 0 0 1</matrix>
      </node>
      <node id="g sheet_20" name="g sheet_20">
        <matrix>1 0 0 0 0 1 0 0 0 0 1 0 0 0 0 1</matrix>
        <instance_geometry url="#meshId19">
          <bind_material>
            <technique_common>
              <instance_material symbol="defaultMaterial" target="#wire_088199225" />
            </technique_common>
          </bind_material>
        </instance_geometry>
      </node>
    </visual_scene>
  </library_visual_scenes>
  <scene>
    <instance_visual_scene url="#lp.obj" />
  </scene>
</COLLADA>
