<?xml version="1.0"?>
<COLLADA xmlns="http://www.collada.org/2005/11/COLLADASchema" version="1.4.1">
  <asset>
    <contributor>
      <author>Assimp</author>
      <authoring_tool>Assimp Exporter</authoring_tool>
    </contributor>
    <created>2016-03-25T02:36:09</created>
    <modified>2016-03-25T02:36:09</modified>
    <unit name="meter" meter="1" />
    <up_axis>Y_UP</up_axis>
  </asset>
  <library_effects>
    <effect id="Helm-fx" name="Helm">
      <profile_COMMON>
        <technique sid="standard">
          <phong>
            <diffuse>
              <color sid="diffuse">0.588235   0.588235   0.588235   1</color>
            </diffuse>
          </phong>
        </technique>
      </profile_COMMON>
    </effect>
    <effect id="Hair-fx" name="Hair">
      <profile_COMMON>
        <technique sid="standard">
          <phong>
            <diffuse>
              <color sid="diffuse">0.588235   0.588235   0.588235   1</color>
            </diffuse>
          </phong>
        </technique>
      </profile_COMMON>
    </effect>
  </library_effects>
  <library_materials>
    <material id="Helm" name="Helm">
      <instance_effect url="#Helm-fx"/>
    </material>
    <material id="Hair" name="Hair">
      <instance_effect url="#Hair-fx"/>
    </material>
  </library_materials>
  <library_geometries>
    <geometry id="meshId0" name="meshId0_name" >
      <mesh>
        <source id="meshId0-positions" name="meshId0-positions">
          <float_array id="meshId0-positions-array" count="4824"> -0.430997 -0.227899 0.185505 -0.419448 0.0384906 0.197465 -0.419448 0.0341352 0.174077 -0.419448 0.0252947 0.152271 -0.421472 0.0122943 0.132898 -0.422724 -0.00439049 0.116704 -0.422723 -0.0241573 0.104307 -0.422723 -0.04629 0.0961743 -0.422724 -0.0699821 0.0926114 -0.427253 -0.222188 0.105824 -0.430061 -0.23495 0.197151 -0.428524 -0.360348 0.211002 -0.423299 -0.197689 0.290827 -0.422723 -0.184521 0.294482 -0.422723 -0.167018 0.310476 -0.422723 -0.146362 0.322853 -0.422723 -0.123405 0.331145 -0.422723 -0.0990804 0.335027 -0.422723 -0.0743529 0.334325 -0.422724 -0.0501847 0.329033 -0.422723 -0.0274946 0.319309 -0.422723 -0.00712715 0.305491 -0.421472 0.0101744 0.28808 -0.419448 0.0237895 0.267736 -0.419448 0.0332379 0.245248 -0.419448 0.0381925 0.221509 -0.39822 0.144654 0.131742 -0.39822 0.153232 0.178064 -0.39822 0.127482 0.0887669 -0.39822 0.102349 0.0507674 -0.39822 0.0701526 0.0190938 -0.39822 0.032018 -0.00515703 -0.39822 -0.010737 -0.0211148 -0.39822 -0.0566406 -0.0281504 -0.39822 -0.213304 -0.0466539 -0.412737 -0.217703 0.0304471 -0.426649 -0.463612 0.262831 -0.414562 -0.592654 0.356857 -0.415253 -0.289852 0.358438 -0.405994 -0.249276 0.398725 -0.413032 -0.284645 0.367674 -0.397048 -0.207693 0.422893 -0.397627 -0.161753 0.4393 -0.393997 -0.113416 0.4473 -0.397208 -0.064496 0.427795 -0.39822 0.0163925 0.412154 -0.39822 0.0632538 0.404725 -0.39822 0.0850262 0.384405 -0.39822 0.0994953 0.357748 -0.39822 0.125571 0.317659 -0.39822 0.14356 0.273065 -0.39822 0.152876 0.225851 -0.358429 0.24416 0.0904319 -0.358429 0.256713 0.158104 -0.358429 0.219313 0.0282549 -0.358429 0.183125 -0.0263316 -0.358429 0.136913 -0.0718175 -0.358429 0.0822708 -0.106962 -0.358429 0.0210084 -0.130565 -0.358429 -0.0448837 -0.141486 -0.358429 -0.206045 -0.163013 -0.398535 -0.436022 0.401765 -0.389874 -0.664258 0.428839 -0.382029 -0.378346 0.452882 -0.39549 -0.432072 0.410862 -0.371513 -0.315443 0.485725 -0.364189 -0.246423 0.508231 -0.367094 -0.120089 0.501781 -0.389509 -0.112479 0.456433 -0.392963 -0.158174 0.448894 -0.361754 -0.237813 0.513984 -0.359163 0.075588 0.508905 -0.395486 0.054779 0.416345 -0.395244 0.0181579 0.421968 -0.354031 0.0244416 0.550764 -0.358429 0.149997 0.482835 -0.358429 0.0859393 0.5057 -0.358429 0.180549 0.422289 -0.35843 0.217739 0.363781 -0.358429 0.243318 0.298157 -0.358429 0.256449 0.228458 -0.304879 0.329938 0.052759 -0.304879 0.346107 0.138965 -0.304879 0.298232 -0.0252832 -0.304879 0.252302 -0.0931824 -0.304879 0.193899 -0.150025 -0.304879 0.125045 -0.194907 -0.304879 0.0479348 -0.226253 -0.304879 -0.03509 -0.24197 -0.304879 -0.200136 -0.267933 -0.371444 -0.710665 0.486487 -0.386642 -0.529086 0.438799 -0.38411 -0.521709 0.446585 -0.373561 -0.408063 0.479417 -0.361637 -0.346579 0.515972 -0.353155 -0.268917 0.541047 -0.351159 -0.259325 0.545336 -0.344637 -0.171785 0.567488 -0.305569 0.095612 0.596809 -0.299563 0.0412183 0.632549 -0.304879 0.186902 0.565715 -0.304879 0.105905 0.593415 -0.304879 0.2507 0.479443 -0.304879 0.297473 0.404666 -0.304879 0.329616 0.31997 -0.304879 0.346019 0.229683 -0.239628 0.399555 0.0213222 -0.239628 0.418844 0.122193 -0.239629 0.362032 -0.0682963 -0.239629 0.307965 -0.145505 -0.239629 0.239547 -0.210832 -0.239628 0.159181 -0.264151 -0.239628 0.0693323 -0.303346 -0.239629 -0.0274624 -0.3248 -0.239628 -0.195661 -0.356043 -0.300411 -0.667497 0.634579 -0.3705 -0.56607 0.491279 -0.34378 -0.769325 0.566417 -0.29642 -0.824933 0.638739 -0.283037 -0.552598 0.648189 -0.361479 -0.45058 0.516509 -0.368298 -0.556726 0.495892 -0.296864 -0.65863 0.638382 -0.285458 -0.455671 0.646062 -0.347145 -0.39113 0.558221 -0.279242 -0.35338 0.65147 -0.328227 -0.301076 0.597792 -0.304133 -0.290771 0.62996 -0.321299 -0.234969 0.593338 -0.325699 -0.291466 0.601293 -0.275178 -0.344985 0.655524 -0.238399 0.111909 0.667958 -0.234852 0.0339236 0.686332 -0.239629 0.217087 0.633409 -0.239628 0.122347 0.664563 -0.239629 0.307731 0.526853 -0.239628 0.362335 0.438744 -0.239629 0.399878 0.337914 -0.239629 0.418969 0.229999 -0.165185 0.450926 -0.00193806 -0.165185 0.472659 0.109193 -0.165185 0.408913 -0.0987716 -0.165184 0.348664 -0.181452 -0.165185 0.272763 -0.252412 -0.165184 0.183925 -0.31251 -0.165185 0.0847807 -0.358951 -0.165185 -0.0220608 -0.386278 -0.165184 -0.192583 -0.422628 -0.23348 -0.868892 0.693624 -0.241707 -0.761477 0.6906 -0.246719 -0.735686 0.679046 -0.252596 -0.614339 0.674148 -0.266707 -0.50774 0.662247 -0.258574 -0.397424 0.669123 -0.163436 0.17054 0.703374 -0.149081 0.00512369 0.738376 -0.165185 0.272624 0.641543 -0.165185 0.180934 0.700764 -0.165184 0.349841 0.562369 -0.165184 0.41028 0.464449 -0.165185 0.451878 0.351355 -0.165185 0.472987 0.229865 -0.126156 0.489527 -0.0185715 -0.135316 0.486792 -0.0135275 -0.13528 0.508928 0.100614 -0.12619 0.512394 0.0953964 -0.126199 0.446211 -0.116106 -0.135272 0.44329 -0.113233 -0.126307 0.384314 -0.19933 -0.135161 0.380815 -0.197972 -0.126376 0.305736 -0.27214 -0.13509 0.302848 -0.270325 -0.126322 0.213208 -0.335326 -0.135145 0.21234 -0.331926 -0.126141 0.110175 -0.385098 -0.135328 0.111295 -0.380335 -0.125834 -0.00151152 -0.415036 -0.135636 0.003171 -0.409539 -0.125776 -0.116457 -0.441568 -0.135705 -0.116887 -0.43544 -0.0190648 -0.227658 0.773669 -0.0460105 -0.227658 0.773669 -0.0123026 -0.284806 0.77346 -0.00646962 -0.284805 0.773461 -0.00941763 -0.109191 0.775492 -0.0507743 -0.109976 0.775493 -0.0894479 0.185185 0.730141 -0.0347739 -0.0496536 0.770988 -0.126198 0.306002 0.649128 -0.135272 0.30351 0.645932 -0.135302 0.255636 0.677037 -0.126168 0.257306 0.680115 -0.126184 0.385378 0.568027 -0.135286 0.383071 0.564458 -0.126212 0.447899 0.466895 -0.135258 0.445022 0.463814 -0.126239 0.491194 0.348831 -0.13523 0.487448 0.348039 -0.126233 0.513089 0.22132 -0.135236 0.509033 0.223987 -6.36622e-008 0.493054 -0.0207463 -0.0844081 0.482435 -0.0160439 -0.0844081 0.505737 0.101001 -2.19902e-008 0.5169 0.0982078 -4.94881e-008 0.447205 -0.122281 -0.0844081 0.437566 -0.116515 -3.57594e-008 0.381746 -0.208235 -0.0844081 0.373435 -0.201762 -7.84844e-008 0.299639 -0.283308 -0.0844082 0.292898 -0.275845 4.77062e-008 0.203872 -0.349475 -0.0844079 0.198875 -0.340432 -5.22014e-008 0.0971923 -0.403139 -0.0844081 0.0940875 -0.392149 -4.11051e-008 -0.0177949 -0.436694 -0.084408 -0.0188548 -0.423996 -1.09991e-007 -0.190219 -0.478138 -0.0844081 -0.190801 -0.464072 7.49206e-009 -0.227658 0.773669 1.11773e-008 -0.284806 0.77346 2.78219e-008 -0.108927 0.775492 -1.64015e-008 0.202288 0.739646 -0.0844083 0.196905 0.72987 -0.0283153 -0.0437036 0.770907 -4.21175e-009 -0.0437042 0.772214 1.23923e-008 0.301107 0.676596 -0.0844081 0.293928 0.667764 -3.99306e-008 0.384384 0.591776 -0.0844081 0.375676 0.584343 -4.21175e-009 0.449658 0.485897 -0.0844081 0.439726 0.480459 6.52011e-009 0.49464 0.362539 -0.0844081 0.483849 0.359704 -3.65693e-008 0.517433 0.229538 -0.0844082 0.506215 0.229639 -0.252336 -0.394186 0.675865 -0.26508 -0.340806 0.662855 -0.304133 -0.290771 0.62996 -0.388117 -0.0160175 0.457586 -0.379572 0.00117224 0.488681 -0.393798 -0.0614969 0.437118 -0.00996765 -0.0707214 0.775482 -0.0784723 -0.0474851 0.766132 2.53515e-008 -0.0706128 0.775482 -0.0760767 -0.0374896 0.763534 -0.0334007 -0.0524661 0.767487 -0.382436 -0.0708342 0.464147 -0.179112 -0.896425 0.72252 -0.193375 -0.833927 0.722957 -0.217326 -0.695001 0.717086 -0.247048 -0.612731 0.681192 -0.226212 -0.576828 0.711805 -0.261136 -0.507226 0.669607 -0.228686 -0.456609 0.710378 -0.227762 -0.385295 0.710703 -0.427949 -0.233775 0.115479 -0.431029 -0.358463 0.10191 -0.430782 -0.347798 0.122828 -0.430497 -0.237652 0.169586 -0.39822 -0.390576 -0.0872323 -0.413869 -0.380408 0.00359458 -0.358429 -0.384869 -0.205584 -0.304879 -0.38047 -0.312977 -0.239628 -0.377375 -0.403774 -0.165184 -0.37542 -0.472827 -0.0844082 -0.374374 -0.516024 -9.23345e-008 -0.37405 -0.530726 -0.430418 -0.429072 0.054561 -0.415128 -0.391015 0.00549146 -0.41339 -0.494256 -0.0428026 -0.399185 -0.401403 -0.0874231 -0.397099 -0.519212 -0.143107 -0.359533 -0.395518 -0.207077 -0.357263 -0.515774 -0.260553 -0.306136 -0.390988 -0.315039 -0.303544 -0.513547 -0.368643 -0.240874 -0.387744 -0.406501 -0.238295 -0.512485 -0.460185 -0.166211 -0.385642 -0.476227 -0.164078 -0.512225 -0.529894 -0.0849948 -0.384485 -0.51995 -0.0837718 -0.512317 -0.573527 -9.16461e-008 -0.384117 -0.534853 -2.11397e-008 -0.512396 -0.588378 -0.429518 -0.350211 0.0919835 0.430997 -0.227899 0.185505 0.419448 0.0341351 0.174077 0.419448 0.0384908 0.197465 0.419448 0.0252945 0.15227 0.421472 0.0122942 0.132897 0.422723 -0.00439069 0.116704 0.422723 -0.0241575 0.104307 0.422723 -0.04629 0.0961742 0.422723 -0.0699822 0.0926112 0.427253 -0.222188 0.105824 0.430061 -0.23495 0.197151 0.423299 -0.197689 0.290827 0.428524 -0.360348 0.211002 0.422723 -0.167018 0.310476 0.422723 -0.184521 0.294482 0.422723 -0.146362 0.322853 0.422723 -0.123405 0.331145 0.422723 -0.0990805 0.335027 0.422723 -0.0743528 0.334325 0.422724 -0.0501847 0.329032 0.422723 -0.0274947 0.319309 0.422723 -0.00712718 0.305491 0.421472 0.0101745 0.28808 0.419448 0.0237896 0.267736 0.419448 0.033238 0.245248 0.419448 0.0381926 0.221509 0.39822 0.144654 0.131741 0.39822 0.153232 0.178064 0.39822 0.127482 0.0887669 0.39822 0.102349 0.0507672 0.39822 0.070153 0.0190939 0.39822 0.0320182 -0.00515711 0.39822 -0.0107369 -0.0211148 0.39822 -0.0566409 -0.0281507 0.412737 -0.217703 0.0304469 0.39822 -0.213304 -0.0466542 0.426649 -0.463612 0.262831 0.415253 -0.289853 0.358438 0.414562 -0.592654 0.356857 0.405994 -0.249276 0.398725 0.413032 -0.284646 0.367674 0.397048 -0.207693 0.422893 0.397627 -0.161752 0.439299 0.393997 -0.113416 0.4473 0.397208 -0.0644959 0.427795 0.39822 0.0163925 0.412154 0.39822 0.0632538 0.404725 0.39822 0.0850264 0.384405 0.39822 0.0994955 0.357748 0.39822 0.125571 0.317659 0.39822 0.14356 0.273065 0.39822 0.152876 0.225851 0.358429 0.24416 0.0904318 0.358429 0.256713 0.158104 0.358429 0.219313 0.0282548 0.358429 0.183125 -0.0263318 0.358429 0.136913 -0.0718177 0.358429 0.0822708 -0.106962 0.358429 0.021008 -0.130565 0.358429 -0.0448836 -0.141486 0.358429 -0.206044 -0.163014 0.398535 -0.436022 0.401765 0.389874 -0.664258 0.428838 0.382029 -0.378346 0.452882 0.39549 -0.432072 0.410862 0.371513 -0.315443 0.485725 0.364189 -0.246423 0.508232 0.367094 -0.120089 0.501781 0.361754 -0.237813 0.513984 0.392963 -0.158173 0.448893 0.389509 -0.112479 0.456433 0.359163 0.0755881 0.508905 0.354031 0.0244416 0.550764 0.395244 0.0181579 0.421968 0.395486 0.0547789 0.416345 0.358429 0.149997 0.482835 0.358429 0.0859394 0.5057 0.358429 0.180549 0.422289 0.358429 0.217739 0.363781 0.358429 0.243319 0.298157 0.358429 0.256449 0.228458 0.304879 0.329938 0.0527588 0.304879 0.346107 0.138965 0.304879 0.298233 -0.0252834 0.304879 0.252302 -0.0931824 0.304879 0.193899 -0.150025 0.304879 0.125045 -0.194907 0.304879 0.0479348 -0.226253 0.304879 -0.0350901 -0.241971 0.304879 -0.200136 -0.267933 0.386642 -0.529086 0.438799 0.371444 -0.710665 0.486487 0.373561 -0.408063 0.479417 0.38411 -0.521709 0.446585 0.361637 -0.346579 0.515972 0.353155 -0.268917 0.541047 0.344637 -0.171785 0.567488 0.351159 -0.259325 0.545336 0.305569 0.0956123 0.596809 0.299563 0.0412182 0.632549 0.304879 0.186902 0.565715 0.304879 0.105905 0.593415 0.304879 0.2507 0.479443 0.304879 0.297473 0.404666 0.304879 0.329615 0.31997 0.304879 0.346019 0.229683 0.239628 0.399555 0.021322 0.239628 0.418844 0.122193 0.239628 0.362031 -0.0682965 0.239628 0.307965 -0.145505 0.239628 0.239547 -0.210832 0.239628 0.159181 -0.264151 0.239628 0.0693321 -0.303346 0.239628 -0.0274624 -0.3248 0.239628 -0.195661 -0.356043 0.300411 -0.667497 0.634578 0.29642 -0.824933 0.638738 0.34378 -0.769325 0.566417 0.3705 -0.56607 0.491278 0.283037 -0.552598 0.648189 0.296864 -0.65863 0.638381 0.368298 -0.556726 0.495892 0.361479 -0.45058 0.516508 0.285458 -0.455671 0.646062 0.347145 -0.39113 0.558221 0.279242 -0.35338 0.65147 0.328227 -0.301076 0.597792 0.304133 -0.290771 0.62996 0.275178 -0.344985 0.655524 0.325699 -0.291466 0.601293 0.321299 -0.23497 0.593338 0.238399 0.111909 0.667958 0.234852 0.0339236 0.686332 0.239629 0.217087 0.633409 0.239628 0.122347 0.664563 0.239628 0.307731 0.526853 0.239628 0.362335 0.438744 0.239629 0.399878 0.337914 0.239628 0.418969 0.229999 0.165185 0.450926 -0.00193814 0.165184 0.472659 0.109193 0.165184 0.408913 -0.0987717 0.165184 0.348664 -0.181452 0.165184 0.272763 -0.252412 0.165185 0.183925 -0.31251 0.165185 0.0847805 -0.358951 0.165184 -0.0220608 -0.386278 0.165184 -0.192583 -0.422628 0.23348 -0.868892 0.693624 0.241707 -0.761477 0.6906 0.246719 -0.735687 0.679046 0.252596 -0.61434 0.674148 0.266707 -0.50774 0.662247 0.258574 -0.397424 0.669123 0.163436 0.17054 0.703374 0.149081 0.00512362 0.738376 0.165184 0.272624 0.641543 0.165185 0.180934 0.700764 0.165184 0.349841 0.562369 0.165184 0.41028 0.464449 0.165185 0.451878 0.351355 0.165185 0.472987 0.229865 0.126156 0.489527 -0.0185715 0.12619 0.512395 0.0953963 0.13528 0.508928 0.100614 0.135316 0.486792 -0.0135277 0.126199 0.446211 -0.116106 0.135271 0.443289 -0.113233 0.126307 0.384314 -0.19933 0.135161 0.380815 -0.197972 0.126377 0.305736 -0.27214 0.13509 0.302849 -0.270325 0.126322 0.213208 -0.335326 0.135145 0.21234 -0.331926 0.126141 0.110174 -0.385098 0.135328 0.111295 -0.380335 0.125834 -0.0015116 -0.415036 0.135636 0.00317096 -0.40954 0.135705 -0.116887 -0.43544 0.125776 -0.116457 -0.441568 0.0190647 -0.227658 0.773669 0.00646944 -0.284805 0.773461 0.0123025 -0.284806 0.77346 0.0460105 -0.227658 0.773669 0.0507743 -0.109976 0.775493 0.00941757 -0.109191 0.775493 0.0894477 0.185185 0.730141 0.0347739 -0.0496539 0.770988 0.126198 0.306002 0.649128 0.126168 0.257306 0.680115 0.135302 0.255636 0.677037 0.135272 0.30351 0.645932 0.126184 0.385378 0.568027 0.135286 0.383071 0.564458 0.126212 0.447899 0.466895 0.135258 0.445022 0.463814 0.126239 0.491194 0.348831 0.13523 0.487447 0.348039 0.126233 0.513089 0.221319 0.135236 0.509033 0.223987 -6.36622e-008 0.493054 -0.0207463 -2.19902e-008 0.5169 0.0982078 0.0844079 0.505737 0.101001 0.0844081 0.482435 -0.016044 -4.94881e-008 0.447205 -0.122281 0.0844079 0.437566 -0.116515 -3.57594e-008 0.381746 -0.208235 0.0844079 0.373434 -0.201762 -7.84844e-008 0.299639 -0.283308 0.0844082 0.292898 -0.275846 4.77062e-008 0.203872 -0.349475 0.084408 0.198876 -0.340432 -5.22014e-008 0.0971923 -0.403139 0.084408 0.0940874 -0.392149 -4.11051e-008 -0.0177949 -0.436694 0.0844079 -0.0188549 -0.423996 0.084408 -0.190801 -0.464072 -1.09991e-007 -0.190219 -0.478138 0.0283153 -0.0437039 0.770906 0.0844081 0.196905 0.72987 1.23923e-008 0.301107 0.676596 0.0844081 0.293927 0.667763 -3.99306e-008 0.384384 0.591776 0.084408 0.375676 0.584343 -4.21175e-009 0.449658 0.485897 0.084408 0.439726 0.480459 6.52011e-009 0.49464 0.362539 0.084408 0.483849 0.359704 -3.65693e-008 0.517433 0.229538 0.0844082 0.506215 0.229638 0.304133 -0.290771 0.62996 0.26508 -0.340806 0.662855 0.252336 -0.394186 0.675865 0.388117 -0.0160175 0.457586 0.393798 -0.0614968 0.437118 0.379572 0.0011723 0.488681 0.00996761 -0.0707214 0.775482 0.0784724 -0.047485 0.766132 0.033401 -0.0524661 0.767487 0.0760767 -0.0374896 0.763534 0.382436 -0.070834 0.464147 0.193375 -0.833927 0.722957 0.179111 -0.896425 0.72252 0.247048 -0.612731 0.681192 0.217326 -0.695002 0.717087 0.261136 -0.507226 0.669607 0.226212 -0.576828 0.711805 0.228686 -0.456609 0.710378 0.227762 -0.385295 0.710703 0.427949 -0.233775 0.115479 0.430497 -0.237652 0.169586 0.430782 -0.347798 0.122828 0.431029 -0.358463 0.101909 0.413869 -0.380408 0.00359441 0.39822 -0.390576 -0.0872325 0.358429 -0.384869 -0.205584 0.304879 -0.38047 -0.312978 0.239628 -0.377375 -0.403774 0.165184 -0.37542 -0.472827 0.0844082 -0.374374 -0.516024 -9.23345e-008 -0.37405 -0.530726 0.430418 -0.429072 0.0545608 0.41339 -0.494256 -0.0428026 0.415128 -0.391015 0.00549129 0.399185 -0.401403 -0.0874233 0.397099 -0.519212 -0.143107 0.359534 -0.395518 -0.207077 0.357263 -0.515774 -0.260553 0.306136 -0.390988 -0.315039 0.303544 -0.513547 -0.368643 0.240874 -0.387744 -0.406501 0.238295 -0.512485 -0.460186 0.166211 -0.385642 -0.476228 0.164078 -0.512225 -0.529895 0.0849948 -0.384485 -0.51995 0.0837719 -0.512317 -0.573527 -9.16461e-008 -0.384117 -0.534853 -2.11397e-008 -0.512396 -0.588378 0.429518 -0.350211 0.0919834 -0.156223 0.484312 0.106398 -0.15623 0.462439 -0.00564324 -0.156212 0.484585 0.227891 -0.15621 0.46333 0.350161 -0.156216 0.42147 0.464067 -0.156222 0.360562 0.562807 -0.15622 0.28264 0.642689 -0.156232 0.204347 0.693332 -0.0973448 0.215957 0.714498 -0.0973567 0.298229 0.661909 -0.0973546 0.379263 0.579202 -0.0973608 0.44284 0.476148 -0.0973672 0.486701 0.356208 -0.0973651 0.508922 0.22692 -0.0973544 0.508391 0.0991073 -0.0973477 0.485238 -0.0170078 -0.0973603 0.440839 -0.116587 -0.0973877 0.377364 -0.201203 -0.0974044 0.297408 -0.27488 -0.0973875 0.203843 -0.339038 -0.0973347 0.0995977 -0.390173 -0.0972473 -0.0129531 -0.421467 -0.0972357 -0.167481 -0.45743 -0.156344 -0.168875 -0.426665 -0.15633 -0.0137627 -0.393532 -0.156242 0.0934777 -0.365662 -0.156188 0.193209 -0.318631 -0.156172 0.282559 -0.258074 -0.156189 0.359073 -0.18667 -0.156217 0.419976 -0.103348 0.15623 0.46244 -0.00564334 0.156223 0.484312 0.106398 0.156217 0.419976 -0.103348 0.156189 0.359073 -0.186671 0.156172 0.282559 -0.258074 0.156189 0.193209 -0.318631 0.156242 0.0934776 -0.365662 0.156329 -0.0137627 -0.393532 0.156344 -0.168875 -0.426665 0.0972357 -0.167481 -0.45743 0.0972473 -0.0129532 -0.421467 0.0973347 0.0995977 -0.390173 0.0973876 0.203843 -0.339038 0.0974045 0.297408 -0.27488 0.0973875 0.377364 -0.201203 0.0973602 0.440839 -0.116587 0.0973477 0.485238 -0.0170078 0.0973542 0.508391 0.0991073 0.0973652 0.508921 0.22692 0.0973671 0.486701 0.356208 0.0973608 0.44284 0.476148 0.0973546 0.379263 0.579202 0.0973567 0.298229 0.661909 0.0973447 0.215957 0.714498 0.156232 0.204347 0.693332 0.15622 0.28264 0.642689 0.156222 0.360562 0.562807 0.156216 0.42147 0.464067 0.15621 0.463329 0.350161 0.156212 0.484585 0.227891 -0.143773 0.497419 0.103441 -0.143793 0.475376 -0.0098072 -0.143745 0.497608 0.22602 -0.143741 0.476159 0.34932 -0.143757 0.433962 0.464302 -0.143774 0.372443 0.564134 -0.143767 0.293582 0.644944 -0.143793 0.232931 0.684276 -0.113742 0.238787 0.694968 -0.113767 0.301613 0.654911 -0.113761 0.381697 0.573139 -0.113777 0.444655 0.471188 -0.113794 0.488179 0.352328 -0.113789 0.510209 0.224067 -0.113762 0.509597 0.0973452 -0.113743 0.486627 -0.0175359 -0.113773 0.442851 -0.115936 -0.113841 0.380264 -0.199732 -0.113884 0.301088 -0.272887 -0.113845 0.208126 -0.336483 -0.11372 0.10459 -0.386839 -0.113512 -0.00745233 -0.417378 -0.11348 -0.139035 -0.4479 -0.144062 -0.139895 -0.431303 -0.144022 -0.00509239 -0.402388 -0.143813 0.102667 -0.373775 -0.143687 0.203167 -0.325956 -0.143649 0.29319 -0.264795 -0.143692 0.370527 -0.192823 -0.143762 0.432314 -0.108666 0.143793 0.475376 -0.00980732 0.143773 0.497419 0.103441 0.143762 0.432314 -0.108666 0.143692 0.370527 -0.192823 0.143649 0.29319 -0.264795 0.143687 0.203167 -0.325956 0.143813 0.102667 -0.373775 0.144022 -0.00509241 -0.402388 0.144062 -0.139895 -0.431303 0.11348 -0.139035 -0.4479 0.113512 -0.00745241 -0.417378 0.11372 0.104589 -0.386839 0.113845 0.208126 -0.336483 0.113884 0.301088 -0.272887 0.113841 0.380264 -0.199732 0.113773 0.442851 -0.115936 0.113743 0.486627 -0.017536 0.113762 0.509597 0.0973451 0.113789 0.510209 0.224066 0.113793 0.488178 0.352328 0.113777 0.444655 0.471188 0.113761 0.381697 0.573139 0.113767 0.301613 0.65491 0.113742 0.238787 0.694968 0.143793 0.232931 0.684275 0.143767 0.293582 0.644944 0.143774 0.372443 0.564134 0.143758 0.433962 0.464302 0.143741 0.476159 0.34932 0.143745 0.497607 0.22602 -0.408523 0.0315023 0.174826 -0.408526 0.0357444 0.197686 -0.41992 -0.228212 0.185194 -0.408541 0.0224753 0.152868 -0.410582 0.00930086 0.133252 -0.411802 -0.00662367 0.118325 -0.411832 -0.0255011 0.106994 -0.411848 -0.0470927 0.0991972 -0.411864 -0.0704075 0.0958276 -0.416327 -0.222782 0.108481 -0.411838 -0.182994 0.291835 -0.418191 -0.363641 0.199098 -0.411892 -0.165302 0.307488 -0.411918 -0.144859 0.319563 -0.411914 -0.122677 0.327629 -0.41194 -0.0989316 0.331272 -0.411937 -0.0747778 0.330613 -0.411889 -0.051106 0.325738 -0.411832 -0.028926 0.316667 -0.411807 -0.00934516 0.303781 -0.410573 0.00726433 0.2876 -0.408542 0.0209376 0.267279 -0.40853 0.0305689 0.244415 -0.408528 0.0354337 0.221197 -0.387958 0.13874 0.133433 -0.387984 0.147007 0.178595 -0.387931 0.122112 0.0915598 -0.387934 0.0976267 0.0545764 -0.387952 0.066305 0.0238673 -0.387954 0.029274 0.000336691 -0.387953 -0.012288 -0.0151788 -0.387934 -0.05743 -0.0221341 -0.402074 -0.218342 0.0348413 -0.387874 -0.214291 -0.0408963 -0.402449 -0.284441 0.362842 -0.406012 -0.600127 0.342923 -0.416526 -0.469429 0.251047 -0.395761 -0.249382 0.392469 -0.386897 -0.206708 0.416428 -0.387638 -0.160951 0.432284 -0.384297 -0.114177 0.439453 -0.387138 -0.0652132 0.421027 -0.388051 0.0150558 0.405813 -0.388035 0.060484 0.398927 -0.388008 0.0799322 0.380648 -0.388032 0.0939841 0.354464 -0.388036 0.119844 0.314745 -0.388014 0.137471 0.271253 -0.388004 0.146591 0.225203 -0.349332 0.235214 0.0930107 -0.349393 0.247312 0.158937 -0.349275 0.211172 0.0325166 -0.349233 0.176102 -0.0205483 -0.349201 0.131265 -0.0647741 -0.34917 0.0781978 -0.0989829 -0.349139 0.0186509 -0.121995 -0.349096 -0.0461645 -0.132788 -0.349022 -0.207636 -0.154542 -0.385596 -0.431922 0.403518 -0.381916 -0.672759 0.415693 -0.372079 -0.378083 0.445709 -0.361668 -0.315229 0.478243 -0.354426 -0.24616 0.500522 -0.355065 -0.112201 0.498918 -0.34929 0.0822803 0.497235 -0.346208 0.00964616 0.546303 -0.349395 0.143694 0.475803 -0.349401 0.172331 0.417614 -0.349439 0.209231 0.35948 -0.349451 0.23413 0.295526 -0.349437 0.246964 0.227546 -0.297228 0.318623 0.0560867 -0.29731 0.334248 0.140056 -0.297169 0.287906 -0.0197555 -0.297148 0.243348 -0.0856789 -0.297129 0.186607 -0.140934 -0.29707 0.119654 -0.184671 -0.296971 0.0446724 -0.215307 -0.296855 -0.0369601 -0.230881 -0.296704 -0.202358 -0.257152 -0.374093 -0.521728 0.439613 -0.363306 -0.719613 0.473765 -0.363552 -0.408064 0.47242 -0.351796 -0.346683 0.508476 -0.343713 -0.268984 0.532512 -0.33218 -0.163415 0.565003 -0.297404 0.101227 0.582325 -0.293992 0.0261069 0.623458 -0.297394 0.179861 0.555967 -0.297409 0.240654 0.4728 -0.297357 0.286745 0.399348 -0.297386 0.318041 0.316752 -0.297373 0.334074 0.228594 -0.233692 0.386377 0.0253129 -0.23377 0.405065 0.12351 -0.233673 0.350001 -0.0616369 -0.233719 0.297507 -0.13651 -0.233748 0.230905 -0.200046 -0.233671 0.152574 -0.252092 -0.233488 0.0651015 -0.290448 -0.233272 -0.0300434 -0.311695 -0.233036 -0.198559 -0.343261 -0.337223 -0.779116 0.551808 -0.358819 -0.556823 0.487446 -0.28975 -0.659261 0.625896 -0.292305 -0.834771 0.622798 -0.352077 -0.44994 0.507901 -0.27603 -0.552814 0.635558 -0.338239 -0.39024 0.548559 -0.278471 -0.455473 0.633407 -0.319977 -0.301318 0.586909 -0.272905 -0.353016 0.638098 -0.308944 -0.22919 0.588353 -0.292801 -0.283013 0.622035 -0.234338 0.118039 0.650898 -0.231944 0.0205415 0.673236 -0.234606 0.209603 0.620948 -0.233823 0.296446 0.518756 -0.233809 0.349871 0.432642 -0.23385 0.386453 0.334259 -0.233839 0.405118 0.228788 -0.158807 0.438196 0.00203373 -0.1589 0.459291 0.110491 -0.158851 0.397316 -0.092096 -0.15904 0.338533 -0.172423 -0.159255 0.264228 -0.241599 -0.159386 0.177169 -0.300367 -0.159448 0.0802585 -0.345753 -0.159343 -0.0250925 -0.372757 -0.160223 -0.195553 -0.408353 -0.240851 -0.73542 0.665216 -0.230576 -0.878712 0.677264 -0.246041 -0.613998 0.661005 -0.26032 -0.507681 0.648922 -0.251967 -0.39744 0.656032 -0.161039 0.175448 0.686672 -0.148923 -0.00762375 0.724392 -0.160405 0.263617 0.629911 -0.159735 0.338698 0.553569 -0.159368 0.397865 0.458243 -0.159185 0.438663 0.347707 -0.15904 0.459471 0.228664 -0.129873 0.49475 0.101861 -0.129813 0.473235 -0.0094626 -0.125411 0.474063 -0.0135164 -0.125457 0.496228 0.0972358 -0.129825 0.430957 -0.106192 -0.125497 0.432145 -0.107922 -0.12997 0.370067 -0.188379 -0.125673 0.372114 -0.188551 -0.130139 0.293727 -0.25894 -0.125719 0.295501 -0.259483 -0.130275 0.204923 -0.319295 -0.125405 0.205006 -0.321297 -0.130407 0.10601 -0.366714 -0.124662 0.104481 -0.369973 -0.130772 -0.000390182 -0.395327 -0.123986 -0.00536377 -0.399427 -0.130602 -0.118902 -0.421106 -0.122891 -0.118489 -0.425955 -0.0123024 -0.284746 0.757154 -0.046011 -0.227473 0.757363 -0.0190648 -0.227503 0.757363 -0.0064697 -0.284746 0.757154 -0.00941884 -0.109067 0.759187 -0.0504513 -0.110602 0.759205 -0.0826707 0.191456 0.714715 -0.0275464 -0.045816 0.754777 -0.131565 0.247889 0.663784 -0.130878 0.293855 0.634493 -0.124144 0.295713 0.636844 -0.123822 0.24928 0.666346 -0.130506 0.371339 0.555583 -0.124559 0.372588 0.558197 -0.130228 0.43187 0.457636 -0.124978 0.43328 0.459903 -0.130048 0.473503 0.344392 -0.125314 0.475465 0.344752 -0.129941 0.494764 0.222734 -0.125472 0.496864 0.220141 -0.0847197 0.489514 0.102585 -0.0847594 0.466904 -0.011101 -5.35783e-008 0.477532 -0.0157504 -1.41337e-008 0.500678 0.0998629 -0.084743 0.423552 -0.108193 -4.34134e-008 0.43319 -0.113946 -0.0846719 0.361407 -0.190758 -3.82297e-008 0.369691 -0.197254 -0.0845381 0.282798 -0.263045 -8.01853e-008 0.289468 -0.270562 -0.0842938 0.190707 -0.326319 4.83541e-008 0.195564 -0.335443 -0.0838868 0.0883753 -0.376895 -5.16344e-008 0.0912549 -0.387952 -0.0835538 -0.0228705 -0.408242 -4.13886e-008 -0.0219138 -0.420916 -0.0822682 -0.194329 -0.448467 -1.08169e-007 -0.194358 -0.462366 -9.55743e-009 -0.227503 0.757363 -8.35871e-008 -0.284746 0.757154 6.28928e-008 -0.108805 0.759186 -1.86694e-008 0.196612 0.72436 -3.36535e-008 -0.0458477 0.756049 -0.0833216 0.283851 0.655043 1.86289e-009 0.290833 0.663933 -0.0837581 0.362967 0.574171 -4.22795e-008 0.371546 0.581722 -0.0841464 0.425118 0.473224 -6.60111e-009 0.434984 0.478784 -0.0844356 0.468118 0.355413 8.5045e-010 0.478881 0.358349 -0.0846194 0.489974 0.228212 -3.96067e-008 0.501182 0.228194 -0.255598 -0.331645 0.652876 -0.369601 -0.0125001 0.487297 -0.374192 -0.021467 0.462392 -0.0776247 -0.0523393 0.750615 -0.00973041 -0.0718746 0.75922 3.07782e-008 -0.0716045 0.759206 -0.369284 -0.066184 0.463719 -0.182213 -0.830114 0.714364 -0.164665 -0.911229 0.714414 -0.204781 -0.692165 0.71158 -0.21334 -0.575471 0.70687 -0.215821 -0.456671 0.705418 -0.214786 -0.379222 0.706113 -0.420342 -0.354212 0.133229 -0.41861 -0.35125 0.0946631 -0.403259 -0.381868 0.00806796 -0.387876 -0.392329 -0.0816521 -0.349033 -0.387489 -0.197346 -0.296697 -0.38388 -0.302522 -0.233001 -0.381526 -0.391382 -0.160476 -0.380211 -0.458865 -0.0819515 -0.379612 -0.501011 -9.2861e-008 -0.379449 -0.515339 -0.421205 -0.439329 0.0660601 -0.404391 -0.506025 -0.0345637 -0.388066 -0.532479 -0.136461 -0.349206 -0.529779 -0.253502 -0.296897 -0.528294 -0.360081 -0.233203 -0.527871 -0.450508 -0.160646 -0.528119 -0.519481 -0.0820512 -0.528541 -0.562717 -2.30836e-008 -0.528733 -0.577448 0.408526 0.0357446 0.197686 0.408524 0.0315021 0.174826 0.41992 -0.228212 0.185194 0.408541 0.0224752 0.152868 0.410582 0.00930078 0.133252 0.411802 -0.00662388 0.118325 0.411832 -0.0255013 0.106994 0.411848 -0.0470927 0.0991971 0.411864 -0.0704075 0.0958275 0.416327 -0.222782 0.108481 0.418191 -0.363641 0.199098 0.411838 -0.182994 0.291835 0.411892 -0.165301 0.307488 0.411918 -0.144859 0.319563 0.411914 -0.122677 0.327629 0.41194 -0.0989318 0.331271 0.411937 -0.0747778 0.330613 0.411889 -0.051106 0.325738 0.411832 -0.0289261 0.316667 0.411807 -0.00934518 0.303781 0.410573 0.00726445 0.2876 0.408542 0.0209377 0.267278 0.40853 0.030569 0.244415 0.408528 0.0354338 0.221197 0.387984 0.147007 0.178595 0.387957 0.13874 0.133433 0.387931 0.122112 0.0915597 0.387934 0.0976267 0.0545762 0.387952 0.0663054 0.0238673 0.387954 0.0292742 0.000336608 0.387953 -0.0122879 -0.0151788 0.387934 -0.0574303 -0.0221344 0.387874 -0.214291 -0.0408965 0.402074 -0.218342 0.0348411 0.402449 -0.284441 0.362842 0.416526 -0.469429 0.251047 0.406012 -0.600127 0.342923 0.39576 -0.249381 0.392469 0.386897 -0.206708 0.416427 0.387639 -0.160951 0.432283 0.384297 -0.114177 0.439453 0.387138 -0.0652132 0.421027 0.388051 0.0150558 0.405813 0.388036 0.0604839 0.398927 0.388008 0.0799324 0.380648 0.388032 0.0939843 0.354464 0.388036 0.119844 0.314745 0.388014 0.137472 0.271253 0.388004 0.146591 0.225204 0.349392 0.247312 0.158937 0.349332 0.235214 0.0930106 0.349275 0.211172 0.0325166 0.349233 0.176102 -0.0205485 0.349201 0.131265 -0.0647743 0.34917 0.0781977 -0.0989829 0.349139 0.0186505 -0.121995 0.349096 -0.0461644 -0.132788 0.349022 -0.207635 -0.154543 0.381915 -0.672759 0.415692 0.385596 -0.431922 0.403518 0.372079 -0.378083 0.445708 0.361668 -0.315229 0.478243 0.354426 -0.24616 0.500522 0.355065 -0.112201 0.498918 0.346208 0.00964613 0.546302 0.34929 0.0822804 0.497234 0.349395 0.143694 0.475803 0.349401 0.172331 0.417614 0.349439 0.209231 0.35948 0.349451 0.23413 0.295526 0.349437 0.246964 0.227546 0.29731 0.334248 0.140056 0.297227 0.318623 0.0560865 0.297169 0.287907 -0.0197557 0.297148 0.243348 -0.0856789 0.297129 0.186607 -0.140934 0.29707 0.119653 -0.184671 0.296971 0.0446724 -0.215307 0.296855 -0.0369602 -0.230881 0.296704 -0.202358 -0.257152 0.374093 -0.521728 0.439613 0.363305 -0.719613 0.473765 0.363552 -0.408064 0.47242 0.351796 -0.346683 0.508476 0.343713 -0.268984 0.532512 0.33218 -0.163415 0.565003 0.293992 0.0261069 0.623458 0.297403 0.101227 0.582325 0.297394 0.179861 0.555967 0.297409 0.240654 0.4728 0.297357 0.286745 0.399348 0.297386 0.318041 0.316752 0.297373 0.334074 0.228594 0.23377 0.405065 0.12351 0.233691 0.386377 0.0253127 0.233672 0.350001 -0.061637 0.233719 0.297507 -0.13651 0.233748 0.230904 -0.200046 0.233671 0.152575 -0.252092 0.233488 0.0651013 -0.290448 0.233272 -0.0300434 -0.311695 0.233036 -0.198559 -0.343261 0.337222 -0.779116 0.551808 0.292305 -0.834771 0.622798 0.28975 -0.659261 0.625896 0.358819 -0.556823 0.487446 0.27603 -0.552814 0.635558 0.352077 -0.44994 0.507901 0.278471 -0.455473 0.633407 0.338239 -0.39024 0.548559 0.272905 -0.353016 0.638098 0.319977 -0.301318 0.586909 0.292801 -0.283013 0.622035 0.308944 -0.22919 0.588353 0.231944 0.0205415 0.673236 0.234338 0.118039 0.650898 0.234606 0.209603 0.620948 0.233823 0.296446 0.518756 0.233809 0.349871 0.432642 0.23385 0.386453 0.334259 0.233839 0.405118 0.228788 0.158898 0.459292 0.110491 0.158808 0.438196 0.00203717 0.158854 0.397315 -0.0920914 0.159043 0.33853 -0.172422 0.159254 0.264224 -0.241604 0.159379 0.177164 -0.300377 0.159436 0.080251 -0.345767 0.159339 -0.0250833 -0.372759 0.160217 -0.195548 -0.408356 0.230576 -0.878712 0.677263 0.240851 -0.73542 0.665217 0.24604 -0.613998 0.661005 0.26032 -0.507681 0.648922 0.251967 -0.39744 0.656032 0.148923 -0.00762381 0.724391 0.161038 0.175449 0.686672 0.160407 0.263619 0.629907 0.159735 0.338697 0.55357 0.159369 0.397864 0.458243 0.159185 0.438662 0.347705 0.159039 0.459471 0.228663 0.129874 0.494748 0.101861 0.125454 0.496228 0.0972355 0.125411 0.474065 -0.0135121 0.129813 0.473236 -0.00945879 0.125501 0.432147 -0.107918 0.129821 0.430961 -0.10619 0.125679 0.372111 -0.188553 0.129965 0.370068 -0.188385 0.125721 0.295494 -0.259488 0.130137 0.293722 -0.258946 0.1254 0.205002 -0.3213 0.130279 0.204919 -0.319294 0.12465 0.104481 -0.369976 0.130417 0.106008 -0.366707 0.123973 -0.00534725 -0.399426 0.130785 -0.000376269 -0.395314 0.130512 -0.119134 -0.421211 0.123004 -0.118786 -0.425952 0.0123023 -0.284746 0.757154 0.00646944 -0.284746 0.757154 0.0190647 -0.227503 0.757363 0.0460109 -0.227473 0.757363 0.0094188 -0.109068 0.759187 0.0504513 -0.110602 0.759205 0.0275464 -0.0458163 0.754777 0.0826711 0.191456 0.714715 0.131524 0.24783 0.663843 0.123866 0.249186 0.666385 0.124144 0.295716 0.636841 0.130878 0.293857 0.63449 0.12456 0.372586 0.5582 0.130505 0.371338 0.555586 0.12498 0.43328 0.459903 0.130227 0.431871 0.457638 0.125314 0.475465 0.344751 0.130048 0.473503 0.344391 0.125471 0.496864 0.220139 0.129942 0.494763 0.222732 0.0847208 0.489515 0.102585 -1.41337e-008 0.500678 0.0998629 -5.35783e-008 0.477532 -0.0157504 0.084759 0.466905 -0.0110981 -4.34134e-008 0.43319 -0.113946 0.0847394 0.423553 -0.10819 -3.82297e-008 0.369691 -0.197254 0.0846681 0.361406 -0.190758 -8.01853e-008 0.289468 -0.270562 0.0845391 0.282794 -0.263049 4.83541e-008 0.195564 -0.335443 0.084301 0.190701 -0.326323 -5.16344e-008 0.0912549 -0.387952 0.0838995 0.0883664 -0.376898 -4.13886e-008 -0.0219138 -0.420916 0.0835584 -0.0228621 -0.408239 0.0822733 -0.194326 -0.448464 -1.08169e-007 -0.194358 -0.462366 1.86289e-009 0.290833 0.663933 0.0833197 0.283854 0.655041 -4.22795e-008 0.371546 0.581722 0.083758 0.362966 0.574172 -6.60111e-009 0.434984 0.478784 0.0841454 0.425118 0.473223 8.5045e-010 0.478881 0.358349 0.084435 0.468118 0.355411 -3.96067e-008 0.501182 0.228194 0.0846201 0.489974 0.228211 0.255598 -0.331645 0.652876 0.374192 -0.021467 0.462392 0.369601 -0.0125 0.487297 0.00973036 -0.0718746 0.75922 0.0776248 -0.0523394 0.750615 0.369284 -0.0661838 0.463719 0.182213 -0.830114 0.714363 0.164665 -0.91123 0.714414 0.204781 -0.692165 0.71158 0.21334 -0.575471 0.70687 0.21582 -0.456671 0.705419 0.214786 -0.379222 0.706112 0.420342 -0.354212 0.133228 0.41861 -0.35125 0.094663 0.403259 -0.381868 0.00806778 0.387876 -0.392329 -0.0816523 0.349033 -0.387489 -0.197346 0.296697 -0.38388 -0.302522 0.233001 -0.381526 -0.391382 0.160476 -0.380211 -0.458865 0.0819515 -0.379612 -0.501011 -9.2861e-008 -0.379449 -0.515339 0.404391 -0.506025 -0.0345637 0.421205 -0.439329 0.06606 0.388066 -0.532479 -0.136461 0.349205 -0.529779 -0.253502 0.296897 -0.528295 -0.360081 0.233203 -0.527871 -0.450508 0.160646 -0.528119 -0.519481 0.0820514 -0.528541 -0.562717 -2.30836e-008 -0.528733 -0.577448 -0.149264 0.471682 0.107629 -0.149192 0.450411 -0.00190835 -0.149424 0.471742 0.226797 -0.149652 0.450633 0.346757 -0.149981 0.409345 0.458176 -0.150475 0.349571 0.55423 -0.151172 0.273429 0.631469 -0.15232 0.196794 0.680076 -0.0950421 0.208055 0.700643 -0.0960979 0.287974 0.649367 -0.0968556 0.366411 0.569193 -0.0975154 0.428158 0.469056 -0.0980056 0.470965 0.352035 -0.0983173 0.49273 0.225586 -0.0984826 0.492251 0.100741 -0.0985392 0.469788 -0.0120949 -0.0985048 0.42685 -0.108378 -0.0983857 0.365308 -0.190323 -0.0981631 0.287265 -0.262161 -0.0977532 0.195617 -0.324969 -0.0970651 0.0937823 -0.374944 -0.0963701 -0.0169932 -0.405721 -0.0949424 -0.169443 -0.441597 -0.151376 -0.170579 -0.41219 -0.150385 -0.0169568 -0.380146 -0.15024 0.0887967 -0.352778 -0.149967 0.186521 -0.306912 -0.149723 0.274294 -0.247704 -0.149465 0.349381 -0.178063 -0.14926 0.408967 -0.0970325 0.149192 0.450413 -0.00190067 0.149263 0.471683 0.10763 0.149261 0.408969 -0.097025 0.149467 0.349377 -0.178065 0.149722 0.274283 -0.247715 0.149963 0.18651 -0.306923 0.150234 0.0887859 -0.352788 0.150388 -0.0169304 -0.380137 0.151353 -0.170591 -0.412208 0.0949674 -0.169466 -0.441593 0.096367 -0.0169665 -0.405715 0.0970715 0.0937714 -0.374948 0.0977579 0.195605 -0.324976 0.0981649 0.287253 -0.26217 0.0983838 0.365305 -0.190326 0.0985026 0.426854 -0.108372 0.0985392 0.469791 -0.0120876 0.0984833 0.492252 0.100742 0.0983174 0.49273 0.225582 0.0980048 0.470966 0.352032 0.0975147 0.428158 0.469055 0.0968562 0.366408 0.569196 0.0960954 0.28798 0.649363 0.0950509 0.208046 0.700644 0.15231 0.196791 0.680085 0.151175 0.273434 0.631462 0.150474 0.349569 0.554234 0.149981 0.409344 0.458176 0.149653 0.450633 0.346754 0.149424 0.471742 0.226794 -0.136688 0.484937 0.104637 -0.136611 0.463516 -0.00612532 -0.136848 0.484893 0.224913 -0.13708 0.463579 0.345918 -0.137426 0.421944 0.458415 -0.137951 0.361553 0.555539 -0.138694 0.284458 0.633678 -0.140078 0.225302 0.67094 -0.11134 0.230854 0.681167 -0.112471 0.291439 0.642311 -0.113249 0.368897 0.563064 -0.113958 0.430004 0.464033 -0.114492 0.47246 0.348112 -0.114821 0.49403 0.22271 -0.114973 0.493469 0.0989687 -0.115012 0.471188 -0.0126307 -0.114995 0.428872 -0.107735 -0.114927 0.368221 -0.188855 -0.114736 0.290977 -0.260156 -0.114288 0.199967 -0.322379 -0.113491 0.098893 -0.371563 -0.112665 -0.011435 -0.401614 -0.110913 -0.141005 -0.43216 -0.139264 -0.14168 -0.416713 -0.137974 -0.00829177 -0.389104 -0.137717 0.0980098 -0.360979 -0.137374 0.196527 -0.314316 -0.137106 0.285009 -0.254485 -0.136852 0.360965 -0.184269 -0.136662 0.42147 -0.102408 0.13661 0.46352 -0.00611682 0.136688 0.484938 0.104638 0.136662 0.421475 -0.1024 0.136851 0.360963 -0.184272 0.137105 0.284998 -0.254496 0.137373 0.196514 -0.314325 0.137716 0.0979961 -0.360985 0.137981 -0.00826794 -0.389092 0.139207 -0.141728 -0.41676 0.110975 -0.141084 -0.432149 0.112658 -0.011409 -0.401609 0.113491 0.0988811 -0.371568 0.11429 0.199954 -0.322387 0.114738 0.290964 -0.260166 0.114927 0.368218 -0.188858 0.114995 0.428876 -0.107727 0.115013 0.471191 -0.012622 0.114973 0.49347 0.0989694 0.11482 0.49403 0.222705 0.114491 0.472461 0.348108 0.113958 0.430004 0.464033 0.11325 0.368894 0.563069 0.112469 0.291446 0.642305 0.111363 0.230831 0.681171 0.140053 0.225295 0.67096 0.138696 0.284464 0.63367 0.137949 0.36155 0.555544 0.137426 0.421944 0.458415 0.137081 0.463579 0.345914 0.136849 0.484892 0.224908 -0.429233 -0.36349 0.200465 -0.430997 -0.227899 0.185505 -0.41992 -0.228212 0.185194 -0.418191 -0.363641 0.199098 -0.416245 -0.600116 0.349178 -0.427469 -0.469342 0.253612 -0.416526 -0.469429 0.251047 -0.406012 -0.600127 0.342923 -0.391918 -0.672736 0.422712 -0.381916 -0.672759 0.415693 -0.373264 -0.719613 0.480918 -0.363306 -0.719613 0.473765 -0.364336 -0.111895 0.507846 -0.341468 -0.163989 0.573879 -0.33218 -0.163415 0.565003 -0.355065 -0.112201 0.498918 -0.300779 0.0308632 0.635438 -0.35506 0.0144669 0.554846 -0.346208 0.00964616 0.546303 -0.293992 0.0261069 0.623458 -0.29893 -0.834789 0.635869 -0.345952 -0.77871 0.561844 -0.337223 -0.779116 0.551808 -0.292305 -0.834771 0.622798 -0.317009 -0.228605 0.59952 -0.299914 -0.282942 0.634539 -0.292801 -0.283013 0.622035 -0.308944 -0.22919 0.588353 -0.236477 0.0233994 0.687839 -0.231944 0.0205415 0.673236 -0.235691 -0.879096 0.691724 -0.230576 -0.878712 0.677264 -0.151536 -0.00506975 0.740031 -0.148923 -0.00762375 0.724392 -0.046011 -0.227473 0.757363 -0.0123024 -0.284746 0.757154 -0.0064697 -0.284746 0.757154 -0.0504513 -0.110602 0.759205 -8.35871e-008 -0.284746 0.757154 -0.261727 -0.331775 0.666462 -0.255598 -0.331645 0.652876 -0.37955 -0.00873459 0.493411 -0.384462 -0.0220563 0.46849 -0.374192 -0.021467 0.462392 -0.369601 -0.0125001 0.487297 -0.0776247 -0.0523393 0.750615 -0.378577 -0.0658956 0.472596 -0.369284 -0.066184 0.463719 -0.169007 -0.913239 0.729281 -0.164665 -0.911229 0.714414 -0.187361 -0.831168 0.728765 -0.182213 -0.830114 0.714364 -0.211817 -0.69321 0.724134 -0.204781 -0.692165 0.71158 -0.22071 -0.576056 0.719033 -0.21334 -0.575471 0.70687 -0.223172 -0.456536 0.717619 -0.215821 -0.456671 0.705418 -0.222273 -0.379262 0.718135 -0.214786 -0.379222 0.706113 -0.43139 -0.353525 0.132167 -0.420342 -0.354212 0.133229 -0.41992 -0.228212 0.185194 -0.431783 -0.437374 0.0616087 -0.415001 -0.504308 -0.0389411 -0.404391 -0.506025 -0.0345637 -0.421205 -0.439329 0.0660601 -0.418191 -0.363641 0.199098 -0.39822 -0.530071 -0.142528 -0.388066 -0.532479 -0.136461 -0.358429 -0.52643 -0.261896 -0.349206 -0.529779 -0.253502 -0.304879 -0.524069 -0.370573 -0.296897 -0.528294 -0.360081 -0.239628 -0.522857 -0.462811 -0.233203 -0.527871 -0.450508 -0.165185 -0.52245 -0.533235 -0.160646 -0.528119 -0.519481 -0.0844081 -0.522431 -0.577432 -0.0820512 -0.528541 -0.562717 -1.95603e-008 -0.522466 -0.592502 -2.30836e-008 -0.528733 -0.577448 0.429233 -0.36349 0.200465 0.418191 -0.363641 0.199098 0.41992 -0.228212 0.185194 0.427469 -0.469342 0.253612 0.416245 -0.600116 0.349178 0.406012 -0.600127 0.342923 0.416526 -0.469429 0.251047 0.391918 -0.672736 0.422711 0.381915 -0.672759 0.415692 0.373264 -0.719613 0.480918 0.363305 -0.719613 0.473765 0.341468 -0.163989 0.573879 0.364336 -0.111895 0.507846 0.355065 -0.112201 0.498918 0.33218 -0.163415 0.565003 0.35506 0.0144668 0.554846 0.300779 0.0308632 0.635438 0.293992 0.0261069 0.623458 0.346208 0.00964613 0.546302 0.345952 -0.77871 0.561844 0.29893 -0.83479 0.635869 0.292305 -0.834771 0.622798 0.337222 -0.779116 0.551808 0.299914 -0.282942 0.634539 0.317009 -0.228605 0.59952 0.308944 -0.22919 0.588353 0.292801 -0.283013 0.622035 0.236477 0.0233995 0.687839 0.231944 0.0205415 0.673236 0.235691 -0.879096 0.691724 0.230576 -0.878712 0.677263 0.151536 -0.00506981 0.740031 0.148923 -0.00762381 0.724391 0.00646944 -0.284746 0.757154 0.0123023 -0.284746 0.757154 0.0460109 -0.227473 0.757363 0.0504513 -0.110602 0.759205 0.261726 -0.331775 0.666462 0.255598 -0.331645 0.652876 0.384461 -0.0220563 0.46849 0.37955 -0.00873454 0.493411 0.369601 -0.0125 0.487297 0.374192 -0.021467 0.462392 0.0776248 -0.0523394 0.750615 0.378577 -0.0658955 0.472596 0.369284 -0.0661838 0.463719 0.169007 -0.913239 0.729281 0.187361 -0.831168 0.728765 0.182213 -0.830114 0.714363 0.164665 -0.91123 0.714414 0.211817 -0.69321 0.724134 0.204781 -0.692165 0.71158 0.22071 -0.576056 0.719033 0.21334 -0.575471 0.70687 0.223172 -0.456536 0.717619 0.21582 -0.456671 0.705419 0.222273 -0.379263 0.718134 0.214786 -0.379222 0.706112 0.43139 -0.353525 0.132167 0.420342 -0.354212 0.133228 0.415001 -0.504308 -0.0389411 0.431783 -0.437373 0.0616084 0.421205 -0.439329 0.06606 0.404391 -0.506025 -0.0345637 0.39822 -0.530071 -0.142528 0.388066 -0.532479 -0.136461 0.358429 -0.52643 -0.261896 0.349205 -0.529779 -0.253502 0.304879 -0.524069 -0.370573 0.296897 -0.528295 -0.360081 0.239628 -0.522857 -0.462811 0.233203 -0.527871 -0.450508 0.165184 -0.52245 -0.533235 0.160646 -0.528119 -0.519481 0.0844082 -0.522431 -0.577432 0.0820514 -0.528541 -0.562717 -1.95603e-008 -0.522466 -0.592502 -2.30836e-008 -0.528733 -0.577448 -0.434697 -0.230285 0.187644 -0.43297 -0.363094 0.202208 -0.432442 -0.360668 0.210352 -0.433962 -0.235725 0.196643 -0.431168 -0.468662 0.255373 -0.430578 -0.464261 0.26252 -0.419719 -0.599321 0.351837 -0.418382 -0.59358 0.357787 -0.395168 -0.671745 0.425887 -0.393541 -0.665213 0.430609 -0.376502 -0.718603 0.484001 -0.375125 -0.711703 0.488344 -0.348848 -0.777648 0.565603 -0.347168 -0.770415 0.569181 -0.301054 -0.833638 0.64065 -0.299065 -0.82604 0.642836 -0.237144 -0.878072 0.696978 -0.235409 -0.870221 0.69853 -0.171632 -0.911708 0.733031 -0.180009 -0.898492 0.728811 -0.189992 -0.832227 0.73284 -0.194696 -0.8344 0.728469 -0.214928 -0.693924 0.727668 -0.219157 -0.695267 0.722168 -0.223893 -0.576294 0.722441 -0.228139 -0.576885 0.71685 -0.226357 -0.456558 0.721012 -0.230622 -0.456606 0.715428 -0.225507 -0.37997 0.72148 -0.229719 -0.384647 0.715708 -0.264357 -0.332813 0.670613 -0.266956 -0.339807 0.667875 -0.302766 -0.283629 0.638411 -0.306072 -0.289663 0.634929 -0.320201 -0.229283 0.602833 -0.32354 -0.23414 0.598033 -0.344928 -0.164962 0.576598 -0.347323 -0.170977 0.57157 -0.367956 -0.112571 0.510073 -0.370064 -0.118909 0.505363 -0.382136 -0.0666468 0.474833 -0.385211 -0.0703378 0.468322 -0.388392 -0.0222691 0.469308 -0.391218 -0.0171692 0.461119 -0.383154 -0.00671584 0.494787 -0.383039 0.00103929 0.491324 -0.358013 0.0174829 0.557305 -0.357158 0.0251705 0.554137 -0.302882 0.0337952 0.639354 -0.301963 0.0417963 0.63711 -0.237812 0.0258179 0.692665 -0.236585 0.0339739 0.691586 -0.152161 -0.00258079 0.745162 -0.150258 0.00530647 0.743918 -0.0784815 -0.0447976 0.771226 -0.0765605 -0.0370974 0.769306 -0.0154981 -0.0652164 0.779483 -0.0334666 -0.0507115 0.772789 0.434777 -0.23078 0.18249 0.435132 -0.352611 0.130728 0.434705 -0.348211 0.123493 0.434398 -0.23832 0.170195 0.435399 -0.436034 0.0597005 0.434321 -0.42964 0.054224 0.418497 -0.502503 -0.0409826 0.417215 -0.494754 -0.0439737 0.401659 -0.528144 -0.144571 0.4008 -0.519754 -0.145036 0.361541 -0.52409 -0.264586 0.360615 -0.515863 -0.263565 0.307543 -0.521441 -0.373936 0.306499 -0.513314 -0.372458 0.241756 -0.519971 -0.466745 0.240712 -0.511962 -0.464721 0.166679 -0.519352 -0.537618 0.16581 -0.511458 -0.53503 0.0851809 -0.519188 -0.582109 0.0846805 -0.511384 -0.579073 -1.86289e-008 -0.519172 -0.597281 -1.98438e-008 -0.511402 -0.594072 -1.86289e-008 -0.519172 -0.597281 -0.0851807 -0.519188 -0.582109 -0.0846803 -0.511384 -0.579073 -1.98438e-008 -0.511402 -0.594072 -0.166679 -0.519352 -0.537618 -0.16581 -0.511458 -0.53503 -0.241756 -0.519971 -0.466745 -0.240712 -0.511962 -0.464721 -0.307543 -0.521441 -0.373936 -0.306499 -0.513314 -0.372458 -0.361541 -0.52409 -0.264586 -0.360616 -0.515863 -0.263565 -0.401659 -0.528144 -0.144571 -0.4008 -0.519754 -0.145036 -0.418497 -0.502503 -0.0409826 -0.417215 -0.494754 -0.0439737 -0.435399 -0.436034 0.0597007 -0.434321 -0.42964 0.0542243 -0.435132 -0.352611 0.130728 -0.434705 -0.348211 0.123493 -0.434777 -0.23078 0.18249 -0.434398 -0.23832 0.170195 0.0154981 -0.0652163 0.779483 0.0784816 -0.0447975 0.771226 0.0765605 -0.0370973 0.769306 0.0334668 -0.0507113 0.772789 0.152161 -0.00258082 0.745162 0.150258 0.00530644 0.743918 0.237812 0.0258179 0.692665 0.236585 0.0339739 0.691586 0.302882 0.0337952 0.639354 0.301963 0.0417962 0.637109 0.358013 0.0174828 0.557305 0.357158 0.0251704 0.554137 0.383154 -0.00671583 0.494787 0.383039 0.00103931 0.491324 0.388392 -0.0222691 0.469308 0.391218 -0.0171692 0.461119 0.382136 -0.0666467 0.474833 0.385211 -0.0703376 0.468322 0.367956 -0.112571 0.510073 0.370064 -0.118909 0.505363 0.344928 -0.164962 0.576598 0.347323 -0.170977 0.57157 0.320201 -0.229283 0.602833 0.32354 -0.23414 0.598033 0.302766 -0.283629 0.638411 0.306072 -0.289663 0.634929 0.264356 -0.332813 0.670613 0.266956 -0.339807 0.667875 0.225506 -0.37997 0.72148 0.229718 -0.384647 0.715708 0.226357 -0.456558 0.721012 0.230622 -0.456606 0.715428 0.223893 -0.576294 0.722441 0.228139 -0.576885 0.71685 0.214928 -0.693924 0.727668 0.219157 -0.695267 0.722168 0.189992 -0.832227 0.73284 0.194696 -0.8344 0.728469 0.171632 -0.911708 0.733031 0.180009 -0.898492 0.728811 0.237144 -0.878072 0.696977 0.235408 -0.870221 0.69853 0.301054 -0.833638 0.64065 0.299065 -0.82604 0.642836 0.348848 -0.777648 0.565603 0.347168 -0.770415 0.569181 0.376502 -0.718603 0.484001 0.375125 -0.711703 0.488344 0.395168 -0.671745 0.425887 0.39354 -0.665213 0.430609 0.419719 -0.599321 0.351837 0.418382 -0.59358 0.357787 0.431168 -0.468662 0.255373 0.430578 -0.464261 0.26252 0.43297 -0.363094 0.202208 0.432442 -0.360668 0.210352 0.434697 -0.230285 0.187644 0.433962 -0.235725 0.196643 </float_array>
          <technique_common>
            <accessor count="1608" offset="0" source="#meshId0-positions-array" stride="3">
              <param name="X" type="float" />
              <param name="Y" type="float" />
              <param name="Z" type="float" />
            </accessor>
          </technique_common>
        </source>
        <source id="meshId0-normals" name="meshId0-normals">
          <float_array id="meshId0-normals-array" count="4824"> -0.996216 0.0834844 -0.0241561 -0.993288 0.115289 -0.00939436 -0.993365 0.110657 -0.031334 -0.993352 0.110806 -0.0311939 -0.993729 0.108375 -0.0275171 -0.993683 0.0857455 -0.0724048 -0.991973 0.0568553 -0.112943 -0.991289 0.0340324 -0.127229 -0.990648 0.0179112 -0.135265 -0.992719 0.0264605 -0.117513 -0.908824 0.195536 0.368516 -0.809195 0.15794 0.565913 -0.993826 0.0145488 0.10999 -0.990813 -0.0414978 0.128711 -0.988699 -0.0289347 0.147092 -0.988167 -0.0358306 0.149141 -0.98876 -0.0239754 0.147574 -0.987609 0.00930383 0.156658 -0.987426 0.0219043 0.15656 -0.988522 0.0317846 0.147693 -0.991312 0.0536535 0.120092 -0.993128 0.0962146 0.0666236 -0.99231 0.120627 0.0277425 -0.992669 0.116135 0.0334898 -0.993104 0.112115 0.0342835 -0.993194 0.115785 0.0126262 -0.963771 0.256418 -0.0734538 -0.962532 0.270167 -0.0232687 -0.964146 0.23852 -0.116321 -0.964032 0.212069 -0.160215 -0.96385 0.169365 -0.205693 -0.963842 0.119413 -0.238222 -0.963883 0.0680483 -0.257487 -0.96514 0.035063 -0.259375 -0.967876 0.0429795 -0.247727 -0.982083 0.027825 -0.186381 -0.789193 0.283123 0.544992 -0.669921 0.379074 0.638364 -0.981612 0.000922703 0.190887 -0.963805 -0.0127818 0.266301 -0.971279 -0.0109619 0.237691 -0.958302 -0.0400302 0.28294 -0.949692 -0.0310617 0.311642 -0.939474 0.0285374 0.34143 -0.954163 0.0463781 0.295672 -0.963738 0.0466401 0.262741 -0.96039 0.11741 0.252717 -0.96171 0.205965 0.180811 -0.96081 0.242035 0.135143 -0.960399 0.250365 0.122273 -0.96117 0.264663 0.0781354 -0.961613 0.273006 0.0277043 -0.9042 0.410323 -0.118558 -0.900776 0.43257 -0.0385357 -0.907454 0.371946 -0.195405 -0.909798 0.31987 -0.264482 -0.911406 0.257066 -0.321334 -0.912873 0.185998 -0.363412 -0.914363 0.108605 -0.390057 -0.917393 0.0607163 -0.393323 -0.920919 0.0717308 -0.383098 -0.948169 -0.00596665 0.317709 -0.676714 0.424307 0.601682 -0.949145 -0.0136429 0.314543 -0.952959 -0.0116003 0.302878 -0.944068 -0.0149919 0.32941 -0.93534 -0.0116763 0.353558 -0.949725 -0.302532 0.0805984 -0.904072 0.0392795 0.425571 -0.900594 -0.00384955 0.434644 -0.930903 0.00489865 0.365232 -0.905131 0.175355 0.387283 -0.947156 0.102973 0.303797 -0.956303 0.0691661 0.284079 -0.687597 0.708505 0.158839 -0.898914 0.291785 0.326825 -0.899814 0.173973 0.400085 -0.897512 0.376886 0.228972 -0.898149 0.392492 0.198188 -0.897523 0.424029 0.121044 -0.898325 0.437343 0.041761 -0.814775 0.556174 -0.163745 -0.809064 0.585239 -0.0539505 -0.818995 0.505535 -0.271443 -0.820638 0.437189 -0.367994 -0.82179 0.355747 -0.445091 -0.825241 0.263334 -0.499633 -0.831282 0.160119 -0.53229 -0.840213 0.0946805 -0.533927 -0.848824 0.105975 -0.517945 -0.678263 0.458496 0.57423 -0.950636 0.00663003 0.310236 -0.950024 0.0103391 0.312005 -0.95091 0.000294662 0.309468 -0.943211 0.00229076 0.332187 -0.931752 0.0206162 0.362509 -0.912581 0.0220776 0.408299 -0.939836 -0.341605 -0.00385478 -0.795195 0.228906 0.561486 -0.488816 0.791097 0.367729 -0.806367 0.350138 0.47663 -0.805007 0.196735 0.559696 -0.798874 0.498793 0.336162 -0.80568 0.530688 0.263153 -0.803777 0.573238 0.159191 -0.804768 0.591161 0.0536427 -0.682264 0.699784 -0.211704 -0.675549 0.733975 -0.0701075 -0.68432 0.637793 -0.353449 -0.680911 0.554426 -0.478511 -0.678668 0.45809 -0.574076 -0.684731 0.349596 -0.639473 -0.699281 0.223564 -0.678989 -0.718656 0.14005 -0.681117 -0.735415 0.148402 -0.661167 -0.780805 0.0699424 0.620847 -0.927761 0.0233441 0.372444 -0.528634 0.537439 0.657043 -0.347915 0.577212 0.73877 -0.768526 -0.00522608 0.639797 -0.920928 -0.0105891 0.389588 -0.913412 0.0268776 0.406148 -0.739097 0.0569118 0.671191 -0.76428 -0.0291185 0.644227 -0.893107 -0.0235332 0.449229 -0.741555 -0.0250279 0.670425 -0.855697 0.0016868 0.517475 -0.919573 -0.334212 0.206609 -0.959625 -0.241959 0.143442 -0.827348 0.0118529 0.561565 -0.67072 0.014784 0.741563 -0.613538 0.188059 0.766946 -0.272653 0.770602 0.57605 -0.650014 0.427529 0.628252 -0.651511 0.225825 0.724249 -0.664252 0.603294 0.441368 -0.672 0.664994 0.325882 -0.66875 0.717389 0.19526 -0.669767 0.739764 0.0644999 -0.717894 0.664868 -0.206345 -0.711347 0.699593 -0.0674927 -0.713808 0.607731 -0.348053 -0.699185 0.53444 -0.474883 -0.683398 0.451926 -0.57335 -0.674462 0.357148 -0.646178 -0.670262 0.238258 -0.702839 -0.673948 0.161751 -0.720854 -0.591804 0.161547 -0.789728 -0.222029 0.574381 0.787902 -0.679867 -0.0133864 0.733213 -0.721543 0.0652027 0.689293 -0.753926 -0.0110408 0.656866 -0.713554 -0.00406729 0.700588 -0.707394 -0.0050635 0.706801 -0.419095 0.157978 0.894093 0.0336974 0.744234 0.667068 -0.5865 0.501041 0.636377 -0.474989 0.297161 0.8283 -0.639029 0.603702 0.47664 -0.671684 0.662517 0.33153 -0.687814 0.699626 0.19348 -0.700213 0.711117 0.0633666 -0.0944048 0.946204 -0.309493 -0.647082 0.730049 -0.219805 -0.63726 0.767647 -0.0679591 -0.0904474 0.989549 -0.112301 -0.0938379 0.860236 -0.501186 -0.641772 0.665575 -0.38097 -0.0880086 0.746285 -0.659783 -0.618409 0.586039 -0.523573 -0.0911261 0.626287 -0.774249 -0.595122 0.502518 -0.62714 -0.124409 0.500926 -0.856502 -0.585321 0.410691 -0.699094 -0.186598 0.346799 -0.919191 -0.583591 0.294416 -0.756797 -0.259533 0.232449 -0.937342 -0.593699 0.195723 -0.780521 -0.336467 0.137013 -0.931674 -0.593717 0.111493 -0.796912 8.4242e-005 -0.00953265 0.999955 -0.831825 -0.23558 0.502563 -0.4507 -0.67308 0.586373 1.26569e-005 -0.709671 0.704533 -0.0173107 0.0104879 0.999795 -0.743795 -0.137369 0.65414 -0.270156 0.147052 0.951521 -0.197229 0.11989 0.972999 -0.264839 0.618469 0.739836 -0.532766 0.544795 0.647579 -0.473838 0.448543 0.757817 -0.309603 0.48037 0.820604 -0.213786 0.774648 0.59516 -0.575865 0.652073 0.493134 -0.160042 0.890392 0.426133 -0.598126 0.725276 0.340912 -0.118655 0.961067 0.24954 -0.612159 0.764936 0.200335 -0.0953632 0.992801 0.0724662 -0.624335 0.778158 0.0683798 -1.15292e-006 0.952227 -0.305392 0.0471167 0.951753 -0.303225 0.0416052 0.994397 -0.0971738 -9.06081e-007 0.994869 -0.101173 -4.42542e-007 0.860244 -0.509882 0.0442079 0.858672 -0.510615 2.38916e-007 0.739872 -0.672747 0.0336137 0.736928 -0.675135 2.53543e-008 0.623285 -0.781995 0.0152994 0.619204 -0.785081 -5.35754e-008 0.507854 -0.861443 -0.0163778 0.501366 -0.86508 -1.60648e-007 0.36197 -0.93219 -0.0694995 0.350984 -0.933799 -9.54009e-008 0.252904 -0.967492 -0.110605 0.247124 -0.962651 -2.45712e-007 0.252403 -0.967622 -0.278523 0.213111 -0.936487 2.32513e-006 -0.00951393 0.999955 3.94832e-006 -0.709692 0.704512 -1.18967e-006 -0.00746176 0.999972 1.28883e-006 0.347753 0.937586 -0.214958 0.331083 0.918791 -0.178904 0.0434421 0.982907 2.56493e-006 0.135174 0.990822 1.04505e-006 0.630231 0.776408 -0.144144 0.614235 0.775846 5.73238e-007 0.787293 0.61658 -0.0856437 0.777803 0.622646 5.27981e-007 0.899784 0.436335 -0.0349108 0.895556 0.443576 7.15616e-007 0.966395 0.257061 0.00308685 0.96475 0.263149 2.21967e-008 0.99659 0.0825119 0.027666 0.995787 0.0874244 -0.776894 -0.00839205 0.629576 -0.832911 -0.388607 0.39401 -0.919573 -0.334212 0.206609 -0.984763 0.159971 -0.0682003 -0.805375 0.592341 0.022427 -0.935846 0.0345896 0.350709 -0.0113755 0.0648003 0.997833 -0.618692 -0.693996 0.368225 6.95912e-007 0.0668492 0.997763 0.243932 0.823638 0.511974 0.238881 0.731348 0.6388 -0.988421 -0.147854 0.0341147 -0.869481 0.367548 0.330016 -0.95228 -0.163151 0.257963 -0.979001 -0.101262 0.176925 -0.812739 -0.0305616 0.581825 -0.991983 -0.0475662 0.117079 -0.78465 -0.00478657 0.61992 -0.993308 -0.00152459 0.115487 -0.967236 -0.243617 0.0714477 -0.998125 0.0253248 -0.0557227 -0.998144 0.0142056 -0.0592243 -0.820848 0.30006 -0.485976 -0.89402 0.285495 -0.345284 -0.964784 0.0813173 -0.250158 -0.982432 0.0497613 -0.179864 -0.918178 0.117948 -0.378204 -0.845949 0.164209 -0.507351 -0.734116 0.213574 -0.644561 -0.561962 0.265025 -0.783556 -0.312 0.308235 -0.898692 -1.54478e-007 0.32585 -0.945422 -0.69812 0.492039 -0.520121 -0.978072 0.0782454 -0.193013 -0.732947 0.573085 -0.366553 -0.967861 0.0938198 -0.233329 -0.705571 0.65922 -0.259997 -0.920071 0.143541 -0.364506 -0.680192 0.681272 -0.270568 -0.848759 0.196321 -0.490984 -0.57435 0.745341 -0.33851 -0.738442 0.252311 -0.625333 -0.447492 0.80424 -0.391087 -0.567696 0.310454 -0.762457 -0.303065 0.853064 -0.424774 -0.316742 0.359771 -0.877633 -0.151112 0.884914 -0.44056 -2.38515e-008 0.380109 -0.924942 2.33034e-008 0.895626 -0.444809 -0.988436 0.0332035 -0.147958 0.996216 0.0834846 -0.0241568 0.993365 0.110657 -0.0313321 0.993288 0.11529 -0.00939431 0.993352 0.110807 -0.0311963 0.993729 0.108375 -0.0275188 0.993683 0.0857464 -0.0724036 0.991974 0.0568577 -0.112939 0.991289 0.0340309 -0.12723 0.990647 0.017908 -0.135269 0.992719 0.0264608 -0.117514 0.908824 0.195536 0.368516 0.993826 0.0145489 0.10999 0.809195 0.15794 0.565914 0.9887 -0.0289321 0.147091 0.990813 -0.0415053 0.128714 0.988166 -0.0358352 0.149144 0.988761 -0.0239752 0.147573 0.987609 0.00930657 0.156655 0.987425 0.0219036 0.156561 0.988523 0.0317851 0.147692 0.991312 0.0536538 0.120091 0.993128 0.0962145 0.0666234 0.99231 0.120628 0.0277412 0.992669 0.116135 0.0334904 0.993104 0.112115 0.0342844 0.993194 0.115785 0.0126233 0.963771 0.256417 -0.0734539 0.962532 0.270167 -0.0232692 0.964146 0.238521 -0.116321 0.964032 0.212069 -0.160214 0.96385 0.169366 -0.205692 0.963841 0.119414 -0.238222 0.963883 0.0680475 -0.257487 0.96514 0.0350621 -0.259375 0.982083 0.027825 -0.186381 0.967876 0.0429794 -0.247727 0.789194 0.283122 0.544991 0.981612 0.000922726 0.190886 0.669922 0.379073 0.638364 0.963805 -0.0127813 0.266302 0.971279 -0.0109622 0.23769 0.958302 -0.0400317 0.282939 0.949692 -0.0310627 0.311641 0.939473 0.028538 0.341432 0.954163 0.0463774 0.295672 0.963739 0.0466409 0.26274 0.96039 0.117411 0.252716 0.96171 0.205966 0.180811 0.96081 0.242036 0.135142 0.960399 0.250365 0.122274 0.96117 0.264663 0.0781365 0.961613 0.273007 0.0277027 0.904201 0.410323 -0.118558 0.900776 0.43257 -0.0385358 0.907454 0.371946 -0.195405 0.909798 0.31987 -0.264482 0.911406 0.257066 -0.321335 0.912873 0.185998 -0.363412 0.914363 0.108605 -0.390058 0.917393 0.0607165 -0.393323 0.920918 0.0717312 -0.383098 0.94817 -0.005967 0.317709 0.676717 0.424306 0.601679 0.949145 -0.0136423 0.314543 0.952959 -0.0116 0.302877 0.944068 -0.0149923 0.329409 0.93534 -0.0116767 0.353558 0.949726 -0.30253 0.0806007 0.930903 0.00489993 0.365234 0.900593 -0.00384832 0.434646 0.904071 0.0392795 0.425573 0.905131 0.175356 0.387283 0.687598 0.708504 0.158841 0.956302 0.0691665 0.284081 0.947155 0.102975 0.303798 0.898914 0.291785 0.326826 0.899814 0.173974 0.400085 0.897512 0.376887 0.228972 0.898149 0.392492 0.198188 0.897523 0.424029 0.121045 0.898324 0.437344 0.0417605 0.814774 0.556175 -0.163745 0.809064 0.585239 -0.0539509 0.818995 0.505536 -0.271443 0.820637 0.437189 -0.367995 0.821789 0.355747 -0.445092 0.82524 0.263335 -0.499633 0.831281 0.16012 -0.53229 0.840212 0.0946809 -0.533928 0.848824 0.105976 -0.517945 0.950637 0.00662874 0.310235 0.678262 0.458497 0.574231 0.95091 0.00029488 0.309468 0.950024 0.0103382 0.312006 0.943211 0.00229023 0.332187 0.931752 0.0206155 0.36251 0.939836 -0.341605 -0.00385462 0.91258 0.0220778 0.408301 0.795195 0.228906 0.561487 0.488817 0.791096 0.36773 0.806367 0.350137 0.47663 0.805006 0.196735 0.559696 0.798875 0.498793 0.336161 0.80568 0.530688 0.263153 0.803776 0.573238 0.159192 0.804768 0.591161 0.0536428 0.682264 0.699784 -0.211705 0.675548 0.733975 -0.0701077 0.68432 0.637793 -0.353449 0.680911 0.554426 -0.478511 0.678668 0.458089 -0.574077 0.684731 0.349597 -0.639473 0.69928 0.223564 -0.678989 0.718655 0.14005 -0.681117 0.735415 0.148402 -0.661167 0.780806 0.0699426 0.620846 0.347915 0.577212 0.73877 0.528634 0.537438 0.657044 0.92776 0.0233445 0.372447 0.768525 -0.00522659 0.639799 0.739097 0.0569115 0.67119 0.913411 0.0268765 0.406149 0.920928 -0.0105895 0.389588 0.76428 -0.029118 0.644227 0.893106 -0.023533 0.44923 0.741555 -0.0250279 0.670425 0.855697 0.0016864 0.517475 0.919573 -0.334213 0.206607 0.670717 0.0147866 0.741566 0.827348 0.0118526 0.561564 0.959625 -0.241959 0.143444 0.613538 0.188059 0.766945 0.272652 0.770602 0.576049 0.650013 0.42753 0.628252 0.651511 0.225825 0.724249 0.664252 0.603294 0.441367 0.672 0.664994 0.325881 0.668749 0.71739 0.195261 0.669766 0.739765 0.0645004 0.717894 0.664868 -0.206345 0.711347 0.699593 -0.0674921 0.713808 0.607731 -0.348052 0.699186 0.53444 -0.474883 0.683398 0.451925 -0.57335 0.674461 0.357148 -0.646179 0.670261 0.238257 -0.702839 0.673948 0.161751 -0.720854 0.591803 0.161548 -0.789729 0.222031 0.57438 0.787902 0.679868 -0.0133864 0.733213 0.721544 0.0652035 0.689291 0.753926 -0.011041 0.656866 0.713553 -0.0040683 0.70059 0.707394 -0.00506368 0.706801 0.419095 0.157978 0.894093 -0.0336994 0.744237 0.667065 0.5865 0.501041 0.636378 0.474989 0.297161 0.8283 0.639028 0.603702 0.476641 0.671684 0.662517 0.331529 0.687814 0.699627 0.193479 0.700212 0.711117 0.0633667 0.0944079 0.946204 -0.309493 0.0904493 0.989549 -0.1123 0.637261 0.767646 -0.0679577 0.647083 0.730047 -0.219805 0.0938398 0.860236 -0.501187 0.641773 0.665574 -0.380971 0.0880054 0.746285 -0.659783 0.618407 0.586042 -0.523573 0.0911222 0.626287 -0.774249 0.59512 0.50252 -0.627141 0.12441 0.500926 -0.856502 0.585321 0.41069 -0.699094 0.1866 0.346798 -0.919191 0.583591 0.294416 -0.756796 0.259533 0.232449 -0.937342 0.5937 0.195724 -0.780521 0.593717 0.111494 -0.796913 0.336466 0.137014 -0.931675 -8.37087e-005 -0.00953333 0.999955 -1.20005e-005 -0.709673 0.704531 0.450695 -0.673083 0.586373 0.831824 -0.23558 0.502564 0.743796 -0.13737 0.654139 0.0173103 0.0104876 0.999795 0.270155 0.147052 0.951521 0.197227 0.119895 0.972999 0.26484 0.618468 0.739836 0.309603 0.480372 0.820603 0.473839 0.448545 0.757815 0.532766 0.544794 0.64758 0.213785 0.774648 0.595161 0.575864 0.652073 0.493135 0.16004 0.890392 0.426132 0.598125 0.725276 0.340911 0.118655 0.961067 0.24954 0.61216 0.764936 0.200334 0.095366 0.992801 0.0724672 0.624336 0.778157 0.0683804 -1.15292e-006 0.952227 -0.305392 -9.06081e-007 0.994869 -0.101173 -0.0416047 0.994397 -0.097173 -0.0471176 0.951753 -0.303226 -4.42542e-007 0.860244 -0.509882 -0.0442081 0.858672 -0.510616 2.38916e-007 0.739872 -0.672747 -0.0336132 0.736928 -0.675135 2.53543e-008 0.623285 -0.781995 -0.0152992 0.619204 -0.785081 -5.35754e-008 0.507854 -0.861443 0.0163778 0.501366 -0.86508 -1.60648e-007 0.36197 -0.93219 0.0694998 0.350983 -0.933799 -9.54009e-008 0.252904 -0.967492 0.110605 0.247124 -0.962651 0.278523 0.213111 -0.936487 -2.45712e-007 0.252403 -0.967622 0.178904 0.0434442 0.982907 0.214959 0.331083 0.918791 1.04505e-006 0.630231 0.776408 0.144145 0.614236 0.775846 5.73238e-007 0.787293 0.61658 0.0856451 0.777802 0.622647 5.27981e-007 0.899784 0.436335 0.0349123 0.895556 0.443576 7.15616e-007 0.966395 0.257061 -0.00308465 0.96475 0.263149 2.21967e-008 0.99659 0.0825119 -0.0276645 0.995787 0.0874255 0.919573 -0.334213 0.206607 0.83291 -0.388606 0.394014 0.776893 -0.00839039 0.629577 0.984764 0.159969 -0.0681952 0.935845 0.0345894 0.35071 0.805378 0.592337 0.0224301 0.0113779 0.0648022 0.997833 0.618691 -0.693993 0.368233 -0.238889 0.731363 0.63878 -0.243938 0.823645 0.511959 0.988421 -0.147853 0.0341166 0.95228 -0.163151 0.257964 0.869481 0.367548 0.330016 0.812742 -0.0305628 0.581822 0.979002 -0.101263 0.176923 0.784652 -0.00478784 0.619918 0.991983 -0.0475674 0.117076 0.993308 -0.00152465 0.115486 0.967236 -0.243616 0.0714503 0.998125 0.0253256 -0.0557241 0.89402 0.285495 -0.345285 0.820848 0.30006 -0.485976 0.998144 0.0142038 -0.059222 0.982432 0.049762 -0.179864 0.964784 0.0813176 -0.250157 0.918177 0.117948 -0.378205 0.845949 0.164209 -0.507352 0.734116 0.213574 -0.644561 0.561962 0.265025 -0.783557 0.312 0.308235 -0.898692 -1.54478e-007 0.32585 -0.945422 0.69812 0.492039 -0.520121 0.732947 0.573086 -0.366553 0.978071 0.0782466 -0.193013 0.967862 0.0938197 -0.233328 0.705573 0.659218 -0.259998 0.920071 0.14354 -0.364506 0.680193 0.681271 -0.270568 0.848759 0.196321 -0.490985 0.57435 0.745341 -0.33851 0.738442 0.252311 -0.625333 0.447492 0.80424 -0.391087 0.567695 0.310453 -0.762457 0.303064 0.853064 -0.424775 0.316742 0.359771 -0.877633 0.151112 0.884914 -0.44056 -2.38515e-008 0.380109 -0.924942 2.33034e-008 0.895626 -0.444809 0.988436 0.0332044 -0.147958 -0.764768 0.641268 -0.0624826 -0.769989 0.609292 -0.18942 -0.752253 0.656488 0.0560265 -0.734257 0.655699 0.175859 -0.707661 0.635544 0.308707 -0.665378 0.588581 0.459178 -0.602578 0.506219 0.616963 -0.484754 0.433805 0.759491 -0.296718 0.472744 0.829742 -0.167476 0.623881 0.763364 -0.0652474 0.787375 0.613012 0.0204895 0.90024 0.434912 0.0837307 0.963167 0.255537 0.125067 0.988791 0.0815492 0.149324 0.983753 -0.0996565 0.158914 0.940798 -0.299407 0.152365 0.8523 -0.50037 0.13093 0.736122 -0.664064 0.0973362 0.620895 -0.777827 0.0455148 0.504554 -0.862179 -0.0379574 0.35678 -0.933417 -0.109725 0.246213 -0.962985 -0.294441 0.122742 -0.947755 -0.593947 0.0903076 -0.79942 -0.678861 0.169791 -0.714366 -0.689967 0.247982 -0.680037 -0.708688 0.350207 -0.612468 -0.726962 0.428286 -0.536747 -0.747255 0.496821 -0.441336 -0.763979 0.559493 -0.321409 0.769991 0.60929 -0.189419 0.76477 0.641267 -0.0624814 0.76398 0.559492 -0.321409 0.747255 0.496822 -0.441336 0.726962 0.428286 -0.536747 0.708688 0.350206 -0.612468 0.689966 0.247982 -0.680038 0.678861 0.169791 -0.714366 0.593947 0.0903085 -0.79942 0.29444 0.122742 -0.947755 0.109725 0.246213 -0.962985 0.0379574 0.356779 -0.933417 -0.0455147 0.504554 -0.862179 -0.0973368 0.620895 -0.777827 -0.13093 0.736122 -0.664065 -0.152365 0.852299 -0.500371 -0.158913 0.940799 -0.299407 -0.149321 0.983754 -0.0996554 -0.125064 0.988791 0.0815508 -0.0837285 0.963167 0.255537 -0.0204882 0.90024 0.434912 0.0652488 0.787374 0.613012 0.167476 0.623881 0.763364 0.296717 0.472745 0.829741 0.484756 0.433806 0.759489 0.602578 0.506219 0.616963 0.665377 0.588581 0.459179 0.707661 0.635544 0.308706 0.734257 0.655698 0.175858 0.752255 0.656486 0.0560264 -0.774168 0.630098 -0.0603387 -0.780481 0.597 -0.185582 -0.760751 0.646583 0.0564663 -0.742499 0.646607 0.17491 -0.715718 0.627226 0.307139 -0.671742 0.581583 0.458828 -0.605086 0.50086 0.618879 -0.464048 0.441354 0.768027 -0.308194 0.473568 0.825076 -0.172436 0.618649 0.766511 -0.0664446 0.784152 0.617001 0.0239312 0.898315 0.4387 0.0914482 0.961782 0.258094 0.135159 0.987347 0.0829274 0.160016 0.982146 -0.0989098 0.169439 0.939185 -0.298702 0.163153 0.850829 -0.499471 0.142643 0.734637 -0.663295 0.109195 0.618596 -0.778084 0.0550519 0.500403 -0.864041 -0.0340391 0.34964 -0.936265 -0.106592 0.242844 -0.964191 -0.324358 0.125969 -0.937509 -0.57799 0.0947841 -0.810521 -0.688277 0.169229 -0.705434 -0.698568 0.245539 -0.672096 -0.716423 0.346171 -0.605726 -0.734693 0.421978 -0.531189 -0.756277 0.487558 -0.436271 -0.774459 0.547741 -0.316533 0.780482 0.596999 -0.185582 0.774169 0.630096 -0.0603375 0.77446 0.54774 -0.316533 0.756277 0.487559 -0.43627 0.734693 0.421977 -0.531188 0.716423 0.34617 -0.605727 0.698568 0.245539 -0.672096 0.688277 0.16923 -0.705433 0.577989 0.0947853 -0.810521 0.324358 0.12597 -0.937509 0.106592 0.242844 -0.964192 0.0340394 0.34964 -0.936266 -0.0550518 0.500403 -0.864041 -0.109196 0.618596 -0.778084 -0.142643 0.734637 -0.663296 -0.163151 0.850829 -0.499472 -0.169436 0.939185 -0.298702 -0.160013 0.982147 -0.0989086 -0.135156 0.987348 0.0829288 -0.091447 0.961782 0.258094 -0.0239316 0.898315 0.438699 0.0664452 0.784152 0.617002 0.172436 0.618649 0.766511 0.308193 0.47357 0.825075 0.464049 0.441356 0.768026 0.605086 0.50086 0.618879 0.671741 0.581583 0.458829 0.715719 0.627226 0.307138 0.742501 0.646606 0.17491 0.760753 0.646581 0.0564663 0.993387 -0.110471 0.031272 0.993321 -0.114996 0.00943983 0.993802 -0.107349 -0.0288809 0.993391 -0.110538 0.0309255 0.993709 -0.108498 0.0277525 0.993747 -0.085547 0.0717477 0.992046 -0.0565127 0.112481 0.991323 -0.03399 0.126975 0.990659 -0.0178279 0.135193 0.993282 -0.0253305 0.112916 0.991269 0.0491584 -0.122345 0.749221 -0.178673 -0.637764 0.988502 0.0300657 -0.148192 0.988174 0.0364965 -0.148931 0.988749 0.0243786 -0.147584 0.987664 -0.0095587 -0.156297 0.987523 -0.0225945 -0.155846 0.988545 -0.0320078 -0.147493 0.991288 -0.0532354 -0.120477 0.993172 -0.0962607 -0.0659 0.992261 -0.121044 -0.0276882 0.992684 -0.116066 -0.0332677 0.99314 -0.111862 -0.0340475 0.99323 -0.115487 -0.0125441 0.963817 -0.256242 0.0734678 0.962576 -0.270007 0.0232966 0.964156 -0.238532 0.116212 0.964037 -0.212037 0.160229 0.963844 -0.169076 0.205956 0.963849 -0.119161 0.23832 0.963907 -0.0678406 0.25745 0.965142 -0.0348804 0.259391 0.98208 -0.02776 0.186407 0.967951 -0.0429233 0.247446 0.97901 0.0125756 -0.203426 0.552591 -0.445634 -0.704311 0.706461 -0.330164 -0.626023 0.963851 0.0132485 -0.266112 0.958263 0.0400079 -0.283075 0.949057 0.0291985 -0.313749 0.935813 -0.0289171 -0.351308 0.953444 -0.0232273 -0.300676 0.9622 -0.0716025 -0.262761 0.958841 -0.122245 -0.25628 0.961817 -0.205453 -0.180821 0.960819 -0.242205 -0.134773 0.960436 -0.250228 -0.12226 0.961203 -0.264562 -0.0780796 0.961658 -0.272853 -0.0276634 0.904209 -0.410311 0.118538 0.900773 -0.432577 0.0385312 0.907483 -0.371887 0.195385 0.909848 -0.319753 0.264453 0.911468 -0.256928 0.321271 0.912933 -0.18588 0.363321 0.914413 -0.108398 0.389998 0.917415 -0.0605564 0.393297 0.920904 -0.0717532 0.383129 0.948155 0.00759963 -0.317716 0.580172 -0.501945 -0.641445 0.948992 0.0136892 -0.315002 0.944045 0.0149894 -0.329475 0.940312 0.0184146 -0.339814 0.935799 0.351981 -0.0197499 0.906137 -0.166478 -0.388846 0.62041 -0.778286 -0.0967605 0.899011 -0.291469 -0.32684 0.897517 -0.377679 -0.227644 0.898159 -0.392424 -0.198278 0.897518 -0.424037 -0.121051 0.898316 -0.437362 -0.0417563 0.814836 -0.55611 0.163659 0.809105 -0.585188 0.053901 0.819074 -0.505451 0.271362 0.820721 -0.437084 0.367933 0.821869 -0.35564 0.44503 0.825309 -0.263249 0.499565 0.831351 -0.159886 0.532252 0.84027 -0.0944573 0.533876 0.848849 -0.105986 0.517902 0.951849 -0.000644639 -0.306566 0.586232 -0.5365 -0.607041 0.9512 -0.000492628 -0.308576 0.943627 -0.00251525 -0.331001 0.922746 -0.00400191 -0.385389 0.918227 0.384693 0.0941822 0.793755 -0.218558 -0.567614 0.433907 -0.850307 -0.297829 0.806878 -0.349649 -0.476124 0.799022 -0.499671 -0.334504 0.80571 -0.530601 -0.263236 0.803806 -0.573208 -0.159151 0.804796 -0.591122 -0.0536427 0.682594 -0.699508 0.21155 0.675865 -0.733697 0.0699679 0.684605 -0.637507 0.353412 0.681103 -0.554151 0.478556 0.678743 -0.45794 0.574107 0.684681 -0.349642 0.639502 0.699162 -0.223495 0.679134 0.718509 -0.139976 0.681287 0.735336 -0.14855 0.661222 0.398997 -0.626199 -0.669834 0.923191 -0.00836219 -0.38425 0.77853 -0.0181617 -0.627345 0.20164 -0.669943 -0.714505 0.921294 0.0104869 -0.388725 0.767616 0.00464204 -0.640893 0.893685 0.0228355 -0.448113 0.763562 0.0286408 -0.645099 0.848454 0.000705385 -0.529269 0.717701 0.0123492 -0.696242 0.95963 0.27153 -0.0733586 0.916077 0.371256 -0.151564 0.62152 -0.233068 -0.747925 0.234043 -0.823196 -0.517274 0.650676 -0.42822 -0.627096 0.663929 -0.604274 -0.440514 0.672078 -0.664864 -0.325985 0.668908 -0.717253 -0.195217 0.670024 -0.739529 -0.0645358 0.715895 -0.666873 0.20682 0.709256 -0.70169 0.0677325 0.711967 -0.609452 0.348813 0.697426 -0.535856 0.475873 0.68175 -0.453125 0.574364 0.67312 -0.358236 0.646975 0.669618 -0.238885 0.703239 0.674392 -0.161937 0.720397 0.590826 -0.162338 0.790298 0.68475 0.0256409 -0.728327 0.151412 -0.661698 -0.734323 0.723327 0.0213484 -0.690175 0.718134 0.00255282 -0.6959 0.735966 0.00108186 -0.677018 0.444483 -0.289241 -0.847806 -0.093207 -0.791225 -0.60438 0.584278 -0.503209 -0.63671 0.637846 -0.605204 -0.47632 0.670733 -0.663607 -0.331276 0.686211 -0.70123 -0.193369 0.698244 -0.713058 -0.063264 0.648127 -0.759102 0.0607886 0.662539 -0.719069 0.209716 0.0821445 -0.945027 0.316505 0.0725997 -0.990156 0.119667 0.658479 -0.654176 0.372101 0.0809085 -0.860105 0.503659 0.628658 -0.578572 0.519658 0.0705721 -0.748906 0.658907 0.600698 -0.499076 0.624568 0.067994 -0.628857 0.774542 0.589758 -0.41049 0.695474 0.105258 -0.501573 0.858688 0.587994 -0.295754 0.752856 0.173769 -0.345841 0.922062 0.597149 -0.195863 0.77785 0.256715 -0.232137 0.938195 0.59594 -0.110472 0.795394 0.332539 -0.138547 0.932857 -0.450222 -0.668078 -0.592429 -0.827965 -0.222583 -0.514714 -0.000204932 0.00957153 -0.999954 1.77389e-006 -0.704525 -0.709679 0.0165203 -0.0097629 -0.999816 -0.747692 -0.197052 -0.634135 0.213959 -0.32803 -0.920118 0.126547 -0.190954 -0.973408 0.474046 -0.4479 -0.758067 0.535112 -0.543382 -0.646832 0.260916 -0.618539 -0.74117 0.307566 -0.479526 -0.821862 0.582065 -0.649567 -0.489145 0.206569 -0.775354 -0.596787 0.605064 -0.721573 -0.336497 0.146665 -0.891718 -0.428169 0.619586 -0.759402 -0.198548 0.098984 -0.963363 -0.249265 0.632777 -0.771022 -0.0715459 0.0731131 -0.995023 -0.0677081 -0.0382457 -0.994518 0.0973165 -0.0434768 -0.951942 0.303177 7.65909e-007 -0.952277 0.305236 2.24432e-006 -0.994892 0.100941 -0.0408907 -0.858891 0.510524 -2.99664e-006 -0.860158 0.510028 -0.031025 -0.737112 0.675059 -3.91736e-006 -0.739636 0.673007 -0.0134137 -0.619458 0.784915 -2.93065e-007 -0.623117 0.782129 0.0175614 -0.501861 0.86477 2.77391e-006 -0.507857 0.861441 0.0700208 -0.351242 0.933663 5.10714e-006 -0.3617 0.932295 0.109004 -0.247372 0.96277 2.16179e-006 -0.252705 0.967543 0.280635 -0.213346 0.935803 -1.19189e-006 -0.252645 0.967559 -2.32962e-006 0.00951718 -0.999955 -2.79255e-006 -0.704514 -0.70969 1.20251e-006 0.00795979 -0.999968 -2.11027e-006 -0.348144 -0.937441 -2.77721e-006 -0.13487 -0.990863 0.14776 -0.615081 -0.774495 -1.02362e-006 -0.631287 -0.775549 0.0859102 -0.778309 -0.621976 -2.75117e-007 -0.787338 -0.616522 0.0359728 -0.895906 -0.442785 -1.35705e-006 -0.899812 -0.436277 -0.00110542 -0.964927 -0.262515 -1.048e-006 -0.966394 -0.257066 -0.0249046 -0.995894 -0.0870327 7.23593e-007 -0.99658 -0.0826279 0.838774 0.448745 -0.30836 0.721753 -0.691781 0.0226161 0.979935 -0.170908 0.102554 -0.510502 -0.609957 -0.606086 0.0423926 -0.0949358 -0.99458 -9.08449e-007 -0.0673825 -0.997727 0.983677 0.177742 0.0280707 0.97062 0.146096 -0.191189 0.873979 -0.436318 -0.213977 0.990537 0.111869 -0.0795068 0.997752 0.0482693 -0.0464773 0.999038 0.00154459 -0.043818 0.962985 0.26955 0.00132812 0.74965 -0.340996 0.567226 0.992544 -0.0430609 0.11403 0.979556 -0.0616492 0.191493 0.967426 -0.0754346 0.241654 0.920161 -0.118274 0.37325 0.849217 -0.163125 0.502216 0.738558 -0.213394 0.639527 0.567165 -0.266431 0.779319 0.315774 -0.311791 0.896144 -4.89593e-007 -0.33055 0.943789 0.594582 -0.555529 0.581258 0.640004 -0.661519 0.390881 0.612004 -0.749689 0.251826 0.594992 -0.768275 0.236088 0.487162 -0.824307 0.288429 0.363973 -0.873995 0.321958 0.235047 -0.911998 0.336172 0.112408 -0.934813 0.336883 5.24659e-008 -0.942029 0.335533 -0.993321 -0.114996 0.00943978 -0.993387 -0.110471 0.03127 -0.993802 -0.107349 -0.0288805 -0.993391 -0.110538 0.0309279 -0.993709 -0.108497 0.0277542 -0.993747 -0.0855479 0.0717466 -0.992046 -0.0565152 0.112476 -0.991323 -0.0339883 0.126975 -0.990658 -0.0178245 0.135198 -0.993282 -0.0253306 0.112917 -0.74922 -0.178673 -0.637766 -0.991269 0.0491666 -0.122348 -0.988502 0.0300624 -0.148191 -0.988173 0.0365016 -0.148933 -0.988749 0.0243786 -0.147583 -0.987664 -0.00956163 -0.156295 -0.987523 -0.0225939 -0.155847 -0.988545 -0.0320083 -0.147491 -0.991288 -0.0532357 -0.120476 -0.993172 -0.0962607 -0.0658997 -0.992261 -0.121045 -0.0276869 -0.992684 -0.116066 -0.0332683 -0.99314 -0.111862 -0.0340484 -0.99323 -0.115487 -0.0125411 -0.962576 -0.270007 0.023297 -0.963817 -0.256241 0.0734679 -0.964156 -0.238533 0.116212 -0.964037 -0.212037 0.160228 -0.963844 -0.169077 0.205955 -0.963849 -0.119162 0.23832 -0.963907 -0.0678397 0.257451 -0.965142 -0.0348794 0.259391 -0.967951 -0.0429232 0.247445 -0.98208 -0.02776 0.186407 -0.97901 0.012576 -0.203426 -0.706462 -0.330164 -0.626021 -0.552592 -0.445633 -0.704311 -0.963851 0.013248 -0.266113 -0.958263 0.0400094 -0.283074 -0.949057 0.0291995 -0.313748 -0.935813 -0.0289183 -0.35131 -0.953443 -0.0232271 -0.300677 -0.9622 -0.0716029 -0.262761 -0.958841 -0.122246 -0.25628 -0.961817 -0.205453 -0.180822 -0.960819 -0.242206 -0.134773 -0.960436 -0.250229 -0.122261 -0.961203 -0.264562 -0.0780806 -0.961658 -0.272854 -0.0276618 -0.900773 -0.432577 0.0385313 -0.904209 -0.410311 0.118538 -0.907483 -0.371887 0.195385 -0.909848 -0.319753 0.264452 -0.911467 -0.256928 0.321271 -0.912933 -0.18588 0.363322 -0.914413 -0.108399 0.389999 -0.917415 -0.0605566 0.393297 -0.920904 -0.0717536 0.383129 -0.580177 -0.501943 -0.641442 -0.948155 0.00759959 -0.317716 -0.948992 0.0136887 -0.315002 -0.944046 0.0149898 -0.329474 -0.940313 0.0184149 -0.339813 -0.9358 0.351978 -0.0197523 -0.620411 -0.778285 -0.0967618 -0.906137 -0.166478 -0.388847 -0.899011 -0.29147 -0.326841 -0.897517 -0.377679 -0.227644 -0.898159 -0.392424 -0.198278 -0.897518 -0.424037 -0.121052 -0.898315 -0.437362 -0.0417557 -0.809105 -0.585187 0.0539014 -0.814836 -0.55611 0.163659 -0.819073 -0.505452 0.271362 -0.820721 -0.437083 0.367933 -0.821868 -0.355639 0.445032 -0.825309 -0.26325 0.499565 -0.831351 -0.159886 0.532252 -0.84027 -0.0944576 0.533877 -0.848849 -0.105987 0.517902 -0.951849 -0.00064384 -0.306565 -0.58623 -0.536501 -0.607042 -0.951199 -0.000492839 -0.308576 -0.943627 -0.00251463 -0.331001 -0.922745 -0.00400151 -0.385389 -0.918227 0.384693 0.0941825 -0.433909 -0.850306 -0.297829 -0.793755 -0.218558 -0.567614 -0.806878 -0.349648 -0.476124 -0.799022 -0.499671 -0.334504 -0.80571 -0.530601 -0.263236 -0.803805 -0.573208 -0.159151 -0.804796 -0.591122 -0.0536427 -0.675866 -0.733696 0.069968 -0.682594 -0.699508 0.211551 -0.684602 -0.63751 0.353413 -0.6811 -0.554153 0.478558 -0.678743 -0.457941 0.574107 -0.684684 -0.349641 0.639499 -0.699165 -0.223494 0.679131 -0.71851 -0.139973 0.681286 -0.735335 -0.148551 0.661223 -0.398996 -0.626198 -0.669834 -0.201638 -0.669945 -0.714504 -0.77853 -0.0181615 -0.627345 -0.923191 -0.00836167 -0.384251 -0.767615 0.00464263 -0.640894 -0.921294 0.0104873 -0.388725 -0.763562 0.0286403 -0.645099 -0.893685 0.0228354 -0.448114 -0.7177 0.0123484 -0.696243 -0.848454 0.000705815 -0.529269 -0.916077 0.371256 -0.151562 -0.95963 0.27153 -0.0733605 -0.234043 -0.823196 -0.517274 -0.62152 -0.233069 -0.747925 -0.650675 -0.42822 -0.627096 -0.663929 -0.604274 -0.440512 -0.672078 -0.664865 -0.325984 -0.668907 -0.717254 -0.195218 -0.670023 -0.73953 -0.0645365 -0.709263 -0.701683 0.0677302 -0.715895 -0.666873 0.206821 -0.711952 -0.609465 0.348821 -0.697411 -0.535869 0.475881 -0.681754 -0.453122 0.574362 -0.673144 -0.358218 0.646959 -0.66965 -0.238866 0.703215 -0.674358 -0.161931 0.720431 -0.590856 -0.162323 0.790279 -0.151414 -0.661697 -0.734324 -0.68475 0.0256408 -0.728327 -0.723328 0.0213493 -0.690174 -0.718132 0.00255328 -0.695902 -0.735964 0.00108064 -0.67702 0.0932082 -0.791226 -0.604379 -0.444494 -0.28924 -0.8478 -0.584252 -0.503216 -0.636728 -0.637852 -0.605203 -0.476313 -0.670728 -0.663611 -0.331276 -0.686208 -0.701233 -0.193369 -0.698247 -0.713056 -0.0632649 -0.648148 -0.759084 0.060799 -0.0725776 -0.990159 0.119653 -0.0821688 -0.945026 0.316502 -0.66254 -0.719068 0.209719 -0.0809813 -0.860095 0.503665 -0.658457 -0.654193 0.372111 -0.0706272 -0.748909 0.658899 -0.628595 -0.578599 0.519704 -0.0679838 -0.628857 0.774544 -0.600678 -0.499083 0.624581 -0.105226 -0.501583 0.858687 -0.589847 -0.41046 0.695416 -0.173704 -0.345897 0.922053 -0.588147 -0.295713 0.752753 -0.256674 -0.232088 0.938218 -0.597117 -0.195824 0.777885 -0.595381 -0.109953 0.795884 -0.333767 -0.137405 0.932588 0.450223 -0.668078 -0.592429 -6.20815e-006 -0.704521 -0.709683 0.000204391 0.00957221 -0.999954 0.827966 -0.222583 -0.514713 -0.0165198 -0.00976256 -0.999816 0.747691 -0.197051 -0.634136 -0.126546 -0.190959 -0.973407 -0.213953 -0.32803 -0.92012 -0.473744 -0.447859 -0.75828 -0.307727 -0.479323 -0.82192 -0.260925 -0.618523 -0.74118 -0.535053 -0.543386 -0.646877 -0.206578 -0.775352 -0.596788 -0.582054 -0.649576 -0.489147 -0.146671 -0.891714 -0.428175 -0.605047 -0.721584 -0.336503 -0.0989874 -0.963363 -0.249266 -0.619579 -0.759407 -0.19855 -0.0731058 -0.995023 -0.0677137 -0.632792 -0.77101 -0.0715399 0.0382579 -0.994518 0.0973143 2.24432e-006 -0.994892 0.100941 7.65909e-007 -0.952277 0.305236 0.0434772 -0.951942 0.303178 -2.99664e-006 -0.860158 0.510028 0.0408629 -0.858891 0.510526 -3.91736e-006 -0.739636 0.673007 0.0309971 -0.737113 0.675058 -2.93065e-007 -0.623117 0.782129 0.0134178 -0.619458 0.784915 2.77391e-006 -0.507857 0.861441 -0.0175318 -0.501854 0.864775 5.10714e-006 -0.3617 0.932295 -0.0699843 -0.351232 0.933669 2.16179e-006 -0.252705 0.967543 -0.109091 -0.247353 0.962765 -0.280593 -0.213348 0.935815 -1.19189e-006 -0.252645 0.967559 -1.02362e-006 -0.631287 -0.775549 -0.147779 -0.615075 -0.774496 -2.75117e-007 -0.787338 -0.616522 -0.085901 -0.778312 -0.621974 -1.35705e-006 -0.899812 -0.436277 -0.0359817 -0.895906 -0.442784 -1.048e-006 -0.966394 -0.257066 0.00109956 -0.964927 -0.262515 7.23593e-007 -0.99658 -0.0826279 0.0249092 -0.995894 -0.0870354 -0.838774 0.448743 -0.308363 -0.979936 -0.170907 0.10255 -0.721757 -0.691777 0.0226131 -0.0423943 -0.0949376 -0.99458 0.510506 -0.609962 -0.606077 -0.983677 0.177741 0.0280701 -0.97062 0.146096 -0.191189 -0.87398 -0.436318 -0.213976 -0.990537 0.111869 -0.0795048 -0.997752 0.0482707 -0.0464745 -0.999038 0.00154487 -0.0438173 -0.962986 0.269549 0.00132474 -0.74965 -0.340997 0.567226 -0.992544 -0.0430607 0.11403 -0.979556 -0.0616496 0.191493 -0.967426 -0.0754345 0.241654 -0.920161 -0.118274 0.37325 -0.849217 -0.163125 0.502216 -0.738558 -0.213394 0.639527 -0.567165 -0.266429 0.77932 -0.315772 -0.311789 0.896145 -4.89593e-007 -0.33055 0.943789 -0.640003 -0.66152 0.390882 -0.594581 -0.555529 0.581258 -0.612006 -0.749688 0.251826 -0.594993 -0.768274 0.236088 -0.487162 -0.824307 0.28843 -0.363974 -0.873994 0.321958 -0.235048 -0.911998 0.336173 -0.112407 -0.934812 0.336883 5.24659e-008 -0.942029 0.335533 0.763049 -0.64331 0.0625136 0.768352 -0.611187 0.189962 0.750566 -0.658386 -0.056387 0.732771 -0.657189 -0.176493 0.706553 -0.636415 -0.309448 0.664475 -0.58905 -0.459883 0.600399 -0.506525 -0.618832 0.481347 -0.436111 -0.760337 0.301935 -0.473197 -0.827599 0.170168 -0.623264 -0.763272 0.0657986 -0.787076 -0.613336 -0.0190345 -0.900105 -0.435257 -0.0814427 -0.963267 -0.255899 -0.122114 -0.989129 -0.0819299 -0.145865 -0.984304 0.0993395 -0.155216 -0.941393 0.299478 -0.148897 -0.852536 0.501011 -0.128098 -0.735978 0.664777 -0.0952106 -0.620715 0.778234 -0.0441002 -0.504455 0.862311 0.0387526 -0.356221 0.933598 0.107889 -0.246518 0.963114 0.290274 -0.127761 0.948377 0.596082 -0.0938386 0.797421 0.679309 -0.169762 0.713947 0.689379 -0.247717 0.68073 0.707587 -0.350583 0.613525 0.725611 -0.428974 0.538024 0.745776 -0.49786 0.442666 0.762432 -0.560988 0.322475 -0.768354 -0.611188 0.18995 -0.763054 -0.643304 0.0625087 -0.762426 -0.560999 0.322471 -0.745766 -0.497865 0.442678 -0.725608 -0.428961 0.538039 -0.707596 -0.350559 0.613528 -0.689391 -0.247701 0.680723 -0.679239 -0.169765 0.714013 -0.596012 -0.0937355 0.797486 -0.290424 -0.127626 0.948349 -0.10807 -0.246488 0.963102 -0.0387381 -0.356207 0.933604 0.0441091 -0.504432 0.862324 0.0952048 -0.620698 0.778248 0.128077 -0.735974 0.664785 0.148881 -0.852545 0.501001 0.155216 -0.941398 0.299462 0.145872 -0.984304 0.0993335 0.122117 -0.989129 -0.0819269 0.0814396 -0.963268 -0.255894 0.0190248 -0.900105 -0.435257 -0.0657959 -0.787075 -0.613338 -0.17018 -0.623268 -0.763267 -0.301961 -0.473166 -0.827607 -0.481295 -0.436098 -0.760377 -0.600378 -0.506536 -0.618843 -0.664476 -0.589049 -0.459885 -0.70655 -0.636419 -0.309449 -0.732771 -0.65719 -0.176489 -0.75057 -0.658381 -0.0563831 0.784523 -0.617319 0.0586673 0.791126 -0.584152 0.181344 0.770492 -0.63499 -0.0559449 0.751275 -0.636964 -0.172809 0.72304 -0.6202 -0.304243 0.676811 -0.577656 -0.456333 0.607414 -0.499547 -0.617658 0.463637 -0.441452 -0.768219 0.308328 -0.473291 -0.825184 0.171261 -0.618292 -0.767062 0.0612355 -0.784171 -0.617516 -0.0332534 -0.897864 -0.439015 -0.104508 -0.960424 -0.258194 -0.151258 -0.984991 -0.08315 -0.17854 -0.979011 0.0982887 -0.188747 -0.935796 0.297759 -0.180821 -0.847848 0.498455 -0.157307 -0.732473 0.662372 -0.121058 -0.617346 0.777322 -0.0649036 -0.499942 0.863623 0.0276639 -0.348981 0.936721 0.100795 -0.243601 0.964624 0.323464 -0.126936 0.937688 0.579991 -0.0958071 0.808969 0.692225 -0.168259 0.701793 0.705472 -0.242525 0.665951 0.72487 -0.34132 0.598384 0.744518 -0.414827 0.523079 0.766713 -0.478092 0.428461 0.785127 -0.536143 0.310042 -0.791125 -0.584157 0.181334 -0.784535 -0.617303 0.0586629 -0.785103 -0.536176 0.310047 -0.766683 -0.478119 0.428485 -0.744517 -0.414816 0.523089 -0.724921 -0.341276 0.598349 -0.705538 -0.242474 0.6659 -0.692046 -0.168225 0.701978 -0.580091 -0.0955459 0.808928 -0.323532 -0.126706 0.937695 -0.101502 -0.243454 0.964587 -0.0276062 -0.348949 0.936735 0.064967 -0.499916 0.863634 0.121054 -0.617329 0.777336 0.157257 -0.732477 0.66238 0.180773 -0.847866 0.498441 0.188737 -0.935804 0.29774 0.178555 -0.979009 0.0982832 0.151267 -0.98499 -0.0831455 0.104501 -0.960427 -0.258187 0.0332445 -0.897866 -0.439012 -0.061254 -0.784165 -0.617522 -0.171359 -0.618272 -0.767057 -0.30831 -0.47326 -0.825209 -0.463632 -0.441406 -0.768249 -0.607294 -0.499578 -0.61775 -0.676796 -0.577662 -0.456348 -0.723035 -0.620207 -0.304243 -0.751271 -0.636969 -0.172805 -0.7705 -0.63498 -0.0559406 -0.287555 -0.273059 -0.918015 -0.996216 0.0834844 -0.0241561 0.993802 -0.107349 -0.0288809 0.749221 -0.178673 -0.637764 -0.465814 -0.630864 -0.620506 -0.370196 -0.49624 -0.785303 0.706461 -0.330164 -0.626023 0.552591 -0.445634 -0.704311 -0.486526 -0.724231 -0.488654 0.580172 -0.501945 -0.641445 -0.504256 -0.756289 -0.416836 0.586232 -0.5365 -0.607041 0.387533 0.7168 0.579669 0.469204 0.647846 0.600119 0.918227 0.384693 0.0941822 0.935799 0.351981 -0.0197499 -0.316745 -0.888129 0.333015 -0.277149 -0.870773 0.406132 0.62041 -0.778286 -0.0967605 0.433907 -0.850307 -0.297829 -0.541104 -0.823493 -0.170486 -0.551165 -0.775418 -0.308129 0.398997 -0.626199 -0.669834 0.20164 -0.669943 -0.714505 0.635436 0.508368 0.581191 0.612295 0.630062 0.477616 0.916077 0.371256 -0.151564 0.95963 0.27153 -0.0733586 -0.374764 -0.895289 0.240852 0.234043 -0.823196 -0.517274 -0.465403 -0.88075 -0.0876282 0.151412 -0.661698 -0.734323 -0.493921 -0.838472 0.230234 -0.093207 -0.791225 -0.60438 -0.827965 -0.222583 -0.514714 -0.450222 -0.668078 -0.592429 1.77389e-006 -0.704525 -0.709679 -0.747692 -0.197052 -0.634135 -2.79255e-006 -0.704514 -0.70969 0.521343 0.757546 0.392842 0.838774 0.448745 -0.30836 -0.124905 -0.886187 0.446175 0.310431 -0.469771 0.826407 0.979935 -0.170908 0.102554 0.721753 -0.691781 0.0226161 -0.510502 -0.609957 -0.606086 0.488823 0.389959 0.780374 0.983677 0.177742 0.0280707 0.67527 -0.622706 0.395283 0.873979 -0.436318 -0.213977 0.860934 0.180669 0.475554 0.97062 0.146096 -0.191189 0.820658 0.124627 0.557664 0.990537 0.111869 -0.0795068 0.800484 0.0549116 0.596833 0.997752 0.0482693 -0.0464773 0.797184 0.0048978 0.603717 0.999038 0.00154459 -0.043818 0.721632 0.407892 0.559349 0.962985 0.26955 0.00132812 -0.308334 -0.491892 0.814231 0.74965 -0.340996 0.567226 0.993802 -0.107349 -0.0288809 -0.423249 -0.694587 0.581729 -0.433084 -0.848013 0.30547 0.640004 -0.661519 0.390881 0.594582 -0.555529 0.581258 0.749221 -0.178673 -0.637764 -0.383945 -0.923319 0.00827274 0.612004 -0.749689 0.251826 -0.358485 -0.917443 -0.172591 0.594992 -0.768275 0.236088 -0.374247 -0.895983 -0.239069 0.487162 -0.824307 0.288429 -0.352373 -0.88157 -0.314113 0.363973 -0.873995 0.321958 -0.283803 -0.875282 -0.391582 0.235047 -0.911998 0.336172 -0.161549 -0.875832 -0.454776 0.112408 -0.934813 0.336883 2.47187e-007 -0.877317 -0.479911 5.24659e-008 -0.942029 0.335533 0.287554 -0.27306 -0.918015 -0.74922 -0.178673 -0.637766 -0.993802 -0.107349 -0.0288805 0.370194 -0.496241 -0.785303 0.465813 -0.630864 -0.620507 -0.552592 -0.445633 -0.704311 -0.706462 -0.330164 -0.626021 0.486525 -0.724231 -0.488654 -0.580177 -0.501943 -0.641442 0.504256 -0.75629 -0.416835 -0.58623 -0.536501 -0.607042 -0.469206 0.647845 0.600119 -0.387536 0.716799 0.579668 -0.9358 0.351978 -0.0197523 -0.918227 0.384693 0.0941825 0.277145 -0.870775 0.40613 0.316744 -0.88813 0.333014 -0.433909 -0.850306 -0.297829 -0.620411 -0.778285 -0.0967618 0.551167 -0.775417 -0.308129 0.541105 -0.823492 -0.170485 -0.201638 -0.669945 -0.714504 -0.398996 -0.626198 -0.669834 -0.612296 0.630063 0.477613 -0.635437 0.508368 0.58119 -0.95963 0.27153 -0.0733605 -0.916077 0.371256 -0.151562 0.374765 -0.895288 0.240852 -0.234043 -0.823196 -0.517274 0.465403 -0.88075 -0.0876281 -0.151414 -0.661697 -0.734324 0.493922 -0.83847 0.230239 0.0932082 -0.791226 -0.604379 -6.20815e-006 -0.704521 -0.709683 0.450223 -0.668078 -0.592429 0.827966 -0.222583 -0.514713 0.747691 -0.197051 -0.634136 -0.521347 0.757544 0.39284 -0.838774 0.448743 -0.308363 -0.310438 -0.469769 0.826405 0.124899 -0.886188 0.446173 -0.721757 -0.691777 0.0226131 -0.979936 -0.170907 0.10255 0.510506 -0.609962 -0.606077 -0.488827 0.389958 0.780372 -0.983677 0.177741 0.0280701 -0.675269 -0.622706 0.395283 -0.860934 0.180669 0.475555 -0.97062 0.146096 -0.191189 -0.87398 -0.436318 -0.213976 -0.820656 0.124627 0.557667 -0.990537 0.111869 -0.0795048 -0.800483 0.0549122 0.596835 -0.997752 0.0482707 -0.0464745 -0.797184 0.0048993 0.603717 -0.999038 0.00154487 -0.0438173 -0.721634 0.407893 0.559346 -0.962986 0.269549 0.00132474 0.308334 -0.491893 0.814231 -0.74965 -0.340997 0.567226 0.433083 -0.848014 0.30547 0.423249 -0.694587 0.581729 -0.594581 -0.555529 0.581258 -0.640003 -0.66152 0.390882 0.383943 -0.92332 0.00827357 -0.612006 -0.749688 0.251826 0.358483 -0.917444 -0.17259 -0.594993 -0.768274 0.236088 0.374245 -0.895984 -0.239067 -0.487162 -0.824307 0.28843 0.352371 -0.881571 -0.314113 -0.363974 -0.873994 0.321958 0.283803 -0.875283 -0.391582 -0.235048 -0.911998 0.336173 0.161549 -0.875832 -0.454775 -0.112407 -0.934812 0.336883 2.47187e-007 -0.877317 -0.479911 5.24659e-008 -0.942029 0.335533 -0.86174 0.451884 -0.230662 -0.896411 -0.137952 -0.421208 -0.857399 0.134233 0.496838 -0.775702 0.310365 0.54951 -0.920089 -0.236618 -0.312166 -0.828952 0.262395 0.493951 -0.935684 -0.318824 -0.151149 -0.780105 0.315137 0.540485 -0.927045 -0.373711 -0.0304468 -0.702017 0.401755 0.588018 -0.928038 -0.371842 0.0218916 -0.685764 0.450177 0.571899 -0.909656 -0.385907 0.153626 -0.620378 0.461771 0.633954 -0.818609 -0.454933 0.350593 -0.440384 0.493782 0.749828 -0.677558 -0.529436 0.510502 -0.255732 0.527398 0.810218 0.174752 -0.544834 0.820133 -0.696561 0.0396287 0.716402 0.111146 0.0451586 0.992777 -0.956789 -0.188547 0.221369 -0.0481839 0.0385082 0.998096 -0.982237 -0.116148 0.14738 -0.0944991 0.0234829 0.995248 -0.992983 -0.0446407 0.109511 -0.0950576 0.00286783 0.995468 -0.994359 -0.00376844 0.105997 0.0070747 0.350876 0.936395 -0.945927 -0.152545 0.286273 -0.256904 0.498618 0.827877 -0.850997 -0.432494 0.297913 -0.297834 0.415381 0.859508 -0.917447 -0.315318 0.242621 -0.263243 0.375526 0.888641 -0.956881 -0.267956 0.112153 -0.452111 0.417021 0.788473 -0.949054 -0.280128 0.144309 -0.599744 0.43916 0.668914 -0.945005 -0.326489 0.0192508 -0.593896 0.200159 0.779245 -0.967295 -0.229587 -0.107844 -0.794404 -0.178791 0.580479 -0.955874 0.203515 -0.211863 -0.835121 -0.333706 0.437278 -0.847328 0.530451 0.0256351 -0.825318 -0.244471 0.509002 -0.707868 0.68551 0.170292 -0.716382 -0.260754 0.647151 -0.502744 0.76461 0.403262 -0.597905 -0.338321 0.726669 -0.23549 0.781672 0.577523 -0.52275 -0.332038 0.785165 0.0423832 0.76713 0.64009 -0.360767 -0.337403 0.869486 0.201601 0.778504 0.594381 0.671445 0.108239 0.733107 0.373003 0.827426 0.419803 0.877443 0.389887 0.279432 0.900282 -0.224724 0.372815 0.852495 0.276979 -0.443323 0.802533 0.381561 -0.458641 0.928808 -0.314148 0.196536 0.822398 0.388059 -0.416019 0.91814 -0.395472 0.0249117 0.789703 0.503389 -0.350668 0.901736 -0.394133 -0.177574 0.795858 0.549218 -0.25489 0.863113 -0.348392 -0.365595 0.719431 0.636768 -0.277392 0.812073 -0.317983 -0.489311 0.619043 0.701361 -0.353381 0.720277 -0.297885 -0.626471 0.498221 0.758276 -0.420468 0.565692 -0.284312 -0.774054 0.351949 0.807134 -0.47399 0.321912 -0.278005 -0.905034 0.18277 0.840825 -0.509517 3.91039e-007 -0.27671 -0.960953 1.45778e-007 0.853087 -0.521769 3.91039e-007 -0.27671 -0.960953 -0.321911 -0.278005 -0.905034 -0.18277 0.840825 -0.509518 1.45778e-007 0.853087 -0.521769 -0.565693 -0.284312 -0.774053 -0.351949 0.807134 -0.47399 -0.720278 -0.297884 -0.62647 -0.498221 0.758276 -0.420467 -0.812073 -0.317981 -0.489311 -0.619042 0.701362 -0.353381 -0.863113 -0.34839 -0.365596 -0.71943 0.636769 -0.277392 -0.901736 -0.394131 -0.177573 -0.795857 0.54922 -0.254889 -0.918141 -0.395471 0.0249113 -0.789702 0.503391 -0.350668 -0.928808 -0.314148 0.196536 -0.822398 0.388058 -0.416019 -0.900283 -0.224723 0.372815 -0.852494 0.276979 -0.443324 -0.877442 0.389889 0.279432 -0.802532 0.381563 -0.458642 -0.671448 0.108249 0.733103 0.360764 -0.337392 0.869492 -0.201606 0.778512 0.594369 -0.373006 0.827433 0.419788 0.522748 -0.332033 0.785168 -0.0423872 0.767134 0.640085 0.597906 -0.338319 0.72667 0.23549 0.781673 0.577522 0.716381 -0.260755 0.647151 0.502745 0.764609 0.403262 0.825317 -0.244475 0.509003 0.70787 0.685507 0.170294 0.835119 -0.333711 0.437279 0.847331 0.530446 0.0256378 0.794401 -0.178793 0.580482 0.955875 0.203513 -0.21186 0.593893 0.200159 0.779248 0.967296 -0.229586 -0.107841 0.599743 0.43916 0.668914 0.945005 -0.326489 0.0192505 0.45211 0.417021 0.788473 0.949054 -0.280127 0.144311 0.263241 0.375528 0.888641 0.956881 -0.267956 0.112153 0.29783 0.415385 0.859507 0.917447 -0.315317 0.242624 0.256897 0.498619 0.827878 0.850997 -0.432493 0.297916 -0.00707766 0.350878 0.936394 0.945927 -0.152544 0.286273 0.0950573 0.00287022 0.995468 0.994359 -0.00376792 0.105997 0.094505 0.0234831 0.995247 0.992983 -0.0446411 0.109508 0.0481889 0.0385068 0.998096 0.982237 -0.116148 0.147378 -0.111145 0.0451586 0.992778 0.95679 -0.188547 0.221368 -0.17475 -0.544834 0.820133 0.696561 0.03963 0.716403 0.677558 -0.529436 0.510502 0.255732 0.527399 0.810217 0.818609 -0.454932 0.350593 0.440383 0.493782 0.749828 0.909657 -0.385906 0.153627 0.620376 0.461773 0.633956 0.928038 -0.371841 0.0218928 0.685764 0.450178 0.571898 0.927045 -0.373712 -0.0304478 0.702017 0.401755 0.588017 0.935685 -0.318824 -0.151148 0.780105 0.315137 0.540485 0.920089 -0.236619 -0.312167 0.828952 0.262395 0.493951 0.896411 -0.137953 -0.421209 0.857399 0.134232 0.496838 0.861741 0.451883 -0.230662 0.775702 0.310364 0.54951 </float_array>
          <technique_common>
            <accessor count="1608" offset="0" source="#meshId0-normals-array" stride="3">
              <param name="X" type="float" />
              <param name="Y" type="float" />
              <param name="Z" type="float" />
            </accessor>
          </technique_common>
        </source>
        <source id="meshId0-tangents" name="meshId0-tangents">
          <float_array id="meshId0-tangents-array" count="4824"> 0.0485361 0.765 0.642199 0.0670485 0.640036 0.765413 0.0485355 0.650361 0.758073 0.0494241 0.655275 0.753772 0.0513052 0.660604 0.748979 0.00486255 0.677457 0.735546 -0.0421261 0.693586 0.719141 -0.0664017 0.705121 0.705971 -0.081148 0.71963 0.6896 -0.0596772 0.739391 0.670626 0.411106 0.569947 0.711443 0.477522 0.737962 0.476848 0.0953871 0.618352 0.780091 0.0757054 0.618445 0.782173 0.0972047 0.623231 0.775973 0.0933152 0.63126 0.769937 0.0986611 0.636996 0.764528 0.1255 0.646164 0.752809 0.133456 0.646351 0.751278 0.134349 0.63206 0.763184 0.127459 0.617297 0.776337 0.111705 0.609572 0.784821 0.0962396 0.610972 0.78578 0.0982277 0.613693 0.78341 0.0968447 0.619672 0.778863 0.0832109 0.629537 0.772502 0.11278 0.641305 0.758953 0.153102 0.612267 0.775686 0.0766467 0.669943 0.738445 0.0350988 0.699096 0.714166 -0.0183416 0.727979 0.685354 -0.0690234 0.751587 0.656013 -0.113729 0.769058 0.628979 -0.136714 0.777515 0.613824 -0.124045 0.775395 0.619173 -0.100798 0.758098 0.644304 0.580712 0.632812 0.512173 0.71478 0.561787 0.416514 0.140554 0.680126 0.719495 0.189817 0.6685 0.719081 0.169409 0.669604 0.72314 0.184975 0.66781 0.720982 0.206758 0.685227 0.698366 0.260706 0.706137 0.658333 0.249623 0.668334 0.700726 0.237581 0.598295 0.765244 0.276313 0.518668 0.809095 0.264682 0.526785 0.807738 0.249168 0.540384 0.803679 0.244483 0.546731 0.80082 0.220047 0.564206 0.795771 0.189129 0.586232 0.787757 0.174096 0.60756 0.774959 0.233028 0.55631 0.797632 0.111269 0.661226 0.741889 0.0471336 0.71273 0.699853 -0.0161913 0.757864 0.652212 -0.0781462 0.794108 0.602732 -0.139267 0.820216 0.554843 -0.173766 0.828008 0.533111 -0.170821 0.809203 0.562148 0.218159 0.714741 0.664494 0.720772 0.548472 0.423871 0.223463 0.67458 0.703567 0.2169 0.671892 0.708178 0.229919 0.686159 0.690162 0.243172 0.704653 0.666583 -0.127454 0.608732 0.783071 0.317205 0.729005 0.606575 0.308203 0.69946 0.6448 0.259954 0.71132 0.65303 0.425033 0.392888 0.815467 0.315493 0.470194 0.824246 0.274806 0.544391 0.79254 0.499515 0.302809 0.811659 0.423509 0.387626 0.818771 0.436013 0.390295 0.810902 0.387017 0.424269 0.818666 0.372651 0.440264 0.816884 0.333083 0.472015 0.816246 0.286317 0.5107 0.810684 0.22295 0.561271 0.797037 0.296646 0.485888 0.82214 0.145786 0.640865 0.753683 0.069369 0.715418 0.695245 -0.00359543 0.777894 0.628385 -0.074244 0.82639 0.558182 -0.145771 0.861298 0.48674 -0.190299 0.87053 0.453832 -0.195921 0.846889 0.494362 0.732141 0.488327 0.474876 0.220149 0.719 0.659222 0.240949 0.659755 0.711805 0.228367 0.675538 0.701068 0.243407 0.685278 0.686402 0.269842 0.707336 0.653345 0.300244 0.714037 0.63246 -0.181295 0.489157 0.853146 0.605305 0.245241 0.757273 0.724761 0.133638 0.675916 0.571329 0.252927 0.780776 0.59309 0.24388 0.767312 0.521091 0.294763 0.800986 0.479621 0.323731 0.815574 0.425421 0.366752 0.827352 0.364333 0.420583 0.830886 0.261718 0.504148 0.823006 0.347415 0.400737 0.84777 0.174163 0.613654 0.770127 0.090591 0.71212 0.696188 0.013649 0.789378 0.613756 -0.0601357 0.847343 0.52763 -0.136524 0.890587 0.433839 -0.189447 0.903022 0.385566 -0.207151 0.879775 0.427884 0.472172 0.716806 0.513072 0.290043 0.673091 0.680312 0.827189 0.499901 0.256626 0.864909 0.501694 0.0153379 0.426678 0.74096 0.518579 0.277562 0.683909 0.674705 0.321214 0.660456 0.67869 0.487649 0.732598 0.474867 0.406011 0.754411 0.51577 0.305726 0.700801 0.644522 0.398307 0.787704 0.469972 0.346161 0.745179 0.569983 -0.116334 -0.270669 -0.955617 -0.0618011 0.678861 0.731661 0.367399 0.767663 0.525082 0.441748 0.811099 0.383377 0.788091 0.0845271 0.609727 0.873611 -0.0525422 0.48378 0.723925 0.096936 0.683035 0.754409 0.0921814 0.649899 0.638969 0.151836 0.754099 0.574321 0.190176 0.796234 0.503589 0.243857 0.828814 0.42804 0.313638 0.847592 0.252842 0.525189 0.812556 0.332938 0.419981 0.844256 0.173078 0.634639 0.753178 0.0969703 0.72898 0.677631 0.0258275 0.799837 0.599662 -0.0439211 0.854254 0.517997 -0.118729 0.900437 0.418469 -0.17555 0.912728 0.368931 -0.213144 0.913481 0.346587 0.880249 0.465628 -0.0913904 0.486696 0.739661 0.46479 0.464648 0.783675 0.412257 0.43544 0.740283 0.512224 0.464164 0.746284 0.477087 0.460069 0.755846 0.465869 0.901791 -0.0420073 0.430126 0.963556 -0.201416 0.176042 0.751659 0.0440292 0.65808 0.861326 -0.0358456 0.506787 0.659277 0.110676 0.74371 0.573842 0.182238 0.798433 0.491894 0.253221 0.833018 0.412192 0.330205 0.849154 0.300332 0.323466 0.897313 0.26609 0.486418 0.832222 0.348908 0.366021 0.862723 0.396179 0.139208 0.907559 0.21078 0.509162 0.834461 0.183804 0.615784 0.766176 0.127372 0.665347 0.735588 0.107448 0.723042 0.682397 0.0492315 0.779366 0.624632 0.0393745 0.797675 0.601801 -0.0273982 0.861145 0.507621 -0.0248039 0.852752 0.521726 -0.105424 0.923153 0.369695 -0.093402 0.901438 0.422711 -0.169895 0.944473 0.281258 -0.149049 0.926437 0.345687 -0.214701 0.95214 0.217561 -0.209231 0.934899 0.286681 0.997733 -0.0672926 -0.000725561 0.554125 -0.404414 0.727595 0.880834 -0.228686 0.414528 0.997913 0.0455057 0.0458196 0.997215 -0.0723751 0.0180252 0.65831 -0.320018 0.681334 0.949772 -0.121427 0.288425 0.978895 0.078266 0.188781 0.869508 -0.17855 0.460517 0.772033 -0.000507519 0.635582 0.835057 -0.0443342 0.548374 0.897205 -0.138233 0.419423 0.797857 -0.213078 0.563935 0.683945 0.0538008 0.727547 0.707027 -0.197853 0.678946 0.598013 0.120738 0.79234 0.60398 -0.129617 0.786389 0.512852 0.19124 0.836905 0.498319 -0.0154074 0.866857 0.430389 0.269613 0.861437 0.318704 0.289467 0.902572 0.311217 0.274466 0.909842 0.413265 0.0714211 0.907805 0.41594 0.0920066 0.904726 0.224861 0.496824 0.838214 0.213401 0.491201 0.844501 0.135851 0.66651 0.733013 0.123374 0.66729 0.734509 0.0528602 0.780902 0.622414 0.0417298 0.784094 0.619238 -0.0253309 0.861167 0.507691 -0.0346961 0.86439 0.501623 -0.100153 0.927503 0.36015 -0.108358 0.927868 0.356819 -0.164209 0.954358 0.249471 -0.171574 0.949303 0.263411 -0.204553 0.947162 0.247066 -0.211237 0.937602 0.27619 0.999974 -0.00723486 -7.11602e-005 0.999894 -0.0102566 -0.0103376 0.999973 -0.00737423 -5.38366e-005 0.999996 -0.00246365 0.0009124 0.955805 -0.121896 0.267543 0.980978 0.0843778 0.174823 0.999993 -0.00366513 0.00049743 0.907346 -0.326391 0.264939 0.91102 -0.223735 0.346389 0.820734 -0.352259 0.449789 0.830823 -0.289174 0.475512 0.722419 -0.301707 0.62216 0.732152 -0.279191 0.621294 0.61936 -0.201821 0.758724 0.625366 -0.207207 0.752318 0.51639 -0.0706594 0.853434 0.518071 -0.089079 0.850686 0.418095 0.740762 0.525802 0.111484 0.579552 0.807274 0.0550886 0.410973 0.909982 0.0482805 0.628256 0.776507 0.324537 0.408964 0.852892 0.273773 0.697993 0.661705 0.99868 -0.0492479 0.0145833 0.721684 -0.316816 0.615467 0.999985 -0.00550547 0.000368164 0.969728 -0.201057 -0.138579 0.971045 -0.178153 -0.159162 -0.0829741 0.714889 0.694298 0.40347 0.913876 0.0451976 0.0533073 0.743265 0.66687 0.062509 0.676972 0.73335 0.389866 0.713576 0.582078 0.044655 0.734754 0.676862 0.416037 0.737284 0.532283 0.0790749 0.719831 0.689631 -0.0780397 0.553102 0.829451 -0.0202323 0.722703 0.690862 -0.030683 0.722711 0.690469 -0.0845364 0.777676 0.622955 -0.017113 0.748354 0.663079 -0.102381 0.759938 0.641882 -0.0837737 0.743638 0.663313 -0.14391 0.790142 0.59579 -0.170384 0.818307 0.548947 -0.191274 0.845765 0.498092 -0.206805 0.872181 0.44332 -0.219364 0.89698 0.383805 -0.205784 0.925187 0.318876 -0.0387897 0.699387 0.71369 -0.0737178 0.736687 0.672203 0.0419785 0.575897 0.816444 -0.0855299 0.749697 0.656231 0.11583 0.469247 0.875437 -0.124829 0.774531 0.620097 0.0671455 0.425461 0.902483 -0.153494 0.79707 0.584054 0.00688606 0.417902 0.908466 -0.179533 0.820321 0.542993 -0.0618129 0.408454 0.910683 -0.202867 0.84485 0.495049 -0.13771 0.401856 0.905289 -0.220456 0.872011 0.43703 -0.228468 0.402346 0.886521 -0.208663 0.904582 0.371742 -0.23724 0.43211 0.870056 -0.0751478 0.740228 0.668144 0.0223253 -0.51445 -0.857229 0.0486633 -0.651271 -0.757283 0.0671602 -0.640932 -0.764654 0.0495384 -0.656108 -0.753039 0.0513957 -0.661291 -0.748366 0.00496132 -0.678091 -0.734962 -0.0420089 -0.694263 -0.718494 -0.0662968 -0.705782 -0.705321 -0.0810424 -0.720332 -0.688879 -0.059541 -0.740267 -0.669671 0.413249 -0.542933 -0.73106 0.0951111 -0.622161 -0.77709 0.477259 -0.738467 -0.47633 0.0971225 -0.623802 -0.775524 0.075678 -0.61862 -0.782037 0.0932289 -0.631802 -0.769503 0.0985829 -0.637528 -0.764093 0.125426 -0.646762 -0.752308 0.133397 -0.646883 -0.750831 0.134299 -0.632612 -0.762736 0.127427 -0.61806 -0.775735 0.111747 -0.610521 -0.784077 0.0963337 -0.611923 -0.785029 0.0983154 -0.614659 -0.782642 0.0969255 -0.620617 -0.7781 0.0833037 -0.630435 -0.771759 0.113057 -0.642136 -0.758208 0.153383 -0.613203 -0.77489 0.0769165 -0.670689 -0.73774 0.0353568 -0.699762 -0.7135 -0.018096 -0.728589 -0.684712 -0.068785 -0.752184 -0.655353 -0.113498 -0.769668 -0.628275 -0.136491 -0.778144 -0.613077 -0.100625 -0.758803 -0.6435 -0.123821 -0.776039 -0.61841 0.580587 -0.63326 -0.511763 0.140271 -0.681728 -0.718032 0.714816 -0.561656 -0.41663 0.189805 -0.668554 -0.719034 0.16945 -0.669421 -0.7233 0.184945 -0.667908 -0.720899 0.207155 -0.683993 -0.699458 0.260056 -0.708203 -0.656369 0.248732 -0.672313 -0.697228 0.235844 -0.609513 -0.756883 0.276272 -0.519626 -0.808494 0.264799 -0.528143 -0.806812 0.249362 -0.541675 -0.802749 0.244693 -0.547982 -0.799901 0.220293 -0.565358 -0.794885 0.189399 -0.587269 -0.78692 0.174507 -0.608276 -0.774304 0.233473 -0.557171 -0.796901 0.111646 -0.661832 -0.741292 0.0474759 -0.713247 -0.699303 -0.0158686 -0.758335 -0.651672 -0.0778331 -0.79456 -0.602177 -0.138961 -0.820668 -0.554251 -0.173462 -0.828481 -0.532475 -0.170498 -0.809741 -0.561472 0.218366 -0.71411 -0.665103 0.720678 -0.548909 -0.423464 0.223531 -0.674356 -0.70376 0.216708 -0.672563 -0.707599 0.229999 -0.68591 -0.690383 0.243052 -0.704983 -0.666277 -0.126286 -0.605743 -0.785575 0.260034 -0.711105 -0.653232 0.30826 -0.699332 -0.644911 0.316393 -0.730939 -0.604668 0.425008 -0.395284 -0.814321 0.502237 -0.306105 -0.808738 0.275106 -0.541874 -0.794159 0.316914 -0.446915 -0.83656 0.423793 -0.389843 -0.817571 0.435964 -0.393106 -0.809569 0.387465 -0.426015 -0.817546 0.37309 -0.441782 -0.815863 0.333557 -0.473281 -0.815319 0.286789 -0.511748 -0.809856 0.223436 -0.561827 -0.796509 0.297209 -0.486608 -0.82151 0.146203 -0.641298 -0.753234 0.0697366 -0.715772 -0.694844 -0.00325675 -0.778203 -0.628004 -0.0739124 -0.826684 -0.55779 -0.145434 -0.8616 -0.486306 -0.189955 -0.870857 -0.45335 -0.195542 -0.847292 -0.493822 0.220366 -0.718303 -0.659909 0.732101 -0.488812 -0.474438 0.228448 -0.675257 -0.701313 0.240717 -0.660635 -0.711067 0.243491 -0.685006 -0.686643 0.269257 -0.709036 -0.651743 -0.180666 -0.487416 -0.854275 0.300777 -0.712692 -0.633721 0.605479 -0.250033 -0.755565 0.72649 -0.13577 -0.673631 0.571822 -0.255857 -0.779459 0.593157 -0.248795 -0.76568 0.521861 -0.296856 -0.799711 0.480351 -0.325378 -0.814489 0.426128 -0.367997 -0.826434 0.364977 -0.421529 -0.830123 0.262213 -0.504515 -0.822623 0.348032 -0.401257 -0.84727 0.17456 -0.613915 -0.76983 0.0909139 -0.712312 -0.69595 0.0139293 -0.789534 -0.613549 -0.0598514 -0.847499 -0.527411 -0.136214 -0.890762 -0.433577 -0.189115 -0.903223 -0.385257 -0.206768 -0.880043 -0.427518 0.468268 -0.723357 -0.507425 0.865926 -0.499874 -0.0172384 0.82784 -0.497561 -0.259064 0.28965 -0.674333 -0.679248 0.427076 -0.7404 -0.519051 0.487658 -0.732584 -0.47488 0.321121 -0.660733 -0.678463 0.277669 -0.683624 -0.67495 0.40619 -0.754178 -0.515971 0.305862 -0.700508 -0.644777 0.39931 -0.786558 -0.471039 0.345273 -0.746715 -0.56851 -0.114853 0.274224 0.954783 0.441173 -0.811665 -0.38284 0.368978 -0.765272 -0.52746 -0.0614557 -0.677994 -0.732494 0.788358 -0.0900035 -0.608598 0.87519 0.0500437 -0.481184 0.724773 -0.100253 -0.681654 0.755007 -0.0996939 -0.648094 0.640073 -0.154068 -0.752708 0.57536 -0.191784 -0.795097 0.504504 -0.244949 -0.827935 0.428802 -0.314383 -0.846931 0.253126 -0.525421 -0.812318 0.333534 -0.420537 -0.843744 0.173048 -0.634618 -0.753203 0.0968811 -0.728926 -0.677703 0.0257839 -0.799813 -0.599695 -0.044124 -0.854151 -0.51815 -0.119603 -0.900003 -0.419154 -0.176642 -0.912155 -0.369825 -0.213014 -0.913543 -0.346503 0.8801 -0.465867 0.0916044 0.486736 -0.739611 -0.464827 0.488392 -0.753598 -0.439958 0.434114 -0.74209 -0.510733 0.46418 -0.746264 -0.477102 0.462894 -0.752379 -0.468673 0.901515 0.0445619 -0.430448 0.964792 0.198424 -0.172639 0.753253 -0.048625 -0.655931 0.860647 0.0394033 -0.507675 0.660733 -0.113583 -0.741978 0.574932 -0.183932 -0.797259 0.492926 -0.254512 -0.832014 0.413042 -0.331109 -0.848388 0.301875 -0.323453 -0.8968 0.397745 -0.139272 -0.906864 0.34968 -0.366612 -0.86216 0.266462 -0.486669 -0.831957 0.212242 -0.509121 -0.834116 0.183664 -0.615706 -0.766273 0.128679 -0.665321 -0.735384 0.107386 -0.723011 -0.682439 0.050172 -0.779383 -0.624535 0.0397279 -0.797821 -0.601584 -0.0271105 -0.86117 -0.507594 -0.0243869 -0.852919 -0.521474 -0.106099 -0.923038 -0.369789 -0.0933049 -0.901477 -0.422651 -0.169132 -0.944659 -0.281093 -0.147455 -0.927083 -0.344637 -0.19504 -0.940883 -0.276945 -0.209183 -0.953766 -0.215807 0.998617 0.0525761 0.000584844 0.995245 -0.0686319 -0.0691158 0.876949 0.211075 -0.431749 0.554538 0.391213 -0.734465 0.658709 0.316757 -0.682472 0.998247 0.0564212 -0.0178753 0.953861 0.0936032 -0.285285 0.979898 0.0062791 -0.199399 0.873434 0.171263 -0.455832 0.907194 0.109312 -0.406263 0.83611 0.0409483 -0.547031 0.773464 -0.0029684 -0.633834 0.80152 0.209187 -0.560184 0.685226 -0.0559664 -0.726177 0.710073 0.196035 -0.676289 0.598968 -0.121954 -0.791432 0.606346 0.128883 -0.784687 0.513658 -0.192065 -0.836221 0.500152 0.015154 -0.865805 0.431158 -0.270283 -0.860842 0.318732 -0.289464 -0.902563 0.416133 -0.0919969 -0.904638 0.412397 -0.0714949 -0.908194 0.310822 -0.274523 -0.90996 0.224753 -0.496837 -0.838236 0.213544 -0.491181 -0.844476 0.135653 -0.666529 -0.733033 0.123769 -0.667247 -0.734481 0.0526481 -0.78091 -0.62242 0.0422407 -0.784072 -0.619231 -0.0255227 -0.861163 -0.507688 -0.0342719 -0.864406 -0.501625 -0.100351 -0.927484 -0.360142 -0.108392 -0.927864 -0.35682 -0.164208 -0.954358 -0.249471 -0.171538 -0.949311 -0.263409 -0.212004 -0.937377 -0.276366 -0.204289 -0.947216 -0.24708 0.9765 -0.129864 -0.171998 0.958035 0.111191 -0.264208 0.908946 0.323694 -0.262752 0.910998 0.223778 -0.34642 0.822263 0.3509 -0.448055 0.829599 0.290413 -0.476892 0.723617 0.301159 -0.621033 0.730647 0.279955 -0.62272 0.62017 0.201656 -0.758106 0.624028 0.207483 -0.753352 0.516847 0.0706366 -0.853159 0.516981 0.0891068 -0.851346 0.0561064 -0.408748 -0.910921 0.110777 -0.580492 -0.806696 0.41742 -0.741727 -0.524978 0.047914 -0.626573 -0.777889 0.273893 -0.69761 -0.662059 0.326922 -0.412302 -0.85037 0.998958 0.0433748 -0.0142076 0.712725 0.298614 -0.634707 0.819593 0.504651 -0.271283 0.969761 0.203068 0.135373 -0.0817641 -0.708377 -0.701083 0.0532052 -0.743487 -0.666631 0.407586 -0.911262 -0.0589543 0.387829 -0.716849 -0.579411 0.0627261 -0.676147 -0.734092 0.416449 -0.736675 -0.532804 0.0446694 -0.734656 -0.676968 0.0784495 -0.724946 -0.684324 -0.0787883 -0.555579 -0.827722 -0.0199064 -0.726589 -0.686784 -0.0098202 -0.758006 -0.652174 -0.0846769 -0.777539 -0.623107 -0.0306273 -0.723438 -0.68971 -0.0835205 -0.744646 -0.662214 -0.102099 -0.760686 -0.641041 -0.143734 -0.790428 -0.595452 -0.170244 -0.818459 -0.548763 -0.191242 -0.845789 -0.498064 -0.206946 -0.872109 -0.443396 -0.218401 -0.89731 -0.383584 -0.205043 -0.925334 -0.318926 -0.0371308 -0.700587 -0.7126 0.0434238 -0.577137 -0.815492 -0.0732161 -0.738411 -0.670365 -0.0851534 -0.750737 -0.65509 0.115366 -0.46886 -0.875706 -0.124462 -0.775141 -0.619407 0.0676845 -0.425902 -0.902234 -0.152783 -0.797872 -0.583145 0.00726009 -0.418139 -0.908354 -0.178591 -0.821065 -0.542179 -0.0615637 -0.408575 -0.910646 -0.20179 -0.845438 -0.494485 -0.138113 -0.401714 -0.90529 -0.219952 -0.872193 -0.436922 -0.227888 -0.402488 -0.886606 -0.210357 -0.904246 -0.371604 -0.237868 -0.432042 -0.869919 -0.0750808 -0.740569 -0.667773 0.312128 0.453577 0.834772 0.238986 0.55066 0.799787 0.385998 0.370195 0.844962 0.463477 0.294896 0.835599 0.547482 0.217043 0.808181 0.638494 0.130013 0.758566 0.735245 0.0515064 0.675841 0.83932 -0.0135884 0.543468 0.911405 -0.119239 0.393857 0.896627 -0.22554 0.381041 0.823261 -0.30468 0.478969 0.726799 -0.312124 0.611835 0.620215 -0.251084 0.743162 0.513467 -0.134838 0.84745 0.41009 0.0300943 0.911548 0.310271 0.240307 0.919774 0.214938 0.465588 0.858504 0.126637 0.651925 0.747634 0.0456611 0.77793 0.62669 -0.0309592 0.863372 0.503618 -0.106 0.927383 0.358783 -0.170883 0.949736 0.262297 -0.216826 0.957276 0.191336 -0.212777 0.940662 0.264351 -0.160543 0.915035 0.37005 -0.101992 0.896805 0.43051 -0.0329458 0.850732 0.524567 0.0305325 0.801045 0.597825 0.0956558 0.737626 0.6684 0.165862 0.65167 0.740146 0.239171 -0.550839 -0.799608 0.312874 -0.454396 -0.834047 0.165486 -0.651362 -0.740501 0.0954348 -0.737471 -0.668602 0.0307643 -0.801186 -0.597624 -0.0327854 -0.850821 -0.524431 -0.102562 -0.896513 -0.430981 -0.161116 -0.914742 -0.370526 -0.20702 -0.943061 -0.260345 -0.216618 -0.957334 -0.19128 -0.170955 -0.949722 -0.262301 -0.106712 -0.927302 -0.358781 -0.0305439 -0.863373 -0.503641 0.0466816 -0.77783 -0.626739 0.128026 -0.651668 -0.747622 0.216407 -0.465226 -0.858332 0.311105 -0.240095 -0.919548 0.410254 -0.0300621 -0.911476 0.513384 0.134831 -0.847501 0.620121 0.251095 -0.743237 0.726953 0.312054 -0.611687 0.824119 0.303863 -0.478012 0.898107 0.222824 -0.379147 0.917409 0.100161 -0.385134 0.837916 0.0186765 -0.54548 0.736674 -0.0554924 -0.673967 0.64024 -0.133624 -0.756464 0.548763 -0.219173 -0.806736 0.464599 -0.296471 -0.834418 0.387008 -0.371439 -0.843954 0.308028 0.458295 0.833718 0.235627 0.555855 0.797186 0.381594 0.3752 0.844755 0.458702 0.300524 0.836228 0.542551 0.22244 0.810036 0.635222 0.133564 0.760692 0.734527 0.051301 0.676638 0.845725 -0.0371232 0.532326 0.903075 -0.127059 0.410257 0.891946 -0.232131 0.388006 0.818835 -0.310503 0.482801 0.722914 -0.318656 0.613069 0.616957 -0.258165 0.743448 0.511277 -0.141191 0.847739 0.409091 0.0252091 0.912145 0.309796 0.236964 0.920801 0.213925 0.463702 0.859777 0.124955 0.65142 0.748357 0.0441489 0.778974 0.6255 -0.0323152 0.865793 0.499358 -0.108616 0.929965 0.351236 -0.173102 0.950375 0.2585 -0.215176 0.955285 0.202804 -0.210659 0.942236 0.26041 -0.155059 0.91562 0.370939 -0.0972306 0.897995 0.429128 -0.0302154 0.852008 0.522657 0.0319732 0.80367 0.594215 0.095617 0.742031 0.663511 0.164017 0.657089 0.735753 0.235573 -0.555802 -0.797239 0.308528 -0.458863 -0.83322 0.163458 -0.656615 -0.7363 0.0953476 -0.741839 -0.663765 0.0322918 -0.803868 -0.593931 -0.0299576 -0.852153 -0.522434 -0.0980549 -0.89757 -0.429829 -0.155048 -0.915626 -0.370931 -0.203767 -0.945005 -0.25582 -0.215637 -0.955151 -0.202946 -0.172223 -0.95055 -0.258447 -0.109309 -0.929886 -0.351232 -0.0314942 -0.865793 -0.499411 0.0455339 -0.77883 -0.62558 0.126501 -0.651121 -0.748357 0.215371 -0.463332 -0.859616 0.310849 -0.236685 -0.920518 0.409737 -0.0250752 -0.911859 0.511784 0.141234 -0.847426 0.61747 0.258105 -0.743043 0.723672 0.318324 -0.612347 0.82019 0.309224 -0.481321 0.893325 0.229643 -0.386308 0.910912 0.103195 -0.399488 0.844195 0.0422794 -0.534367 0.734935 -0.0524522 -0.676106 0.63624 -0.135708 -0.759462 0.543165 -0.223485 -0.809336 0.459333 -0.301433 -0.835555 0.382248 -0.376029 -0.84409 -0.0959221 -0.948247 -0.302699 -0.105939 -0.941384 -0.32027 -0.110936 -0.974388 -0.195607 -0.0970213 -0.952596 -0.288355 -0.0965103 -0.955352 -0.279263 -0.0633824 -0.96126 -0.268256 -0.0262591 -0.966809 -0.254148 -0.0023479 -0.970413 -0.24144 0.0101068 -0.979091 -0.203172 -0.0123582 -0.993388 -0.114136 0.00898541 -0.950928 -0.309282 -0.26598 -0.963034 -0.042663 -0.0195447 -0.946408 -0.322383 -0.0126655 -0.948515 -0.316478 -0.0228876 -0.950356 -0.310322 -0.0550254 -0.955666 -0.289268 -0.0697816 -0.94997 -0.304446 -0.0816459 -0.935324 -0.344241 -0.0941586 -0.926013 -0.365561 -0.113994 -0.920829 -0.372934 -0.122607 -0.919821 -0.372689 -0.120146 -0.922278 -0.367381 -0.116649 -0.927693 -0.354653 -0.112904 -0.934285 -0.338177 -0.206062 -0.891038 -0.404461 -0.232972 -0.868326 -0.437873 -0.181488 -0.912361 -0.36696 -0.151063 -0.933203 -0.326054 -0.107495 -0.953944 -0.280065 -0.0628056 -0.970827 -0.231409 -0.020449 -0.982999 -0.182468 -0.000625913 -0.991384 -0.130983 -0.00922535 -0.994988 -0.0995714 -0.018122 -0.994655 -0.101649 -0.0418936 -0.964366 -0.261234 -0.444321 -0.872467 0.203423 -0.386015 -0.921126 0.050188 -0.0632629 -0.958822 -0.276872 -0.0568833 -0.94368 -0.325934 -0.0824005 -0.938053 -0.336551 -0.146432 -0.938458 -0.312818 -0.160325 -0.883501 -0.440139 -0.208372 -0.814801 -0.541 -0.251886 -0.782808 -0.569003 -0.272449 -0.781618 -0.56111 -0.276316 -0.798704 -0.534528 -0.276885 -0.810748 -0.515773 -0.26793 -0.828134 -0.492349 -0.253804 -0.847201 -0.466727 -0.31743 -0.831327 -0.456217 -0.359397 -0.792305 -0.493038 -0.269084 -0.871745 -0.409457 -0.217173 -0.910019 -0.353132 -0.163904 -0.943123 -0.289232 -0.109763 -0.969284 -0.220092 -0.0539699 -0.987523 -0.147937 -0.0282755 -0.995775 -0.0873646 -0.040067 -0.99513 -0.0900637 -0.0636627 -0.974909 -0.213307 -0.501176 -0.8408 0.204643 -0.0671281 -0.96738 -0.244274 -0.0764449 -0.961818 -0.262796 -0.0837901 -0.955268 -0.283625 0.324886 -0.882801 -0.339281 -0.398288 -0.645336 -0.65185 -0.636516 -0.427597 -0.641879 -0.437407 -0.633978 -0.637767 -0.435632 -0.679211 -0.590675 -0.431488 -0.700121 -0.568901 -0.416953 -0.726655 -0.546006 -0.392897 -0.757165 -0.521855 -0.410722 -0.753073 -0.513993 -0.465641 -0.694353 -0.548683 -0.349546 -0.814771 -0.462565 -0.286989 -0.872245 -0.396013 -0.225858 -0.920597 -0.318573 -0.164987 -0.958496 -0.232518 -0.101223 -0.985265 -0.137864 -0.0685292 -0.995313 -0.0682396 -0.0725246 -0.99378 -0.0845042 -0.0665285 -0.976601 -0.204509 -0.528211 -0.821255 0.215717 -0.0755284 -0.969953 -0.231271 -0.0894998 -0.964664 -0.247819 -0.112283 -0.959361 -0.258881 0.395664 -0.88045 -0.261263 -0.593633 -0.481647 -0.644683 -0.827251 -0.245061 -0.50557 -0.590678 -0.486974 -0.643394 -0.588696 -0.536741 -0.604438 -0.568687 -0.568723 -0.594264 -0.545025 -0.602363 -0.583187 -0.510789 -0.643713 -0.56985 -0.489357 -0.652506 -0.57859 -0.555685 -0.569636 -0.605582 -0.417972 -0.740554 -0.526192 -0.348691 -0.820213 -0.453504 -0.284619 -0.884697 -0.369192 -0.222213 -0.935787 -0.273721 -0.155657 -0.974683 -0.16051 -0.117018 -0.989905 -0.0799723 -0.111041 -0.988904 -0.0986808 -0.51063 -0.758487 0.404913 -0.0915739 -0.975757 -0.198779 -0.134448 -0.981202 -0.138443 -0.400219 -0.722166 0.564181 -0.0843946 -0.970418 -0.226198 -0.118552 -0.981689 -0.149104 -0.0945604 -0.966689 -0.237846 -0.110533 -0.978474 -0.174273 -0.123109 -0.972308 -0.198648 -0.139957 -0.976882 -0.161597 0.257553 -0.95313 -0.158777 0.243773 -0.815687 -0.524623 -0.777914 -0.296389 -0.554079 -0.922045 -0.0192145 -0.386606 -0.757984 -0.316642 -0.570262 -0.724642 -0.374439 -0.578523 -0.692838 -0.409263 -0.5937 -0.657622 -0.448564 -0.605247 -0.612113 -0.501207 -0.611645 -0.466397 -0.677185 -0.569118 -0.527313 -0.591846 -0.609639 -0.405235 -0.762266 -0.504713 -0.347772 -0.833651 -0.429045 -0.294708 -0.888677 -0.351284 -0.242459 -0.93339 -0.26457 -0.185011 -0.970665 -0.153562 -0.145576 -0.985664 -0.0852875 -0.137485 -0.985479 -0.0996472 -0.117658 -0.982381 -0.145203 -0.34779 -0.731049 0.587035 -0.124828 -0.979011 -0.161106 -0.133299 -0.980972 -0.141157 -0.136143 -0.979335 -0.149562 -0.895787 -0.142641 -0.420975 -0.980927 0.17697 -0.080403 -0.802905 -0.244195 -0.543794 -0.742506 -0.318972 -0.589018 -0.687393 -0.388413 -0.613699 -0.637089 -0.451094 -0.625006 -0.584421 -0.516774 -0.625617 -0.552934 -0.523978 -0.647851 -0.486439 -0.625969 -0.609541 -0.584782 -0.302866 -0.752531 -0.665304 -0.137467 -0.733808 -0.421957 -0.730308 -0.537218 -0.50823 -0.47029 -0.721478 -0.365304 -0.8096 -0.459457 -0.434187 -0.617759 -0.655634 -0.315591 -0.865804 -0.388312 -0.366808 -0.737722 -0.566762 -0.269383 -0.911853 -0.309769 -0.30429 -0.838313 -0.452371 -0.220293 -0.954126 -0.202768 -0.242485 -0.922505 -0.30031 -0.172094 -0.978432 -0.114255 -0.189092 -0.96403 -0.186788 -0.128718 -0.990826 -0.0411757 -0.148499 -0.984503 -0.093281 -0.892403 0.359159 0.27317 -0.559375 0.392736 0.729971 -0.998977 0.0452114 0.000637494 -0.999451 0.0235065 -0.0233383 -0.99913 0.0381444 -0.0168814 -0.663038 0.274138 0.696584 -0.974401 -0.00510995 -0.22476 -0.99151 0.00521277 -0.129923 -0.871633 -0.11684 -0.476029 -0.826628 -0.178919 -0.533549 -0.941466 0.00672597 -0.33704 -0.942558 -0.0352309 -0.332178 -0.769853 -0.246564 -0.58867 -0.919294 0.0550368 -0.389705 -0.719866 -0.315253 -0.618391 -0.880013 0.0800504 -0.468155 -0.668717 -0.378236 -0.640121 -0.821588 0.0622078 -0.566677 -0.613949 -0.443261 -0.653136 -0.747459 -0.00972332 -0.664236 -0.680915 -0.0453408 -0.730958 -0.596913 -0.218592 -0.771954 -0.595454 -0.245224 -0.765049 -0.674969 -0.0744807 -0.734078 -0.512472 -0.420596 -0.748646 -0.516012 -0.436879 -0.736796 -0.433354 -0.598684 -0.673633 -0.440177 -0.604299 -0.664128 -0.363025 -0.728407 -0.581065 -0.370847 -0.726358 -0.578685 -0.300209 -0.827643 -0.474218 -0.30781 -0.819617 -0.483199 -0.242384 -0.913901 -0.32563 -0.249985 -0.902695 -0.350214 -0.199834 -0.954221 -0.222551 -0.207822 -0.946419 -0.247187 -0.169535 -0.970672 -0.170454 -0.181214 -0.95154 -0.248463 -0.99886 0.0477294 0.000456597 -0.999424 0.024088 -0.0239084 -0.998856 0.0478186 0.000379437 -0.999401 0.0324424 -0.0120461 -0.998841 0.0476868 -0.00648801 -0.965873 0.0786962 -0.24677 -0.969796 0.189171 -0.153982 -0.939056 0.145312 -0.311542 -0.933213 0.221531 -0.282909 -0.893291 0.169814 -0.416165 -0.883198 0.204615 -0.422011 -0.832289 0.146411 -0.534658 -0.821775 0.146481 -0.550663 -0.760365 0.0753914 -0.645106 -0.751456 0.054516 -0.657527 0.343825 -0.875672 -0.339091 -0.460677 -0.504509 -0.730238 -0.0642425 -0.757902 -0.649198 -0.85958 0.38051 0.341079 -0.998383 0.0337053 -0.045772 -0.998841 0.0480169 -0.00324196 0.167817 -0.849849 -0.499594 0.0718519 -0.934301 -0.349168 -0.457975 -0.886775 -0.0623636 0.0824699 -0.948218 -0.306727 0.0383551 -0.980144 -0.194545 -0.00648258 -0.983192 -0.182459 0.265813 -0.948792 -0.170696 -0.235924 -0.938433 -0.252355 -0.0324691 -0.995121 -0.0931668 -0.0444167 -0.994673 -0.093017 -0.0531625 -0.993824 -0.0974031 -0.0825068 -0.990451 -0.11045 -0.112181 -0.98511 -0.130281 -0.141304 -0.976513 -0.162652 -0.166314 -0.963787 -0.208458 -0.18193 -0.94684 -0.265322 -0.187682 -0.927017 -0.324676 -0.385934 -0.831389 -0.399808 -0.534451 -0.74875 -0.392091 -0.657544 -0.659279 -0.364674 -0.672397 -0.636726 -0.377442 -0.659847 -0.56378 -0.496743 -0.613297 -0.485043 -0.623378 -0.52819 -0.410184 -0.743481 -0.413588 -0.352284 -0.839548 -0.298344 -0.320252 -0.899127 -0.106686 0.946533 0.304455 -0.0968931 0.952766 0.287835 -0.110908 0.975142 0.191828 -0.0979159 0.956677 0.274191 -0.0973021 0.959137 0.265684 -0.0646124 0.964693 0.255329 -0.0278315 0.96991 0.241869 -0.00393672 0.973235 0.229777 0.00858767 0.981299 0.1923 -0.0134785 0.994432 0.104516 -0.269875 0.961718 0.047608 0.0105367 0.95445 0.298185 -0.0171117 0.951502 0.307166 -0.0102919 0.953277 0.301923 -0.0206727 0.954892 0.296234 -0.0529748 0.959682 0.276051 -0.0672733 0.955332 0.287777 -0.0788527 0.942801 0.323897 -0.0919369 0.934656 0.343461 -0.113358 0.929743 0.350326 -0.123035 0.928323 0.350825 -0.120377 0.930042 0.347175 -0.116786 0.93453 0.336178 -0.113378 0.940215 0.321156 -0.236758 0.879637 0.412533 -0.210255 0.900192 0.381376 -0.185818 0.919651 0.345996 -0.155484 0.938917 0.307016 -0.111954 0.958332 0.262804 -0.0670925 0.974144 0.215736 -0.0244328 0.985451 0.168195 -0.00407369 0.992962 0.118363 -0.0211016 0.995702 0.0901751 -0.0113613 0.996014 0.0884714 -0.0427227 0.963258 0.265158 -0.39011 0.919678 -0.0448016 -0.450622 0.870635 -0.197319 -0.061853 0.960353 0.271839 -0.0530244 0.948106 0.313502 -0.0764628 0.944597 0.319203 -0.138842 0.946302 0.29195 -0.149952 0.901553 0.405853 -0.199642 0.841685 0.501706 -0.24494 0.812647 0.528781 -0.270995 0.807427 0.524045 -0.276974 0.820371 0.500277 -0.277811 0.829942 0.483754 -0.27001 0.844485 0.462536 -0.256901 0.860916 0.439119 -0.366535 0.80483 0.466798 -0.32489 0.840968 0.432689 -0.276589 0.878999 0.388406 -0.224529 0.915344 0.334265 -0.170958 0.946917 0.272252 -0.116419 0.971878 0.204694 -0.0601704 0.989172 0.133858 -0.033885 0.996651 0.0744149 -0.0448947 0.995895 0.0786037 -0.512159 0.837184 -0.191875 -0.0692711 0.970735 0.229944 -0.0689017 0.965907 0.249551 -0.0759459 0.962242 0.261387 -0.0805419 0.958124 0.274794 0.327985 0.889812 0.31727 -0.663133 0.454697 0.594563 -0.38954 0.686709 0.61375 -0.435651 0.671222 0.599725 -0.438401 0.708436 0.553103 -0.434687 0.72484 0.534466 -0.422102 0.746647 0.514148 -0.399313 0.773117 0.492787 -0.47638 0.70683 0.522928 -0.42145 0.762151 0.491432 -0.360005 0.821139 0.442861 -0.297005 0.876539 0.37877 -0.235295 0.923368 0.30336 -0.173766 0.960153 0.218889 -0.109328 0.986059 0.125442 -0.0758942 0.995504 0.0566822 -0.0790194 0.994128 0.0739312 -0.0740088 0.970903 0.22775 -0.54764 0.814604 -0.191079 -0.0785717 0.967425 0.240655 -0.0897073 0.964491 0.248413 -0.1097 0.961312 0.252677 0.39587 0.884226 0.247854 -0.84987 0.276562 0.448592 -0.583828 0.535493 0.610239 -0.589305 0.532161 0.607885 -0.594244 0.571193 0.566227 -0.57567 0.596892 0.558859 -0.554178 0.624229 0.550659 -0.521094 0.660389 0.540692 -0.570086 0.580587 0.581309 -0.503252 0.659835 0.557992 -0.431165 0.7451 0.508843 -0.361065 0.822802 0.438896 -0.296088 0.886051 0.356714 -0.232749 0.936369 0.262758 -0.165308 0.97468 0.150571 -0.125821 0.989537 0.0706091 -0.118968 0.988824 0.0898482 -0.5385 0.751279 -0.381572 -0.427937 0.716436 -0.550989 -0.146807 0.97712 0.153898 -0.0986111 0.97145 0.21578 -0.127937 0.978738 0.160323 -0.0893452 0.967185 0.237845 -0.116253 0.976596 0.180959 -0.0966875 0.965441 0.242024 -0.140015 0.976864 0.161655 -0.121672 0.972956 0.196346 0.23914 0.80918 0.536693 0.258007 0.953661 0.154801 -0.940332 0.0565048 0.335535 -0.769782 0.358926 0.527834 -0.759356 0.368209 0.536471 -0.733685 0.412484 0.539965 -0.70456 0.438723 0.557779 -0.671379 0.470211 0.572845 -0.626599 0.516799 0.583346 -0.540194 0.602718 0.5873 -0.478676 0.68442 0.549944 -0.416984 0.766592 0.488325 -0.359222 0.835958 0.41489 -0.305764 0.88972 0.338978 -0.252823 0.933609 0.253879 -0.194354 0.970232 0.144488 -0.154484 0.985006 0.0767948 -0.145134 0.984956 0.0937997 -0.373605 0.726091 -0.577244 -0.132341 0.97839 0.158867 -0.136561 0.975357 0.173292 -0.142662 0.978215 0.150808 -0.142246 0.977431 0.156191 -0.990377 -0.13605 0.0253732 -0.893553 0.209881 0.396878 -0.808459 0.292225 0.51088 -0.751702 0.354633 0.55604 -0.698836 0.415782 0.582025 -0.649943 0.4717 0.59588 -0.597623 0.531991 0.59986 -0.56836 0.535341 0.624802 -0.687098 0.136597 0.713608 -0.605103 0.299647 0.737606 -0.500808 0.633467 0.58984 -0.527258 0.465798 0.710656 -0.435055 0.734294 0.521095 -0.451873 0.612906 0.648196 -0.377552 0.811228 0.446501 -0.382913 0.733331 0.561786 -0.32732 0.866268 0.377414 -0.318552 0.834981 0.448699 -0.280422 0.911703 0.300269 -0.254803 0.92019 0.297196 -0.230239 0.953464 0.194668 -0.201332 0.962284 0.182961 -0.1817 0.977557 0.106613 -0.147876 0.988665 0.0259634 -0.170251 0.981837 0.0837297 -0.892292 -0.311818 -0.326472 -0.999394 0.0247127 -0.0245243 -0.998748 0.0500176 0.000274656 -0.558766 -0.249751 -0.790826 -0.998303 0.0559997 0.015948 -0.661757 -0.141862 -0.736175 -0.990242 0.0820505 0.112639 -0.97684 0.0744127 0.200613 -0.879173 0.190455 0.436785 -0.950819 0.122846 0.284346 -0.954779 0.05199 0.292734 -0.836165 0.231305 0.497319 -0.938194 -0.0161471 0.345734 -0.782944 0.285262 0.552833 -0.902646 -0.0564063 0.426673 -0.735073 0.34387 0.584313 -0.84554 -0.0506435 0.531505 -0.684702 0.399202 0.609771 -0.770795 0.0132858 0.636945 -0.629865 0.458799 0.626716 -0.698154 0.0430719 0.714651 -0.693985 0.0726752 0.716312 -0.61293 0.241178 0.75243 -0.612551 0.214332 0.760818 -0.531933 0.431886 0.728369 -0.527084 0.415545 0.741286 -0.454614 0.599441 0.658784 -0.447137 0.593807 0.668925 -0.383966 0.722176 0.575353 -0.375939 0.724266 0.578021 -0.319802 0.816202 0.481187 -0.31217 0.824419 0.472106 -0.261039 0.89997 0.34916 -0.253323 0.911539 0.323919 -0.218141 0.944242 0.24662 -0.209828 0.952451 0.220928 -0.178774 0.969539 0.167433 -0.19105 0.949737 0.247991 -0.982903 -0.142797 0.116236 -0.977564 -0.0280107 0.20877 -0.950894 -0.190824 0.243695 -0.955292 -0.112927 0.273248 -0.90338 -0.187093 0.385877 -0.912027 -0.151695 0.381045 -0.842673 -0.13841 0.520332 -0.851763 -0.138443 0.505306 -0.771774 -0.0525434 0.633722 -0.779148 -0.0738883 0.62247 0.33996 0.874011 0.347178 -0.0770001 0.799193 0.596123 -0.49422 0.537962 0.682893 -0.997603 0.0585105 0.036938 -0.856875 -0.302048 -0.417771 0.171065 0.875292 0.452329 0.0672624 0.927638 0.367374 -0.46048 0.88426 0.077726 0.0802195 0.941967 0.325979 0.0375823 0.977348 0.208275 -0.00695801 0.981128 0.193234 0.26537 0.94717 0.180132 -0.239896 0.93877 0.247308 -0.0334994 0.995862 0.0844773 -0.0464647 0.995482 0.0828034 -0.0559329 0.994674 0.0865775 -0.0869555 0.991209 0.0997215 -0.118182 0.985676 0.120318 -0.148706 0.976786 0.154196 -0.174857 0.963612 0.202178 -0.191243 0.945999 0.261747 -0.197243 0.925248 0.324056 -0.541066 0.749201 0.382027 -0.392113 0.831475 0.39357 -0.66392 0.660055 0.351479 -0.678955 0.637647 0.363904 -0.668669 0.564516 0.483945 -0.624203 0.485445 0.612139 -0.540632 0.410094 0.734534 -0.426765 0.351589 0.833221 -0.312347 0.318746 0.894897 -0.488457 -0.637294 -0.596042 -0.434918 -0.71634 -0.545621 -0.541843 -0.564366 -0.622813 -0.595674 -0.494113 -0.633266 -0.652845 -0.417454 -0.632081 -0.71674 -0.328122 -0.615321 -0.786907 -0.236342 -0.570017 -0.869937 -0.131499 -0.475307 -0.945146 -0.0350897 -0.324757 -0.961221 0.0655955 -0.267863 -0.939241 0.158673 -0.304382 -0.893063 0.211038 -0.397369 -0.830035 0.207682 -0.5176 -0.756999 0.146206 -0.636849 -0.677841 0.0262973 -0.734738 -0.595227 -0.152824 -0.788891 -0.51274 -0.366663 -0.776309 -0.435406 -0.560514 -0.704447 -0.366421 -0.705042 -0.607167 -0.304368 -0.815332 -0.492538 -0.245606 -0.909033 -0.336654 -0.198125 -0.954668 -0.222161 -0.151192 -0.984723 -0.0863817 -0.119588 -0.992446 -0.027395 -0.153938 -0.984194 -0.0875515 -0.195214 -0.968477 -0.154734 -0.243978 -0.936061 -0.253506 -0.287964 -0.899437 -0.328769 -0.333214 -0.854142 -0.399263 -0.38247 -0.792693 -0.474716 -0.446421 0.724455 0.525237 -0.500492 0.649301 0.572639 -0.393331 0.797511 0.457457 -0.343844 0.856777 0.384324 -0.298517 0.900734 0.315541 -0.254028 0.936413 0.242074 -0.204142 0.968065 0.145518 -0.162972 0.983479 0.0787988 -0.12959 0.991372 0.019674 -0.166201 0.98273 0.0813548 -0.209079 0.952744 0.220376 -0.257192 0.906382 0.335149 -0.317675 0.811281 0.490822 -0.381265 0.699448 0.604491 -0.451507 0.553544 0.699807 -0.529635 0.359099 0.768462 -0.61272 0.146043 0.776689 -0.696669 -0.0309152 0.716726 -0.777345 -0.146639 0.611745 -0.851217 -0.200778 0.484889 -0.913576 -0.192525 0.358207 -0.957113 -0.124022 0.261827 -0.973874 -0.0118124 0.226783 -0.952255 0.108683 0.285303 -0.875533 0.197215 0.441077 -0.793666 0.282395 0.538838 -0.726484 0.364892 0.582302 -0.664219 0.445552 0.600247 -0.607806 0.5155 0.604013 -0.554111 0.580613 0.596531 -0.470502 -0.654215 -0.59214 -0.418092 -0.732861 -0.536763 -0.524075 -0.581048 -0.622679 -0.578778 -0.510011 -0.636321 -0.638021 -0.430692 -0.638305 -0.706541 -0.335666 -0.623 -0.782152 -0.240161 -0.574944 -0.878596 -0.117024 -0.463005 -0.943096 -0.0385432 -0.330278 -0.961522 0.0648621 -0.26696 -0.939181 0.164188 -0.301631 -0.892016 0.22478 -0.392149 -0.827671 0.227932 -0.512842 -0.754106 0.169369 -0.634538 -0.675371 0.0492915 -0.735829 -0.593553 -0.132845 -0.793755 -0.511308 -0.351899 -0.784048 -0.433604 -0.551384 -0.712716 -0.364815 -0.700609 -0.613235 -0.303161 -0.814664 -0.494384 -0.243687 -0.911163 -0.332262 -0.194697 -0.955645 -0.22099 -0.148497 -0.985492 -0.0821819 -0.125751 -0.991687 -0.0272892 -0.156372 -0.984309 -0.0817535 -0.195827 -0.969752 -0.145715 -0.241358 -0.9394 -0.243461 -0.282479 -0.905669 -0.316178 -0.324074 -0.864347 -0.384552 -0.368911 -0.806953 -0.461228 -0.428679 0.741004 0.516862 -0.481613 0.666197 0.569413 -0.378915 0.811777 0.444345 -0.334022 0.867005 0.369773 -0.292572 0.907017 0.302856 -0.2511 0.939795 0.231807 -0.204487 0.969333 0.136303 -0.165232 0.983563 0.0728114 -0.136645 0.990438 0.0189952 -0.164137 0.983485 0.0762618 -0.206915 0.953557 0.218896 -0.255488 0.908431 0.330876 -0.317146 0.810246 0.49287 -0.380274 0.694512 0.610773 -0.450075 0.543862 0.70827 -0.52846 0.343685 0.77628 -0.611546 0.125222 0.781236 -0.694718 -0.054705 0.717199 -0.774947 -0.170386 0.608626 -0.849266 -0.22127 0.47936 -0.912837 -0.206139 0.352469 -0.957134 -0.129328 0.259169 -0.973842 -0.0116313 0.226929 -0.950457 0.117029 0.287987 -0.884749 0.184068 0.428181 -0.788419 0.283127 0.546108 -0.715751 0.371352 0.591437 -0.648596 0.457869 0.608013 -0.590037 0.530896 0.60828 -0.535443 0.597097 0.597308 -0.824205 0.558774 0.0919652 0.0863911 0.981555 -0.170549 0.104269 0.990222 -0.0926796 0.516724 0.760058 0.394093 -0.817094 0.0374823 0.575285 -0.923453 0.288447 0.253048 -0.690542 -0.127676 -0.711935 -0.70336 -0.702699 -0.107232 -0.654455 -0.0684127 0.753 -0.386801 -0.862861 0.325356 -0.564349 -0.076752 0.821961 -0.290332 -0.838659 0.460824 0.791542 0.0635781 -0.607798 0.715991 0.118704 -0.687943 0.180052 -0.193658 -0.964405 0.130435 -0.397741 -0.908179 0.573755 0.100172 0.812878 0.381307 0.2883 0.878344 0.415091 0.221175 0.882486 0.598042 0.0245886 0.801087 -0.153994 -0.102273 0.982764 -0.40803 -0.0716419 0.910153 -0.248178 -0.776983 0.578537 -0.0859207 -0.738776 0.668452 0.578376 0.185305 -0.794445 0.557296 0.0845614 -0.825997 -0.0449367 -0.28054 -0.95879 -0.0583694 -0.0628845 -0.996313 0.688826 -0.0950011 0.718675 0.709319 -0.219287 0.66991 0.11349 -0.157569 0.980965 0.184297 -0.710964 0.678649 0.700586 -0.226932 0.676521 0.674782 -0.496549 0.545994 -0.31456 -0.575515 0.754874 0.447287 -0.742972 0.497924 0.957392 -0.204948 0.203462 -0.429118 -0.5854 0.687869 0.999772 0.0151563 -0.0150496 0.574533 0.0287855 -0.817975 -0.0488652 -0.502013 -0.863479 0.291684 0.397026 0.870224 0.412214 0.849891 0.328276 0.168511 0.985191 0.0316649 0.331069 0.373739 0.866437 0.301895 -0.787122 0.537865 0.60132 0.497467 -0.625253 -0.0463043 0.400768 -0.915009 0.426005 0.766776 0.480182 0.392934 0.375398 0.839452 0.214196 0.719167 -0.660998 -0.239732 0.655309 -0.71631 0.340952 0.676368 -0.6529 -0.133873 0.659955 -0.739282 0.397331 0.696911 -0.597028 -0.0670079 0.717572 -0.693253 0.440535 0.679046 -0.587218 -0.0314862 0.720761 -0.692468 0.487189 0.274806 -0.828932 -0.0342407 0.127211 -0.991284 0.196701 0.804468 0.560481 0.0756971 0.895604 0.438364 0.110477 0.92484 0.363959 -0.121648 0.679829 0.723211 -0.427873 0.491702 0.758389 -0.254662 0.297342 0.920182 -0.0747482 0.681603 0.727894 -0.457993 0.555832 -0.693753 -0.761312 0.321622 0.562995 -0.510261 -0.131035 0.849979 -0.921324 0.317891 0.223845 -0.748729 -0.423028 0.510345 -0.913552 0.400498 -0.0708787 -0.873096 -0.452378 0.181815 -0.822765 0.451765 -0.344916 -0.874234 -0.439816 -0.205613 -0.664328 0.473965 -0.577949 -0.738701 -0.392396 -0.548038 -0.48042 0.472332 -0.738985 -0.555883 -0.340176 -0.758469 -0.380214 0.443869 -0.81143 -0.506533 -0.289303 -0.812236 -0.821487 -0.563109 -0.0898236 -0.442965 -0.580698 0.683061 0.106874 -0.851145 -0.513936 -0.922616 -0.294988 -0.248518 -0.819619 -0.0432919 -0.571271 -0.697334 0.710034 0.0978628 -0.692357 0.138918 0.708056 -0.657722 0.0645281 -0.750492 -0.383103 0.863156 -0.328928 -0.565953 0.0751548 -0.821005 -0.285658 0.838063 -0.464812 0.709315 -0.128325 0.693112 0.791999 -0.0629031 0.607274 0.11808 0.365746 0.923194 0.178105 0.188681 0.965752 0.376638 -0.290402 -0.879665 0.571348 -0.1016 -0.814395 0.59448 -0.0218163 -0.803814 0.408298 -0.215182 -0.887124 -0.410053 0.0698954 -0.909379 -0.157732 0.0997464 -0.982431 -0.0789037 0.738227 -0.669921 -0.242305 0.776537 -0.581618 0.55832 -0.0831477 0.825449 0.573829 -0.192733 0.795974 -0.0635969 0.0445968 0.996979 -0.0517742 0.265293 0.962777 0.683946 0.0915903 -0.72376 0.712266 0.216958 -0.667538 0.10221 0.151821 -0.983109 0.179235 0.712195 -0.678714 0.696499 0.223011 -0.682023 0.673829 0.497012 -0.546748 0.954309 0.212066 -0.210532 0.533594 0.733279 -0.421402 -0.298147 0.602657 -0.740211 -0.430327 0.583522 -0.688709 0.568501 -0.0349867 0.821938 -0.0512865 0.498711 0.86525 0.41209 -0.849927 -0.328339 0.307349 -0.393017 -0.866646 0.278362 -0.320028 -0.905592 0.159449 -0.980929 -0.111146 0.266337 0.782348 -0.563024 0.625537 -0.466832 0.625117 -0.0453497 -0.39583 0.917203 0.426864 -0.766998 -0.479063 0.209715 -0.725637 0.655341 -0.239588 -0.660257 0.711799 0.394542 -0.38001 -0.836618 0.341559 -0.67541 0.653574 -0.133991 -0.662902 0.736619 0.397137 -0.697223 0.596793 -0.067007 -0.719265 0.691496 0.43156 -0.694667 0.575494 -0.0314714 -0.721087 0.692129 0.483434 -0.281415 0.828913 -0.0234918 -0.0888201 0.995771 0.178727 -0.810736 -0.557462 0.0780684 -0.896629 -0.435846 -0.436598 -0.493853 -0.751991 -0.124814 -0.680655 -0.721894 -0.0876781 -0.673816 -0.733679 -0.254599 -0.297402 -0.92018 -0.763433 -0.322472 -0.559626 -0.506762 0.127287 -0.852637 -0.922192 -0.319288 -0.218213 -0.744868 0.41675 -0.521049 -0.912352 -0.401902 0.0780321 -0.872833 0.448642 -0.19205 -0.818846 -0.45294 0.352614 -0.878685 0.436854 0.192539 -0.658629 -0.474738 0.583809 -0.749537 0.390267 0.534682 -0.476918 -0.47273 0.740996 -0.568273 0.338595 0.749946 -0.381527 -0.443609 0.810955 -0.517693 0.28707 0.805968 0.040824 0.514927 0.856262 -0.380213 0.727737 0.570821 0.415999 0.749139 0.515495 0.63019 0.427664 0.648046 -0.390444 0.617978 0.68239 0.525194 0.668915 0.526046 -0.29361 0.465994 0.834651 0.597974 0.629644 0.495959 -0.196058 0.413926 0.888947 0.692491 0.577808 0.431966 -0.131284 0.381524 0.914989 0.724757 0.494432 0.479858 -0.0117744 0.39367 0.919176 0.764205 0.537709 0.356174 0.168111 0.393897 0.903651 0.824564 0.552851 0.12021 0.395101 0.323429 0.859819 0.888067 0.459334 -0.0186923 0.585576 0.727141 0.358284 0.496141 0.747888 0.44103 0.368727 0.92579 -0.0833923 0.011959 0.735129 0.677822 0.481306 0.876489 -0.010581 0.0258867 0.694031 0.71948 0.506227 0.861954 0.0277285 0.0419654 0.732741 0.679212 0.537826 0.841634 0.0489326 0.0692209 0.734137 0.675463 0.681365 0.6837 -0.261337 0.123264 0.647284 0.752216 0.698879 0.687516 -0.197206 0.0396035 0.512806 0.857591 0.678711 0.725293 -0.115333 0.019886 0.572713 0.819515 0.687166 0.719516 -0.100497 -0.0646218 0.572785 0.817155 0.711809 0.701388 0.0371892 -0.0470457 0.578785 0.814122 0.678316 0.722476 0.13385 -0.185552 0.58368 0.790499 0.473974 0.869682 0.137847 -0.235982 0.658602 0.714531 0.298407 0.71752 0.62938 -0.028688 0.653062 0.756761 0.284699 0.417973 0.862697 0.293489 0.42749 0.855054 0.428277 0.316461 0.846422 0.494955 0.309391 0.811971 0.636099 0.136998 0.759348 0.730634 0.126545 0.67094 0.776996 -0.0218848 0.629125 0.884948 -0.0731861 0.459902 0.847934 -0.107467 0.519094 0.958872 -0.211201 0.189627 0.932322 -0.155398 0.326538 0.971431 -0.236503 -0.0197233 0.669003 0.336971 -0.662485 0.926885 -0.311878 -0.208846 0.454918 -0.491619 -0.742537 0.0809079 -0.755137 -0.650555 -0.085318 -0.762985 -0.640761 -0.0444345 -0.728386 -0.683725 -0.0894608 -0.704784 -0.703759 -0.0355002 -0.694823 -0.718304 -0.256572 -0.641221 -0.723192 0.0208 -0.593237 -0.804759 -0.408214 -0.641189 -0.649798 0.0798244 -0.512468 -0.854988 -0.499562 -0.695076 -0.517018 0.04348 -0.439882 -0.897002 -0.517501 -0.779918 -0.352022 -0.0119976 -0.441464 -0.897199 -0.510366 -0.839214 -0.187742 -0.0801967 -0.442561 -0.893145 -0.476594 -0.878752 -0.0255351 -0.154701 -0.449266 -0.879902 -0.428833 -0.895053 0.122407 -0.247909 -0.462086 -0.85148 -0.375039 -0.890813 0.256512 -0.254099 -0.504644 -0.825087 -0.374198 0.891139 -0.256607 -0.4323 0.893611 -0.120731 -0.250458 0.461329 0.851144 -0.253162 0.504772 0.825297 -0.48015 0.87671 0.0288844 -0.155814 0.448804 0.879942 -0.512937 0.836703 0.191895 -0.0812118 0.441997 0.893333 -0.518772 0.777356 0.3558 -0.0126942 0.440967 0.897434 -0.499949 0.691711 0.521141 0.0424991 0.438985 0.897489 -0.407879 0.63965 0.651523 0.0803936 0.513092 0.854561 -0.254874 0.637524 0.727051 0.0191518 0.591545 0.806045 -0.0887463 0.703517 0.705115 -0.0365094 0.693747 0.719293 0.0840006 0.750661 0.655325 -0.0858769 0.762352 0.64144 0.462997 0.53607 0.705878 -0.0665842 0.706662 0.704411 0.731546 0.254765 0.632404 0.932646 0.135069 -0.334557 0.973291 0.22727 0.0324529 0.927241 0.316335 0.200389 0.847528 0.103221 -0.520616 0.960089 0.208554 -0.186371 0.77579 0.0161932 -0.630783 0.888139 0.0682205 -0.454483 0.63519 -0.140018 -0.759558 0.732652 -0.129315 -0.668206 0.426987 -0.319668 -0.845869 0.49689 -0.311924 -0.809817 0.299619 -0.390712 -0.870387 0.284176 -0.4121 -0.865689 0.283311 -0.736291 -0.6145 -0.0203135 -0.673656 -0.738766 0.475641 -0.868522 -0.139413 -0.236771 -0.664743 -0.708559 0.678104 -0.722743 -0.133482 -0.18642 -0.586075 -0.78852 0.709673 -0.703673 -0.0347548 -0.046608 -0.577714 -0.814907 0.686101 -0.720432 0.101202 -0.0653706 -0.574832 -0.815656 0.67927 -0.724834 0.114924 0.017277 -0.577675 -0.816084 0.696877 -0.689092 0.198784 0.0399416 -0.512332 -0.857858 0.679196 -0.685589 0.262032 0.126147 -0.640066 -0.757893 0.534206 -0.843957 -0.048578 0.0692057 -0.734271 -0.67532 0.50632 -0.8619 -0.0277415 0.0417958 -0.73377 -0.678111 0.481783 -0.876227 0.0105441 0.0258265 -0.694253 -0.719267 0.353341 -0.931899 0.0819472 0.00422755 -0.752188 -0.658935 0.615954 -0.710327 -0.340642 0.535388 -0.693428 -0.4822 0.379525 -0.342867 -0.859304 0.877152 -0.478944 0.0349029 0.16755 -0.394713 -0.903399 0.824392 -0.553176 -0.119894 -0.0121513 -0.39443 -0.918846 0.764114 -0.538079 -0.35581 -0.131509 -0.382075 -0.914726 0.72474 -0.494625 -0.479685 -0.196649 -0.41546 -0.8881 0.692835 -0.576329 -0.433387 -0.294179 -0.468399 -0.833104 0.598121 -0.629076 -0.496503 -0.390343 -0.620361 -0.680282 0.525432 -0.668052 -0.526904 -0.378968 -0.731385 -0.566974 0.415155 -0.750938 -0.513555 0.150647 -0.662039 -0.734173 0.629993 -0.432356 -0.645118 </float_array>
          <technique_common>
            <accessor count="1608" offset="0" source="#meshId0-tangents-array" stride="3">
              <param name="X" type="float" />
              <param name="Y" type="float" />
              <param name="Z" type="float" />
            </accessor>
          </technique_common>
        </source>
        <source id="meshId0-bitangents" name="meshId0-bitangents">
          <float_array id="meshId0-bitangents-array" count="4824"> 0.072093 0.638597 -0.766157 0.0942563 0.759646 -0.64347 0.104265 0.751522 -0.651416 0.103963 0.74722 -0.656395 0.0993489 0.742871 -0.662022 0.112121 0.730547 -0.673594 0.119223 0.718126 -0.685624 0.113738 0.708269 -0.696719 0.109692 0.694127 -0.711446 0.104633 0.672756 -0.732428 -0.0709215 0.798076 -0.598368 -0.342309 0.6561 -0.672575 -0.0566629 0.785766 -0.615923 -0.112059 0.784732 -0.609622 -0.114125 0.781502 -0.613376 -0.121734 0.774743 -0.620447 -0.112334 0.770494 -0.627471 -0.0942226 0.763142 -0.639325 -0.0847364 0.762725 -0.641147 -0.0690937 0.774267 -0.629076 -0.032479 0.784899 -0.618772 0.0348994 0.78687 -0.616131 0.0778368 0.782408 -0.617883 0.070429 0.780957 -0.620602 0.0660779 0.776812 -0.626256 0.0814953 0.768295 -0.634887 0.241715 0.723173 -0.64699 0.223812 0.74306 -0.63069 0.254063 0.703054 -0.664205 0.263458 0.682856 -0.681394 0.265815 0.664351 -0.698556 0.257381 0.648735 -0.716169 0.240824 0.635546 -0.733543 0.22319 0.627886 -0.745617 0.218698 0.630012 -0.745155 0.159223 0.651547 -0.741711 -0.19987 0.720687 -0.663824 -0.200735 0.735322 -0.647308 -0.129164 0.733094 -0.66775 -0.187213 0.743602 -0.641878 -0.167085 0.742638 -0.648515 -0.217811 0.743255 -0.632559 -0.235238 0.727667 -0.644332 -0.222309 0.7075 -0.670837 -0.165109 0.742414 -0.649277 -0.121505 0.799918 -0.58768 -0.03608 0.846876 -0.530566 0.0711177 0.824667 -0.56113 0.121489 0.805856 -0.579514 0.133647 0.799001 -0.58629 0.166527 0.782065 -0.600536 0.198822 0.762758 -0.615362 0.390015 0.680078 -0.620792 0.36647 0.709508 -0.601912 0.40515 0.651488 -0.641419 0.412366 0.624259 -0.663517 0.411189 0.599633 -0.686559 0.400695 0.578617 -0.710384 0.38019 0.56165 -0.73485 0.358043 0.557419 -0.749059 0.350327 0.583134 -0.732957 -0.231045 0.699364 -0.676394 -0.150154 0.720515 -0.676987 -0.221783 0.738076 -0.637226 -0.211716 0.740559 -0.637769 -0.236375 0.727297 -0.644334 -0.256919 0.709456 -0.65625 -0.285967 0.73343 -0.616687 -0.286418 0.68338 -0.671533 -0.306498 0.714661 -0.628743 -0.256598 0.702851 -0.663444 -0.00916295 0.902712 -0.430147 -0.0579688 0.876535 -0.477834 -0.0998333 0.835975 -0.53961 0.526967 0.637437 -0.56212 0.112219 0.874419 -0.472016 -0.0150757 0.904104 -0.427047 0.211398 0.823379 -0.526648 0.233365 0.807538 -0.541685 0.288977 0.772917 -0.564882 0.33322 0.740214 -0.583993 0.535197 0.612899 -0.581308 0.507363 0.64916 -0.566723 0.554971 0.57769 -0.598566 0.567223 0.545017 -0.617426 0.56978 0.518 -0.637986 0.55988 0.497729 -0.66242 0.536397 0.482211 -0.692641 0.507769 0.482921 -0.713413 0.491032 0.521103 -0.698097 -0.0626834 0.742508 -0.666898 -0.218689 0.694979 -0.684967 -0.198487 0.751409 -0.629275 -0.208851 0.737325 -0.642443 -0.226068 0.728278 -0.646919 -0.242946 0.706576 -0.664625 -0.277577 0.69976 -0.658245 -0.289554 0.802515 -0.521659 0.0356448 0.942051 -0.333572 0.485572 0.596914 -0.638681 0.152827 0.901904 -0.403995 0.0144585 0.949641 -0.313007 0.300438 0.815058 -0.495395 0.347624 0.783306 -0.515353 0.415885 0.732729 -0.538654 0.468626 0.688214 -0.553851 0.682656 0.5061 -0.527108 0.650336 0.548353 -0.525711 0.708077 0.465456 -0.531016 0.726742 0.430693 -0.535116 0.734318 0.408701 -0.541978 0.72631 0.39974 -0.559179 0.701689 0.396074 -0.592248 0.669062 0.406125 -0.62243 0.645177 0.451634 -0.616258 -0.409141 0.693756 -0.592711 -0.234807 0.739192 -0.631238 -0.190536 0.67916 -0.708828 -0.361784 0.644305 -0.673783 -0.476774 0.671529 -0.567217 -0.273587 0.72949 -0.626892 -0.250001 0.750384 -0.611901 -0.464688 0.678278 -0.569214 -0.50103 0.655756 -0.564759 -0.329988 0.712968 -0.618696 -0.539859 0.615545 -0.574157 -0.38465 0.666862 -0.638231 -0.375301 0.902796 -0.210019 -0.274409 0.693255 -0.666406 -0.424869 0.640744 -0.639479 -0.595813 0.584722 -0.550551 0.0498368 0.978514 -0.200068 0.403068 0.635148 -0.658881 0.231117 0.898789 -0.372509 0.0800008 0.969797 -0.230421 0.387928 0.782932 -0.486343 0.467515 0.72223 -0.509719 0.546967 0.6526 -0.524348 0.606789 0.595298 -0.526713 0.648613 0.531156 -0.545137 0.618981 0.578088 -0.531673 0.678618 0.477385 -0.558195 0.708334 0.42774 -0.561517 0.729589 0.394999 -0.558279 0.737002 0.37775 -0.560475 0.732565 0.363931 -0.575241 0.717619 0.375186 -0.586736 0.777392 0.373437 -0.506168 -0.419362 0.673258 -0.608982 -0.548551 0.672847 -0.496356 -0.513301 0.61774 -0.595752 -0.491922 0.672205 -0.553311 -0.524778 0.665615 -0.530626 -0.536592 0.65473 -0.532351 0.105509 0.986549 -0.124858 0.265375 0.636826 -0.723899 0.301706 0.864303 -0.402435 0.180288 0.954154 -0.238926 0.396227 0.78949 -0.468732 0.468558 0.72654 -0.502586 0.533808 0.668133 -0.518311 0.582924 0.620708 -0.52433 0.949151 -0.00823991 -0.314712 0.71448 0.480028 -0.509011 0.687141 0.526067 -0.501088 0.913708 0.0375951 -0.404629 0.973019 -0.0273362 -0.2291 0.744543 0.421686 -0.517529 0.987943 -0.0192999 -0.153612 0.778476 0.365744 -0.510104 0.994622 0.0188029 -0.101854 0.80267 0.333452 -0.4945 0.991853 0.0866191 -0.0934095 0.810422 0.322718 -0.488947 0.976763 0.165889 -0.135698 0.806659 0.317377 -0.498572 0.950673 0.232245 -0.20563 0.790762 0.32157 -0.520852 0.916893 0.273233 -0.290947 0.776996 0.336946 -0.531738 0.0672965 0.997688 0.00950537 0.0318369 0.883715 0.466942 -0.144915 0.703325 0.695941 -0.0645771 0.703062 0.70819 0.0725493 0.997322 -0.0092058 0.115742 0.9374 0.32846 0.157954 0.981647 -0.106862 -0.0535198 0.989697 -0.132796 0.416913 0.765256 -0.490476 0.34659 0.838569 -0.420329 0.279567 0.892661 -0.353552 0.314912 0.866104 -0.388193 0.563667 0.595414 -0.572505 0.447882 0.756245 -0.476964 0.68884 0.409947 -0.597866 0.533504 0.677789 -0.505941 0.788117 0.244027 -0.565086 0.601867 0.615061 -0.509369 0.861733 0.118778 -0.493262 0.651898 0.567255 -0.50324 0.947854 -0.0973285 -0.303479 0.94917 -0.137238 -0.28327 0.90966 -0.077928 -0.407979 0.909392 -0.0420812 -0.413805 0.974391 -0.114652 -0.193435 0.975964 -0.146299 -0.161526 0.990729 -0.0913938 -0.100512 0.991791 -0.107983 -0.0684875 0.998602 -0.0413364 -0.0329469 0.999012 -0.0422353 -0.0138431 0.999679 0.0218211 0.0128643 0.999264 0.0382304 0.00323866 0.994972 0.0933618 0.0362522 0.99168 0.125983 -0.0264545 0.986426 0.158871 0.041529 0.978943 0.1943 -0.0625973 0.978856 0.19793 0.0516295 0.936912 0.274746 -0.216127 0.00723521 0.999929 0.00951367 0.0145624 0.704437 0.709617 0.00737443 0.999945 0.00746156 0.00262718 0.937583 -0.347752 0.200575 0.935695 -0.290248 -0.0753408 0.995486 -0.0577113 0.00369873 0.990815 -0.135173 0.420385 0.70447 -0.571838 0.386348 0.756741 -0.527331 0.571311 0.506047 -0.646158 0.549908 0.558033 -0.621451 0.691455 0.315217 -0.650022 0.680246 0.346455 -0.645936 0.785107 0.159213 -0.598547 0.780326 0.162242 -0.603961 0.856354 0.0426083 -0.514629 0.85489 0.021757 -0.518353 -0.470779 0.671715 -0.571985 -0.542062 0.716313 -0.439391 -0.389037 0.848177 -0.359508 0.167066 0.761382 -0.626407 0.496031 0.694176 -0.521606 -0.221904 0.715268 -0.662683 0.0500862 0.996682 -0.0641546 -0.310473 0.646526 0.696857 0.00551776 0.997748 -0.0668482 -0.0112032 0.530279 -0.847749 -0.00259854 0.658325 -0.75273 -0.127043 0.683427 -0.718879 -0.284981 0.17245 -0.942893 -0.300536 0.648798 -0.699099 -0.194034 0.72901 -0.656426 -0.432966 0.699911 -0.568036 -0.11822 0.676664 -0.726739 -0.459605 0.675566 -0.576519 -0.0841823 0.694148 -0.714893 -0.241586 0.796699 -0.553992 0.0577669 0.690694 -0.720836 0.0526106 0.691005 -0.720933 0.564856 0.552434 -0.612988 0.4477 0.598715 -0.664157 0.242301 0.644889 -0.724851 0.166761 0.666728 -0.726405 0.369107 0.601469 -0.708516 0.505311 0.550826 -0.664268 0.651527 0.488945 -0.580039 0.800893 0.411172 -0.435324 0.924411 0.316888 -0.212242 0.978598 0.194552 0.0670543 0.714929 0.518417 -0.46917 0.194787 0.671692 -0.714765 0.678989 0.583023 -0.446159 0.236493 0.655097 -0.717578 0.699109 0.587567 -0.407445 0.37133 0.616034 -0.694706 0.729952 0.595694 -0.335139 0.506011 0.571085 -0.646386 0.818581 0.519446 -0.245154 0.649977 0.513237 -0.560462 0.892149 0.431697 -0.133067 0.797851 0.435715 -0.416637 0.942968 0.332856 -0.0043131 0.922536 0.331905 -0.196889 0.961752 0.234618 0.141375 0.977988 0.193001 0.0793146 0.971451 0.105526 0.212478 0.131707 0.671536 -0.729173 -0.083993 0.853447 -0.514368 -0.104204 0.750734 -0.652335 -0.0941777 0.75889 -0.644373 -0.10391 0.746488 -0.657236 -0.0993023 0.742259 -0.662715 -0.112117 0.729959 -0.674232 -0.119261 0.717472 -0.686302 -0.113799 0.707612 -0.697378 -0.109775 0.693398 -0.712143 -0.104712 0.671792 -0.733302 0.0571309 0.816694 -0.574235 0.0571257 0.782754 -0.619704 0.342677 0.655532 -0.672942 0.114193 0.781047 -0.613943 0.112083 0.784593 -0.609795 0.121804 0.774301 -0.620985 0.112401 0.770054 -0.627999 0.0943172 0.762635 -0.639915 0.0848307 0.762275 -0.64167 0.069188 0.773816 -0.62962 0.0326021 0.784298 -0.619527 -0.0347646 0.786134 -0.617077 -0.0777212 0.781664 -0.618838 -0.0703072 0.780197 -0.621571 -0.065959 0.776057 -0.627204 -0.0813997 0.767558 -0.635789 -0.241585 0.722434 -0.647862 -0.223619 0.742288 -0.631667 -0.253981 0.702341 -0.664989 -0.263423 0.682173 -0.682091 -0.265832 0.663682 -0.699185 -0.257445 0.648043 -0.716772 -0.240932 0.634808 -0.734146 -0.223326 0.627107 -0.746232 -0.159332 0.650726 -0.742408 -0.218825 0.629218 -0.745788 0.200229 0.720294 -0.664142 0.12947 0.731605 -0.669322 0.200608 0.735422 -0.647233 0.187227 0.743554 -0.641929 0.167044 0.742802 -0.648337 0.217836 0.743167 -0.632654 0.234888 0.728827 -0.643148 0.223071 0.705432 -0.672759 0.166449 0.738812 -0.653032 0.124842 0.791403 -0.598411 0.0363919 0.846288 -0.531481 -0.0706815 0.823798 -0.56246 -0.121091 0.804989 -0.580801 -0.133264 0.798144 -0.587544 -0.166201 0.781232 -0.601709 -0.198565 0.761959 -0.616433 -0.389831 0.679437 -0.621608 -0.366187 0.708832 -0.60288 -0.405046 0.650872 -0.642109 -0.412327 0.623668 -0.664097 -0.411203 0.599037 -0.687071 -0.400756 0.577996 -0.710855 -0.380303 0.560989 -0.735297 -0.358191 0.556716 -0.749511 -0.350485 0.582387 -0.733475 0.230848 0.700008 -0.675795 0.150589 0.720183 -0.677244 0.221715 0.73828 -0.637012 0.211912 0.739949 -0.638411 0.236295 0.727532 -0.644097 0.257032 0.709128 -0.65656 0.286483 0.735902 -0.613495 0.256518 0.703069 -0.663244 0.306444 0.714786 -0.628628 0.287317 0.681311 -0.673249 0.0102909 0.901666 -0.432311 -0.524373 0.635863 -0.566314 0.0990067 0.837609 -0.537224 0.0496272 0.88863 -0.455931 -0.111144 0.873432 -0.474092 0.0164319 0.902885 -0.429569 -0.210577 0.822476 -0.528384 -0.232664 0.806709 -0.543221 -0.288431 0.772143 -0.566218 -0.332814 0.739489 -0.585141 -0.534995 0.612389 -0.582032 -0.507033 0.64862 -0.567635 -0.554863 0.577209 -0.599131 -0.567178 0.544552 -0.617877 -0.569783 0.517536 -0.63836 -0.559924 0.49724 -0.66275 -0.536489 0.48167 -0.692945 -0.507898 0.482332 -0.713719 -0.491184 0.520448 -0.698478 0.218468 0.695699 -0.684306 0.0631627 0.742188 -0.667209 0.208764 0.737583 -0.642176 0.198771 0.750636 -0.630108 0.225978 0.728534 -0.646663 0.243597 0.704871 -0.666196 0.289946 0.803574 -0.519808 0.277002 0.701129 -0.65703 -0.0325628 0.94079 -0.337423 -0.48298 0.596434 -0.64109 -0.150969 0.901078 -0.406531 -0.0113868 0.948365 -0.316976 -0.299099 0.814299 -0.497451 -0.346615 0.782624 -0.517067 -0.415161 0.732104 -0.54006 -0.468124 0.687635 -0.554993 -0.682467 0.505734 -0.527704 -0.650007 0.547972 -0.526515 -0.70798 0.465112 -0.531447 -0.726702 0.430376 -0.535426 -0.734313 0.408399 -0.542212 -0.726334 0.399408 -0.559385 -0.70175 0.39568 -0.59244 -0.669156 0.405677 -0.622621 -0.6453 0.451112 -0.616512 0.413602 0.686923 -0.597554 0.359342 0.645718 -0.673737 0.187689 0.680877 -0.70794 0.235296 0.738058 -0.632381 0.47642 0.672146 -0.566783 0.464677 0.678294 -0.569204 0.250122 0.750139 -0.612152 0.273479 0.729757 -0.626629 0.500886 0.656024 -0.564575 0.329862 0.713257 -0.61843 0.539117 0.617009 -0.573283 0.385448 0.665142 -0.639544 0.375757 0.901722 -0.213784 0.596242 0.583936 -0.550921 0.423498 0.643598 -0.63752 0.274488 0.694104 -0.665489 -0.0454245 0.978025 -0.203478 -0.399629 0.635348 -0.660779 -0.228443 0.898425 -0.375028 -0.0741522 0.969053 -0.235451 -0.386104 0.782495 -0.488493 -0.466236 0.721805 -0.51149 -0.546123 0.65219 -0.525735 -0.606253 0.594904 -0.527775 -0.648502 0.530927 -0.545492 -0.61866 0.577684 -0.532486 -0.678625 0.477413 -0.558162 -0.708346 0.427833 -0.561432 -0.72959 0.395047 -0.558243 -0.73699 0.377984 -0.560333 -0.732424 0.365005 -0.574741 -0.717351 0.376576 -0.586173 -0.777428 0.373285 -0.506226 0.419674 0.673094 -0.608949 0.548514 0.672902 -0.496322 0.490762 0.654093 -0.575599 0.493093 0.670209 -0.554688 0.524766 0.665637 -0.53061 0.534156 0.658711 -0.529885 -0.107844 0.986437 -0.123744 -0.260846 0.637761 -0.72472 -0.297704 0.864056 -0.405929 -0.183499 0.954014 -0.237035 -0.393795 0.789077 -0.471469 -0.467218 0.726113 -0.504447 -0.532857 0.667642 -0.519921 -0.582322 0.620225 -0.525568 -0.948662 -0.00876315 -0.316171 -0.913027 0.0373585 -0.406186 -0.686748 0.525657 -0.502058 -0.71434 0.479776 -0.509445 -0.972701 -0.0280998 -0.230354 -0.744577 0.421802 -0.517385 -0.987774 -0.0201823 -0.154583 -0.778487 0.365801 -0.510047 -0.994575 0.0180634 -0.102441 -0.802654 0.333099 -0.494763 -0.991861 0.0863699 -0.0935576 -0.810435 0.322279 -0.489216 -0.97669 0.166527 -0.135444 -0.806669 0.317268 -0.498623 -0.950809 0.231487 -0.205856 -0.791061 0.319703 -0.521548 -0.780679 0.319857 -0.536872 -0.918168 0.267503 -0.292249 -0.0525793 0.998571 0.00951574 0.0974029 0.70118 0.706299 0.166834 0.708806 0.68539 -0.0235845 0.889637 0.456059 -0.113452 0.938507 0.326089 -0.0565971 0.998352 -0.00949256 -0.131017 0.98469 -0.11498 -0.0300166 0.992767 -0.116247 -0.408624 0.76692 -0.494834 -0.284859 0.870226 -0.401948 -0.276399 0.892822 -0.35563 -0.343387 0.838564 -0.42296 -0.558445 0.596793 -0.576175 -0.445921 0.756088 -0.479046 -0.6857 0.410818 -0.60087 -0.532432 0.67757 -0.507361 -0.786298 0.244415 -0.567447 -0.601179 0.614804 -0.51049 -0.86067 0.118813 -0.495107 -0.651388 0.566938 -0.504256 -0.947845 -0.0973392 -0.303505 -0.909304 -0.0421024 -0.413998 -0.910054 -0.077859 -0.407112 -0.949299 -0.137125 -0.282891 -0.974416 -0.114598 -0.193342 -0.975933 -0.146371 -0.16165 -0.990756 -0.09126 -0.100366 -0.991741 -0.108249 -0.0687808 -0.998613 -0.0411705 -0.0328148 -0.99899 -0.0426361 -0.0141599 -0.999674 0.0219863 0.0129618 -0.999278 0.0378634 0.00302569 -0.994952 0.0935464 0.0363242 -0.991676 0.126015 -0.0264425 -0.986426 0.15887 0.041529 -0.978949 0.194266 -0.0626068 -0.936739 0.275513 -0.215901 -0.978911 0.197674 0.0515634 0.120172 0.990579 -0.0656565 -0.189636 0.937027 -0.293288 -0.416913 0.705713 -0.572846 -0.386401 0.756729 -0.527311 -0.569108 0.506991 -0.647361 -0.551753 0.55739 -0.620391 -0.690202 0.31574 -0.651099 -0.681862 0.345838 -0.644562 -0.784468 0.159422 -0.599329 -0.781396 0.161889 -0.602671 -0.856078 0.0426461 -0.515085 -0.85555 0.0216453 -0.517268 0.388892 0.849251 -0.357123 0.542208 0.715552 -0.440448 0.471379 0.67065 -0.57274 -0.167167 0.762769 -0.624691 0.221759 0.715642 -0.662329 -0.494458 0.692202 -0.525706 -0.0442015 0.996955 -0.0642411 0.330523 0.655136 0.679376 -0.520768 0.458733 -0.719976 0.00753681 0.529501 -0.848276 0.127825 0.690175 -0.712263 0.300554 0.648544 -0.699327 0.279063 0.18577 -0.942132 0.434787 0.696559 -0.57076 0.193962 0.729775 -0.655597 0.459229 0.67623 -0.57604 0.118212 0.676771 -0.726641 0.0847644 0.688804 -0.719975 0.241343 0.794974 -0.55657 -0.0578817 0.686605 -0.724723 -0.44792 0.586447 -0.674868 -0.564835 0.552628 -0.612833 -0.0526399 0.690243 -0.72166 -0.166888 0.665602 -0.727408 -0.242419 0.644007 -0.725595 -0.369176 0.601092 -0.7088 -0.505358 0.5506 -0.664419 -0.651536 0.488904 -0.580063 -0.800857 0.411325 -0.435246 -0.924639 0.315954 -0.212641 -0.978753 0.193852 0.0668132 -0.715017 0.516793 -0.470824 -0.678898 0.581796 -0.447896 -0.194976 0.669796 -0.71649 -0.236628 0.653905 -0.718621 -0.699184 0.58788 -0.406866 -0.371453 0.615266 -0.69532 -0.729902 0.59538 -0.335807 -0.506226 0.569964 -0.647207 -0.818578 0.519255 -0.245569 -0.650237 0.512047 -0.561249 -0.892167 0.431583 -0.133322 -0.798125 0.434573 -0.417305 -0.942909 0.333028 -0.00392605 -0.922657 0.331429 -0.197127 -0.96189 0.234375 0.140841 -0.977625 0.194568 0.0799588 -0.971298 0.105806 0.21304 -0.131746 0.67116 -0.729512 0.563653 0.618904 -0.547039 0.591609 0.570559 -0.569615 0.533967 0.657252 -0.531883 0.496041 0.695051 -0.520431 0.446632 0.74093 -0.501541 0.386778 0.797915 -0.462314 0.310346 0.860866 -0.403232 0.246079 0.900904 -0.357514 0.285131 0.873095 -0.395481 0.409893 0.748267 -0.521616 0.5639 0.53592 -0.628336 0.686545 0.303557 -0.660688 0.77995 0.0962622 -0.618394 0.848947 -0.0641151 -0.524575 0.899738 -0.176984 -0.398934 0.937272 -0.239063 -0.253715 0.964669 -0.238354 -0.112252 0.98327 -0.181982 -0.00786404 0.994204 -0.0965161 0.04737 0.998484 0.00377034 0.0549168 0.993641 0.11256 0.00261752 0.979163 0.193338 -0.0621362 0.930748 0.261835 -0.255247 0.775857 0.327109 -0.539487 0.716501 0.365899 -0.593923 0.716619 0.366396 -0.593474 0.704753 0.391932 -0.591365 0.685998 0.418208 -0.595406 0.657616 0.457249 -0.598719 0.623559 0.512146 -0.590661 -0.591533 0.570387 -0.569866 -0.563238 0.618305 -0.548145 -0.623658 0.512539 -0.590216 -0.657649 0.457498 -0.598493 -0.685988 0.417937 -0.595608 -0.70476 0.391738 -0.591485 -0.716538 0.367108 -0.593131 -0.716372 0.366631 -0.593627 -0.777413 0.320127 -0.541432 -0.930796 0.261621 -0.25529 -0.97915 0.193408 -0.0621173 -0.993565 0.113225 0.0028746 -0.998497 0.00341126 0.0547072 -0.994156 -0.097315 0.046727 -0.98309 -0.182904 -0.00891989 -0.964341 -0.239063 -0.11356 -0.936995 -0.239275 -0.254533 -0.899664 -0.176987 -0.399101 -0.848997 -0.0641247 -0.524492 -0.780025 0.0962337 -0.618304 -0.686381 0.303628 -0.660826 -0.562646 0.536385 -0.629063 -0.406639 0.74908 -0.522994 -0.265178 0.875488 -0.403981 -0.250817 0.900813 -0.354439 -0.306938 0.860618 -0.406357 -0.383883 0.797319 -0.465743 -0.445056 0.740302 -0.503863 -0.494989 0.694381 -0.522322 -0.533233 0.656551 -0.533482 0.552977 0.626851 -0.548885 0.579077 0.57846 -0.574504 0.525018 0.664195 -0.532166 0.488147 0.701131 -0.519739 0.439756 0.746396 -0.499507 0.381123 0.802447 -0.459156 0.307151 0.864007 -0.398936 0.263456 0.896565 -0.356037 0.299117 0.871544 -0.388509 0.41797 0.750593 -0.511773 0.570171 0.537301 -0.62146 0.690524 0.302471 -0.65703 0.781666 0.0912457 -0.616987 0.848721 -0.0721807 -0.523892 0.898354 -0.186421 -0.397753 0.935583 -0.248556 -0.250805 0.963129 -0.247124 -0.106359 0.981855 -0.189629 0.00112391 0.993039 -0.102653 0.0577501 0.99796 0.000430977 0.0638342 0.993501 0.113649 0.00632146 0.979119 0.194458 -0.0592652 0.921136 0.267511 -0.282749 0.788385 0.321258 -0.524636 0.708683 0.364693 -0.60396 0.708907 0.365124 -0.603437 0.697012 0.392745 -0.599938 0.677646 0.419582 -0.603943 0.647227 0.460083 -0.6078 0.610992 0.517894 -0.598728 -0.579097 0.578512 -0.57443 -0.552695 0.626437 -0.54964 -0.611142 0.518495 -0.598054 -0.647266 0.460393 -0.607523 -0.677631 0.419204 -0.604222 -0.697023 0.39243 -0.600132 -0.708793 0.366167 -0.602938 -0.708685 0.364679 -0.603965 -0.790194 0.313019 -0.526889 -0.921028 0.267989 -0.282647 -0.979274 0.193604 -0.0594976 -0.993425 0.114298 0.00656614 -0.997987 -0.000281131 0.0634232 -0.992977 -0.10374 0.0568782 -0.981657 -0.190655 -5.44637e-005 -0.962807 -0.247819 -0.107651 -0.935235 -0.24882 -0.251842 -0.89806 -0.186436 -0.39841 -0.848416 -0.0720932 -0.524398 -0.781261 0.0914159 -0.617475 -0.689729 0.30282 -0.657703 -0.56822 0.53804 -0.622607 -0.415013 0.751357 -0.513056 -0.274329 0.87469 -0.399576 -0.268318 0.896336 -0.352971 -0.306173 0.863938 -0.399838 -0.379424 0.802088 -0.461187 -0.438996 0.746084 -0.50064 -0.487551 0.700742 -0.520821 -0.52454 0.663728 -0.533219 0.0630931 0.297698 -0.952573 0.0457162 0.317131 -0.947279 -0.00714307 0.197598 -0.980257 0.0613335 0.283448 -0.957024 0.0568127 0.274828 -0.959814 0.0919168 0.262032 -0.960672 0.12311 0.249173 -0.960602 0.131425 0.239047 -0.962073 0.135988 0.20264 -0.969765 0.115061 0.111974 -0.987027 -0.131545 0.305482 -0.943068 -0.606566 0.201596 -0.769049 -0.149943 0.321572 -0.934938 -0.152813 0.314621 -0.936836 -0.147822 0.310208 -0.939106 -0.146603 0.294299 -0.944402 -0.14117 0.311523 -0.939694 -0.126935 0.35234 -0.927224 -0.0921022 0.37372 -0.922958 -0.0247837 0.3779 -0.925515 0.0196436 0.373199 -0.927543 0.0119584 0.368691 -0.929475 0.00808671 0.356192 -0.934378 0.0273354 0.337304 -0.940999 0.169102 0.374687 -0.9116 0.138458 0.416059 -0.898735 0.193559 0.332716 -0.922949 0.218662 0.290124 -0.931673 0.243823 0.2478 -0.937628 0.258943 0.208076 -0.943214 0.265452 0.170617 -0.948907 0.261725 0.126255 -0.956849 0.188237 0.0960675 -0.977414 0.250486 0.0939071 -0.963555 -0.199463 0.264273 -0.943597 -0.70514 0.20053 -0.680122 -0.593216 0.206198 -0.778188 -0.258822 0.283698 -0.923324 -0.280172 0.328433 -0.902017 -0.30414 0.345259 -0.88786 -0.320642 0.344182 -0.882456 -0.255424 0.467854 -0.846092 -0.175361 0.575302 -0.798922 -0.13106 0.610137 -0.781381 -0.0260517 0.58895 -0.80775 0.0218211 0.550825 -0.834335 0.029939 0.529219 -0.847957 0.0655967 0.494167 -0.866889 0.103912 0.455853 -0.883969 0.285735 0.374887 -0.881938 0.243805 0.430267 -0.869154 0.322598 0.319 -0.891162 0.353572 0.263865 -0.89742 0.377309 0.210969 -0.901737 0.393072 0.161051 -0.905294 0.401168 0.114228 -0.908854 0.396926 0.0690289 -0.915251 0.387725 0.0675892 -0.919294 -0.311365 0.222475 -0.923881 -0.642046 0.202748 -0.739371 -0.308071 0.252959 -0.917117 -0.320834 0.273278 -0.906854 -0.329836 0.295169 -0.896707 -0.136855 0.311082 -0.940478 -0.142418 0.745538 -0.651069 0.458191 0.459818 -0.760677 -0.02132 0.716322 -0.697444 0.068467 0.62931 -0.774132 0.0844318 0.596518 -0.798146 0.143565 0.540523 -0.82899 0.196623 0.485197 -0.852011 0.409084 0.351601 -0.842037 0.358509 0.418843 -0.834291 0.454902 0.284021 -0.844036 0.494018 0.219424 -0.841308 0.522991 0.161311 -0.836935 0.540041 0.109478 -0.834488 0.546452 0.0607372 -0.835285 0.537819 0.0207537 -0.842805 0.523637 0.0341707 -0.851256 -0.299261 0.215057 -0.92962 -0.614268 0.194185 -0.764831 -0.29919 0.243291 -0.922656 -0.318681 0.263473 -0.910508 -0.368691 0.282154 -0.885695 -0.0175832 0.277163 -0.960662 -0.132488 0.848674 -0.512053 0.356903 0.46575 -0.809751 -0.00689785 0.800377 -0.599458 0.122478 0.67988 -0.723023 0.165609 0.628503 -0.759972 0.238421 0.55551 -0.796595 0.302321 0.486013 -0.819996 0.542766 0.291418 -0.787706 0.484169 0.370411 -0.792701 0.597172 0.212518 -0.773448 0.643828 0.142015 -0.751876 0.676979 0.0871845 -0.73082 0.694142 0.0453064 -0.718411 0.697813 0.00651002 -0.71625 0.685603 -0.022262 -0.727635 0.668544 -0.000859201 -0.743672 -0.761616 0.180478 -0.622389 -0.373272 0.218698 -0.901576 -0.613038 0.192128 -0.766337 -0.893961 0.172197 -0.413742 -0.379598 0.241202 -0.893156 -0.62985 0.190434 -0.75301 -0.438618 0.254933 -0.861756 -0.636204 0.204373 -0.74396 -0.514753 0.233702 -0.824872 -0.682142 0.213422 -0.699381 -0.113033 0.133474 -0.984585 -0.318398 0.443648 -0.837735 -0.0925384 0.926193 -0.365519 0.308313 0.567432 -0.763521 0.0456328 0.846384 -0.530615 0.184641 0.703313 -0.686483 0.261316 0.624867 -0.7357 0.346547 0.533234 -0.77173 0.419984 0.44932 -0.788496 0.519585 0.310969 -0.79582 0.467864 0.396674 -0.78978 0.573487 0.217987 -0.78968 0.626619 0.133732 -0.767766 0.6696 0.0702178 -0.739395 0.698658 0.0212228 -0.715141 0.719293 -0.027279 -0.694171 0.723881 -0.0473551 -0.688298 0.794999 -0.0497804 -0.604565 -0.719218 0.185121 -0.669668 -0.925265 0.166506 -0.340822 -0.679129 0.202685 -0.705481 -0.683019 0.194133 -0.704129 -0.663189 0.202244 -0.720609 0.000831619 0.946569 -0.3225 0.170574 0.585358 -0.792629 0.11816 0.828945 -0.546707 0.204543 0.729374 -0.652822 0.278583 0.639345 -0.71668 0.351045 0.552078 -0.756291 0.413408 0.473806 -0.777561 0.523637 0.386278 -0.759337 0.569578 0.301831 -0.764512 0.807021 -0.12327 -0.577513 0.743035 -0.0263408 -0.668734 0.623183 0.196736 -0.756926 0.857413 -0.197601 -0.475182 0.686544 0.0990082 -0.720316 0.898054 -0.23982 -0.368762 0.73455 0.0361506 -0.67759 0.927809 -0.245572 -0.28083 0.761327 -0.00466014 -0.648352 0.946746 -0.213674 -0.240863 0.778289 -0.0466227 -0.626173 0.954466 -0.171401 -0.244164 0.783452 -0.0656364 -0.617977 0.947809 -0.129454 -0.291377 0.792646 -0.0778432 -0.604692 0.931325 -0.107509 -0.34796 0.0302775 0.651672 -0.757896 0.0396674 0.892309 -0.449679 0.0452154 0.998932 0.00955247 0.0331244 0.70929 -0.704138 0.0383022 0.999225 -0.00912424 0.0365774 0.941286 -0.335623 0.0690263 0.944654 -0.320726 0.0298834 0.981585 -0.188673 0.124641 0.886416 -0.445792 0.17419 0.820198 -0.544916 0.213458 0.785726 -0.580578 0.130333 0.87682 -0.462817 0.261775 0.719214 -0.643588 0.335004 0.629124 -0.70141 0.340132 0.6164 -0.710184 0.451738 0.445456 -0.772983 0.411012 0.529382 -0.742175 0.561422 0.260885 -0.78533 0.471869 0.457215 -0.753853 0.660272 0.0991734 -0.74445 0.731363 -0.0942203 -0.675448 0.801127 -0.214532 -0.558723 0.803389 -0.181754 -0.567037 0.737846 -0.0681306 -0.671521 0.85773 -0.292242 -0.422959 0.856581 -0.263183 -0.443851 0.90069 -0.313439 -0.300856 0.897911 -0.296245 -0.325568 0.931683 -0.292738 -0.215108 0.928694 -0.290051 -0.231081 0.953712 -0.251284 -0.165198 0.951448 -0.265159 -0.156326 0.96765 -0.203504 -0.149128 0.96825 -0.233058 -0.090424 0.973748 -0.168135 -0.153447 0.978167 -0.201076 -0.0525197 0.944723 -0.110816 -0.308574 0.983444 -0.175335 -0.0457817 0.0477316 0.998815 0.00950622 0.0339389 0.709281 -0.704108 0.0478202 0.998824 0.00795074 0.0346066 0.93688 -0.347936 0.0481261 0.989715 -0.134714 0.212734 0.784527 -0.582462 0.243918 0.752124 -0.61222 0.332856 0.610835 -0.718392 0.359323 0.575346 -0.734754 0.448036 0.410507 -0.794197 0.469 0.385319 -0.794713 0.554342 0.217897 -0.80326 0.569813 0.21125 -0.794158 0.649019 0.0501105 -0.75912 0.659783 0.0620917 -0.748886 -0.422188 0.178399 -0.888781 0.516575 0.516632 -0.682819 0.188679 0.629584 -0.753674 0.0225781 0.695101 -0.718558 0.0378681 0.994913 -0.0933534 0.0481262 0.996571 -0.0673044 -0.064943 0.49615 -0.865805 -0.22964 0.325172 -0.917349 -0.162539 0.152501 -0.974846 -0.109703 0.297267 -0.948471 -0.054945 0.192325 -0.979792 -0.0433634 0.182567 -0.982237 -0.0447509 0.16473 -0.985323 0.618356 0.0553557 -0.783946 0.117485 0.0887697 -0.989099 0.196208 0.0826099 -0.977076 0.247509 0.0813833 -0.965461 0.382749 0.0708357 -0.921133 0.51599 0.0542978 -0.854872 0.659216 0.0297606 -0.751365 0.806637 -0.0113817 -0.590937 0.93123 -0.0792533 -0.355711 0.98223 -0.177132 -0.0620377 0.705356 0.0133912 -0.708726 0.552048 0.0420325 -0.832752 0.439416 0.0575953 -0.896435 0.440302 0.0658302 -0.895433 0.572079 0.051675 -0.818569 0.700992 0.0294372 -0.712561 0.815946 -0.00280932 -0.578121 0.903499 -0.0449589 -0.426226 0.954458 -0.100104 -0.281048 -0.0439463 0.301415 -0.95248 -0.0615904 0.282902 -0.957169 0.00757006 0.193842 -0.981003 -0.0598964 0.26935 -0.961178 -0.0554461 0.261312 -0.963661 -0.0910563 0.249097 -0.964189 -0.122761 0.236815 -0.963768 -0.131387 0.227284 -0.964925 -0.136097 0.191664 -0.971979 -0.114935 0.102291 -0.988092 0.604844 0.207786 -0.768758 0.131436 0.294292 -0.946634 0.150238 0.30617 -0.940047 0.152995 0.299885 -0.941627 0.148147 0.295952 -0.943644 0.147354 0.280925 -0.94835 0.142384 0.294671 -0.944932 0.128687 0.331817 -0.934525 0.0943191 0.351545 -0.931407 0.0275472 0.355404 -0.934307 -0.0167632 0.351516 -0.936032 -0.00935436 0.34864 -0.93721 -0.00578621 0.337848 -0.941183 -0.0252981 0.320404 -0.946943 -0.13188 0.391579 -0.910645 -0.163859 0.35213 -0.921496 -0.189406 0.312 -0.931011 -0.21554 0.271062 -0.93812 -0.241808 0.230245 -0.942612 -0.257865 0.191947 -0.946922 -0.265115 0.155834 -0.951541 -0.261694 0.11318 -0.958492 -0.250252 0.0820635 -0.964696 -0.18812 0.0847682 -0.978481 0.199286 0.268283 -0.942502 0.59053 0.212567 -0.778518 0.701129 0.208341 -0.681917 0.259164 0.278472 -0.924818 0.280927 0.315428 -0.906413 0.305686 0.326932 -0.894244 0.324002 0.321987 -0.889577 0.261649 0.432045 -0.863063 0.185238 0.5352 -0.824165 0.143624 0.569791 -0.809142 0.0383339 0.553037 -0.832274 -0.0106064 0.518004 -0.855312 -0.0195801 0.498581 -0.866622 -0.0564315 0.465673 -0.883156 -0.0960008 0.429389 -0.898003 -0.232937 0.406356 -0.883524 -0.277224 0.352729 -0.893716 -0.316186 0.298431 -0.900536 -0.348947 0.244753 -0.904617 -0.374166 0.193225 -0.907008 -0.391153 0.144575 -0.908899 -0.400286 0.0989351 -0.911034 -0.396487 0.0549425 -0.916395 -0.387196 0.055186 -0.920344 0.633315 0.217199 -0.74279 0.310166 0.240031 -0.919882 0.307679 0.258526 -0.915695 0.320952 0.271783 -0.907262 0.330643 0.285761 -0.899453 0.129248 0.290423 -0.94813 -0.418742 0.433039 -0.798205 0.164848 0.707613 -0.687102 0.044581 0.681548 -0.730415 -0.0476245 0.596219 -0.801408 -0.0660174 0.566224 -0.821603 -0.127635 0.512553 -0.849116 -0.183244 0.459352 -0.869147 -0.34411 0.397426 -0.850671 -0.398023 0.331462 -0.855401 -0.446671 0.265044 -0.854539 -0.488062 0.201587 -0.84921 -0.518815 0.144608 -0.842567 -0.537281 0.0938441 -0.838166 -0.544888 0.0460964 -0.837241 -0.53683 0.00711021 -0.84366 -0.522697 0.0218321 -0.852239 0.297498 0.239472 -0.924201 0.597013 0.220424 -0.771355 0.298406 0.253157 -0.920253 0.318623 0.264102 -0.910346 0.369468 0.275434 -0.887485 0.0120691 0.26487 -0.964208 -0.299072 0.447764 -0.842652 0.170581 0.815769 -0.552651 0.0408287 0.771072 -0.635438 -0.0918611 0.651205 -0.753322 -0.139408 0.601815 -0.786374 -0.216295 0.530821 -0.819418 -0.28419 0.4631 -0.839509 -0.467127 0.352999 -0.810669 -0.529909 0.274418 -0.802428 -0.587721 0.195976 -0.78497 -0.636974 0.126142 -0.760495 -0.672042 0.0721314 -0.736992 -0.690678 0.0310631 -0.722495 -0.695587 -0.00699136 -0.718407 -0.684041 -0.0349869 -0.728604 -0.66718 -0.0125961 -0.74479 0.742172 0.20846 -0.636965 0.881029 0.194663 -0.431155 0.610196 0.211913 -0.763383 0.371477 0.237098 -0.897658 0.628012 0.20506 -0.7507 0.378464 0.253856 -0.890125 0.635184 0.213168 -0.742362 0.438154 0.25962 -0.860592 0.682131 0.213504 -0.699366 0.515094 0.230988 -0.825423 0.321892 0.455407 -0.830054 0.111994 0.129624 -0.985218 -0.246983 0.564938 -0.787302 0.145428 0.903798 -0.402492 0.00117494 0.825257 -0.564756 -0.144583 0.681696 -0.717207 -0.227831 0.604546 -0.763293 -0.319082 0.514246 -0.796077 -0.398049 0.431294 -0.809656 -0.452921 0.379962 -0.80653 -0.508295 0.294702 -0.809189 -0.565021 0.202211 -0.799914 -0.620143 0.118401 -0.775502 -0.66462 0.0554804 -0.745119 -0.694951 0.00733055 -0.71902 -0.716795 -0.0399165 -0.69614 -0.722064 -0.0595078 -0.689262 -0.793616 -0.0592738 -0.605525 0.915147 0.186944 -0.357153 0.716661 0.205172 -0.666559 0.676866 0.219598 -0.702588 0.681127 0.207579 -0.702124 0.661908 0.211254 -0.7192 -0.102302 0.596198 -0.796293 0.0631439 0.933965 -0.351742 -0.0710152 0.813251 -0.577563 -0.1676 0.712716 -0.681135 -0.2485 0.621888 -0.742632 -0.326638 0.534577 -0.779446 -0.394077 0.456659 -0.7976 -0.506825 0.370408 -0.778413 -0.72293 -0.0304211 -0.690251 -0.791896 -0.130908 -0.59646 -0.556985 0.285764 -0.779812 -0.845838 -0.208011 -0.491213 -0.614135 0.181229 -0.768111 -0.889282 -0.251958 -0.381699 -0.679943 0.0844534 -0.728385 -0.92128 -0.25839 -0.290652 -0.729416 0.0222666 -0.683708 -0.942047 -0.226322 -0.247642 -0.757261 -0.0178973 -0.652867 -0.951264 -0.183317 -0.247976 -0.775289 -0.0588198 -0.628862 -0.945296 -0.141932 -0.29372 -0.781304 -0.0776812 -0.619297 -0.789718 -0.102234 -0.604892 -0.927154 -0.130828 -0.351098 0.0333784 0.675605 -0.736508 0.0348161 0.709252 -0.704094 0.050018 0.998702 0.00957046 0.0474742 0.942381 -0.331157 0.0558337 0.998383 -0.0106711 0.0551041 0.970075 -0.236469 0.0583591 0.978163 -0.199479 0.00266161 0.941732 -0.336353 -0.0511998 0.873584 -0.483973 -0.0353244 0.868998 -0.493553 -0.142529 0.784045 -0.604118 -0.12061 0.806988 -0.578121 -0.277701 0.631323 -0.724094 -0.219572 0.704753 -0.67462 -0.404622 0.449071 -0.796628 -0.305918 0.600891 -0.738474 -0.524656 0.263376 -0.809549 -0.383802 0.513749 -0.767305 -0.632875 0.0987577 -0.767929 -0.450382 0.441642 -0.775957 -0.714925 -0.0952814 -0.692679 -0.71999 -0.0700534 -0.69044 -0.790137 -0.187089 -0.583679 -0.789235 -0.21879 -0.573794 -0.846786 -0.271299 -0.457548 -0.84883 -0.299381 -0.435727 -0.890689 -0.305956 -0.336251 -0.893928 -0.322578 -0.311184 -0.923347 -0.300311 -0.239256 -0.926547 -0.302836 -0.223161 -0.947484 -0.275492 -0.162412 -0.949865 -0.26168 -0.171117 -0.965328 -0.243368 -0.0944133 -0.964847 -0.21385 -0.152768 -0.975917 -0.211062 -0.0551234 -0.971633 -0.177914 -0.155806 -0.943031 -0.120319 -0.310187 -0.98158 -0.184852 -0.048269 -0.184125 0.76229 -0.620494 -0.150104 0.78797 -0.597136 -0.309517 0.586247 -0.748675 -0.28291 0.617639 -0.733815 -0.428841 0.394124 -0.812872 -0.408549 0.417541 -0.811632 -0.538426 0.216623 -0.814354 -0.523927 0.223045 -0.822041 -0.635897 0.0637696 -0.769135 -0.626345 0.0523082 -0.777789 0.425306 0.186373 -0.885652 -0.183839 0.576266 -0.796317 -0.484575 0.481707 -0.730168 0.0546866 0.993762 -0.0971906 0.0717598 0.732607 -0.676859 0.055828 0.449747 -0.89141 0.231026 0.34372 -0.910211 0.155298 0.166463 -0.973742 0.111358 0.316516 -0.942028 0.0554754 0.20606 -0.976966 0.0432889 0.193353 -0.980174 0.0472995 0.173816 -0.983642 -0.616826 0.0493191 -0.785553 -0.117195 0.0800275 -0.989879 -0.195733 0.0722129 -0.977995 -0.246898 0.0702409 -0.966493 -0.381763 0.0593037 -0.922356 -0.514649 0.0428233 -0.856331 -0.657586 0.0187807 -0.753146 -0.804828 -0.021601 -0.593115 -0.929362 -0.0887294 -0.358348 -0.980355 -0.186156 -0.0651991 -0.545567 0.0330055 -0.837417 -0.701941 0.00609075 -0.712209 -0.429719 0.047915 -0.901691 -0.430119 0.0562273 -0.901019 -0.561742 0.0428957 -0.8262 -0.691299 0.0218356 -0.722239 -0.807756 -0.00909568 -0.589447 -0.897349 -0.0501097 -0.438466 -0.949968 -0.104803 -0.294239 0.423279 0.424274 -0.800516 0.469554 0.336612 -0.816218 0.378228 0.498015 -0.780336 0.328968 0.569171 -0.753541 0.273086 0.64862 -0.710434 0.211557 0.738482 -0.640225 0.142472 0.829201 -0.540488 0.107303 0.890233 -0.442686 0.124634 0.880257 -0.457836 0.217017 0.779255 -0.587933 0.336892 0.596099 -0.728814 0.449529 0.381148 -0.807867 0.551732 0.17025 -0.81646 0.641904 -0.0157473 -0.766623 0.720594 -0.174509 -0.671037 0.788424 -0.300706 -0.536622 0.845533 -0.372479 -0.382535 0.891074 -0.379686 -0.248649 0.925565 -0.34297 -0.160316 0.951533 -0.284181 -0.117584 0.968595 -0.216251 -0.122718 0.974221 -0.166849 -0.15184 0.944924 -0.118312 -0.305156 0.793968 -0.0790325 -0.6028 0.717525 -0.0504293 -0.694705 0.697602 -0.0262172 -0.716006 0.663171 0.0296911 -0.747879 0.624952 0.0836273 -0.776171 0.576877 0.150258 -0.802892 0.521934 0.238601 -0.818935 -0.458629 0.31877 -0.829485 -0.408968 0.40567 -0.817421 -0.513807 0.221939 -0.828701 -0.570617 0.134404 -0.810143 -0.619985 0.0683457 -0.781632 -0.659377 0.0154373 -0.751654 -0.695029 -0.038645 -0.717942 -0.715594 -0.0628408 -0.695684 -0.79245 -0.0916201 -0.603017 -0.942354 -0.133989 -0.30662 -0.971909 -0.177548 -0.154498 -0.965584 -0.227132 -0.126725 -0.947173 -0.295589 -0.124461 -0.919551 -0.354269 -0.17006 -0.883028 -0.389784 -0.261401 -0.835057 -0.379757 -0.398075 -0.774908 -0.304041 -0.554145 -0.702405 -0.173753 -0.690244 -0.617108 -0.0110189 -0.786801 -0.518456 0.178332 -0.836302 -0.406222 0.390826 -0.825978 -0.282145 0.604261 -0.74516 -0.150362 0.781919 -0.604974 -0.0450487 0.874244 -0.483393 -0.0423949 0.878023 -0.476737 -0.0981828 0.814662 -0.571565 -0.175196 0.721024 -0.670396 -0.244133 0.629646 -0.737526 -0.305971 0.549874 -0.777188 -0.360008 0.47898 -0.800607 0.40392 0.436944 -0.803696 0.446451 0.348829 -0.824015 0.362889 0.509088 -0.780475 0.317179 0.57807 -0.751819 0.264842 0.655634 -0.707109 0.206704 0.744071 -0.63532 0.138874 0.832331 -0.536599 0.114495 0.889621 -0.442115 0.124513 0.880062 -0.458243 0.214813 0.783267 -0.583394 0.337919 0.59843 -0.726424 0.450778 0.378568 -0.808384 0.551397 0.160104 -0.818736 0.639098 -0.0332754 -0.768406 0.71554 -0.197756 -0.669996 0.782348 -0.326555 -0.53037 0.840159 -0.396637 -0.369881 0.887267 -0.399322 -0.230867 0.923177 -0.357816 -0.140403 0.950726 -0.293904 -0.0986885 0.969459 -0.219075 -0.110248 0.975671 -0.165534 -0.143753 0.934516 -0.112661 -0.337621 0.804859 -0.0859013 -0.587217 0.704537 -0.0531492 -0.707674 0.681147 -0.0276134 -0.731626 0.64522 0.0320525 -0.763324 0.604896 0.0876415 -0.791467 0.55419 0.155988 -0.817644 0.497473 0.247745 -0.83135 -0.436298 0.331168 -0.836643 -0.390582 0.418472 -0.819956 -0.489936 0.231375 -0.840493 -0.548294 0.140375 -0.82442 -0.60008 0.0724398 -0.796653 -0.641435 0.0177959 -0.766971 -0.678529 -0.0400015 -0.733484 -0.702688 -0.0656004 -0.708467 -0.803008 -0.099517 -0.5876 -0.931872 -0.129237 -0.338986 -0.973079 -0.177369 -0.147162 -0.966418 -0.230191 -0.114231 -0.946149 -0.305918 -0.105907 -0.916917 -0.369538 -0.150681 -0.879035 -0.409501 -0.244143 -0.829489 -0.403737 -0.385934 -0.768368 -0.32953 -0.548653 -0.696768 -0.196339 -0.689903 -0.613658 -0.0276316 -0.789089 -0.517519 0.169176 -0.838781 -0.406967 0.389029 -0.826458 -0.283094 0.606927 -0.742629 -0.149226 0.785879 -0.600106 -0.039719 0.873115 -0.485894 -0.0475919 0.878225 -0.475873 -0.0979219 0.818694 -0.565819 -0.172185 0.726914 -0.664792 -0.237791 0.636945 -0.733319 -0.295714 0.558945 -0.774683 -0.345877 0.490179 -0.800059 0.487851 0.783077 -0.385735 -0.00947239 0.171991 0.985053 -0.0385475 -0.0890938 -0.995277 -0.414324 0.62481 -0.661776 -0.339668 0.774988 -0.532935 0.100946 0.818868 -0.565036 0.155127 0.935249 -0.31819 -0.447132 0.55464 -0.701746 -0.578776 0.686156 -0.440692 -0.716788 0.0593488 -0.694761 -0.653633 0.64972 -0.388108 -0.756333 -0.0939065 -0.647412 -0.472524 0.694375 -0.542738 -0.516918 0.752466 -0.408156 -0.352761 0.902501 -0.247087 -0.327517 0.847297 -0.418116 -0.755299 0.448544 0.47784 -0.881926 0.398293 0.252129 -0.665425 -0.587668 0.460279 -0.673847 -0.525712 0.519189 -0.826736 0.558031 -0.071473 -0.727824 0.627371 -0.276908 -0.882728 -0.0645962 -0.465422 -0.975684 -0.0733959 -0.206529 -0.511568 0.840966 -0.176278 -0.560817 0.771927 -0.299355 -0.398476 0.885136 -0.240314 -0.275142 0.960373 -0.0444968 -0.62054 0.435238 0.652301 -0.664899 -0.5237 0.532586 -0.877793 0.446599 0.173289 -0.971138 -0.23809 0.0143 -0.514996 0.495447 0.699508 -0.732108 -0.356934 0.580186 -0.464248 0.786917 0.406491 -0.77281 -0.0408094 0.633325 -0.288791 -0.679442 0.674506 -0.506769 0.786433 0.353141 0.0213589 -0.709529 0.704353 -0.630962 0.652147 -0.420228 -0.542282 0.739332 -0.399147 -0.948324 0.238838 0.208896 -0.85657 0.23875 0.457478 -0.106447 -0.0137481 0.994223 -0.607837 -0.617866 0.498774 -0.805138 0.0916075 0.58597 -0.632033 0.774893 0.00868294 -0.173885 0.898773 0.402457 -0.602105 -0.15586 0.783056 -0.285942 -0.817743 0.499534 -0.461425 0.670937 0.580457 0.0206375 0.741098 0.671079 -0.458555 0.725944 0.512574 -0.030232 0.74293 0.668686 -0.448723 0.715052 0.536049 -0.000112008 0.694809 0.719194 -0.412828 0.734079 0.539167 0.0305128 0.693182 0.720117 -0.491827 0.870693 -0.00041227 -0.26737 0.954547 0.131732 -0.93072 0.332976 -0.151289 -0.657491 -0.285682 0.697203 -0.0123603 -0.364894 0.930967 -0.89781 0.235332 -0.372232 -0.793324 0.197744 -0.57579 -0.724943 -0.688463 0.0218366 -0.800553 -0.47624 0.363744 0.478445 0.811866 0.33461 -0.522484 0.209861 -0.826419 -0.604222 -0.648688 -0.462731 -0.1505 0.239258 -0.959221 -0.292213 -0.480417 -0.826929 0.159253 0.191876 -0.968412 -0.0193921 -0.3404 -0.940081 0.445973 0.136902 -0.884515 0.321306 -0.206629 -0.924157 0.691465 0.0961152 -0.715988 0.631723 -0.119516 -0.765926 0.862032 0.0991009 -0.497071 0.823626 -0.10201 -0.557884 0.924899 0.182469 -0.333568 0.86222 -0.169958 -0.477169 -0.492415 0.779966 -0.386239 -0.492393 0.794271 0.355925 0.0305888 -0.513837 0.857342 -0.10833 0.816533 -0.567043 0.333531 0.774685 -0.537234 0.456474 0.545218 -0.703114 -0.146809 0.933645 -0.326732 0.575062 0.686531 -0.444948 0.718768 0.0549018 -0.693079 0.652245 0.649906 -0.390127 0.758111 -0.0990803 -0.644554 0.52604 0.750885 -0.399316 0.471756 0.694437 -0.543326 0.332169 0.861592 -0.383827 0.353748 0.903554 -0.241768 0.883931 0.396759 0.247484 0.757122 0.448222 0.475251 0.676991 -0.525836 0.514956 0.669614 -0.589889 0.451273 0.726685 0.627569 -0.279438 0.82603 0.55849 -0.0759181 0.976277 -0.0787043 -0.201716 0.884359 -0.0697591 -0.461566 0.559797 0.77208 -0.300865 0.516662 0.839295 -0.169246 0.273981 0.961396 -0.025528 0.397646 0.889825 -0.223807 0.625914 0.43597 0.646654 0.661741 -0.524669 0.535557 0.879178 0.448586 0.160679 0.972085 -0.234383 0.0107634 0.52051 0.497227 0.694143 0.732985 -0.356287 0.579477 0.298823 -0.677258 0.672329 0.715945 -0.126392 0.686621 0.474954 0.766329 0.432617 0.505744 0.787828 0.351498 0.636399 0.651845 -0.412425 0.542059 0.741564 -0.395291 0.856627 0.238624 0.457437 0.943365 0.245374 0.223282 0.633704 -0.647323 0.423547 0.11959 -0.0925645 0.988499 0.817587 0.126006 0.561849 0.608072 0.793726 -0.0157332 0.174136 0.900959 0.397429 0.601497 -0.154764 0.783741 0.463479 0.663936 0.586836 -0.0222432 0.736693 0.675861 0.283718 -0.81561 0.504267 0.458106 0.726835 0.511711 0.0297012 0.740301 0.671619 0.448899 0.714748 0.536307 -4.85256e-005 0.693056 0.720883 0.422202 0.719315 0.551663 -0.0305268 0.692843 0.720442 0.495517 0.868578 0.00588968 0.268526 0.958882 0.0918647 0.934338 0.317409 -0.162062 0.657213 -0.28245 0.698779 0.788556 0.192307 -0.584121 0.897375 0.232933 -0.37478 0.799241 -0.487195 0.35193 0.724966 -0.688436 0.0219156 0.519382 0.208548 -0.828704 0.607158 -0.649436 -0.457814 0.145093 0.237387 -0.960518 0.301919 -0.485875 -0.820226 -0.165997 0.188911 -0.967862 0.0289065 -0.34531 -0.938043 -0.453129 0.132959 -0.881474 -0.308927 -0.21282 -0.926969 -0.696896 0.0922206 -0.711218 -0.618826 -0.126299 -0.775308 -0.863974 0.0971836 -0.494069 -0.815126 -0.107142 -0.569289 -0.924358 0.183099 -0.33472 -0.855566 -0.173703 -0.487682 0.505705 0.728459 -0.462181 0.227783 0.671839 -0.704803 -0.303005 0.648669 -0.698152 -0.0338746 0.848986 -0.527328 0.031446 0.749743 -0.660981 -0.19238 0.695487 -0.692306 -0.195672 0.825349 -0.529634 -0.184018 0.710097 -0.679632 -0.319606 0.830063 -0.456997 -0.166217 0.710444 -0.683843 -0.348583 0.84627 -0.402886 -0.0667444 0.743557 -0.665333 -0.415195 0.834326 -0.362648 -0.176412 0.705434 -0.686471 -0.549198 0.798675 -0.245968 -0.355186 0.671219 -0.650621 -0.62033 0.784277 -0.00996131 -0.382019 0.714747 -0.585831 -0.791557 0.417639 0.446111 -0.518311 0.662641 -0.540611 -0.922869 0.375332 0.0862469 -0.290536 0.65118 -0.701109 -0.875228 0.479879 -0.0607669 -0.185852 0.710515 -0.678696 -0.857207 0.506442 -0.0933416 -0.110563 0.679042 -0.725726 -0.837679 0.54004 -0.0815461 -0.0803617 0.67899 -0.729736 -0.73191 0.639875 -0.234238 -0.300047 0.746829 -0.59348 -0.667509 0.527923 -0.525099 -0.523674 0.741606 -0.419268 -0.671302 0.549008 -0.49794 -0.39736 0.756686 -0.519163 -0.677131 0.584189 -0.447457 -0.283201 0.774672 -0.565403 -0.537517 0.578055 -0.613944 -0.311582 0.765857 -0.562477 -0.424492 0.534011 -0.73119 -0.269326 0.743453 -0.612161 -0.650105 0.451208 -0.611371 -0.0930207 0.716612 -0.691241 -0.529033 0.673201 -0.516648 0.292371 0.729447 -0.618406 -0.470658 0.844949 -0.254052 0.442605 0.732035 -0.517905 -0.368006 0.916562 -0.15648 0.503927 0.659055 -0.558305 -0.286662 0.955635 0.0677228 0.461976 0.631948 -0.62227 -0.196943 0.940776 0.275959 0.40176 0.61938 -0.674505 -0.0879802 0.937124 0.337725 0.280656 0.605728 -0.744531 0.0249412 0.928445 0.370631 0.125218 0.581376 -0.803942 -0.318742 0.935273 0.153845 -0.0418778 0.467009 -0.88326 -0.152131 0.778652 -0.608734 0.427722 0.615847 -0.661654 -0.515726 0.584069 -0.62681 -0.59495 0.569091 -0.5676 0.3596 0.636075 -0.682713 -0.567804 0.6055 -0.557645 0.301976 0.6576 -0.690198 -0.613136 0.628227 -0.478951 0.142248 0.658434 -0.739074 -0.600198 0.660103 -0.451693 -0.0739918 0.628882 -0.773972 -0.693202 0.63327 -0.344151 -0.269686 0.539086 -0.797907 -0.785265 0.559645 -0.264871 -0.469817 0.454956 -0.756497 -0.863333 0.478704 -0.159682 -0.672942 0.383355 -0.632605 -0.923147 0.383007 -0.0332546 -0.844083 0.348704 -0.407346 -0.951387 0.281939 0.123992 -0.927009 0.360395 -0.103777 -0.967178 0.132581 0.216768 0.927349 0.359587 -0.103544 0.842312 0.352381 -0.407845 0.950719 0.283177 0.126274 0.967424 0.132092 0.215969 0.670408 0.388002 -0.632461 0.922959 0.383549 -0.0321937 0.467007 0.459557 -0.755455 0.863238 0.479224 -0.158631 0.267231 0.542776 -0.79623 0.785255 0.560035 -0.264074 0.0713263 0.632582 -0.771202 0.693264 0.633891 -0.342881 -0.143201 0.65993 -0.737554 0.600123 0.659617 -0.452501 -0.303409 0.661186 -0.686132 0.613191 0.62982 -0.476785 -0.359777 0.637475 -0.681312 0.56774 0.606734 -0.556368 -0.427124 0.621295 -0.656931 0.515634 0.584895 -0.626114 0.125419 0.748743 -0.650887 0.592882 0.595851 -0.541713 -0.118312 0.960925 -0.250251 -0.00456445 0.931624 0.363395 -0.109817 0.585037 -0.803537 0.0330148 0.463991 -0.885225 0.0918158 0.937603 0.335366 -0.276464 0.606639 -0.745357 0.201639 0.940892 0.272146 -0.394656 0.619946 -0.67817 0.288671 0.955197 0.0653233 -0.458768 0.631388 -0.625205 0.369506 0.915448 -0.15944 -0.502016 0.657863 -0.561424 0.461308 0.857893 -0.226305 -0.448636 0.740811 -0.499925 0.537272 0.652616 -0.534257 -0.293069 0.710472 -0.639797 0.648889 0.453439 -0.611012 0.0909888 0.710919 -0.697362 0.424834 0.533648 -0.731256 0.268725 0.741566 -0.614708 0.540334 0.575271 -0.614087 0.311648 0.766665 -0.561338 0.67821 0.583057 -0.447298 0.283029 0.773154 -0.567562 0.670738 0.54961 -0.498036 0.397483 0.752906 -0.524539 0.669601 0.525863 -0.524502 0.523649 0.741934 -0.418718 0.733923 0.63785 -0.233462 0.298846 0.753024 -0.586213 0.839993 0.536402 -0.0817576 0.0803752 0.678846 -0.729868 0.857152 0.506535 -0.0933437 0.110625 0.67793 -0.726755 0.874964 0.480358 -0.0607764 0.185859 0.710297 -0.678922 0.928869 0.359897 0.0876197 0.290751 0.631398 -0.718888 0.768156 0.445637 0.459722 0.477664 0.719435 -0.504232 0.629981 0.775977 -0.0313787 0.406456 0.701757 -0.58509 0.549368 0.798273 -0.246891 0.355585 0.670951 -0.650679 0.415184 0.833967 -0.363485 0.176814 0.705151 -0.686658 0.348497 0.846022 -0.40348 0.0669315 0.743428 -0.665458 0.319244 0.829296 -0.45864 0.164776 0.711644 -0.682943 0.194816 0.823987 -0.532064 0.18354 0.7106 -0.679235 -0.0326884 0.747772 -0.66315 0.191728 0.696316 -0.691654 -0.22985 0.667866 -0.707901 0.304159 0.646586 -0.699581 -0.484467 0.597918 -0.638581 0.0373623 0.846607 -0.530906 </float_array>
          <technique_common>
            <accessor count="1608" offset="0" source="#meshId0-bitangents-array" stride="3">
              <param name="X" type="float" />
              <param name="Y" type="float" />
              <param name="Z" type="float" />
            </accessor>
          </technique_common>
        </source>
        <source id="meshId0-tex0" name="meshId0-tex0">
          <float_array id="meshId0-tex0-array" count="3216"> 0.253186 0.694506 0.296002 0.738658 0.291686 0.741236 0.28701 0.742909 0.28208 0.74352 0.277154 0.743151 0.27235 0.741824 0.267806 0.739484 0.263684 0.73617 0.240516 0.709353 0.255256 0.691654 0.242401 0.668995 0.276712 0.685495 0.279399 0.687249 0.284808 0.688112 0.289982 0.689992 0.294759 0.69278 0.298955 0.696367 0.302376 0.700608 0.305012 0.705421 0.306598 0.710652 0.307138 0.716017 0.30672 0.721339 0.305334 0.726486 0.302963 0.731159 0.299808 0.735261 0.30084 0.764759 0.309 0.759843 0.292112 0.768144 0.28301 0.769892 0.27373 0.769931 0.264467 0.768197 0.255436 0.764638 0.246888 0.759225 0.216651 0.738988 0.228585 0.723937 0.237583 0.64551 0.236305 0.612592 0.275972 0.660908 0.288682 0.661565 0.278372 0.660301 0.299175 0.664435 0.308513 0.669789 0.317509 0.676361 0.321847 0.687841 0.33075 0.7051 0.335312 0.715026 0.334353 0.721677 0.331528 0.727732 0.327869 0.737309 0.322744 0.74596 0.316377 0.753525 0.309515 0.787817 0.321248 0.780758 0.297135 0.792786 0.284291 0.795572 0.271115 0.796126 0.257753 0.794381 0.244416 0.790215 0.231395 0.78345 0.198406 0.764539 0.264597 0.630743 0.239778 0.591275 0.281147 0.632211 0.266688 0.629973 0.295429 0.637056 0.309043 0.644235 0.326929 0.66454 0.31951 0.674714 0.311024 0.668691 0.311322 0.64461 0.360931 0.705986 0.33651 0.712094 0.333245 0.70398 0.36501 0.690735 0.362834 0.723433 0.361467 0.708432 0.355623 0.735941 0.349565 0.749121 0.341614 0.761145 0.332061 0.771783 0.318168 0.810753 0.333275 0.80174 0.302481 0.817103 0.286297 0.820808 0.269574 0.82195 0.252341 0.820521 0.234788 0.816335 0.217221 0.809026 0.181099 0.791698 0.243742 0.5763 0.258844 0.610769 0.261135 0.610805 0.281704 0.623633 0.296299 0.627632 0.311416 0.635524 0.313625 0.636259 0.329746 0.645885 0.388536 0.702668 0.392941 0.687762 0.388572 0.72423 0.388741 0.7052 0.379317 0.745109 0.370935 0.761499 0.360195 0.776671 0.347464 0.790247 0.32732 0.834094 0.345671 0.823304 0.308602 0.841627 0.289375 0.846145 0.269297 0.847934 0.248268 0.847059 0.226531 0.843284 0.204461 0.836101 0.165068 0.820401 0.276201 0.560043 0.262898 0.597576 0.249895 0.5565 0.258124 0.536324 0.294904 0.573365 0.282373 0.611551 0.265023 0.598368 0.27822 0.560534 0.306993 0.588038 0.297376 0.614461 0.322352 0.60123 0.31683 0.621199 0.325264 0.615995 0.326864 0.630523 0.318905 0.621854 0.324573 0.601317 0.417016 0.70268 0.419033 0.683794 0.414517 0.727273 0.416499 0.705189 0.40317 0.755171 0.39264 0.774597 0.379172 0.792874 0.363239 0.809372 0.337455 0.858406 0.358987 0.845927 0.315854 0.867068 0.293708 0.872445 0.270307 0.875006 0.245454 0.874833 0.219547 0.871651 0.193135 0.864872 0.150691 0.850552 0.268407 0.517408 0.279453 0.533803 0.2809 0.539048 0.294654 0.557753 0.304817 0.576329 0.321205 0.590318 0.44387 0.716395 0.451508 0.676762 0.437059 0.742749 0.443029 0.718636 0.427929 0.766052 0.415329 0.78868 0.399143 0.810146 0.379967 0.829598 0.343427 0.873032 0.342884 0.869866 0.365091 0.85707 0.365897 0.860239 0.321422 0.881782 0.320695 0.878802 0.298819 0.887413 0.297963 0.884495 0.274379 0.890432 0.273906 0.887417 0.247972 0.890754 0.248327 0.887619 0.220463 0.888089 0.221632 0.884846 0.192179 0.882051 0.194512 0.878757 0.162671 0.873277 0.164173 0.869414 0.498868 0.627053 0.491467 0.626558 0.501209 0.616784 0.502491 0.616623 0.50089 0.650927 0.488117 0.649765 0.470426 0.720965 0.492743 0.664838 0.449671 0.751781 0.446562 0.750806 0.449958 0.738113 0.453145 0.738845 0.439885 0.776027 0.436835 0.774938 0.426404 0.799679 0.423574 0.798245 0.409026 0.822396 0.406711 0.820329 0.388338 0.843076 0.386809 0.840318 0.363361 0.914902 0.349639 0.885879 0.37474 0.871558 0.392115 0.898388 0.334892 0.926501 0.324801 0.895786 0.305826 0.934133 0.299434 0.902158 0.274996 0.938319 0.272449 0.905479 0.242267 0.939002 0.243649 0.905684 0.208557 0.936034 0.213756 0.902587 0.174937 0.929495 0.183606 0.896186 0.126333 0.915827 0.13738 0.88252 0.504071 0.627176 0.504125 0.616563 0.503942 0.651024 0.503741 0.728809 0.472028 0.724199 0.49474 0.665953 0.503884 0.665854 0.496541 0.760836 0.465474 0.751434 0.484588 0.791786 0.455105 0.778201 0.467828 0.821837 0.440641 0.804436 0.446199 0.850554 0.421891 0.829627 0.420387 0.876625 0.399414 0.852517 0.323116 0.589304 0.327477 0.599495 0.325264 0.615995 0.336297 0.69189 0.346296 0.69232 0.32442 0.686646 0.500401 0.659561 0.477402 0.662412 0.503893 0.659613 0.478308 0.666988 0.49291 0.663965 0.328562 0.679586 0.276138 0.505171 0.280953 0.514462 0.294005 0.537515 0.296414 0.556584 0.307315 0.556284 0.30653 0.574984 0.32209 0.574313 0.330864 0.584057 0.240186 0.705877 0.216006 0.687497 0.221603 0.685746 0.248653 0.695936 0.177385 0.71783 0.194875 0.702103 0.157287 0.744411 0.137682 0.772601 0.119094 0.802228 0.102017 0.833145 0.0869058 0.865352 0.0743664 0.898899 0.195294 0.683596 0.193348 0.699904 0.166108 0.691151 0.175404 0.715954 0.143856 0.706301 0.155049 0.742798 0.122743 0.732535 0.135311 0.771042 0.101666 0.760584 0.116558 0.800744 0.081503 0.789844 0.0992896 0.831767 0.0628696 0.820151 0.0839729 0.864112 0.046345 0.851633 0.0710207 0.898044 0.0324762 0.885041 0.215607 0.690612 0.753414 0.695304 0.71503 0.741778 0.710739 0.739206 0.719681 0.743449 0.724586 0.744061 0.729489 0.743698 0.734272 0.742383 0.738797 0.740058 0.742904 0.736764 0.765994 0.710102 0.751346 0.692448 0.729989 0.686306 0.764155 0.669877 0.721927 0.688902 0.727312 0.688046 0.716776 0.69077 0.71202 0.693543 0.707843 0.697111 0.704436 0.701329 0.701809 0.706119 0.700225 0.711321 0.699682 0.716659 0.700093 0.721956 0.701466 0.72708 0.70382 0.731734 0.706955 0.735821 0.705893 0.76518 0.697777 0.760276 0.714576 0.768558 0.723634 0.770308 0.73287 0.770357 0.742092 0.76864 0.751084 0.765106 0.759596 0.759727 0.777849 0.724629 0.789709 0.739619 0.768948 0.646489 0.730729 0.661827 0.770206 0.613712 0.718074 0.662479 0.728335 0.661222 0.707633 0.665335 0.698344 0.670662 0.689389 0.677192 0.685071 0.688618 0.676211 0.705784 0.671655 0.715635 0.672599 0.722255 0.675401 0.728285 0.679027 0.737821 0.684115 0.746439 0.690442 0.753978 0.69723 0.788123 0.685558 0.781081 0.70955 0.793084 0.722334 0.79587 0.735449 0.796433 0.748751 0.794708 0.762029 0.790573 0.774993 0.783851 0.807838 0.765062 0.742045 0.631794 0.766738 0.592488 0.725568 0.633258 0.739962 0.631026 0.711353 0.638085 0.697805 0.645236 0.68003 0.66544 0.69554 0.645608 0.695847 0.669564 0.687405 0.675558 0.646207 0.706603 0.642196 0.691431 0.673715 0.704653 0.67047 0.712722 0.644258 0.723949 0.645652 0.70903 0.651408 0.736412 0.657413 0.749542 0.665308 0.761526 0.674804 0.772131 0.688591 0.810952 0.673556 0.80196 0.704205 0.817289 0.720316 0.820991 0.736963 0.82214 0.754117 0.820729 0.771591 0.816576 0.789078 0.809315 0.825034 0.792101 0.747765 0.611906 0.762782 0.577579 0.725011 0.624719 0.745485 0.611939 0.710484 0.628705 0.69544 0.636567 0.677214 0.646894 0.693241 0.637299 0.618749 0.703214 0.614425 0.688361 0.61864 0.724676 0.618532 0.705732 0.627801 0.745488 0.636113 0.761826 0.646782 0.776956 0.659441 0.790496 0.679456 0.834189 0.661187 0.823423 0.698091 0.841705 0.717235 0.846216 0.737223 0.848008 0.758155 0.847147 0.77979 0.843401 0.801756 0.836266 0.840962 0.82067 0.730452 0.561416 0.748436 0.537797 0.756638 0.557873 0.743723 0.598773 0.711852 0.574678 0.728454 0.561889 0.741609 0.599559 0.724342 0.612691 0.699822 0.589292 0.709406 0.615594 0.684539 0.602432 0.690041 0.62231 0.68164 0.617132 0.682326 0.602518 0.687975 0.622963 0.680055 0.631603 0.590392 0.703117 0.588469 0.684293 0.592792 0.72763 0.59089 0.705622 0.604019 0.755452 0.614467 0.77483 0.627852 0.793065 0.643702 0.809525 0.669342 0.858399 0.647899 0.845949 0.690855 0.867039 0.712908 0.872402 0.736208 0.874957 0.760945 0.87479 0.786728 0.871633 0.813008 0.864902 0.855249 0.850671 0.7382 0.518972 0.727213 0.535297 0.725738 0.540501 0.712088 0.55914 0.701981 0.577632 0.685673 0.59157 0.563557 0.716689 0.556129 0.67712 0.570287 0.742984 0.564392 0.718931 0.57932 0.766233 0.591827 0.788818 0.607923 0.810245 0.62701 0.829657 0.663381 0.872964 0.641003 0.860202 0.641809 0.857046 0.663924 0.869811 0.685296 0.881697 0.686024 0.878728 0.707809 0.887312 0.708663 0.884405 0.732149 0.890322 0.732621 0.88732 0.758439 0.890648 0.758088 0.887527 0.785823 0.887997 0.784659 0.88477 0.813945 0.881995 0.81163 0.878708 0.841931 0.869452 0.843387 0.873322 0.509274 0.627106 0.505757 0.61664 0.507039 0.616814 0.516681 0.626688 0.519788 0.649936 0.506995 0.650957 0.537045 0.721112 0.515065 0.665001 0.557643 0.751933 0.554199 0.739065 0.557363 0.73838 0.560734 0.750972 0.567355 0.776147 0.570399 0.775066 0.580757 0.799761 0.583581 0.798335 0.598051 0.822439 0.600362 0.820382 0.618651 0.843079 0.620178 0.840332 0.64352 0.914684 0.61486 0.898227 0.632187 0.871488 0.657195 0.885765 0.671888 0.926235 0.681937 0.895639 0.700841 0.933826 0.707201 0.901983 0.73154 0.937981 0.734069 0.905287 0.764117 0.938648 0.762736 0.905489 0.797659 0.935684 0.792481 0.902405 0.831104 0.929169 0.822485 0.896031 0.868465 0.882461 0.879439 0.915585 0.513038 0.666003 0.535443 0.724323 0.510838 0.76084 0.541894 0.751544 0.522705 0.791784 0.552168 0.77829 0.539387 0.821816 0.566545 0.804496 0.560941 0.850499 0.58521 0.82965 0.586674 0.876521 0.607602 0.852495 0.68164 0.617132 0.679437 0.600707 0.683769 0.590562 0.67069 0.692627 0.682512 0.687424 0.660775 0.693069 0.50738 0.659589 0.530371 0.662722 0.514766 0.664209 0.529442 0.667213 0.678397 0.680397 0.725711 0.51605 0.730492 0.506796 0.710325 0.557963 0.712727 0.538989 0.700276 0.576291 0.699477 0.557672 0.684781 0.575634 0.676051 0.585343 0.766333 0.706636 0.757918 0.696728 0.784846 0.686623 0.790412 0.688372 0.811418 0.702937 0.828802 0.718608 0.848769 0.745077 0.868244 0.773143 0.886704 0.80263 0.903659 0.833389 0.918659 0.865419 0.931108 0.898772 0.811024 0.684522 0.840051 0.692077 0.812937 0.700753 0.830774 0.716744 0.862174 0.707176 0.850998 0.743475 0.883148 0.733301 0.870604 0.771594 0.904082 0.761229 0.889228 0.801156 0.924099 0.790355 0.906371 0.832021 0.942589 0.820508 0.921574 0.864187 0.95898 0.851813 0.934428 0.897919 0.972736 0.885017 0.790797 0.69148 0.360847 0.849364 0.339127 0.861936 0.382037 0.832913 0.401422 0.813308 0.417802 0.791667 0.430595 0.768851 0.439919 0.745309 0.445138 0.724656 0.466144 0.728918 0.460446 0.751698 0.450234 0.777636 0.436069 0.80302 0.417753 0.827395 0.395849 0.849551 0.371895 0.867962 0.347651 0.881764 0.323746 0.891289 0.299291 0.897442 0.273138 0.900695 0.245112 0.900962 0.215978 0.898023 0.186416 0.891793 0.145433 0.879661 0.154886 0.856422 0.19367 0.869134 0.220277 0.875691 0.246409 0.878741 0.271467 0.878802 0.295054 0.876139 0.317363 0.870674 0.667673 0.861913 0.646043 0.849372 0.689348 0.870632 0.711565 0.876081 0.735052 0.878738 0.759995 0.878683 0.786003 0.875654 0.812474 0.869136 0.851107 0.85652 0.860474 0.87963 0.819682 0.89167 0.790275 0.897873 0.761281 0.900796 0.733383 0.900529 0.707341 0.897291 0.682985 0.891162 0.659175 0.881664 0.635023 0.867901 0.611158 0.849537 0.58934 0.827424 0.571109 0.803086 0.557029 0.777735 0.546915 0.751824 0.541281 0.729067 0.562252 0.724946 0.56741 0.745521 0.576646 0.769016 0.589353 0.791791 0.605646 0.813393 0.624943 0.832959 0.363311 0.853716 0.341272 0.866442 0.384834 0.837069 0.404543 0.817221 0.421226 0.795299 0.434311 0.77217 0.44389 0.748259 0.448108 0.732187 0.458752 0.734485 0.454329 0.751541 0.444371 0.776536 0.430606 0.800966 0.41283 0.824435 0.391612 0.845783 0.368496 0.863508 0.345229 0.876748 0.322368 0.88584 0.298932 0.891702 0.273725 0.894818 0.246595 0.895096 0.218357 0.892276 0.189509 0.886144 0.155209 0.875931 0.159963 0.863945 0.19388 0.874653 0.220819 0.880959 0.24732 0.883845 0.272715 0.883751 0.296613 0.880931 0.319214 0.875319 0.665533 0.8664 0.643584 0.853706 0.687501 0.875258 0.71001 0.880855 0.733808 0.883668 0.759088 0.883768 0.785465 0.880899 0.812262 0.874618 0.846098 0.864005 0.850783 0.875944 0.816597 0.88606 0.787912 0.89216 0.759808 0.894963 0.7328 0.894683 0.707697 0.891579 0.684355 0.885736 0.661586 0.876666 0.638412 0.863461 0.615386 0.845779 0.594254 0.824472 0.576563 0.801041 0.56288 0.776647 0.553014 0.751683 0.548632 0.734673 0.559245 0.732475 0.563417 0.748446 0.572926 0.772314 0.58593 0.795404 0.602529 0.817288 0.62215 0.837096 0.682521 0.29552 0.679991 0.291431 0.737968 0.281357 0.685808 0.299132 0.689737 0.302031 0.693828 0.303922 0.698243 0.305078 0.703027 0.3055 0.708002 0.305055 0.738648 0.29776 0.719041 0.255837 0.774677 0.269055 0.713724 0.253304 0.707993 0.251985 0.702196 0.25182 0.696504 0.252869 0.691261 0.254908 0.686524 0.258069 0.682755 0.262107 0.679987 0.266591 0.678095 0.27135 0.677115 0.276637 0.677209 0.281955 0.678194 0.286866 0.665975 0.31067 0.661304 0.30364 0.671499 0.31672 0.67781 0.32169 0.684797 0.325499 0.692386 0.328107 0.700503 0.329427 0.709121 0.329372 0.73935 0.313571 0.740073 0.329514 0.741036 0.228768 0.83185 0.212104 0.800837 0.247525 0.728803 0.223184 0.714755 0.219643 0.700943 0.220438 0.68771 0.223063 0.677295 0.23361 0.661609 0.247713 0.654287 0.255643 0.653095 0.261535 0.653654 0.268006 0.653605 0.277873 0.654969 0.287113 0.657592 0.295743 0.651033 0.325313 0.644427 0.315836 0.658573 0.333454 0.667003 0.340218 0.676308 0.345604 0.686467 0.349586 0.697445 0.352056 0.709318 0.352837 0.740388 0.354722 0.778961 0.204317 0.847965 0.183888 0.759957 0.194998 0.738962 0.189788 0.716902 0.188741 0.678658 0.202758 0.632292 0.241842 0.634724 0.221005 0.627109 0.254846 0.630096 0.267651 0.631502 0.281013 0.634481 0.293472 0.638855 0.305153 0.636928 0.339591 0.628531 0.328057 0.646237 0.349402 0.656495 0.357593 0.667788 0.364346 0.68016 0.369738 0.693606 0.373648 0.708306 0.375795 0.739749 0.379769 0.802078 0.186293 0.85805 0.161906 0.766297 0.184127 0.74525 0.177512 0.720277 0.17631 0.685881 0.175985 0.608165 0.232312 0.608753 0.212321 0.604252 0.249433 0.607503 0.269371 0.610376 0.285354 0.615004 0.300562 0.621146 0.314931 0.622986 0.353705 0.612908 0.340435 0.633866 0.364836 0.645723 0.374182 0.658805 0.382189 0.6732 0.389039 0.688855 0.394567 0.705977 0.398407 0.737948 0.404479 0.870529 0.131881 0.808689 0.168243 0.827365 0.109674 0.88083 0.0986526 0.775432 0.169429 0.793676 0.111124 0.75432 0.16095 0.764621 0.119615 0.724346 0.154558 0.733077 0.124722 0.701649 0.157573 0.714306 0.140324 0.583227 0.227538 0.584709 0.204969 0.581475 0.247167 0.585393 0.2725 0.589662 0.290646 0.595864 0.308289 0.603744 0.325112 0.60814 0.368374 0.596429 0.353516 0.620493 0.380695 0.633856 0.391137 0.648675 0.400394 0.665065 0.408696 0.682844 0.415797 0.702141 0.421314 0.734706 0.428765 0.844388 0.0793803 0.886494 0.0633834 0.808361 0.0911383 0.778033 0.106386 0.743709 0.110536 0.558284 0.235832 0.555713 0.195264 0.559619 0.256563 0.562818 0.27683 0.568282 0.297016 0.575941 0.316965 0.585508 0.336127 0.589164 0.359831 0.601148 0.374809 0.600731 0.376016 0.588686 0.361127 0.613691 0.387226 0.613083 0.388143 0.627221 0.397822 0.626413 0.398587 0.642237 0.407328 0.641503 0.408222 0.658856 0.415941 0.658457 0.417164 0.676867 0.423415 0.676763 0.425023 0.696174 0.429355 0.696669 0.431484 0.718567 0.435133 0.7181 0.437448 0.508857 0.132291 0.520525 0.144948 0.511527 0.145214 0.506904 0.132353 0.509155 0.17209 0.522798 0.171397 0.533651 0.237838 0.515697 0.186157 0.549878 0.251259 0.550677 0.261817 0.548697 0.262108 0.547549 0.251461 0.554324 0.282387 0.552619 0.282561 0.5601 0.302743 0.558642 0.302975 0.568042 0.322901 0.566886 0.32346 0.577918 0.342269 0.577134 0.343283 0.57962 0.366754 0.592985 0.383081 0.575578 0.399382 0.560548 0.38122 0.606758 0.396543 0.591033 0.414452 0.621495 0.408139 0.607518 0.427479 0.637947 0.418652 0.62583 0.439286 0.656265 0.42818 0.646086 0.449946 0.675987 0.436449 0.667691 0.459134 0.696938 0.443302 0.690225 0.46672 0.730286 0.452683 0.724497 0.476337 0.505159 0.145417 0.504738 0.132423 0.506016 0.172244 0.507909 0.239779 0.506459 0.186415 0.536245 0.259887 0.511023 0.263911 0.540616 0.281847 0.516213 0.287885 0.547098 0.303875 0.523712 0.311985 0.555926 0.325997 0.533781 0.336255 0.566982 0.347402 0.546298 0.359819 0.724312 0.117424 0.65204 0.227195 0.659751 0.22953 0.532106 0.184528 0.509513 0.180402 0.506274 0.180571 0.670523 0.220537 0.866014 0.0425134 0.889173 0.0295721 0.825999 0.0613503 0.791665 0.0740053 0.756075 0.084141 0.732561 0.0895401 0.765514 0.289926 0.765544 0.29808 0.773114 0.316056 0.77653 0.334734 0.776672 0.360827 0.776095 0.387028 0.774542 0.412928 0.771783 0.438218 0.767601 0.46273 0.761788 0.486482 0.784188 0.302385 0.799018 0.322709 0.805701 0.34353 0.806132 0.369796 0.805933 0.396188 0.804839 0.422253 0.80254 0.447605 0.798677 0.472046 0.792854 0.495723 0.341967 0.297344 0.339641 0.301304 0.286265 0.288075 0.336572 0.304822 0.332866 0.307665 0.328983 0.309538 0.324774 0.310706 0.320194 0.311166 0.315417 0.310786 0.285703 0.304008 0.25219 0.27622 0.304054 0.264253 0.309078 0.261795 0.314486 0.260467 0.319961 0.260215 0.325354 0.261101 0.330351 0.262932 0.334898 0.2658 0.338581 0.26952 0.341335 0.273696 0.343266 0.278166 0.344342 0.28317 0.344391 0.288239 0.343575 0.292946 0.36026 0.308599 0.35594 0.315492 0.350754 0.321456 0.34477 0.326387 0.338097 0.330202 0.33081 0.332856 0.322982 0.334264 0.31464 0.334336 0.284627 0.334862 0.285161 0.319368 0.283614 0.239084 0.228108 0.255958 0.199884 0.222809 0.294889 0.233876 0.307826 0.230473 0.320578 0.230969 0.332845 0.233113 0.342782 0.242559 0.358026 0.255194 0.365351 0.26241 0.366736 0.26797 0.36646 0.274164 0.366867 0.283608 0.365868 0.292519 0.363611 0.300895 0.37692 0.319929 0.37077 0.329286 0.363658 0.33736 0.355632 0.344106 0.346715 0.349521 0.33693 0.353574 0.326316 0.356161 0.3148 0.357108 0.284635 0.359372 0.185607 0.196409 0.248755 0.216367 0.266257 0.207972 0.285464 0.203262 0.30557 0.202222 0.340596 0.214364 0.382335 0.228181 0.385809 0.248091 0.391438 0.260374 0.389122 0.272867 0.388294 0.285826 0.385859 0.297977 0.382003 0.309422 0.392704 0.331355 0.384839 0.3428 0.376018 0.352571 0.366218 0.360769 0.355367 0.36757 0.343429 0.37305 0.330413 0.377089 0.316143 0.379416 0.285596 0.383742 0.227758 0.199542 0.17739 0.175952 0.260526 0.198007 0.279742 0.192082 0.302414 0.190959 0.333556 0.190228 0.406921 0.218184 0.408654 0.237588 0.413346 0.254032 0.411103 0.273574 0.408958 0.289232 0.40501 0.304191 0.399504 0.318368 0.408281 0.342988 0.398788 0.356207 0.388434 0.367329 0.377068 0.376707 0.364469 0.38478 0.350558 0.391727 0.335393 0.397384 0.318766 0.401402 0.287698 0.407792 0.1673 0.14851 0.159274 0.118546 0.206627 0.129734 0.222103 0.182936 0.236774 0.131698 0.252311 0.18454 0.262707 0.139735 0.271572 0.17703 0.290929 0.144573 0.298648 0.171342 0.307628 0.15855 0.319071 0.173884 0.429964 0.209476 0.432747 0.231558 0.435487 0.250707 0.432814 0.275682 0.429371 0.2936 0.423944 0.311069 0.416787 0.327759 0.424756 0.355335 0.413666 0.37018 0.40186 0.382523 0.389011 0.393021 0.374707 0.40236 0.358845 0.410766 0.341606 0.417999 0.322866 0.423681 0.291206 0.431431 0.155055 0.0870206 0.19214 0.102296 0.224031 0.11355 0.250875 0.127693 0.281527 0.131816 0.458004 0.198156 0.457738 0.238426 0.457413 0.258895 0.455151 0.278972 0.450575 0.299036 0.443753 0.318894 0.43497 0.337988 0.432043 0.361332 0.432547 0.362591 0.421108 0.377488 0.42067 0.376315 0.409283 0.389653 0.408667 0.388769 0.396449 0.400159 0.395644 0.399429 0.381869 0.40988 0.381134 0.409021 0.365452 0.41893 0.365039 0.41774 0.347694 0.426917 0.347564 0.425342 0.328365 0.433533 0.328806 0.431439 0.306972 0.4375 0.307464 0.439687 0.500619 0.13256 0.502572 0.132494 0.498792 0.145627 0.489799 0.145943 0.502876 0.172292 0.489234 0.172472 0.497228 0.186762 0.482228 0.239122 0.466811 0.253252 0.469113 0.253302 0.468478 0.263881 0.466513 0.26369 0.465447 0.28421 0.463758 0.284108 0.460279 0.304547 0.458835 0.304373 0.452863 0.324979 0.451708 0.324467 0.443397 0.344766 0.442596 0.343792 0.441592 0.367886 0.460714 0.381638 0.446337 0.399859 0.428867 0.384239 0.43146 0.414995 0.415657 0.397748 0.415523 0.428103 0.401451 0.409411 0.397772 0.440005 0.385538 0.42001 0.378103 0.45078 0.367783 0.429648 0.3571 0.460103 0.348638 0.438048 0.335176 0.467844 0.328277 0.445061 0.295854 0.454699 0.301834 0.477714 0.505894 0.263984 0.480672 0.261099 0.50169 0.288042 0.47727 0.283014 0.495107 0.312221 0.471698 0.305019 0.485909 0.33656 0.463737 0.327127 0.474216 0.360183 0.453495 0.348527 0.298783 0.138117 0.35896 0.237988 0.366115 0.235193 0.503031 0.180613 0.480806 0.186122 0.348549 0.230244 0.173774 0.0689572 0.153492 0.0568871 0.208917 0.0866499 0.239218 0.0985746 0.270792 0.108123 0.29169 0.113194 0.259514 0.296604 0.259548 0.304549 0.252348 0.322128 0.249222 0.340354 0.249391 0.365771 0.250284 0.391295 0.252137 0.416526 0.255167 0.441157 0.259578 0.465018 0.265572 0.48812 0.227178 0.328886 0.241422 0.30892 0.220898 0.34926 0.220788 0.374871 0.221307 0.400606 0.222708 0.426017 0.225283 0.450724 0.229378 0.474524 0.235377 0.497554 0.593949 0.35564 0.605757 0.370548 0.582932 0.338178 0.573293 0.318931 0.565589 0.298896 0.560084 0.278656 0.556768 0.258257 0.555712 0.240383 0.537874 0.241778 0.540209 0.260647 0.544536 0.282098 0.550943 0.303574 0.559629 0.325132 0.570451 0.345986 0.582751 0.364805 0.59568 0.380624 0.608954 0.393632 0.623179 0.404868 0.63914 0.41513 0.656983 0.424508 0.676229 0.432697 0.696805 0.439517 0.726211 0.44782 0.729466 0.430671 0.700207 0.423864 0.680904 0.418254 0.663023 0.411086 0.646537 0.402716 0.631634 0.393395 0.618194 0.382905 0.416052 0.37225 0.427243 0.357349 0.40416 0.384635 0.391232 0.395184 0.37684 0.40459 0.360881 0.413067 0.343538 0.420367 0.32479 0.426137 0.296335 0.43324 0.299755 0.449901 0.328357 0.441366 0.348341 0.434392 0.367017 0.426074 0.384306 0.416588 0.399738 0.406241 0.413444 0.394941 0.426167 0.381889 0.438467 0.366051 0.450043 0.347233 0.460061 0.326393 0.467893 0.304861 0.473408 0.283424 0.476783 0.262041 0.478238 0.243238 0.460506 0.242791 0.460316 0.260437 0.457925 0.280661 0.453292 0.300785 0.446418 0.320738 0.437557 0.339924 0.590938 0.358162 0.602887 0.373164 0.579769 0.340592 0.569985 0.321231 0.562145 0.301077 0.556503 0.280715 0.553038 0.260166 0.552236 0.246487 0.543396 0.247199 0.54518 0.261317 0.549315 0.282188 0.555528 0.303051 0.563974 0.323995 0.57448 0.34426 0.586368 0.362516 0.598796 0.377792 0.611526 0.390292 0.625218 0.401091 0.640673 0.411016 0.658011 0.420155 0.67673 0.428153 0.696939 0.434805 0.72167 0.441858 0.723325 0.433279 0.697984 0.427333 0.678624 0.421507 0.66062 0.414174 0.644014 0.405659 0.628996 0.396209 0.615445 0.385612 0.418927 0.374744 0.430261 0.359742 0.406913 0.387225 0.393871 0.397884 0.379363 0.407421 0.363283 0.416043 0.345816 0.423509 0.327008 0.429487 0.302344 0.435729 0.304086 0.444026 0.328156 0.43677 0.347777 0.429969 0.365938 0.421841 0.382731 0.412595 0.397668 0.402585 0.410854 0.391723 0.423046 0.379183 0.434857 0.363895 0.446033 0.34565 0.455747 0.325412 0.463352 0.30451 0.468694 0.283708 0.471907 0.262935 0.473026 0.248881 0.464237 0.24866 0.4641 0.262163 0.461541 0.282547 0.456761 0.302806 0.449743 0.322889 0.44073 0.342201 0.239144 0.670714 0.253186 0.694506 0.252464 0.693469 0.236158 0.672046 0.232377 0.612358 0.233425 0.646132 0.230001 0.646656 0.229056 0.6123 0.235783 0.590492 0.232526 0.589806 0.239886 0.57515 0.236757 0.574217 0.331439 0.664573 0.33316 0.645861 0.336349 0.64574 0.334817 0.664678 0.392289 0.683146 0.36444 0.686181 0.364054 0.682223 0.391893 0.679198 0.254806 0.534681 0.246403 0.555183 0.243414 0.554174 0.251966 0.5334 0.331292 0.63 0.329176 0.616013 0.332422 0.616023 0.334634 0.629446 0.418117 0.679039 0.417406 0.675152 0.265609 0.5153 0.263289 0.513602 0.450317 0.672216 0.449164 0.668499 0.488827 0.625223 0.499581 0.614304 0.501703 0.613485 0.485077 0.648385 0.504142 0.613216 0.331674 0.600039 0.334854 0.600561 0.346147 0.687805 0.339226 0.686326 0.340786 0.683323 0.346114 0.684097 0.475572 0.659238 0.333226 0.677918 0.33614 0.676622 0.276174 0.501739 0.27615 0.500175 0.283759 0.512292 0.285955 0.510511 0.297208 0.535398 0.299773 0.533633 0.310443 0.553891 0.312977 0.551979 0.325291 0.571906 0.3278 0.569955 0.333879 0.583209 0.336584 0.582481 0.223056 0.681363 0.224191 0.677553 0.252464 0.693469 0.194996 0.678685 0.163967 0.686419 0.162163 0.68251 0.194826 0.674505 0.236158 0.672046 0.140541 0.702628 0.137783 0.699457 0.118632 0.729252 0.11529 0.726511 0.0973762 0.757499 0.0938725 0.75488 0.0769883 0.786905 0.0732852 0.784399 0.0581035 0.817412 0.0541632 0.815078 0.0412722 0.849032 0.0370403 0.84684 0.0252377 0.882951 0.0204741 0.880319 0.76741 0.671587 0.77038 0.672905 0.754124 0.694252 0.773089 0.647109 0.774116 0.613479 0.777423 0.613426 0.776499 0.647637 0.770714 0.591709 0.773956 0.591027 0.766624 0.576431 0.769743 0.575507 0.673826 0.646871 0.675557 0.665471 0.672205 0.665554 0.670659 0.646707 0.642788 0.686897 0.615096 0.683766 0.61552 0.679839 0.643213 0.682961 0.760113 0.556561 0.751735 0.536164 0.754563 0.534898 0.763093 0.555567 0.677745 0.617145 0.675632 0.631083 0.672301 0.630497 0.674512 0.617142 0.589404 0.679564 0.590141 0.675699 0.740999 0.516908 0.743304 0.515228 0.557338 0.672595 0.558511 0.668897 0.506577 0.61351 0.508691 0.614349 0.519334 0.625375 0.522838 0.648565 0.675258 0.601244 0.672095 0.601749 0.667799 0.687044 0.660963 0.688613 0.661069 0.684932 0.666279 0.684035 0.532223 0.659561 0.673775 0.678734 0.670878 0.677429 0.73047 0.503387 0.722932 0.513857 0.720739 0.51208 0.730506 0.501832 0.709538 0.53688 0.706982 0.535121 0.696363 0.555291 0.693839 0.55339 0.681601 0.573238 0.679101 0.571297 0.673048 0.5845 0.670353 0.583777 0.783413 0.682294 0.782297 0.678499 0.842187 0.687375 0.811332 0.679631 0.81152 0.675474 0.843993 0.683494 0.865478 0.703527 0.868234 0.700387 0.887242 0.730042 0.890573 0.727325 0.908353 0.758166 0.911846 0.755572 0.928592 0.787439 0.932283 0.78496 0.947331 0.817792 0.951256 0.815486 0.96402 0.849235 0.968232 0.847071 0.979909 0.882932 0.984645 0.880319 0.253225 0.693405 0.240053 0.670206 0.241493 0.669496 0.25409 0.69163 0.234622 0.645954 0.236372 0.645694 0.233502 0.612424 0.235179 0.612525 0.236954 0.590724 0.238628 0.591052 0.241003 0.575488 0.242615 0.575961 0.247404 0.555563 0.248886 0.556118 0.255764 0.535159 0.25717 0.535846 0.266422 0.515913 0.267606 0.51677 0.276188 0.502228 0.276119 0.504756 0.282967 0.512934 0.28176 0.513796 0.296272 0.536016 0.29493 0.536905 0.309534 0.554586 0.308225 0.55559 0.324349 0.572601 0.323029 0.573612 0.333094 0.583433 0.331606 0.583841 0.330443 0.599897 0.328709 0.599649 0.328057 0.616011 0.326387 0.616001 0.329992 0.63014 0.328161 0.630388 0.332217 0.645865 0.330694 0.645873 0.330146 0.664572 0.328248 0.664556 0.331962 0.678367 0.329949 0.67912 0.338371 0.687824 0.337093 0.690432 0.34614 0.689067 0.346249 0.691004 0.3646 0.687504 0.364845 0.689438 0.39248 0.68448 0.392751 0.686437 0.418382 0.680412 0.418765 0.682404 0.450658 0.673523 0.451168 0.675449 0.477648 0.663704 0.478075 0.66563 0.498404 0.66018 0.492486 0.663034 0.754729 0.695081 0.783836 0.683509 0.784425 0.685381 0.757849 0.695568 0.811246 0.681025 0.811108 0.683127 0.84156 0.688747 0.84066 0.690748 0.86454 0.704565 0.863123 0.706123 0.88605 0.73099 0.884337 0.732356 0.907113 0.759053 0.905322 0.760343 0.927289 0.788283 0.925403 0.789512 0.945958 0.818578 0.943962 0.819723 0.962564 0.849982 0.960437 0.85106 0.977832 0.883783 0.974943 0.884627 0.027333 0.883805 0.0427372 0.849785 0.0448788 0.850874 0.0302482 0.884652 0.0594838 0.818204 0.0614896 0.819359 0.0782973 0.787755 0.0801932 0.788994 0.0986211 0.758391 0.100421 0.759692 0.119829 0.730207 0.12155 0.731583 0.141482 0.703673 0.142904 0.70524 0.164595 0.687801 0.165498 0.689813 0.195079 0.680085 0.195213 0.682196 0.222628 0.6826 0.222026 0.684497 0.251872 0.694341 0.248695 0.694826 0.509368 0.66023 0.530132 0.663975 0.529676 0.665852 0.51524 0.663194 0.556992 0.673896 0.556475 0.675813 0.589133 0.680929 0.588742 0.682911 0.6149 0.685094 0.61462 0.687042 0.642621 0.688215 0.642367 0.69014 0.660967 0.68985 0.660827 0.691785 0.668654 0.688552 0.669892 0.691169 0.675035 0.679175 0.677013 0.679932 0.676838 0.665471 0.678721 0.665456 0.674761 0.646877 0.676272 0.646884 0.676933 0.631223 0.678759 0.631469 0.678858 0.617144 0.680522 0.617133 0.676482 0.601103 0.678212 0.60086 0.673831 0.584721 0.675312 0.58513 0.682539 0.573928 0.683846 0.574937 0.697268 0.555983 0.698572 0.556981 0.710469 0.537496 0.711805 0.538381 0.723727 0.514498 0.724903 0.515386 0.730453 0.503872 0.730505 0.506381 0.740196 0.517514 0.738996 0.518339 0.750782 0.536639 0.749384 0.537322 0.759116 0.55694 0.757643 0.557492 0.765511 0.576768 0.763904 0.577241 0.769548 0.591941 0.767882 0.592266 0.772996 0.613544 0.771327 0.613645 0.771896 0.646931 0.770153 0.646673 0.766498 0.671083 0.765061 0.670372 0.753311 0.694227 0.752461 0.692401 </float_array>
          <technique_common>
            <accessor count="1608" offset="0" source="#meshId0-tex0-array" stride="2">
              <param name="S" type="float" />
              <param name="T" type="float" />
            </accessor>
          </technique_common>
        </source>
        <vertices id="meshId0-vertices">
          <input semantic="POSITION" source="#meshId0-positions" />
          <input semantic="NORMAL" source="#meshId0-normals" />
          <input semantic="TANGENT" source="#meshId0-tangents" />
          <input semantic="BINORMAL" source="#meshId0-bitangents" />
          <input semantic="TEXCOORD" source="#meshId0-tex0"  />
        </vertices>
        <polylist count="2960" material="defaultMaterial">
          <input offset="0" semantic="VERTEX" source="#meshId0-vertices" />
          <vcount>3 3 3 3 3 3 3 3 3 3 3 3 3 3 3 3 3 3 3 3 3 3 3 3 3 3 3 3 3 3 3 3 3 3 3 3 3 3 3 3 3 3 3 3 3 3 3 3 3 3 3 3 3 3 3 3 3 3 3 3 3 3 3 3 3 3 3 3 3 3 3 3 3 3 3 3 3 3 3 3 3 3 3 3 3 3 3 3 3 3 3 3 3 3 3 3 3 3 3 3 3 3 3 3 3 3 3 3 3 3 3 3 3 3 3 3 3 3 3 3 3 3 3 3 3 3 3 3 3 3 3 3 3 3 3 3 3 3 3 3 3 3 3 3 3 3 3 3 3 3 3 3 3 3 3 3 3 3 3 3 3 3 3 3 3 3 3 3 3 3 3 3 3 3 3 3 3 3 3 3 3 3 3 3 3 3 3 3 3 3 3 3 3 3 3 3 3 3 3 3 3 3 3 3 3 3 3 3 3 3 3 3 3 3 3 3 3 3 3 3 3 3 3 3 3 3 3 3 3 3 3 3 3 3 3 3 3 3 3 3 3 3 3 3 3 3 3 3 3 3 3 3 3 3 3 3 3 3 3 3 3 3 3 3 3 3 3 3 3 3 3 3 3 3 3 3 3 3 3 3 3 3 3 3 3 3 3 3 3 3 3 3 3 3 3 3 3 3 3 3 3 3 3 3 3 3 3 3 3 3 3 3 3 3 3 3 3 3 3 3 3 3 3 3 3 3 3 3 3 3 3 3 3 3 3 3 3 3 3 3 3 3 3 3 3 3 3 3 3 3 3 3 3 3 3 3 3 3 3 3 3 3 3 3 3 3 3 3 3 3 3 3 3 3 3 3 3 3 3 3 3 3 3 3 3 3 3 3 3 3 3 3 3 3 3 3 3 3 3 3 3 3 3 3 3 3 3 3 3 3 3 3 3 3 3 3 3 3 3 3 3 3 3 3 3 3 3 3 3 3 3 3 3 3 3 3 3 3 3 3 3 3 3 3 3 3 3 3 3 3 3 3 3 3 3 3 3 3 3 3 3 3 3 3 3 3 3 3 3 3 3 3 3 3 3 3 3 3 3 3 3 3 3 3 3 3 3 3 3 3 3 3 3 3 3 3 3 3 3 3 3 3 3 3 3 3 3 3 3 3 3 3 3 3 3 3 3 3 3 3 3 3 3 3 3 3 3 3 3 3 3 3 3 3 3 3 3 3 3 3 3 3 3 3 3 3 3 3 3 3 3 3 3 3 3 3 3 3 3 3 3 3 3 3 3 3 3 3 3 3 3 3 3 3 3 3 3 3 3 3 3 3 3 3 3 3 3 3 3 3 3 3 3 3 3 3 3 3 3 3 3 3 3 3 3 3 3 3 3 3 3 3 3 3 3 3 3 3 3 3 3 3 3 3 3 3 3 3 3 3 3 3 3 3 3 3 3 3 3 3 3 3 3 3 3 3 3 3 3 3 3 3 3 3 3 3 3 3 3 3 3 3 3 3 3 3 3 3 3 3 3 3 3 3 3 3 3 3 3 3 3 3 3 3 3 3 3 3 3 3 3 3 3 3 3 3 3 3 3 3 3 3 3 3 3 3 3 3 3 3 3 3 3 3 3 3 3 3 3 3 3 3 3 3 3 3 3 3 3 3 3 3 3 3 3 3 3 3 3 3 3 3 3 3 3 3 3 3 3 3 3 3 3 3 3 3 3 3 3 3 3 3 3 3 3 3 3 3 3 3 3 3 3 3 3 3 3 3 3 3 3 3 3 3 3 3 3 3 3 3 3 3 3 3 3 3 3 3 3 3 3 3 3 3 3 3 3 3 3 3 3 3 3 3 3 3 3 3 3 3 3 3 3 3 3 3 3 3 3 3 3 3 3 3 3 3 3 3 3 3 3 3 3 3 3 3 3 3 3 3 3 3 3 3 3 3 3 3 3 3 3 3 3 3 3 3 3 3 3 3 3 3 3 3 3 3 3 3 3 3 3 3 3 3 3 3 3 3 3 3 3 3 3 3 3 3 3 3 3 3 3 3 3 3 3 3 3 3 3 3 3 3 3 3 3 3 3 3 3 3 3 3 3 3 3 3 3 3 3 3 3 3 3 3 3 3 3 3 3 3 3 3 3 3 3 3 3 3 3 3 3 3 3 3 3 3 3 3 3 3 3 3 3 3 3 3 3 3 3 3 3 3 3 3 3 3 3 3 3 3 3 3 3 3 3 3 3 3 3 3 3 3 3 3 3 3 3 3 3 3 3 3 3 3 3 3 3 3 3 3 3 3 3 3 3 3 3 3 3 3 3 3 3 3 3 3 3 3 3 3 3 3 3 3 3 3 3 3 3 3 3 3 3 3 3 3 3 3 3 3 3 3 3 3 3 3 3 3 3 3 3 3 3 3 3 3 3 3 3 3 3 3 3 3 3 3 3 3 3 3 3 3 3 3 3 3 3 3 3 3 3 3 3 3 3 3 3 3 3 3 3 3 3 3 3 3 3 3 3 3 3 3 3 3 3 3 3 3 3 3 3 3 3 3 3 3 3 3 3 3 3 3 3 3 3 3 3 3 3 3 3 3 3 3 3 3 3 3 3 3 3 3 3 3 3 3 3 3 3 3 3 3 3 3 3 3 3 3 3 3 3 3 3 3 3 3 3 3 3 3 3 3 3 3 3 3 3 3 3 3 3 3 3 3 3 3 3 3 3 3 3 3 3 3 3 3 3 3 3 3 3 3 3 3 3 3 3 3 3 3 3 3 3 3 3 3 3 3 3 3 3 3 3 3 3 3 3 3 3 3 3 3 3 3 3 3 3 3 3 3 3 3 3 3 3 3 3 3 3 3 3 3 3 3 3 3 3 3 3 3 3 3 3 3 3 3 3 3 3 3 3 3 3 3 3 3 3 3 3 3 3 3 3 3 3 3 3 3 3 3 3 3 3 3 3 3 3 3 3 3 3 3 3 3 3 3 3 3 3 3 3 3 3 3 3 3 3 3 3 3 3 3 3 3 3 3 3 3 3 3 3 3 3 3 3 3 3 3 3 3 3 3 3 3 3 3 3 3 3 3 3 3 3 3 3 3 3 3 3 3 3 3 3 3 3 3 3 3 3 3 3 3 3 3 3 3 3 3 3 3 3 3 3 3 3 3 3 3 3 3 3 3 3 3 3 3 3 3 3 3 3 3 3 3 3 3 3 3 3 3 3 3 3 3 3 3 3 3 3 3 3 3 3 3 3 3 3 3 3 3 3 3 3 3 3 3 3 3 3 3 3 3 3 3 3 3 3 3 3 3 3 3 3 3 3 3 3 3 3 3 3 3 3 3 3 3 3 3 3 3 3 3 3 3 3 3 3 3 3 3 3 3 3 3 3 3 3 3 3 3 3 3 3 3 3 3 3 3 3 3 3 3 3 3 3 3 3 3 3 3 3 3 3 3 3 3 3 3 3 3 3 3 3 3 3 3 3 3 3 3 3 3 3 3 3 3 3 3 3 3 3 3 3 3 3 3 3 3 3 3 3 3 3 3 3 3 3 3 3 3 3 3 3 3 3 3 3 3 3 3 3 3 3 3 3 3 3 3 3 3 3 3 3 3 3 3 3 3 3 3 3 3 3 3 3 3 3 3 3 3 3 3 3 3 3 3 3 3 3 3 3 3 3 3 3 3 3 3 3 3 3 3 3 3 3 3 3 3 3 3 3 3 3 3 3 3 3 3 3 3 3 3 3 3 3 3 3 3 3 3 3 3 3 3 3 3 3 3 3 3 3 3 3 3 3 3 3 3 3 3 3 3 3 3 3 3 3 3 3 3 3 3 3 3 3 3 3 3 3 3 3 3 3 3 3 3 3 3 3 3 3 3 3 3 3 3 3 3 3 3 3 3 3 3 3 3 3 3 3 3 3 3 3 3 3 3 3 3 3 3 3 3 3 3 3 3 3 3 3 3 3 3 3 3 3 3 3 3 3 3 3 3 3 3 3 3 3 3 3 3 3 3 3 3 3 3 3 3 3 3 3 3 3 3 3 3 3 3 3 3 3 3 3 3 3 3 3 3 3 3 3 3 3 3 3 3 3 3 3 3 3 3 3 3 3 3 3 3 3 3 3 3 3 3 3 3 3 3 3 3 3 3 3 3 3 3 3 3 3 3 3 3 3 3 3 3 3 3 3 3 3 3 3 3 3 3 3 3 3 3 3 3 3 3 3 3 3 3 3 3 3 3 3 3 3 3 3 3 3 3 3 3 3 3 3 3 3 3 3 3 3 3 3 3 3 3 3 3 3 3 3 3 3 3 3 3 3 3 3 3 3 3 3 3 3 3 3 3 3 3 3 3 3 3 3 3 3 3 3 3 3 3 3 3 3 3 3 3 3 3 3 3 3 3 3 3 3 3 3 3 3 3 3 3 3 3 3 3 3 3 3 3 3 3 3 3 3 3 3 3 3 3 3 3 3 3 3 3 3 3 3 3 3 3 3 3 3 3 3 3 3 3 3 3 3 3 3 3 3 3 3 3 3 3 3 3 3 3 3 3 3 3 3 3 3 3 3 3 3 3 3 3 3 3 3 3 3 3 3 3 3 3 3 3 3 3 3 3 3 3 3 3 3 3 3 3 3 3 3 3 3 3 3 3 3 3 3 3 3 3 3 3 3 3 3 3 3 3 3 3 3 3 3 3 3 3 3 3 3 3 3 3 3 3 3 3 3 3 3 3 3 3 3 3 3 3 3 3 3 3 3 3 3 3 3 3 3 3 3 3 3 3 3 3 3 3 3 3 3 3 3 3 3 3 3 3 3 3 3 3 3 3 3 3 3 3 3 3 3 3 3 3 3 3 3 3 3 3 3 3 3 3 3 3 3 3 3 3 3 3 3 3 3 3 3 3 3 3 3 3 3 3 3 3 3 3 3 3 3 3 3 3 3 3 3 3 3 3 3 3 3 3 3 3 3 3 3 3 3 3 3 3 3 3 3 3 3 3 3 3 3 3 3 3 3 3 3 3 3 3 3 3 3 3 3 3 3 3 3 3 3 3 3 3 3 3 3 3 3 3 3 3 3 3 3 3 3 3 3 3 3 3 3 3 3 3 3 3 3 3 3 3 3 3 3 3 3 3 3 3 3 3 3 3 3 3 3 3 3 3 3 3 3 3 3 3 3 3 3 3 3 3 3 3 3 3 3 3 3 3 3 3 3 3 3 3 3 3 3 3 3 3 3 3 3 3 3 3 3 3 3 3 3 3 3 3 3 3 3 3 3 3 3 3 3 3 3 3 3 3 3 3 3 3 3 3 3 3 3 3 3 3 3 3 3 3 3 3 3 3 3 3 3 3 3 3 3 3 3 3 3 3 3 3 3 3 3 3 3 3 3 3 3 3 3 3 3 3 3 3 3 3 3 3 3 3 3 3 3 3 3 3 3 3 3 3 3 3 3 3 3 3 3 3 3 3 3 3 3 3 3 3 3 3 3 3 3 3 3 3 3 3 3 3 3 3 3 3 3 3 3 3 3 3 3 3 3 3 3 3 3 3 3 3 3 3 3 3 3 3 3 3 3 3 3 3 3 3 3 3 3 3 3 3 3 3 3 3 3 3 3 3 3 3 3 3 3 3 3 3 3 3 3 3 3 3 3 3 3 3 3 3 3 3 3 3 3 3 3 3 3 3 3 3 3 3 3 3 3 3 3 3 3 3 3 3 3 3 3 3 3 3 3 3 3 3 3 3 3 3 3 3 3 3 3 3 3 3 3 3 3 3 3 3 3 3 3 3 3 3 3 3 3 3 3 3 3 3 3 3 3 3 3 3 3 3 3 3 3 3 3 3 3 3 3 3 3 3 3 3 3 3 3 3 3 3 3 3 3 3 3 3 3 3 3 3 3 3 3 3 3 3 3 3 3 3 3 3 3 3 3 3 3 3 3 3 3 3 3 3 3 3 3 3 3 3 3 3 3 3 3 3 3 3 3 3 3 3 3 3 3 3 3 3 3 3 3 3 3 3 3 3 3 3 3 3 3 3 3 3 3 3 3 3 3 3 3 3 3 3 3 3 3 3 3 3 3 3 3 3 3 3 3 3 3 3 3 3 3 3 3 3 3 3 3 3 3 3 3 3 3 3 3 3 3 3 3 3 3 3 3 3 3 3 3 3 3 3 3 3 3 3 3 3 3 3 3 3 3 3 3 3 3 3 3 3 3 3 3 3 3 3 3 3 3 3 3 3 3 3 3 3 3 3 3 3 3 3 3 3 3 3 3 3 3 3 3 3 3 3 3 3 3 3 3 3 3 3 3 3 3 3 3 3 3 3 3 3 3 3 3 3 3 3 3 3 3 3 3 3 3 3 3 3 3 3 3 3 3 3 3 3 3 3 3 3 3 3 3 3 3 3 3 3 3 3 3 3 3 3 3 3 3 3 3 3 3 3 3 3 3 3 3 3 3 3 3 3 3 3 3 3 3 3 3 3 3 3 3 3 3 3 3 3 3 3 3 3 3 3 3 3 3 3 3 3 3 3 3 3 3 3 3 3 3 3 3 3 3 3 3 3 3 3 3 3 3 3 3 3 3 3 3 3 3 3 3 3 3 3 3 3 3 3 3 3 3 3 3 3 3 3 3 3 3 3 3 3 3 3 3 3 3 3 3 3 3 3 3 3 3 3 3 3 3 3 3 3 3 3 </vcount>
          <p>0 1 2 0 2 3 0 3 4 0 4 5 0 5 6 0 6 7 0 7 8 8 9 0 10 11 12 0 13 14 0 14 15 0 15 16 0 16 17 0 17 18 0 18 19 0 19 20 0 20 21 0 21 22 0 22 23 0 23 24 0 24 25 0 25 1 27 26 2 2 1 27 26 28 3 3 2 26 28 29 4 4 3 28 29 30 5 5 4 29 30 31 6 6 5 30 31 32 7 7 6 31 32 33 8 8 7 32 33 34 35 12 36 37 37 38 12 40 39 14 14 13 40 39 41 15 15 14 39 41 42 16 16 15 41 42 43 17 17 16 42 18 17 43 43 44 18 19 18 44 44 45 19 45 46 20 20 19 45 46 47 21 21 20 46 47 48 22 22 21 47 48 49 23 23 22 48 49 50 24 24 23 49 50 51 25 25 24 50 51 27 1 1 25 51 53 52 26 26 27 53 52 54 28 28 26 52 54 55 29 29 28 54 55 56 30 30 29 55 56 57 31 31 30 56 57 58 32 32 31 57 58 59 33 33 32 58 33 59 60 60 34 33 62 61 38 38 37 62 64 63 39 39 40 64 63 65 41 41 39 63 65 66 42 42 41 65 70 67 68 68 69 70 74 71 72 72 73 74 76 75 47 47 46 76 75 77 48 48 47 75 77 78 49 49 48 77 78 79 50 50 49 78 79 80 51 51 50 79 80 53 27 27 51 80 82 81 52 52 53 82 81 83 54 54 52 81 83 84 55 55 54 83 84 85 56 56 55 84 85 86 57 57 56 85 86 87 58 58 57 86 87 88 59 59 58 87 59 88 89 89 60 59 61 62 90 90 91 61 63 64 92 92 93 63 63 93 94 94 65 63 66 65 94 94 95 66 67 70 96 96 97 67 99 98 71 71 74 99 101 100 75 75 76 101 100 102 77 77 75 100 102 103 78 78 77 102 103 104 79 79 78 103 104 105 80 80 79 104 105 82 53 53 80 105 107 106 81 81 82 107 106 108 83 83 81 106 108 109 84 84 83 108 109 110 85 85 84 109 110 111 86 86 85 110 111 112 87 87 86 111 112 113 88 88 87 112 88 113 114 114 89 88 118 115 116 116 117 118 122 119 120 120 121 122 119 123 124 124 120 119 123 125 126 126 124 123 130 127 128 128 129 130 132 131 98 98 99 132 134 133 100 100 101 134 133 135 102 102 100 133 135 136 103 103 102 135 136 137 104 104 103 136 137 138 105 105 104 137 138 107 82 82 105 138 140 139 106 106 107 140 139 141 108 108 106 139 141 142 109 109 108 141 142 143 110 110 109 142 143 144 111 111 110 143 144 145 112 112 111 144 145 146 113 113 112 145 113 146 147 147 114 113 118 148 149 149 115 118 122 150 151 151 119 122 123 119 151 151 152 123 125 123 152 152 153 125 155 154 131 131 132 155 157 156 133 133 134 157 156 158 135 135 133 156 158 159 136 136 135 158 159 160 137 137 136 159 160 161 138 138 137 160 161 140 107 107 138 161 165 162 163 163 164 165 162 166 167 167 163 162 166 168 169 169 167 166 168 170 171 171 169 168 170 172 173 173 171 170 172 174 175 175 173 172 174 176 177 177 175 174 177 176 178 178 179 177 183 180 181 181 182 183 185 181 180 180 184 185 187 186 154 154 155 187 191 188 189 189 190 191 188 192 193 193 189 188 192 194 195 195 193 192 194 196 197 197 195 194 196 198 199 199 197 196 198 165 164 164 199 198 203 200 201 201 202 203 200 204 205 205 201 200 204 206 207 207 205 204 206 208 209 209 207 206 208 210 211 211 209 208 210 212 213 213 211 210 212 214 215 215 213 212 215 214 216 216 217 215 219 218 180 180 183 219 180 218 220 220 184 180 224 221 222 222 223 224 221 225 226 226 222 221 225 227 228 228 226 225 227 229 230 230 228 227 229 231 232 232 230 229 231 233 234 234 232 231 233 203 202 202 234 233 130 235 236 130 236 237 238 239 73 238 73 240 184 241 242 242 185 184 220 243 241 241 184 220 245 187 155 155 244 245 243 224 223 223 241 243 238 240 246 91 90 117 117 116 91 93 92 121 121 120 93 93 120 124 124 94 93 95 94 124 124 126 95 97 96 129 129 128 97 149 148 247 247 248 149 250 149 248 248 249 250 252 250 249 249 251 252 235 252 251 251 253 235 236 235 253 253 254 236 239 74 73 240 68 67 67 246 240 258 255 256 256 257 258 35 34 259 259 260 35 34 60 261 261 259 34 60 89 262 262 261 60 89 114 263 263 262 89 114 147 264 264 263 114 147 217 265 265 264 147 217 216 266 266 265 217 269 267 256 256 268 269 33 35 9 9 8 33 11 36 12 256 267 257 268 270 271 271 269 268 270 272 273 273 271 270 272 274 275 275 273 272 274 276 277 277 275 274 276 278 279 279 277 276 278 280 281 281 279 278 280 282 283 283 281 280 260 284 9 9 35 260 285 286 287 285 288 286 285 289 288 285 290 289 285 291 290 285 292 291 285 293 292 293 285 294 295 296 297 285 298 299 285 300 298 285 301 300 285 302 301 285 303 302 285 304 303 285 305 304 285 306 305 285 307 306 285 308 307 285 309 308 285 310 309 285 287 310 286 311 312 312 287 286 288 313 311 311 286 288 289 314 313 313 288 289 290 315 314 314 289 290 291 316 315 315 290 291 292 317 316 316 291 292 293 318 317 317 292 293 318 319 320 323 321 296 296 322 323 298 324 325 325 299 298 300 326 324 324 298 300 301 327 326 326 300 301 302 328 327 327 301 302 328 302 303 303 329 328 329 303 304 304 330 329 305 331 330 330 304 305 306 332 331 331 305 306 307 333 332 332 306 307 308 334 333 333 307 308 309 335 334 334 308 309 310 336 335 335 309 310 287 312 336 336 310 287 311 337 338 338 312 311 313 339 337 337 311 313 314 340 339 339 313 314 315 341 340 340 314 315 316 342 341 341 315 316 317 343 342 342 316 317 318 344 343 343 317 318 345 344 318 318 320 345 322 346 347 347 323 322 324 348 349 349 325 324 326 350 348 348 324 326 327 351 350 350 326 327 355 352 353 353 354 355 359 356 357 357 358 359 332 360 361 361 331 332 333 362 360 360 332 333 334 363 362 362 333 334 335 364 363 363 334 335 336 365 364 364 335 336 312 338 365 365 336 312 337 366 367 367 338 337 339 368 366 366 337 339 340 369 368 368 339 340 341 370 369 369 340 341 342 371 370 370 341 342 343 372 371 371 342 343 344 373 372 372 343 344 374 373 344 344 345 374 376 347 346 346 375 376 378 349 348 348 377 378 379 377 348 348 350 379 379 350 351 351 380 379 382 353 352 352 381 382 356 383 384 384 357 356 360 385 386 386 361 360 362 387 385 385 360 362 363 388 387 387 362 363 364 389 388 388 363 364 365 390 389 389 364 365 338 367 390 390 365 338 366 391 392 392 367 366 368 393 391 391 366 368 369 394 393 393 368 369 370 395 394 394 369 370 371 396 395 395 370 371 372 397 396 396 371 372 373 398 397 397 372 373 399 398 373 373 374 399 403 400 401 401 402 403 407 404 405 405 406 407 409 408 404 404 407 409 411 410 408 408 409 411 415 412 413 413 414 415 383 416 417 417 384 383 385 418 419 419 386 385 387 420 418 418 385 387 388 421 420 420 387 388 389 422 421 421 388 389 390 423 422 422 389 390 367 392 423 423 390 367 391 424 425 425 392 391 393 426 424 424 391 393 394 427 426 426 393 394 395 428 427 427 394 395 396 429 428 428 395 396 397 430 429 429 396 397 398 431 430 430 397 398 432 431 398 398 399 432 434 433 401 401 400 434 436 435 405 405 404 436 436 404 408 408 437 436 437 408 410 410 438 437 416 439 440 440 417 416 418 441 442 442 419 418 420 443 441 441 418 420 421 444 443 443 420 421 422 445 444 444 421 422 423 446 445 445 422 423 392 425 446 446 423 392 450 447 448 448 449 450 452 451 447 447 450 452 454 453 451 451 452 454 456 455 453 453 454 456 458 457 455 455 456 458 460 459 457 457 458 460 462 461 459 459 460 462 464 461 462 462 463 464 468 465 466 466 467 468 465 468 469 469 470 465 439 471 472 472 440 439 476 473 474 474 475 476 478 477 473 473 476 478 480 479 477 477 478 480 482 481 479 479 480 482 484 483 481 481 482 484 449 448 483 483 484 449 488 485 486 486 487 488 490 489 485 485 488 490 492 491 489 489 490 492 494 493 491 491 492 494 496 495 493 493 494 496 498 497 495 495 496 498 500 499 497 497 498 500 502 499 500 500 501 502 465 218 219 219 466 465 220 218 465 465 470 220 504 221 224 224 503 504 506 505 221 221 504 506 508 507 505 505 506 508 510 509 507 507 508 510 512 511 509 509 510 512 514 513 511 511 512 514 487 486 513 513 514 487 413 515 516 413 516 517 518 519 358 518 358 520 522 521 470 470 469 522 521 243 220 220 470 521 440 472 523 523 524 440 503 224 243 243 521 503 518 525 519 402 376 375 375 403 402 406 378 377 377 407 406 409 407 377 377 379 409 409 379 380 380 411 409 414 382 381 381 415 414 527 433 434 434 526 527 526 434 528 528 529 526 529 528 530 530 531 529 531 530 517 517 532 531 532 517 516 516 533 532 520 358 357 352 355 519 519 525 352 537 534 535 535 536 537 539 320 319 319 538 539 540 345 320 320 539 540 541 374 345 345 540 541 542 399 374 374 541 542 543 432 399 399 542 543 544 501 432 432 543 544 545 502 501 501 544 545 537 546 547 547 548 537 294 319 318 318 293 294 297 296 321 537 536 546 550 549 548 548 547 550 552 551 549 549 550 552 554 553 551 551 552 554 556 555 553 553 554 556 558 557 555 555 556 558 560 559 557 557 558 560 562 561 559 559 560 562 294 563 538 538 319 294 565 139 140 140 564 565 564 140 161 161 566 564 566 161 160 160 567 566 567 160 159 159 568 567 568 159 158 158 569 568 569 158 156 156 570 569 570 156 157 157 571 570 571 157 222 222 572 571 572 222 226 226 573 572 573 226 228 228 574 573 574 228 230 230 575 574 575 230 232 232 576 575 576 232 234 234 577 576 577 234 202 202 578 577 578 202 201 201 579 578 579 201 205 205 580 579 580 205 207 207 581 580 581 207 209 209 582 581 582 209 211 211 583 582 583 211 213 213 584 583 584 213 215 215 585 584 585 215 217 217 586 585 586 217 147 147 587 586 587 147 146 146 588 587 588 146 145 145 589 588 589 145 144 144 590 589 590 144 143 143 591 590 591 143 142 142 592 591 592 142 141 141 593 592 593 141 139 139 565 593 595 425 424 424 594 595 594 424 426 426 596 594 596 426 427 427 597 596 597 427 428 428 598 597 598 428 429 429 599 598 599 429 430 430 600 599 600 430 431 431 601 600 601 431 432 432 602 601 602 432 501 501 603 602 603 501 500 500 604 603 604 500 498 498 605 604 605 498 496 496 606 605 606 496 494 494 607 606 607 494 492 492 608 607 608 492 490 490 609 608 609 490 488 488 610 609 610 488 487 487 611 610 611 487 514 514 612 611 612 514 512 512 613 612 613 512 510 510 614 613 614 510 508 508 615 614 615 508 506 506 616 615 616 506 504 504 617 616 617 504 442 442 618 617 618 442 441 441 619 618 619 441 443 443 620 619 620 443 444 444 621 620 621 444 445 445 622 621 622 445 446 446 623 622 623 446 425 425 595 623 625 565 564 564 624 625 624 564 566 566 626 624 626 566 567 567 627 626 627 567 568 568 628 627 628 568 569 569 629 628 629 569 570 570 630 629 630 570 571 571 631 630 631 571 572 572 632 631 632 572 573 573 633 632 633 573 574 574 634 633 634 574 575 575 635 634 635 575 576 576 636 635 636 576 577 577 637 636 637 577 578 578 638 637 638 578 579 579 639 638 639 579 580 580 640 639 640 580 581 581 641 640 641 581 582 582 642 641 642 582 583 583 643 642 643 583 584 584 644 643 644 584 585 585 645 644 645 585 586 586 646 645 646 586 587 587 647 646 647 587 588 588 648 647 648 588 589 589 649 648 649 589 590 590 650 649 650 590 591 591 651 650 651 591 592 592 652 651 652 592 593 593 653 652 653 593 565 565 625 653 655 595 594 594 654 655 654 594 596 596 656 654 656 596 597 597 657 656 657 597 598 598 658 657 658 598 599 599 659 658 659 599 600 600 660 659 660 600 601 601 661 660 661 601 602 602 662 661 662 602 603 603 663 662 663 603 604 604 664 663 664 604 605 605 665 664 665 605 606 606 666 665 666 606 607 607 667 666 667 607 608 608 668 667 668 608 609 609 669 668 669 609 610 610 670 669 670 610 611 611 671 670 671 611 612 612 672 671 672 612 613 613 673 672 673 613 614 614 674 673 674 614 615 615 675 674 675 615 616 616 676 675 676 616 617 617 677 676 677 617 618 618 678 677 678 618 619 619 679 678 679 619 620 620 680 679 680 620 621 621 681 680 681 621 622 622 682 681 682 622 623 623 683 682 683 623 595 595 655 683 163 625 624 624 164 163 164 624 626 626 199 164 199 626 627 627 197 199 197 627 628 628 195 197 195 628 629 629 193 195 193 629 630 630 189 193 189 630 631 631 190 189 190 631 632 632 191 190 191 632 633 633 188 191 188 633 634 634 192 188 192 634 635 635 194 192 194 635 636 636 196 194 196 636 637 637 198 196 198 637 638 638 165 198 165 638 639 639 162 165 162 639 640 640 166 162 166 640 641 641 168 166 168 641 642 642 170 168 170 642 643 643 172 170 172 643 644 644 174 172 174 644 645 645 176 174 176 645 646 646 178 176 178 646 647 647 179 178 179 647 648 648 177 179 177 648 649 649 175 177 175 649 650 650 173 175 173 650 651 651 171 173 171 651 652 652 169 171 169 652 653 653 167 169 167 653 625 625 163 167 449 655 654 654 450 449 450 654 656 656 452 450 452 656 657 657 454 452 454 657 658 658 456 454 456 658 659 659 458 456 458 659 660 660 460 458 460 660 661 661 462 460 462 661 662 662 463 462 463 662 663 663 464 463 464 663 664 664 461 464 461 664 665 665 459 461 459 665 666 666 457 459 457 666 667 667 455 457 455 667 668 668 453 455 453 668 669 669 451 453 451 669 670 670 447 451 447 670 671 671 448 447 448 671 672 672 483 448 483 672 673 673 481 483 481 673 674 674 479 481 479 674 675 675 477 479 477 675 676 676 473 477 473 676 677 677 474 473 474 677 678 678 475 474 475 678 679 679 476 475 476 679 680 680 478 476 478 680 681 681 480 478 480 681 682 682 482 480 482 682 683 683 484 482 484 683 655 655 449 484 684 685 686 687 684 686 688 687 686 689 688 686 690 689 686 691 690 686 692 691 686 686 693 692 694 695 686 696 694 686 697 696 686 698 697 686 699 698 686 700 699 686 701 700 686 702 701 686 703 702 686 704 703 686 705 704 686 706 705 686 707 706 686 685 707 686 709 685 684 684 708 709 708 684 687 687 710 708 710 687 688 688 711 710 711 688 689 689 712 711 712 689 690 690 713 712 713 690 691 691 714 713 714 691 692 692 715 714 716 717 715 694 718 719 719 720 694 718 694 696 696 721 718 721 696 697 697 722 721 722 697 698 698 723 722 723 698 699 699 724 723 700 725 724 724 699 700 701 726 725 725 700 701 726 701 702 702 727 726 727 702 703 703 728 727 728 703 704 704 729 728 729 704 705 705 730 729 730 705 706 706 731 730 731 706 707 707 732 731 732 707 685 685 709 732 734 709 708 708 733 734 733 708 710 710 735 733 735 710 711 711 736 735 736 711 712 712 737 736 737 712 713 713 738 737 738 713 714 714 739 738 739 714 715 715 740 739 715 717 741 741 740 715 743 719 718 718 742 743 742 718 721 721 744 742 744 721 722 722 745 744 745 722 723 723 746 745 746 723 724 724 747 746 749 726 727 727 748 749 748 727 728 728 750 748 750 728 729 729 751 750 751 729 730 730 752 751 752 730 731 731 753 752 753 731 732 732 754 753 754 732 709 709 734 754 756 734 733 733 755 756 755 733 735 735 757 755 757 735 736 736 758 757 758 736 737 737 759 758 759 737 738 738 760 759 760 738 739 739 761 760 761 739 740 740 762 761 740 741 763 763 762 740 742 764 765 765 743 742 744 766 764 764 742 744 744 745 767 767 766 744 746 768 767 767 745 746 747 769 768 768 746 747 771 749 748 748 770 771 770 748 750 750 772 770 772 750 751 751 773 772 773 751 752 752 774 773 774 752 753 753 775 774 775 753 754 754 776 775 776 754 734 734 756 776 778 756 755 755 777 778 777 755 757 757 779 777 779 757 758 758 780 779 780 758 759 759 781 780 781 759 760 760 782 781 782 760 761 761 783 782 783 761 762 762 784 783 762 763 785 785 784 762 789 786 787 787 788 789 788 787 790 790 791 788 791 790 792 792 793 791 793 792 794 794 795 793 795 794 796 796 797 795 799 771 770 770 798 799 798 770 772 772 800 798 800 772 773 773 801 800 801 773 774 774 802 801 802 774 775 775 803 802 803 775 776 776 804 803 804 776 756 756 778 804 806 778 777 777 805 806 805 777 779 779 807 805 807 779 780 780 808 807 808 780 781 781 809 808 809 781 782 782 810 809 810 782 783 783 811 810 811 783 784 784 812 811 784 785 813 813 812 784 789 788 814 814 815 789 788 791 816 816 814 788 793 817 816 816 791 793 795 818 817 817 793 795 820 799 798 798 819 820 819 798 800 800 821 819 821 800 801 801 822 821 822 801 802 802 823 822 823 802 803 803 824 823 824 803 804 804 825 824 825 804 778 778 806 825 829 826 827 827 828 829 828 827 830 830 831 828 831 830 832 832 833 831 833 832 834 834 835 833 835 834 836 836 837 835 837 836 838 838 839 837 839 838 840 840 841 839 840 842 843 843 841 840 847 844 845 845 846 847 849 848 846 846 845 849 851 820 819 819 850 851 855 852 853 853 854 855 854 853 856 856 857 854 857 856 858 858 859 857 859 858 860 860 861 859 861 860 862 862 863 861 863 862 826 826 829 863 867 864 865 865 866 867 866 865 868 868 869 866 869 868 870 870 871 869 871 870 872 872 873 871 873 872 874 874 875 873 875 874 876 876 877 875 877 876 878 878 879 877 878 880 881 881 879 878 883 847 846 846 882 883 846 848 884 884 882 846 886 851 850 850 885 886 885 850 887 887 888 885 888 887 889 889 890 888 890 889 891 891 892 890 892 891 893 893 894 892 894 893 895 895 896 894 896 895 864 864 867 896 797 897 818 818 795 797 726 898 899 726 899 725 848 849 900 900 901 848 884 848 901 901 902 884 901 900 820 820 851 901 902 901 851 851 886 902 903 725 899 764 787 786 786 765 764 766 790 787 787 764 766 766 767 792 792 790 766 768 794 792 792 767 768 769 796 794 794 768 769 814 904 905 905 815 814 816 906 904 904 814 816 817 907 906 906 816 817 818 908 907 907 817 818 897 909 908 908 818 897 726 749 898 725 903 747 747 724 725 686 910 911 911 693 686 716 912 913 913 717 716 717 913 914 914 741 717 741 914 915 915 763 741 763 915 916 916 785 763 785 916 917 917 813 785 813 917 918 918 880 813 880 918 919 919 881 880 921 912 911 911 920 921 715 692 693 693 716 715 694 720 695 910 920 911 912 921 922 922 913 912 913 922 923 923 914 913 914 923 924 924 915 914 915 924 925 925 916 915 916 925 926 926 917 916 917 926 927 927 918 917 918 927 928 928 919 918 912 716 693 693 911 912 929 930 931 930 932 931 932 933 931 933 934 931 934 935 931 935 936 931 936 937 931 938 931 937 939 940 931 940 941 931 941 942 931 942 943 931 943 944 931 944 945 931 945 946 931 946 947 931 947 948 931 948 949 931 949 950 931 950 951 931 951 952 931 952 929 931 930 929 953 953 954 930 932 930 954 954 955 932 933 932 955 955 956 933 934 933 956 956 957 934 935 934 957 957 958 935 936 935 958 958 959 936 937 936 959 959 960 937 961 962 960 965 963 940 940 964 965 941 940 963 963 966 941 942 941 966 966 967 942 943 942 967 967 968 943 944 943 968 968 969 944 969 970 945 945 944 969 970 971 946 946 945 970 947 946 971 971 972 947 948 947 972 972 973 948 949 948 973 973 974 949 950 949 974 974 975 950 951 950 975 975 976 951 952 951 976 976 977 952 929 952 977 977 953 929 954 953 978 978 979 954 955 954 979 979 980 955 956 955 980 980 981 956 957 956 981 981 982 957 958 957 982 982 983 958 959 958 983 983 984 959 960 959 984 984 985 960 986 961 960 960 985 986 963 965 987 987 988 963 966 963 988 988 989 966 967 966 989 989 990 967 968 967 990 990 991 968 969 968 991 991 992 969 972 971 993 993 994 972 973 972 994 994 995 973 974 973 995 995 996 974 975 974 996 996 997 975 976 975 997 997 998 976 977 976 998 998 999 977 953 977 999 999 978 953 979 978 1000 1000 1001 979 980 979 1001 1001 1002 980 981 980 1002 1002 1003 981 982 981 1003 1003 1004 982 983 982 1004 1004 1005 983 984 983 1005 1005 1006 984 985 984 1006 1006 1007 985 1008 986 985 985 1007 1008 1010 1009 988 988 987 1010 1009 1011 989 989 988 1009 1012 990 989 989 1011 1012 1012 1013 991 991 990 1012 1013 1014 992 992 991 1013 994 993 1015 1015 1016 994 995 994 1016 1016 1017 995 996 995 1017 1017 1018 996 997 996 1018 1018 1019 997 998 997 1019 1019 1020 998 999 998 1020 1020 1021 999 978 999 1021 1021 1000 978 1001 1000 1022 1022 1023 1001 1002 1001 1023 1023 1024 1002 1003 1002 1024 1024 1025 1003 1004 1003 1025 1025 1026 1004 1005 1004 1026 1026 1027 1005 1006 1005 1027 1027 1028 1006 1007 1006 1028 1028 1029 1007 1030 1008 1007 1007 1029 1030 1034 1031 1032 1032 1033 1034 1036 1034 1033 1033 1035 1036 1038 1036 1035 1035 1037 1038 1040 1038 1037 1037 1039 1040 1042 1040 1039 1039 1041 1042 1016 1015 1043 1043 1044 1016 1017 1016 1044 1044 1045 1017 1018 1017 1045 1045 1046 1018 1019 1018 1046 1046 1047 1019 1020 1019 1047 1047 1048 1020 1021 1020 1048 1048 1049 1021 1000 1021 1049 1049 1022 1000 1023 1022 1050 1050 1051 1023 1024 1023 1051 1051 1052 1024 1025 1024 1052 1052 1053 1025 1026 1025 1053 1053 1054 1026 1027 1026 1054 1054 1055 1027 1028 1027 1055 1055 1056 1028 1029 1028 1056 1056 1057 1029 1058 1030 1029 1029 1057 1058 1060 1033 1032 1032 1059 1060 1061 1035 1033 1033 1060 1061 1061 1062 1037 1037 1035 1061 1062 1063 1039 1039 1037 1062 1044 1043 1064 1064 1065 1044 1045 1044 1065 1065 1066 1045 1046 1045 1066 1066 1067 1046 1047 1046 1067 1067 1068 1047 1048 1047 1068 1068 1069 1048 1049 1048 1069 1069 1070 1049 1022 1049 1070 1070 1050 1022 1074 1071 1072 1072 1073 1074 1076 1074 1073 1073 1075 1076 1078 1076 1075 1075 1077 1078 1080 1078 1077 1077 1079 1080 1082 1080 1079 1079 1081 1082 1084 1082 1081 1081 1083 1084 1086 1084 1083 1083 1085 1086 1088 1087 1086 1086 1085 1088 1092 1089 1090 1090 1091 1092 1091 1093 1094 1094 1092 1091 1065 1064 1095 1095 1096 1065 1100 1097 1098 1098 1099 1100 1102 1100 1099 1099 1101 1102 1104 1102 1101 1101 1103 1104 1106 1104 1103 1103 1105 1106 1108 1106 1105 1105 1107 1108 1071 1108 1107 1107 1072 1071 1112 1109 1110 1110 1111 1112 1114 1112 1111 1111 1113 1114 1116 1114 1113 1113 1115 1116 1118 1116 1115 1115 1117 1118 1120 1118 1117 1117 1119 1120 1122 1120 1119 1119 1121 1122 1124 1122 1121 1121 1123 1124 1126 1125 1124 1124 1123 1126 1091 1090 883 883 882 1091 884 1093 1091 1091 882 884 1096 1095 886 886 885 1096 1128 1096 885 885 1127 1128 1130 1128 1127 1127 1129 1130 1132 1130 1129 1129 1131 1132 1134 1132 1131 1131 1133 1134 1136 1134 1133 1133 1135 1136 1109 1136 1135 1135 1110 1109 1063 1137 1041 1041 1039 1063 971 970 1138 971 1138 1139 1141 1094 1093 1093 1140 1141 1140 1093 884 884 902 1140 1064 1141 1140 1140 1095 1064 1095 1140 902 902 886 1095 970 1142 1138 1031 1034 1009 1009 1010 1031 1034 1036 1011 1011 1009 1034 1038 1012 1011 1011 1036 1038 1038 1040 1013 1013 1012 1038 1040 1042 1014 1014 1013 1040 1144 1143 1060 1060 1059 1144 1143 1145 1061 1061 1060 1143 1145 1146 1062 1062 1061 1145 1146 1147 1063 1063 1062 1146 1147 1148 1137 1137 1063 1147 993 971 1139 992 1142 970 970 969 992 1150 1149 931 931 938 1150 1152 1151 962 962 961 1152 1153 1152 961 961 986 1153 1154 1153 986 986 1008 1154 1155 1154 1008 1008 1030 1155 1156 1155 1030 1030 1058 1156 1157 1156 1058 1058 1125 1157 1158 1157 1125 1125 1126 1158 1150 1151 1159 1159 1160 1150 938 937 960 960 962 938 964 940 939 1160 1149 1150 1161 1159 1151 1151 1152 1161 1162 1161 1152 1152 1153 1162 1163 1162 1153 1153 1154 1163 1164 1163 1154 1154 1155 1164 1165 1164 1155 1155 1156 1165 1166 1165 1156 1156 1157 1166 1167 1166 1157 1157 1158 1167 938 962 1151 1151 1150 938 1169 1168 806 806 805 1169 1168 1170 825 825 806 1168 1170 1171 824 824 825 1170 1171 1172 823 823 824 1171 1172 1173 822 822 823 1172 1173 1174 821 821 822 1173 1174 1175 819 819 821 1174 1175 1176 850 850 819 1175 1176 1177 887 887 850 1176 1177 1178 889 889 887 1177 1178 1179 891 891 889 1178 1179 1180 893 893 891 1179 1180 1181 895 895 893 1180 1181 1182 864 864 895 1181 1182 1183 865 865 864 1182 1183 1184 868 868 865 1183 1184 1185 870 870 868 1184 1185 1186 872 872 870 1185 1186 1187 874 874 872 1186 1187 1188 876 876 874 1187 1188 1189 878 878 876 1188 1189 1190 880 880 878 1189 1190 1191 813 813 880 1190 1191 1192 812 812 813 1191 1192 1193 811 811 812 1192 1193 1194 810 810 811 1193 1194 1195 809 809 810 1194 1195 1196 808 808 809 1195 1196 1197 807 807 808 1196 1197 1169 805 805 807 1197 1199 1198 1051 1051 1050 1199 1198 1200 1052 1052 1051 1198 1200 1201 1053 1053 1052 1200 1201 1202 1054 1054 1053 1201 1202 1203 1055 1055 1054 1202 1203 1204 1056 1056 1055 1203 1204 1205 1057 1057 1056 1204 1205 1206 1058 1058 1057 1205 1206 1207 1125 1125 1058 1206 1207 1208 1124 1124 1125 1207 1208 1209 1122 1122 1124 1208 1209 1210 1120 1120 1122 1209 1210 1211 1118 1118 1120 1210 1211 1212 1116 1116 1118 1211 1212 1213 1114 1114 1116 1212 1213 1214 1112 1112 1114 1213 1214 1215 1109 1109 1112 1214 1215 1216 1136 1136 1109 1215 1216 1217 1134 1134 1136 1216 1217 1218 1132 1132 1134 1217 1218 1219 1130 1130 1132 1218 1219 1220 1128 1128 1130 1219 1220 1221 1096 1096 1128 1220 1221 1222 1065 1065 1096 1221 1222 1223 1066 1066 1065 1222 1223 1224 1067 1067 1066 1223 1224 1225 1068 1068 1067 1224 1225 1226 1069 1069 1068 1225 1226 1227 1070 1070 1069 1226 1227 1199 1050 1050 1070 1227 1229 1228 1168 1168 1169 1229 1228 1230 1170 1170 1168 1228 1230 1231 1171 1171 1170 1230 1231 1232 1172 1172 1171 1231 1232 1233 1173 1173 1172 1232 1233 1234 1174 1174 1173 1233 1234 1235 1175 1175 1174 1234 1235 1236 1176 1176 1175 1235 1236 1237 1177 1177 1176 1236 1237 1238 1178 1178 1177 1237 1238 1239 1179 1179 1178 1238 1239 1240 1180 1180 1179 1239 1240 1241 1181 1181 1180 1240 1241 1242 1182 1182 1181 1241 1242 1243 1183 1183 1182 1242 1243 1244 1184 1184 1183 1243 1244 1245 1185 1185 1184 1244 1245 1246 1186 1186 1185 1245 1246 1247 1187 1187 1186 1246 1247 1248 1188 1188 1187 1247 1248 1249 1189 1189 1188 1248 1249 1250 1190 1190 1189 1249 1250 1251 1191 1191 1190 1250 1251 1252 1192 1192 1191 1251 1252 1253 1193 1193 1192 1252 1253 1254 1194 1194 1193 1253 1254 1255 1195 1195 1194 1254 1255 1256 1196 1196 1195 1255 1256 1257 1197 1197 1196 1256 1257 1229 1169 1169 1197 1257 1259 1258 1198 1198 1199 1259 1258 1260 1200 1200 1198 1258 1260 1261 1201 1201 1200 1260 1261 1262 1202 1202 1201 1261 1262 1263 1203 1203 1202 1262 1263 1264 1204 1204 1203 1263 1264 1265 1205 1205 1204 1264 1265 1266 1206 1206 1205 1265 1266 1267 1207 1207 1206 1266 1267 1268 1208 1208 1207 1267 1268 1269 1209 1209 1208 1268 1269 1270 1210 1210 1209 1269 1270 1271 1211 1211 1210 1270 1271 1272 1212 1212 1211 1271 1272 1273 1213 1213 1212 1272 1273 1274 1214 1214 1213 1273 1274 1275 1215 1215 1214 1274 1275 1276 1216 1216 1215 1275 1276 1277 1217 1217 1216 1276 1277 1278 1218 1218 1217 1277 1278 1279 1219 1219 1218 1278 1279 1280 1220 1220 1219 1279 1280 1281 1221 1221 1220 1280 1281 1282 1222 1222 1221 1281 1282 1283 1223 1223 1222 1282 1283 1284 1224 1224 1223 1283 1284 1285 1225 1225 1224 1284 1285 1286 1226 1226 1225 1285 1286 1287 1227 1227 1226 1286 1287 1259 1199 1199 1227 1287 827 826 1228 1228 1229 827 826 862 1230 1230 1228 826 862 860 1231 1231 1230 862 860 858 1232 1232 1231 860 858 856 1233 1233 1232 858 856 853 1234 1234 1233 856 853 852 1235 1235 1234 853 852 855 1236 1236 1235 852 855 854 1237 1237 1236 855 854 857 1238 1238 1237 854 857 859 1239 1239 1238 857 859 861 1240 1240 1239 859 861 863 1241 1241 1240 861 863 829 1242 1242 1241 863 829 828 1243 1243 1242 829 828 831 1244 1244 1243 828 831 833 1245 1245 1244 831 833 835 1246 1246 1245 833 835 837 1247 1247 1246 835 837 839 1248 1248 1247 837 839 841 1249 1249 1248 839 841 843 1250 1250 1249 841 843 842 1251 1251 1250 843 842 840 1252 1252 1251 842 840 838 1253 1253 1252 840 838 836 1254 1254 1253 838 836 834 1255 1255 1254 836 834 832 1256 1256 1255 834 832 830 1257 1257 1256 832 830 827 1229 1229 1257 830 1071 1074 1258 1258 1259 1071 1074 1076 1260 1260 1258 1074 1076 1078 1261 1261 1260 1076 1078 1080 1262 1262 1261 1078 1080 1082 1263 1263 1262 1080 1082 1084 1264 1264 1263 1082 1084 1086 1265 1265 1264 1084 1086 1087 1266 1266 1265 1086 1087 1088 1267 1267 1266 1087 1088 1085 1268 1268 1267 1088 1085 1083 1269 1269 1268 1085 1083 1081 1270 1270 1269 1083 1081 1079 1271 1271 1270 1081 1079 1077 1272 1272 1271 1079 1077 1075 1273 1273 1272 1077 1075 1073 1274 1274 1273 1075 1073 1072 1275 1275 1274 1073 1072 1107 1276 1276 1275 1072 1107 1105 1277 1277 1276 1107 1105 1103 1278 1278 1277 1105 1103 1101 1279 1279 1278 1103 1101 1099 1280 1280 1279 1101 1099 1098 1281 1281 1280 1099 1098 1097 1282 1282 1281 1098 1097 1100 1283 1283 1282 1097 1100 1102 1284 1284 1283 1100 1102 1104 1285 1285 1284 1102 1104 1106 1286 1286 1285 1104 1106 1108 1287 1287 1286 1106 1108 1071 1259 1259 1287 1108 1291 1288 1289 1289 1290 1291 1295 1292 1293 1293 1294 1295 1297 1296 1292 1292 1295 1297 1299 1298 1296 1296 1297 1299 1303 1300 1301 1301 1302 1303 1307 1304 1305 1305 1306 1307 1311 1308 1309 1309 1310 1311 1315 1312 1313 1313 1314 1315 1317 1316 1304 1304 1307 1317 1319 1318 1308 1308 1311 1319 1321 1320 1316 1316 1317 1321 1323 182 181 181 1322 1323 1324 183 182 182 1323 1324 1322 181 185 185 1325 1322 1326 219 183 183 1324 1326 1314 1313 1327 1327 1328 1314 1332 1329 1330 1330 1331 1332 1325 185 242 242 1333 1325 1333 242 1320 1320 1321 1333 1331 1330 1334 1334 1335 1331 1310 1309 1298 1298 1299 1310 1302 1301 1312 1312 1315 1302 1337 1336 1318 1318 1319 1337 1339 1338 1336 1336 1337 1339 1341 1340 1338 1338 1339 1341 1343 1342 1340 1340 1341 1343 1345 1344 1342 1342 1343 1345 1347 1346 1344 1344 1345 1347 1328 1327 1346 1346 1347 1328 1306 1305 1329 1329 1332 1306 1335 1334 1300 1300 1303 1335 1350 0 1348 1348 1349 1350 1354 1351 1352 1352 1353 1354 1294 1293 1288 1288 1355 1294 1349 1348 1351 1351 1354 1349 1353 1352 1356 1356 1357 1353 1357 1356 1358 1358 1359 1357 1359 1358 1360 1360 1361 1359 1361 1360 1362 1362 1363 1361 1363 1362 1364 1364 1365 1363 1365 1364 1366 1366 1367 1365 1367 1366 1368 1368 1369 1367 1372 285 1370 1370 1371 1372 1376 1373 1374 1374 1375 1376 1375 1374 1377 1377 1378 1375 1378 1377 1379 1379 1380 1378 1384 1381 1382 1382 1383 1384 1388 1385 1386 1386 1387 1388 1392 1389 1390 1390 1391 1392 1396 1393 1394 1394 1395 1396 1387 1386 1397 1397 1398 1387 1391 1390 1399 1399 1400 1391 1398 1397 1401 1401 1402 1398 1404 467 466 466 1403 1404 1405 468 467 467 1404 1405 1406 469 468 468 1405 1406 1403 466 219 219 1326 1403 1408 1407 1393 1393 1396 1408 1412 1409 1410 1410 1411 1412 1413 522 469 469 1406 1413 1402 1401 522 522 1413 1402 1415 1414 1409 1409 1412 1415 1380 1379 1389 1389 1392 1380 1395 1394 1381 1381 1384 1395 1419 1416 1417 1417 1418 1419 1400 1399 1416 1416 1419 1400 1418 1417 1420 1420 1421 1418 1421 1420 1422 1422 1423 1421 1423 1422 1424 1424 1425 1423 1427 1426 1407 1407 1408 1427 1425 1424 1426 1426 1427 1425 1411 1410 1385 1385 1388 1411 1383 1382 1414 1414 1415 1383 1429 1428 285 285 1372 1429 1433 1430 1431 1431 1432 1433 1371 1370 1373 1373 1376 1371 1432 1431 1428 1428 1429 1432 1435 1434 1430 1430 1433 1435 1437 1436 1434 1434 1435 1437 1439 1438 1436 1436 1437 1439 1441 1440 1438 1438 1439 1441 1443 1442 1440 1440 1441 1443 1445 1444 1442 1442 1443 1445 1447 1446 1444 1444 1445 1447 1451 1448 1449 1449 1450 1451 1450 1449 1452 1452 1453 1450 1453 1452 1454 1454 1455 1453 1455 1454 1456 1456 1457 1455 1457 1456 1458 1458 1459 1457 1459 1458 1460 1460 1461 1459 1461 1460 1462 1462 1463 1461 1463 1462 1464 1464 1465 1463 1465 1464 1466 1466 1467 1465 1467 1466 1468 1468 1469 1467 1469 1468 1470 1470 1471 1469 1471 1470 1472 1472 1473 1471 1473 1472 1474 1474 1475 1473 1475 1474 1476 1476 1477 1475 1477 1476 1478 1478 1479 1477 1479 1478 1480 1480 1481 1479 1481 1480 1482 1482 1483 1481 1483 1482 1484 1484 1485 1483 1485 1484 1486 1486 1487 1485 1487 1486 1488 1488 1489 1487 1489 1488 1490 1490 1491 1489 1491 1490 1492 1492 1493 1491 1493 1492 1494 1494 1495 1493 1495 1494 1496 1496 1497 1495 1497 1496 1498 1498 1499 1497 1499 1498 1500 1500 1501 1499 1501 1500 1502 1502 1503 1501 1503 1502 1504 1504 1505 1503 245 241 223 223 187 245 187 223 222 222 186 187 186 222 157 157 154 186 154 157 134 134 131 154 131 134 101 101 98 131 98 101 76 76 71 98 71 76 46 46 72 71 72 46 45 45 73 72 73 45 44 44 240 73 240 44 43 43 68 240 68 43 42 42 69 68 69 42 66 66 70 69 70 66 95 95 96 70 96 95 126 126 129 96 129 126 125 125 130 129 130 125 153 153 235 130 235 153 152 152 252 235 252 152 151 151 250 252 250 151 150 150 149 250 149 150 122 122 115 149 115 122 121 121 116 115 116 121 92 92 91 116 91 92 64 64 61 91 61 64 40 40 38 61 38 40 13 13 12 38 12 13 0 0 10 12 258 0 9 9 255 258 255 9 284 284 256 255 256 284 260 260 268 256 268 260 259 259 270 268 270 259 261 261 272 270 272 261 262 262 274 272 274 262 263 263 276 274 276 263 264 264 278 276 278 264 265 265 280 278 280 265 266 266 282 280 561 545 544 544 559 561 559 544 543 543 557 559 557 543 542 542 555 557 555 542 541 541 553 555 553 541 540 540 551 553 551 540 539 539 549 551 549 539 538 538 548 549 548 538 563 563 537 548 537 563 294 294 534 537 534 294 285 285 535 534 1509 1506 1507 1507 1508 1509 1508 1507 1510 1510 1511 1508 1511 1510 1512 1512 1513 1511 1513 1512 1514 1514 1515 1513 1515 1514 1516 1516 1517 1515 1517 1516 1518 1518 1519 1517 1519 1518 1520 1520 1521 1519 1521 1520 1522 1522 1523 1521 1523 1522 1524 1524 1525 1523 1525 1524 1526 1526 1527 1525 1531 1528 1529 1529 1530 1531 1530 1529 1532 1532 1533 1530 1533 1532 1534 1534 1535 1533 1535 1534 1536 1536 1537 1535 1537 1536 1538 1538 1539 1537 1539 1538 1540 1540 1541 1539 1541 1540 1542 1542 1543 1541 1543 1542 1544 1544 1545 1543 1545 1544 1546 1546 1547 1545 1547 1546 1548 1548 1549 1547 295 285 299 299 296 295 296 299 325 325 322 296 322 325 349 349 346 322 346 349 378 378 375 346 375 378 406 406 403 375 403 406 405 405 400 403 400 405 435 435 434 400 434 435 436 436 528 434 528 436 437 437 530 528 530 437 438 438 517 530 517 438 410 410 413 517 413 410 411 411 414 413 414 411 380 380 382 414 382 380 351 351 353 382 353 351 327 327 354 353 354 327 328 328 355 354 355 328 329 329 519 355 519 329 330 330 358 519 358 330 331 331 359 358 359 331 361 361 356 359 356 361 386 386 383 356 383 386 419 419 416 383 416 419 442 442 439 416 439 442 504 504 471 439 471 504 503 503 472 471 472 503 521 521 523 472 1553 1550 1551 1551 1552 1553 1552 1551 1554 1554 1555 1552 1555 1554 1556 1556 1557 1555 1557 1556 1558 1558 1559 1557 1559 1558 1560 1560 1561 1559 1561 1560 1562 1562 1563 1561 1563 1562 1564 1564 1565 1563 1565 1564 1566 1566 1567 1565 1567 1566 1568 1568 1569 1567 1569 1568 1570 1570 1571 1569 1571 1570 1572 1572 1573 1571 1573 1572 1574 1574 1575 1573 1575 1574 1576 1576 1577 1575 1577 1576 1578 1578 1579 1577 1579 1578 1580 1580 1581 1579 1581 1580 1582 1582 1583 1581 1583 1582 1584 1584 1585 1583 1585 1584 1586 1586 1587 1585 1587 1586 1588 1588 1589 1587 1589 1588 1590 1590 1591 1589 1591 1590 1592 1592 1593 1591 1593 1592 1594 1594 1595 1593 1595 1594 1596 1596 1597 1595 1597 1596 1598 1598 1599 1597 1599 1598 1600 1600 1601 1599 1601 1600 1602 1602 1603 1601 1603 1602 1604 1604 1605 1603 1605 1604 1606 1606 1607 1605 1448 0 1288 1288 1449 1448 1449 1288 1293 1293 1452 1449 1452 1293 1292 1292 1454 1452 1454 1292 1296 1296 1456 1454 1456 1296 1298 1298 1458 1456 1458 1298 1309 1309 1460 1458 1460 1309 1308 1308 1462 1460 1462 1308 1318 1318 1464 1462 1464 1318 1336 1336 1466 1464 1466 1336 1338 1338 1468 1466 1468 1338 1340 1340 1470 1468 1470 1340 1342 1342 1472 1470 1472 1342 1344 1344 1474 1472 1474 1344 1346 1346 1476 1474 1476 1346 1327 1327 1478 1476 1478 1327 1313 1313 1480 1478 1480 1313 1312 1312 1482 1480 1482 1312 1301 1301 1484 1482 1484 1301 1300 1300 1486 1484 1486 1300 1334 1334 1488 1486 1488 1334 1330 1330 1490 1488 1490 1330 1329 1329 1492 1490 1492 1329 1305 1305 1494 1492 1494 1305 1304 1304 1496 1494 1496 1304 1316 1316 1498 1496 1498 1316 1320 1320 1500 1498 1500 1320 242 242 1502 1500 1502 242 241 241 1504 1502 1504 241 245 245 1505 1504 1505 245 244 244 1503 1505 1503 244 155 155 1501 1503 1501 155 132 132 1499 1501 1499 132 99 99 1497 1499 1497 99 74 74 1495 1497 1495 74 239 239 1493 1495 1493 239 238 238 1491 1493 1491 238 246 246 1489 1491 1489 246 67 67 1487 1489 1487 67 97 97 1485 1487 1485 97 128 128 1483 1485 1483 128 237 237 1481 1483 1481 237 236 236 1479 1481 1479 236 254 254 1477 1479 1477 254 253 253 1475 1477 1475 253 251 251 1473 1475 1473 251 249 249 1471 1473 1471 249 248 248 1469 1471 1469 248 247 247 1467 1469 1467 247 148 148 1465 1467 1465 148 118 118 1463 1465 1463 118 117 117 1461 1463 1461 117 90 90 1459 1461 1459 90 62 62 1457 1459 1457 62 37 37 1455 1457 1455 37 36 36 1453 1455 1453 36 11 11 1450 1453 1450 11 10 10 1451 1450 1451 10 0 0 1448 1451 1546 1348 0 0 1548 1546 1548 0 258 258 1549 1548 1549 258 257 257 1547 1549 1547 257 267 267 1545 1547 1545 267 269 269 1543 1545 1543 269 271 271 1541 1543 1541 271 273 273 1539 1541 1539 273 275 275 1537 1539 1537 275 277 277 1535 1537 1535 277 279 279 1533 1535 1533 279 281 281 1530 1533 1530 281 283 283 1531 1530 1527 562 560 560 1525 1527 1525 560 558 558 1523 1525 1523 558 556 556 1521 1523 1521 556 554 554 1519 1521 1519 554 552 552 1517 1519 1517 552 550 550 1515 1517 1515 550 547 547 1513 1515 1513 547 546 546 1511 1513 1511 546 536 536 1508 1511 1508 536 535 535 1509 1508 1509 535 285 285 1506 1509 1506 285 1428 1428 1507 1506 1507 1428 1431 1431 1510 1507 1510 1431 1430 1430 1512 1510 1512 1430 1434 1434 1514 1512 1514 1434 1436 1436 1516 1514 1516 1436 1438 1438 1518 1516 1518 1438 1440 1440 1520 1518 1520 1440 1442 1442 1522 1520 1522 1442 1444 1444 1524 1522 1524 1444 1446 1446 1526 1524 1528 1368 1366 1366 1529 1528 1529 1366 1364 1364 1532 1529 1532 1364 1362 1362 1534 1532 1534 1362 1360 1360 1536 1534 1536 1360 1358 1358 1538 1536 1538 1358 1356 1356 1540 1538 1540 1356 1352 1352 1542 1540 1542 1352 1351 1351 1544 1542 1544 1351 1348 1348 1546 1544 1604 1370 285 285 1606 1604 1606 285 295 295 1607 1606 1607 295 297 297 1605 1607 1605 297 321 321 1603 1605 1603 321 323 323 1601 1603 1601 323 347 347 1599 1601 1599 347 376 376 1597 1599 1597 376 402 402 1595 1597 1595 402 401 401 1593 1595 1593 401 433 433 1591 1593 1591 433 527 527 1589 1591 1589 527 526 526 1587 1589 1587 526 529 529 1585 1587 1585 529 531 531 1583 1585 1583 531 532 532 1581 1583 1581 532 533 533 1579 1581 1579 533 516 516 1577 1579 1577 516 515 515 1575 1577 1575 515 415 415 1573 1575 1573 415 381 381 1571 1573 1571 381 352 352 1569 1571 1569 352 525 525 1567 1569 1567 525 518 518 1565 1567 1565 518 520 520 1563 1565 1563 520 357 357 1561 1563 1561 357 384 384 1559 1561 1559 384 417 417 1557 1559 1557 417 440 440 1555 1557 1555 440 524 524 1552 1555 1552 524 523 523 1553 1552 1553 523 521 521 1550 1553 1550 521 522 522 1551 1550 1551 522 1401 1401 1554 1551 1554 1401 1397 1397 1556 1554 1556 1397 1386 1386 1558 1556 1558 1386 1385 1385 1560 1558 1560 1385 1410 1410 1562 1560 1562 1410 1409 1409 1564 1562 1564 1409 1414 1414 1566 1564 1566 1414 1382 1382 1568 1566 1568 1382 1381 1381 1570 1568 1570 1381 1394 1394 1572 1570 1572 1394 1393 1393 1574 1572 1574 1393 1407 1407 1576 1574 1576 1407 1426 1426 1578 1576 1578 1426 1424 1424 1580 1578 1580 1424 1422 1422 1582 1580 1582 1422 1420 1420 1584 1582 1584 1420 1417 1417 1586 1584 1586 1417 1416 1416 1588 1586 1588 1416 1399 1399 1590 1588 1590 1399 1390 1390 1592 1590 1592 1390 1389 1389 1594 1592 1594 1389 1379 1379 1596 1594 1596 1379 1377 1377 1598 1596 1598 1377 1374 1374 1600 1598 1600 1374 1373 1373 1602 1600 1602 1373 1370 1370 1604 1602 </p>
        </polylist>
      </mesh>
    </geometry>
    <geometry id="meshId1" name="meshId1_name" >
      <mesh>
        <source id="meshId1-positions" name="meshId1-positions">
          <float_array id="meshId1-positions-array" count="1170"> -0.0212048 0.422708 0.503658 0.0232703 0.422708 0.503658 0.0232703 0.291941 0.663311 -0.0212048 0.291941 0.663311 0.0232703 0.507637 0.155294 0.0232703 0.4948 0.315619 -0.0212048 0.4948 0.315619 -0.0212048 0.507637 0.155294 0.0232703 0.487852 -0.00318501 -0.0212048 0.487852 -0.00318501 0.0232703 0.417806 -0.149097 -0.0212048 0.417806 -0.149097 0.0232703 0.323203 -0.253279 -0.0212048 0.323203 -0.253279 0.0232703 0.191651 -0.344888 -0.0212048 0.191651 -0.344888 -0.0161025 0.0574159 -0.40224 0.017612 0.0574159 -0.40224 0.0343506 0.73759 0.900442 0.0343506 0.886324 0.679706 -0.0322852 0.886324 0.679706 -0.0322851 0.73759 0.900442 0.0343506 1 0.134201 -0.0322851 1 0.134201 -0.0322851 0.975978 0.415801 0.0343506 0.975978 0.415801 0.0343506 0.950456 -0.146776 -0.0322851 0.950456 -0.146776 0.0343506 0.830129 -0.405474 -0.0322851 0.830129 -0.405474 0.0343506 0.647158 -0.624391 -0.0322851 0.647158 -0.624391 0.0343506 0.411588 -0.789927 -0.0322851 0.411588 -0.789927 0.0343507 0.20172 -0.864307 -0.032285 0.20172 -0.864307 0.0149626 0.536706 0.324423 0.0149626 0.676941 0.345838 0.0170697 0.608433 0.546439 0.0172736 0.465447 0.513404 0.0149626 0.69197 0.152295 0.0149626 0.550626 0.153543 0.0149626 0.527666 -0.0153434 0.0149626 0.660367 -0.0572262 0.0149626 0.567516 -0.248208 0.0149626 0.453491 -0.1709 0.0149626 0.433135 -0.408241 0.0149626 0.350669 -0.286393 0.0149626 0.210508 -0.384243 0.0149626 0.270852 -0.525864 0.0149626 0.109903 -0.582487 0.0113143 0.0711583 -0.442867 -0.0171995 -0.0249152 -0.607374 0.019265 -0.0249152 -0.607374 0.0193396 -0.0576337 -0.475704 -0.0172741 -0.0576337 -0.475704 -0.00980483 0.0711583 -0.442867 -0.0128971 0.109903 -0.582487 -0.0128971 0.433135 -0.408241 -0.0128971 0.270852 -0.525864 -0.0128971 0.210508 -0.384243 -0.0128971 0.350669 -0.286393 -0.0128971 0.567516 -0.248208 -0.0128971 0.453491 -0.1709 -0.0128971 0.527666 -0.0153434 -0.0128971 0.660367 -0.0572262 -0.0128971 0.69197 0.152295 -0.0128971 0.550626 0.153543 -0.0128971 0.676941 0.345838 -0.0128971 0.536706 0.324423 -0.0171113 0.48125 0.729036 -0.0150042 0.608433 0.546439 -0.0152082 0.465447 0.513404 -0.0175192 0.335513 0.673998 0.0195847 0.335513 0.673998 0.0191768 0.48125 0.729036 -0.0212048 -0.0704597 -0.434868 0.0232703 -0.0704597 -0.434868 0.0343506 0.0199349 -0.902163 -0.0322851 0.0199349 -0.902163 0.019265 -0.0249152 -0.607374 0.0193396 -0.0576337 -0.475704 0.0319983 0.702905 0.358822 0.0360625 0.721765 0.362738 0.0361252 0.651388 0.570624 0.0319356 0.631701 0.565106 0.029754 0.323766 0.68119 0.029754 0.295358 0.671328 0.029754 0.427591 0.508326 0.029754 0.455292 0.516059 0.0360741 0.740558 0.145627 0.0319866 0.721096 0.146434 0.029754 0.501149 0.316937 0.029754 0.514115 0.155025 0.029754 0.541881 0.153873 0.029754 0.528142 0.322541 0.0359977 0.702734 -0.0688931 0.0320631 0.685424 -0.0636001 0.029754 0.494052 -0.00508097 0.029754 0.519279 -0.0127948 0.0360086 0.610805 -0.266443 0.0320522 0.595175 -0.25694 0.029754 0.423346 -0.152466 0.029754 0.446053 -0.166272 0.0319868 0.459273 -0.417962 0.0360739 0.471678 -0.432975 0.029754 0.327333 -0.258277 0.029754 0.345031 -0.279697 0.031955 0.284944 -0.540467 0.0361057 0.293588 -0.558587 0.029754 0.194442 -0.35074 0.029754 0.20667 -0.376373 0.0360675 0.132529 -0.614022 0.0319933 0.126272 -0.595707 0.0225269 0.0595119 -0.408376 0.0225269 0.0684539 -0.434554 -0.0339927 -0.0284598 -0.646992 0.0360582 -0.0284598 -0.646992 0.0320026 -0.0324702 -0.628233 -0.0299371 -0.0324702 -0.628233 0.029754 -0.0754638 -0.442471 -0.0276885 -0.0754638 -0.442471 -0.0276885 -0.0697173 -0.469352 0.029754 -0.0697173 -0.469352 -0.0299278 0.126272 -0.595707 -0.034002 0.132529 -0.614022 -0.0210175 0.0595119 -0.408376 -0.0210175 0.0684539 -0.434554 -0.0340085 0.471678 -0.432975 -0.0340402 0.293588 -0.558587 -0.0298896 0.284944 -0.540467 -0.0299213 0.459273 -0.417962 -0.0276885 0.194442 -0.35074 -0.0276885 0.327333 -0.258277 -0.0276885 0.345031 -0.279697 -0.0276885 0.20667 -0.376373 -0.0339431 0.610805 -0.266443 -0.0299867 0.595175 -0.25694 -0.0276885 0.423346 -0.152466 -0.0276885 0.446053 -0.166272 -0.0339322 0.702734 -0.0688931 -0.0299976 0.685424 -0.0636001 -0.0276885 0.494052 -0.00508097 -0.0276885 0.519279 -0.0127948 -0.0340087 0.740558 0.145627 -0.0299212 0.721096 0.146434 -0.0276885 0.514115 0.155025 -0.0276885 0.541881 0.153873 -0.033997 0.721765 0.362738 -0.0299328 0.702905 0.358822 -0.0276885 0.501149 0.316937 -0.0276885 0.528142 0.322541 -0.0341224 0.522334 0.760508 -0.0340597 0.651388 0.570624 -0.0298701 0.631701 0.565106 -0.0298074 0.501821 0.753386 -0.0276885 0.427591 0.508326 -0.0276885 0.455292 0.516059 -0.00817591 -0.0471554 0.766393 0.00914527 -0.0471554 0.766393 0.00914527 -0.041492 0.783053 -0.00817591 -0.041492 0.783053 0.0361879 0.522334 0.760508 0.0318729 0.501821 0.753386 0.0190096 0.677548 0.345979 0.0205465 0.608562 0.547958 0.0170697 0.608433 0.546439 0.0149626 0.676941 0.345838 0.0220834 0.4809 0.731935 -0.020018 0.4809 0.731935 -0.0171113 0.48125 0.729036 0.0191768 0.48125 0.729036 -0.0184811 0.608562 0.547958 -0.0150042 0.608433 0.546439 -0.0169442 0.677548 0.345979 -0.0169436 0.692591 0.152269 -0.0128971 0.69197 0.152295 -0.0128971 0.676941 0.345838 -0.0169439 0.660961 -0.0574116 -0.0128971 0.660367 -0.0572262 -0.0169438 0.56804 -0.248543 -0.0128971 0.567516 -0.248208 -0.0169437 0.433555 -0.4087 -0.0128971 0.433135 -0.408241 -0.016944 0.271137 -0.526419 -0.0128971 0.270852 -0.525864 -0.0169422 0.110066 -0.583083 -0.0128971 0.109903 -0.582487 -0.0200712 -0.0275811 -0.608575 -0.0171995 -0.0249152 -0.607374 0.0221367 -0.0275812 -0.608575 0.019265 -0.0249152 -0.607374 0.0190077 0.110066 -0.583083 0.0149626 0.109903 -0.582487 0.0190095 0.271137 -0.526419 0.0149626 0.270852 -0.525864 0.0190092 0.433555 -0.4087 0.0149626 0.433135 -0.408241 0.0190093 0.56804 -0.248543 0.0149626 0.567516 -0.248208 0.0190093 0.660961 -0.0574116 0.0149626 0.660367 -0.0572262 0.0190091 0.692591 0.152269 0.0149626 0.69197 0.152295 0.0243369 0.463232 0.515875 0.0172736 0.465447 0.513404 0.0195847 0.335513 0.673998 0.0253273 0.332339 0.67926 0.0233464 0.53545 0.324103 0.0233452 0.549341 0.153577 0.0149626 0.550626 0.153543 0.0149626 0.536706 0.324423 0.0233461 0.526426 -0.0149735 0.0149626 0.527666 -0.0153434 0.0233458 0.452415 -0.170186 0.0149626 0.453491 -0.1709 0.0233453 0.349814 -0.285431 0.0149626 0.350669 -0.286393 0.0233456 0.209915 -0.383099 0.0149626 0.210508 -0.384243 0.0176684 0.0708134 -0.441633 0.0113143 0.0711583 -0.442867 0.0211217 -0.0637097 -0.475697 0.0193396 -0.0576337 -0.475704 -0.0231724 -0.0637097 -0.475697 -0.0172741 -0.0576337 -0.475704 -0.0161589 0.0708134 -0.441633 -0.00980483 0.0711583 -0.442867 -0.0212801 0.209915 -0.383099 -0.0128971 0.210508 -0.384243 -0.0212799 0.349814 -0.285431 -0.0128971 0.350669 -0.286393 -0.0212803 0.452415 -0.170186 -0.0128971 0.453491 -0.1709 -0.0212806 0.526426 -0.0149735 -0.0128971 0.527666 -0.0153434 -0.0212797 0.549341 0.153577 -0.0128971 0.550626 0.153543 -0.021281 0.53545 0.324103 -0.0128971 0.536706 0.324423 -0.0222714 0.463232 0.515875 -0.0152082 0.465447 0.513404 -0.0232618 0.332339 0.67926 -0.0175192 0.335513 0.673998 0.0274358 0.53623 0.753828 0.0274358 0.663543 0.568365 -0.0253703 0.663543 0.568365 -0.0253703 0.73218 0.3649 0.0274358 0.73218 0.3649 0.0274358 0.751188 0.145185 -0.0253703 0.751188 0.145185 0.0274358 0.712892 -0.0719995 -0.0253703 0.712892 -0.0719995 0.0274358 0.619884 -0.271963 -0.0253703 0.619884 -0.271963 0.0274358 0.478454 -0.441177 -0.0253703 0.478454 -0.441177 0.0274358 0.298171 -0.568196 -0.0253703 0.298171 -0.568196 0.0274358 0.135967 -0.624089 0.031349 -0.0214294 -0.651479 -0.0292835 -0.0214294 -0.651479 -0.0174116 -0.0155874 -0.655207 0.0194772 -0.0155874 -0.655207 -0.0253703 0.135967 -0.624089 -0.0253703 -0.00779142 -0.653606 -0.0253703 0.53623 0.753828 0.0274358 -0.00779142 -0.653606 -0.0276885 0.295358 0.671328 -0.00817591 -0.0471554 0.766393 -0.00622083 -0.0419208 0.762463 0.00719018 -0.0419208 0.762463 0.00914527 -0.0471554 0.766393 -0.00684108 -0.0355346 0.786697 0.00781044 -0.0355346 0.786697 0.0191768 0.48125 0.729036 0.0195847 0.335513 0.673998 -0.0276885 0.323766 0.68119 -0.0232618 0.332339 0.67926 -0.0175192 0.335513 0.673998 0.0274358 0.53623 0.753828 0.0274358 0.663543 0.568365 0.0418348 0.879217 0.676154 0.0418357 0.726873 0.902163 0.0274358 0.73218 0.3649 0.0418348 0.968201 0.414177 0.0274358 0.751188 0.145185 0.0418348 0.992063 0.134552 0.0274358 0.712892 -0.0719995 0.0418348 0.942878 -0.144391 0.0274358 0.619884 -0.271963 0.0418348 0.823422 -0.401215 0.0274358 0.478454 -0.441177 0.0418348 0.641776 -0.618547 0.0274358 0.298171 -0.568196 0.0418348 0.40797 -0.782854 0.0274358 0.135967 -0.624089 0.0418349 0.199623 -0.856644 0.0274358 -0.00779142 -0.653606 0.0279094 -0.0144563 -0.66307 0.0418357 0.0188037 -0.8943 -0.0253703 -0.00779142 -0.653606 -0.0253703 0.135967 -0.624089 -0.0397692 0.199623 -0.856644 -0.0397702 0.0188037 -0.8943 -0.0258439 -0.0144563 -0.66307 -0.0253703 0.298171 -0.568196 -0.0397693 0.40797 -0.782854 -0.0253703 0.478454 -0.441177 -0.0397693 0.641776 -0.618547 -0.0253703 0.619884 -0.271963 -0.0397693 0.823422 -0.401215 -0.0253703 0.712892 -0.0719995 -0.0397693 0.942878 -0.144391 -0.0253703 0.751188 0.145185 -0.0397693 0.992063 0.134552 -0.0253703 0.73218 0.3649 -0.0397693 0.968201 0.414177 -0.0253703 0.663543 0.568365 -0.0397694 0.879217 0.676154 -0.0253703 0.53623 0.753828 -0.0397702 0.726873 0.902163 -0.0253703 0.53623 0.753828 0.0274358 0.53623 0.753828 0.0194772 -0.0155874 -0.655207 -0.0174116 -0.0155874 -0.655207 -0.0174116 -0.194734 -0.694167 0.0194772 -0.194734 -0.694167 -0.0396761 -0.177879 -0.893534 -0.0259379 -0.194065 -0.702077 0.0343507 -0.177211 -0.901445 -0.0322851 -0.177211 -0.901445 0.0280034 -0.194065 -0.702077 0.0417417 -0.177879 -0.893534 -0.0174115 -0.388697 -0.728017 0.0194772 -0.388697 -0.728017 -0.0395001 -0.367869 -0.877151 -0.0261137 -0.387601 -0.735865 0.0343507 -0.366773 -0.884999 -0.032285 -0.366773 -0.884999 0.0281794 -0.387601 -0.735865 0.0415658 -0.367869 -0.877151 -0.0174115 -0.581268 -0.737503 0.0194773 -0.581268 -0.737503 -0.0392872 -0.557749 -0.850038 -0.0263266 -0.579652 -0.745237 0.0343508 -0.556132 -0.857772 -0.032285 -0.556132 -0.857772 0.0283924 -0.579652 -0.745237 0.041353 -0.557749 -0.850038 -0.0174114 -0.755761 -0.769797 0.0194774 -0.755761 -0.769797 -0.0386309 -0.761775 -0.833602 -0.0269826 -0.756492 -0.777556 0.0343509 -0.762506 -0.841361 -0.0322848 -0.762506 -0.841361 0.0290487 -0.756492 -0.777556 0.0406969 -0.761775 -0.833602 0.0010332 -0.966153 -0.81024 -0.0064594 -0.991628 -0.823018 0.00103323 -1 -0.830427 0.00852582 -0.991628 -0.823018 -0.0174116 -0.0155874 -0.655207 0.0010332 -0.966153 -0.81024 -0.0174116 -0.194734 -0.694167 -0.0174115 -0.388697 -0.728017 -0.0174115 -0.581268 -0.737503 -0.0174114 -0.755761 -0.769797 0.0010332 -0.966153 -0.81024 -0.0276885 0.190895 0.72593 -0.0276885 0.210567 0.748675 -0.0212048 0.191945 0.717278 0.0232703 0.191945 0.717278 0.029754 0.190895 0.72593 0.029754 0.210567 0.748675 0.0253273 0.210734 0.756171 -0.0232618 0.210734 0.756171 -0.0232618 0.210734 0.756171 -0.0222269 0.0811465 0.746746 -0.0222269 0.0856728 0.767855 -0.0169611 0.0856828 0.742754 0.01916 0.0856828 0.742754 0.0244258 0.0811465 0.746746 0.0244258 0.0856728 0.767855 0.0208306 0.0862151 0.774871 -0.0186317 0.0862151 0.774871 -0.0186317 0.0862151 0.774871 -0.00817591 -0.041492 0.783053 0.00914527 -0.041492 0.783053 -0.00684108 -0.0355346 0.786697 </float_array>
          <technique_common>
            <accessor count="390" offset="0" source="#meshId1-positions-array" stride="3">
              <param name="X" type="float" />
              <param name="Y" type="float" />
              <param name="Z" type="float" />
            </accessor>
          </technique_common>
        </source>
        <source id="meshId1-normals" name="meshId1-normals">
          <float_array id="meshId1-normals-array" count="1170"> -0.399221 -0.796544 -0.454026 0.399221 -0.796544 -0.454027 0.459045 -0.573682 -0.678355 -0.459838 -0.575001 -0.6767 0.391696 -0.919877 0.0200042 0.395496 -0.895611 -0.203626 -0.395498 -0.89561 -0.203629 -0.39165 -0.919895 0.0200984 0.397323 -0.880505 0.258546 -0.397299 -0.880557 0.258406 0.39538 -0.761297 0.513908 -0.395448 -0.761286 0.513872 0.392553 -0.607633 0.690423 -0.392552 -0.607519 0.690524 0.395123 -0.453088 0.799118 -0.39572 -0.45416 0.798214 -0.44393 -0.284507 0.849696 0.443072 -0.289003 0.848625 0.311112 0.56889 0.761297 0.384755 0.826962 0.409996 -0.384767 0.826941 0.410028 -0.311164 0.568907 0.761263 0.384995 0.921997 -0.0412435 -0.384998 0.921996 -0.0412385 -0.385717 0.903058 0.188966 0.385719 0.903054 0.188979 0.384945 0.880358 -0.277106 -0.384945 0.880357 -0.277106 0.384944 0.77912 -0.494763 -0.384944 0.77912 -0.494763 0.384889 0.624786 -0.67934 -0.384892 0.624781 -0.679343 0.384499 0.423367 -0.820317 -0.38448 0.423407 -0.820306 0.390336 0.248134 -0.886604 -0.390315 0.2481 -0.886623 0.789431 0.599876 0.130183 0.73481 -0.66367 -0.139985 0.751965 -0.594305 -0.285219 0.782258 0.557256 0.278456 0.736232 -0.676289 0.0243935 0.781444 0.623749 -0.0167968 0.79175 0.585332 -0.174693 0.72903 -0.653689 0.202992 0.734452 -0.569309 0.369415 0.788711 0.512134 -0.340079 0.734511 -0.462478 0.496597 0.783358 0.412847 -0.464658 0.781155 0.297169 -0.549079 0.730391 -0.317138 0.60494 0.739918 -0.166746 0.651703 0.800423 0.198469 -0.565626 -0.405771 -0.522823 0.749671 0.407311 -0.520982 0.750118 0.624746 -0.158396 -0.764594 -0.402754 -0.152986 -0.902433 -0.799447 0.199393 -0.566681 -0.740633 -0.165367 0.651243 -0.734512 -0.462479 0.496594 -0.730392 -0.317135 0.60494 -0.781345 0.297149 -0.548819 -0.783358 0.412847 -0.464659 -0.734452 -0.569312 0.369411 -0.788711 0.512133 -0.340079 -0.79175 0.585333 -0.174693 -0.729031 -0.653686 0.203 -0.736233 -0.676289 0.0243864 -0.781445 0.623749 -0.0167968 -0.734807 -0.663675 -0.139984 -0.789431 0.599876 0.130183 -0.520704 -0.853737 0.000746339 -0.751965 -0.594306 -0.285218 -0.782258 0.557257 0.278456 -0.171573 0.613139 0.771118 0.171573 0.613139 0.771118 0.520704 -0.853737 0.000745878 -0.302833 -0.489302 0.817848 0.308048 -0.485471 0.818184 0.387014 0.093385 -0.917333 -0.386945 0.0935114 -0.917349 0.407311 -0.520982 0.750118 0.624746 -0.158396 -0.764594 0.951219 -0.301012 -0.0676316 0.964234 0.259466 0.0541228 0.953422 0.259386 0.153965 0.9597 -0.248398 -0.131434 0.880274 0.278206 0.384341 0.95893 -0.173932 -0.224054 0.938602 -0.295545 -0.17799 0.930928 0.308762 0.195036 0.963299 0.268159 -0.0120659 0.952772 -0.303397 0.0132429 0.935925 -0.343562 -0.0775268 0.932523 -0.361015 0.0082986 0.929845 0.367827 -0.00957923 0.927832 0.364129 0.0808624 0.964626 0.251305 -0.0796416 0.944654 -0.312949 0.0984448 0.937435 -0.333939 0.0984908 0.926434 0.360774 -0.107525 0.964465 0.222857 -0.141919 0.949633 -0.265997 0.165661 0.936013 -0.292552 0.195685 0.927353 0.311152 -0.207846 0.944009 -0.229197 0.237311 0.96323 0.183505 -0.196251 0.933398 -0.236521 0.269864 0.92916 0.246124 -0.275836 0.926345 -0.177088 0.332452 0.96194 0.125225 -0.242881 0.932943 -0.191737 0.304719 0.930812 0.157776 -0.32969 0.967743 0.0653329 -0.243322 0.91168 -0.111024 0.395619 0.951248 -0.0996735 0.291877 0.953553 0.0986628 -0.284609 -0.693512 -0.573616 -0.435896 0.693537 -0.57356 -0.435931 0.637369 -0.74697 0.189201 -0.638924 -0.744216 0.194727 0.664533 -0.70541 0.24656 -0.662934 -0.707424 0.245093 -0.689434 -0.57755 -0.43717 0.686257 -0.530341 -0.497785 -0.91121 -0.115742 0.395348 -0.967765 0.0652607 -0.243252 -0.951329 -0.0958395 0.292895 -0.954226 0.0966044 -0.283057 -0.963197 0.183575 -0.196349 -0.961936 0.12546 -0.242773 -0.927096 -0.177548 0.330107 -0.944276 -0.228116 0.23729 -0.93249 -0.192332 0.305731 -0.9334 -0.236424 0.269942 -0.929153 0.246052 -0.275922 -0.931197 0.160826 -0.32712 -0.964446 0.222824 -0.1421 -0.949193 -0.266271 0.16773 -0.935988 -0.292615 0.19571 -0.927369 0.311118 -0.207827 -0.964661 0.251219 -0.0794887 -0.944811 -0.313375 0.0955378 -0.937443 -0.33395 0.0983778 -0.92643 0.360816 -0.107424 -0.96333 0.268047 -0.0121103 -0.953128 -0.302183 0.0152702 -0.932542 -0.360965 0.00837709 -0.929833 0.367856 -0.00964043 -0.964228 0.259489 0.0541245 -0.951096 -0.301263 -0.0682477 -0.935924 -0.343563 -0.0775299 -0.927831 0.364129 0.0808617 -0.694793 0.045005 0.7178 -0.953422 0.259387 0.153965 -0.9597 -0.248398 -0.131434 -0.657565 -0.521 0.544213 -0.938602 -0.295544 -0.17799 -0.930928 0.308762 0.195035 -0.575566 -0.773871 -0.264288 0.572647 -0.77606 -0.264211 0.603965 -0.609923 0.51305 -0.607348 -0.607466 0.51197 0.694793 0.045005 0.7178 0.657565 -0.521 0.544213 0.614998 -0.77292 -0.156118 0.67469 -0.651468 -0.346961 0.751965 -0.594305 -0.285219 0.73481 -0.66367 -0.139985 0.528134 -0.841369 0.114777 -0.528134 -0.841369 0.114777 -0.520704 -0.853737 0.000746339 0.520704 -0.853737 0.000745878 -0.674691 -0.651467 -0.346961 -0.751965 -0.594306 -0.285218 -0.615681 -0.772156 -0.157201 -0.620634 -0.78362 0.0274408 -0.736233 -0.676289 0.0243864 -0.734807 -0.663675 -0.139984 -0.605796 -0.760069 0.235172 -0.729031 -0.653686 0.203 -0.613376 -0.659398 0.434699 -0.734452 -0.569312 0.369411 -0.589718 -0.540739 0.599862 -0.734512 -0.462479 0.496594 -0.546933 -0.380676 0.745621 -0.730392 -0.317135 0.60494 -0.509997 -0.214847 0.832913 -0.740633 -0.165367 0.651243 -0.448549 -0.594556 0.667314 -0.405771 -0.522823 0.749671 0.437997 -0.601471 0.668126 0.407311 -0.520982 0.750118 0.500328 -0.206363 0.840884 0.739918 -0.166746 0.651703 0.548087 -0.379259 0.745495 0.730391 -0.317138 0.60494 0.591703 -0.541655 0.597074 0.734511 -0.462478 0.496597 0.612982 -0.660705 0.433269 0.734452 -0.569309 0.369415 0.605809 -0.758633 0.239732 0.72903 -0.653689 0.202992 0.620854 -0.78355 0.0242912 0.736232 -0.676289 0.0243935 0.457215 0.766391 0.451219 0.782258 0.557256 0.278456 0.171573 0.613139 0.771118 0.377438 0.654125 0.655485 0.473222 0.859933 0.191248 0.475472 0.879408 -0.0238373 0.781444 0.623749 -0.0167968 0.789431 0.599876 0.130183 0.472067 0.844697 -0.252269 0.79175 0.585332 -0.174693 0.472922 0.734389 -0.486844 0.788711 0.512134 -0.340079 0.474704 0.58423 -0.658279 0.783358 0.412847 -0.464658 0.480442 0.413735 -0.773304 0.781155 0.297169 -0.549079 0.546111 0.270046 -0.792993 0.800423 0.198469 -0.565626 0.30969 -0.251885 -0.916868 0.624746 -0.158396 -0.764594 -0.4427 -0.218078 -0.869746 -0.402754 -0.152986 -0.902433 -0.544386 0.269482 -0.79437 -0.799447 0.199393 -0.566681 -0.478761 0.416309 -0.772965 -0.781345 0.297149 -0.548819 -0.474723 0.584156 -0.658332 -0.783358 0.412847 -0.464659 -0.472885 0.734403 -0.486859 -0.788711 0.512133 -0.340079 -0.472076 0.844715 -0.25219 -0.79175 0.585333 -0.174693 -0.475502 0.87939 -0.023887 -0.781445 0.623749 -0.0167968 -0.473223 0.859933 0.191247 -0.789431 0.599876 0.130183 -0.457215 0.766391 0.451219 -0.782258 0.557257 0.278456 -0.378014 0.652506 0.656766 -0.171573 0.613139 0.771118 0.59795 0.244373 0.763373 0.957537 0.263538 0.116921 -0.957523 0.263534 0.117045 -0.95985 0.2746 0.0572894 0.959845 0.274608 0.0573421 0.96047 0.278113 -0.0122885 -0.960458 0.278157 -0.012203 0.960925 0.264078 -0.0829825 -0.96091 0.264116 -0.0830398 0.96083 0.234186 -0.148195 -0.960843 0.234096 -0.148254 0.96036 0.188184 -0.205659 -0.960394 0.188081 -0.205596 0.960905 0.125453 -0.246825 -0.960922 0.125673 -0.246648 0.956187 0.0777853 -0.282234 0.434536 -0.211581 -0.87545 -0.434363 -0.211671 -0.875514 -0.574312 -0.816176 -0.0634224 0.57428 -0.816188 -0.0635589 -0.956183 0.0776867 -0.282274 -0.93015 -0.0832207 -0.357625 -0.597945 0.244485 0.763341 0.930145 -0.0831966 -0.357642 -0.958448 -0.176353 -0.224227 -0.575566 -0.773871 -0.264288 -0.356605 -0.337576 -0.871134 0.351335 -0.340017 -0.872326 0.572647 -0.77606 -0.264211 -0.460347 -0.183019 0.868668 0.454957 -0.185472 0.870985 0.520704 -0.853737 0.000745878 0.171573 0.613139 0.771118 -0.871874 0.27807 0.403128 -0.378014 0.652506 0.656766 -0.171573 0.613139 0.771118 0.59795 0.244373 0.763373 0.957537 0.263538 0.116921 0.929049 0.331539 0.164166 0.663628 -0.0886236 0.742794 0.959845 0.274608 0.0573421 0.930054 0.359627 0.0752919 0.96047 0.278113 -0.0122885 0.929316 0.368915 -0.0165321 0.960925 0.264078 -0.0829825 0.929269 0.352361 -0.110911 0.96083 0.234186 -0.148195 0.929268 0.311842 -0.198028 0.96036 0.188184 -0.205659 0.929217 0.250137 -0.272005 0.960905 0.125453 -0.246825 0.928786 0.17007 -0.329292 0.956187 0.0777853 -0.282234 0.934545 0.0960582 -0.342636 0.930145 -0.0831966 -0.357642 0.934003 -0.164076 0.317361 0.931802 0.0340509 -0.361366 -0.93015 -0.0832207 -0.357625 -0.956183 0.0776867 -0.282274 -0.934528 0.0959938 -0.342698 -0.931365 0.035605 -0.362342 -0.93371 -0.162673 0.318941 -0.960922 0.125673 -0.246648 -0.928777 0.170172 -0.329266 -0.960394 0.188081 -0.205596 -0.929219 0.250123 -0.272012 -0.960843 0.234096 -0.148254 -0.929268 0.311842 -0.198028 -0.96091 0.264116 -0.0830398 -0.929269 0.352361 -0.110911 -0.960458 0.278157 -0.012203 -0.929318 0.368911 -0.0165183 -0.95985 0.2746 0.0572894 -0.930052 0.359638 0.0752558 -0.957523 0.263534 0.117045 -0.92906 0.331462 0.164255 -0.597945 0.244485 0.763341 -0.663705 -0.0886342 0.742725 -0.597945 0.244485 0.763341 0.59795 0.244373 0.763373 0.57428 -0.816188 -0.0635589 -0.574312 -0.816176 -0.0634224 -0.366293 -0.179141 0.913092 0.366461 -0.179116 0.91303 -0.938388 -0.0188665 -0.345069 -0.902443 -0.0795159 0.423408 0.393526 -0.0406187 -0.918416 -0.393401 -0.0406861 -0.918466 0.904066 -0.0794648 0.419942 0.939637 -0.0193291 -0.341625 -0.365572 -0.102505 0.925121 0.365822 -0.102639 0.925008 -0.942569 -0.0437769 -0.33113 -0.899319 -0.0445843 0.435014 0.394414 -0.103969 -0.913032 -0.394339 -0.104034 -0.913058 0.901513 -0.0442081 0.430487 0.944404 -0.0420751 -0.326085 -0.348259 -0.10852 0.931096 0.349059 -0.109267 0.930709 -0.952891 -0.037079 -0.301037 -0.876585 -0.0470729 0.478939 0.401596 -0.104024 -0.90989 -0.401264 -0.10339 -0.910109 0.87954 -0.0497575 0.473217 0.954797 -0.0372001 -0.294921 -0.33158 -0.187532 0.924601 0.33231 -0.186227 0.924603 -0.969288 -0.0918499 -0.228132 -0.845844 -0.130739 0.517161 0.44629 -0.0885959 -0.890492 -0.445875 -0.0895203 -0.890608 0.851372 -0.118255 0.51106 0.971401 -0.0820231 -0.222826 -0.000672106 -0.280402 0.959883 -0.690658 -0.639313 0.338039 -7.19543e-005 -0.940803 -0.338954 0.690542 -0.639392 0.338126 -0.574312 -0.816176 -0.0634224 -0.000672106 -0.280402 0.959883 -0.366293 -0.179141 0.913092 -0.365572 -0.102505 0.925121 -0.348259 -0.10852 0.931096 -0.33158 -0.187532 0.924601 -0.000672106 -0.280402 0.959883 -0.952379 -0.117768 -0.281257 -0.950324 0.107632 0.292061 -0.434569 -0.332455 -0.837032 0.432021 -0.335704 -0.837055 0.952589 -0.118233 -0.280348 0.951467 0.101502 0.29053 0.466379 0.289087 0.836014 -0.467873 0.291222 0.834437 -0.467873 0.291222 0.834437 -0.869047 -0.152091 -0.470772 -0.968829 -0.0402926 0.244432 -0.246882 -0.208384 -0.946375 0.247299 -0.208904 -0.946152 0.868596 -0.15634 -0.470211 0.968566 -0.0441397 0.244808 0.526017 0.0655258 0.847946 -0.524768 0.0681729 0.848511 -0.524768 0.0681729 0.848511 -0.607348 -0.607466 0.51197 0.603965 -0.609923 0.51305 -0.460347 -0.183019 0.868668 </float_array>
          <technique_common>
            <accessor count="390" offset="0" source="#meshId1-normals-array" stride="3">
              <param name="X" type="float" />
              <param name="Y" type="float" />
              <param name="Z" type="float" />
            </accessor>
          </technique_common>
        </source>
        <source id="meshId1-tangents" name="meshId1-tangents">
          <float_array id="meshId1-tangents-array" count="1170"> 0.915347 -0.317883 -0.247163 0.915974 0.368204 0.159428 0.887514 0.330454 0.32112 0.885778 -0.243103 -0.395345 0.919775 0.390894 -0.034868 0.917813 0.39375 0.0508028 0.917559 -0.375419 -0.130944 0.919435 -0.392106 -0.0298666 0.917585 0.37715 -0.125682 0.917109 -0.390995 0.0776825 0.918516 0.328835 -0.219536 0.918004 -0.345762 0.19421 0.919578 0.272938 -0.282633 0.919404 -0.279182 0.277044 0.917264 0.241996 -0.316331 0.918024 -0.21952 0.330216 0.895726 -0.16685 0.412112 0.881785 0.311217 -0.3544 -0.94567 0.264904 0.188504 -0.922894 0.337349 0.185643 -0.921944 -0.322938 -0.213846 -0.945138 -0.10142 -0.310529 -0.922747 0.385401 0.00207814 -0.922386 -0.382875 0.0511006 -0.922024 -0.384639 -0.0438671 -0.922543 0.374937 0.0913027 -0.92284 0.371553 -0.101561 -0.922762 -0.361225 0.134266 -0.922934 0.326853 -0.203372 -0.92294 -0.324615 0.2069 -0.92289 0.251263 -0.29179 -0.922672 -0.278907 0.266248 -0.921478 0.122961 -0.368454 -0.921837 -0.22318 0.316871 -0.916099 0.00881255 -0.400855 -0.915754 -0.204115 0.346022 0.613838 -0.771006 -0.169569 -0.678237 -0.716831 -0.161702 -0.628836 -0.776514 -0.0398862 0.592784 -0.803291 -0.0577145 -0.63894 -0.706545 -0.30422 0.594915 -0.7529 -0.281458 0.500659 -0.785673 -0.363399 -0.539961 -0.731491 -0.416368 -0.398785 -0.802473 -0.443857 0.373055 -0.838402 -0.397382 -0.270492 -0.870685 -0.410781 0.249892 -0.893661 -0.372725 0.135204 -0.939107 -0.315908 -0.133973 -0.934986 -0.328408 -0.0141934 -0.972446 -0.232697 0.0608965 -0.965639 -0.252652 0.867138 0.0389842 0.49654 -0.262458 0.719918 0.642521 0.686188 -0.355904 0.634411 -0.314113 -0.902956 0.293262 -0.582303 -0.489097 0.649391 0.624973 -0.525449 0.577332 0.650975 -0.273552 0.708097 0.681164 -0.403584 0.610848 -0.623252 -0.417326 0.661359 -0.603734 -0.327574 0.726774 0.563372 -0.207946 0.799606 -0.525097 -0.273531 0.805887 -0.398424 -0.278072 0.874033 0.430875 -0.207831 0.878153 0.290357 -0.283132 0.914073 -0.276414 -0.321913 0.90552 0.163094 -0.373209 0.913299 -0.158802 -0.404443 0.900671 0.550218 -0.334916 0.764913 0.0399378 -0.472949 0.880184 -0.0399282 -0.490924 0.870287 0.934123 -0.147443 0.325077 0.981085 -0.177555 -0.0771102 0.850782 0.518829 -0.0835827 0.946548 -0.0543979 0.317943 0.950148 0.113403 -0.290445 -0.913656 -0.0952806 -0.395163 -0.913395 -0.175267 0.367411 -0.108734 -0.843157 -0.526558 -0.172274 -0.98304 0.0628853 0.258082 0.896478 -0.360168 -0.213733 0.881922 -0.420157 -0.148333 0.84762 -0.509449 0.16875 0.883351 -0.43728 -0.468448 0.638205 0.610943 0.282642 0.652209 0.703375 0.344466 0.831572 0.435695 -0.363394 0.836252 0.410643 -0.250607 0.882323 -0.398374 0.287613 0.887488 -0.36006 0.352045 0.919094 0.177004 0.361057 0.931748 -0.0385024 -0.36795 0.929443 -0.0273563 -0.372923 0.909956 0.181409 -0.261596 0.875101 -0.407143 0.326015 0.861969 -0.388232 0.348161 0.899327 -0.264566 -0.376395 0.892882 -0.247162 -0.26273 0.865723 -0.426025 0.312207 0.848521 -0.427246 0.351919 0.786875 -0.506932 -0.373738 0.797406 -0.473777 0.316698 0.831118 -0.457105 -0.253992 0.860108 -0.442383 0.358333 0.654479 -0.665774 -0.368704 0.671142 -0.643137 0.326354 0.818041 -0.473605 -0.225981 0.864273 -0.449405 0.358942 0.560909 -0.746018 -0.355702 0.598476 -0.717846 -0.162894 0.899025 -0.406472 0.2988 0.840041 -0.452824 0.292478 0.591888 -0.751083 -0.271237 0.692208 -0.668789 0.598671 -0.79543 0.0942552 0.55082 0.812175 -0.192271 0.743618 0.531898 -0.405112 0.767948 -0.602221 0.218142 0.711259 0.49592 -0.49817 0.691253 -0.45262 0.563299 0.475281 -0.816139 0.328672 0.449803 0.847254 -0.282558 0.269991 -0.892647 0.360952 -0.142184 -0.938779 0.313812 0.302317 -0.474678 0.826611 -0.283866 -0.590597 0.755391 -0.246849 -0.893204 0.375836 -0.212741 -0.901401 0.377117 0.309476 -0.859452 0.406899 0.308484 -0.864766 0.396253 0.3607 -0.54021 0.760308 0.358014 -0.664528 0.655918 -0.368482 -0.676778 0.637332 -0.357608 -0.576958 0.734327 -0.260047 -0.895976 0.360002 0.310715 -0.877484 0.365346 0.351533 -0.806495 0.475385 -0.372959 -0.81294 0.447247 -0.263116 -0.902227 0.341696 0.32718 -0.88753 0.324412 0.347563 -0.914 0.209295 -0.375628 -0.90498 0.199789 -0.256676 -0.907432 0.332693 0.293241 -0.910131 0.292696 0.360386 -0.931965 -0.0395229 -0.36742 -0.92954 -0.0309331 -0.225005 -0.909177 0.350386 0.270147 -0.918369 0.289169 0.351511 -0.897391 -0.266702 -0.372432 -0.892433 -0.25467 0.548014 -0.613218 0.568898 -0.171843 -0.886572 0.429487 0.188642 -0.916073 0.353872 0.717186 -0.654126 0.24034 0.344655 -0.780099 -0.522168 -0.365202 -0.787915 -0.495801 -0.80411 0.476797 0.355065 -0.800525 -0.598824 0.0238633 -0.774207 -0.296084 0.559409 -0.771005 0.606072 -0.195521 0.622215 0.462939 -0.631297 0.7463 0.549364 -0.375813 0.665365 0.614915 -0.423283 0.441859 0.733028 -0.517138 0.440298 0.774817 -0.453647 0.551618 0.704825 -0.446027 0.819509 0.469608 -0.328441 0.84634 -0.51054 0.151844 0.849893 -0.518276 0.0952462 0.814124 0.49628 -0.301509 0.491949 -0.747344 0.446613 0.479198 -0.789933 0.382591 0.692391 -0.625352 0.359903 0.753584 -0.586446 0.296973 0.64644 -0.692165 0.320971 0.581294 -0.72253 0.37423 0.794763 -0.564387 0.223202 0.683729 -0.681575 0.260711 0.775321 -0.607601 0.172333 0.664142 -0.714922 0.218637 0.743715 -0.653164 0.142352 0.61658 -0.760468 0.203758 0.679279 -0.722371 0.129464 0.536357 -0.814679 0.220498 0.54778 -0.827693 0.121907 0.401322 -0.886233 0.23137 0.865095 -0.476392 0.157041 0.864968 -0.484646 0.130184 0.897376 0.336854 -0.285036 0.911664 0.280913 -0.299926 0.61813 0.765189 -0.180003 0.457234 0.83526 -0.305415 0.715628 0.67402 -0.183232 0.569911 0.771128 -0.283837 0.764126 0.612862 -0.201275 0.637331 0.721442 -0.270796 0.784692 0.573121 -0.2362 0.673232 0.679896 -0.29069 0.790513 0.539896 -0.289141 0.67904 0.653381 -0.334661 0.735259 0.571283 -0.364734 0.628599 0.670075 -0.394795 -0.887532 0.425665 0.176339 -0.621859 0.72502 0.296035 -0.984305 0.139504 0.108083 -0.924487 0.307074 0.225897 -0.880728 0.466615 0.0811641 -0.87973 0.475256 -0.0143933 -0.623975 0.781197 -0.0196636 -0.61364 0.776618 0.142514 -0.881398 0.457775 -0.116533 -0.610598 0.766509 -0.199083 -0.880277 0.417744 -0.224951 -0.613662 0.68897 -0.385668 -0.877081 0.376363 -0.298462 -0.617854 0.598818 -0.509582 -0.857143 0.408197 -0.314135 -0.601854 0.592309 -0.53567 -0.706087 0.657767 -0.262266 -0.469502 0.794223 -0.385716 0.813742 0.569011 0.118537 0.429578 0.887423 0.167164 0.394953 -0.918237 0.0292061 0.338542 -0.940914 0.0084186 -0.773452 -0.527797 0.351002 -0.531208 -0.675157 0.511841 -0.862766 -0.386105 0.326431 -0.606626 -0.568233 0.555982 -0.875902 -0.386835 0.288363 -0.616716 -0.609492 0.498178 -0.878166 -0.43806 0.192167 -0.611475 -0.710669 0.347919 -0.879019 -0.472739 0.0619937 -0.608071 -0.782461 0.134182 -0.877568 -0.476063 -0.0569081 -0.621612 -0.780544 -0.0659592 -0.879231 -0.447511 -0.16336 -0.611844 -0.751878 -0.245616 -0.888786 -0.37558 -0.262679 -0.621439 -0.666898 -0.411169 -0.924067 -0.222542 -0.310766 -0.983612 -0.0625913 -0.169084 0.581282 0.523536 -0.622914 -0.176757 0.856989 -0.484074 -0.195598 -0.891839 0.407878 -0.238564 -0.90654 0.348242 -0.226636 0.879535 -0.418396 -0.259857 0.87984 -0.397939 -0.266438 -0.905505 0.33026 -0.274602 0.871635 -0.406013 -0.276437 -0.898637 0.340638 -0.275707 0.861985 -0.425403 -0.272924 -0.891994 0.36036 -0.262805 0.857231 -0.442819 -0.254944 -0.890894 0.375915 -0.228672 0.862208 -0.452002 -0.214288 -0.901758 0.375384 -0.190471 0.897408 -0.39797 0.504564 0.862351 0.0420285 0.0255789 -0.974503 0.222913 0.818551 -0.571404 -0.0589254 0.812288 0.577758 -0.0799015 -0.165319 -0.939 0.301576 0.0756321 -0.996515 0.0351805 0.473422 -0.660756 0.582472 -0.00733475 0.96959 -0.244627 0.28524 -0.581329 -0.762034 0.667671 -0.258107 -0.698282 0.9342 -0.139017 -0.32855 0.935854 0.100446 0.337769 0.651811 0.235542 0.720876 -0.86627 0.306511 -0.394498 -0.827697 0.27276 0.490429 -0.785861 -0.479647 -0.390335 0.209056 -0.787558 0.579697 -0.488622 -0.549263 -0.677908 -0.923617 -0.217113 -0.3159 -0.981747 -0.0412011 -0.185677 -0.34478 0.938195 -0.0302717 -0.28748 0.903496 0.317883 -0.369857 0.84266 0.391318 -0.63045 0.468212 0.619121 -0.279977 0.950559 0.134348 -0.367375 0.906863 0.206482 -0.277918 0.955376 -0.100088 -0.369042 0.929397 -0.00536231 -0.276272 0.896275 -0.346938 -0.369151 0.896923 -0.24343 -0.276357 0.769527 -0.575722 -0.369257 0.799327 -0.474052 -0.277822 0.585533 -0.761555 -0.369487 0.640619 -0.673117 -0.276044 0.364957 -0.88916 -0.370556 0.410046 -0.833397 -0.291341 0.158147 -0.943456 -0.355355 0.201363 -0.912785 -0.363628 -0.0733387 -0.928653 0.282934 -0.202694 -0.937477 -0.361115 -0.0134664 -0.932424 -0.303593 -0.373518 0.876536 -0.289212 -0.400497 0.869459 -0.353979 -0.350329 0.867161 -0.359484 -0.247673 0.899683 0.348293 -0.206351 0.914391 -0.274521 -0.547211 0.790695 -0.37023 -0.467738 0.80259 -0.277736 -0.705743 0.651759 -0.369527 -0.631726 0.681448 -0.276692 -0.839341 0.467918 -0.36926 -0.769083 0.521688 -0.27665 -0.927716 0.250616 -0.368947 -0.870344 0.326158 -0.278358 -0.960263 0.0202919 -0.368428 -0.923205 0.109332 -0.280505 -0.941048 -0.189064 -0.366301 -0.923569 -0.113334 -0.287667 -0.901062 -0.324552 -0.369821 -0.842887 -0.390864 -0.322034 -0.945379 0.05053 -0.673353 -0.361589 -0.644864 -0.800981 -0.146799 -0.580413 -0.801044 0.215494 0.558472 0.127142 0.165615 -0.97796 0.81797 -0.568994 -0.0846798 0.883799 -0.373952 0.281176 0.882558 -0.243801 -0.402059 -0.340331 -0.122994 0.932227 0.428429 -0.0624739 0.901413 -0.911862 -0.144186 -0.384341 -0.911778 -0.110833 0.395446 0.409843 -0.117494 -0.904557 -0.34039 -0.154562 -0.927494 0.885402 -0.344859 0.311666 0.884113 -0.27214 -0.379846 -0.329426 -0.0418495 0.943253 0.435312 0.00329415 0.900274 -0.913428 -0.152946 -0.377169 -0.912138 -0.0765795 0.402667 0.413878 -0.202493 -0.887526 -0.327638 -0.203331 -0.922665 0.880667 -0.378178 0.28532 0.87824 -0.308302 -0.365575 -0.300331 -0.0234587 0.953547 0.47714 0.0447273 0.877688 -0.909836 -0.15868 -0.383431 -0.908307 -0.0832808 0.40993 0.449102 -0.241787 -0.860143 -0.295584 -0.223947 -0.928697 0.835963 -0.512664 0.195812 0.837709 -0.392165 -0.380066 -0.23355 0.0531973 0.970889 0.501177 0.137237 0.854393 -0.891551 -0.129883 -0.433898 -0.892213 -0.0353366 0.45023 0.462711 -0.289657 -0.837853 -0.235632 -0.217299 -0.947237 0.762655 -0.621001 -0.180873 -0.277143 0.66573 0.692816 -0.999562 -0.00996439 0.0278696 -0.298817 -0.677916 -0.671668 0.601864 -0.473482 0.643098 -0.999823 0.0182444 0.00462939 0.925164 0.0348221 0.377967 0.926221 0.0582193 0.372458 0.927283 0.105648 0.359146 0.896004 0.244217 0.370858 0.856339 0.495535 0.145356 0.304793 -0.341324 -0.889156 -0.311126 -0.356287 -0.881056 0.900169 -0.13032 -0.415588 0.901586 0.18379 0.391617 0.304178 0.391508 0.868445 -0.30565 0.421782 0.853627 -0.877873 0.267457 0.397247 -0.877073 -0.0367613 -0.478949 -0.882642 -0.202205 -0.424331 0.494241 -0.224613 -0.839806 -0.222158 -0.295282 -0.929222 0.969039 -0.0566778 -0.240314 0.968837 0.0391035 0.244594 0.494021 0.199456 0.846263 -0.223371 0.278778 0.934017 -0.827161 0.271259 0.492161 -0.830675 0.176798 -0.527941 -0.820848 -0.304522 -0.483193 -0.261202 -0.455923 -0.850828 -0.27979 0.440498 0.853041 -0.730761 -0.477471 -0.487862 </float_array>
          <technique_common>
            <accessor count="390" offset="0" source="#meshId1-tangents-array" stride="3">
              <param name="X" type="float" />
              <param name="Y" type="float" />
              <param name="Z" type="float" />
            </accessor>
          </technique_common>
        </source>
        <source id="meshId1-bitangents" name="meshId1-bitangents">
          <float_array id="meshId1-bitangents-array" count="1170"> 0.0525491 -0.514265 0.85602 0.0401828 -0.479524 0.876608 0.0399445 -0.749459 0.660845 0.0628161 -0.781201 0.621112 0.0242547 0.032057 0.999192 0.034678 -0.206983 0.97773 0.0408286 -0.238629 0.970252 0.0353549 0.00678188 0.999352 0.0131527 0.287174 0.957788 0.0326314 0.267849 0.962908 -0.00185883 0.558833 0.829278 0.0298283 0.548536 0.835595 -0.0167055 0.745847 0.665908 0.0244721 0.743625 0.668149 -0.0500581 0.857992 0.511219 0.0252531 0.863453 0.503798 0.0245227 0.944043 0.32891 -0.161684 0.90533 0.39273 -0.0944328 -0.778582 0.620398 0.0152077 -0.44981 0.892995 -0.0444243 -0.460304 0.886649 -0.0994544 -0.816124 0.569254 0.0178114 0.0372573 0.999147 0.0313253 0.0577114 0.997842 0.033069 -0.191151 0.981003 0.0115959 -0.209559 0.977727 0.0135493 0.294821 0.955457 0.018104 0.307388 0.951412 0.00326324 0.53492 0.844896 0.000592053 0.536281 0.844039 -0.0116134 0.739263 0.673317 -0.0231267 0.729287 0.683817 -0.0551248 0.897575 0.437402 -0.0489104 0.878019 0.476121 -0.0916527 0.968686 0.230755 -0.0951254 0.946986 0.306868 -0.00134822 0.213774 -0.976882 0.00697169 0.213764 -0.976861 -0.197772 0.209349 -0.957632 0.191519 0.210212 -0.958713 0.222976 0.208391 -0.952289 -0.188205 0.209951 -0.959427 -0.349961 0.20026 -0.915109 0.420662 0.193937 -0.886246 0.549137 0.178674 -0.816409 -0.488635 0.186551 -0.852311 0.622356 0.167398 -0.764624 -0.569125 0.175862 -0.803224 -0.609522 0.172536 -0.773766 0.669761 0.158821 -0.725394 0.672547 0.162927 -0.721897 -0.596335 0.167784 -0.785006 -0.288827 0.85155 0.437541 -0.874765 -0.45858 0.156494 -0.37261 -0.921001 -0.11366 -0.859722 0.401579 0.315614 -0.147678 0.849133 0.507114 0.246723 0.8346 0.492515 -0.191636 0.843375 0.50199 0.0504232 0.858222 0.510796 -0.0325144 0.858802 0.511274 0.147836 0.849855 0.505857 -0.378408 0.795388 0.473461 0.3197 0.814187 0.484657 0.463023 0.761618 0.453374 -0.531847 0.727669 0.433172 -0.611272 0.680051 0.404816 0.55941 0.712257 0.42397 -0.658377 0.648268 0.382478 0.592942 0.690344 0.414541 -0.652784 0.398704 0.644134 -0.657992 0.650477 0.379376 0.621674 0.66967 0.40628 0.313013 0.776093 -0.54745 0.089637 0.769762 -0.632006 0.0709707 0.0441565 0.996501 -0.111081 0.870417 0.479621 0.0482186 0.866867 0.496202 -0.124306 0.99106 0.0484469 -0.126424 0.98007 0.153232 0.906794 0.132909 -0.400075 -0.761587 0.0924324 -0.641437 0.169045 0.325145 0.930433 -0.156749 0.393562 0.905836 -0.262648 0.462882 0.846615 0.224722 0.397478 0.889669 -0.0753201 -0.717841 0.69212 0.0237906 -0.737815 0.674584 0.0192442 -0.470256 0.88232 -0.0363079 -0.453154 0.890693 -0.0961814 0.386777 0.917144 0.0974881 0.346864 0.932835 0.0104426 -0.192955 0.981152 0.00616771 0.0389006 0.999224 -0.00115904 0.0289618 0.99958 -0.00752502 -0.198472 0.980078 -0.0326225 0.413574 0.909886 0.0366404 0.39884 0.916288 -0.000226408 0.282304 0.959325 0.00683759 0.269451 0.96299 0.0279199 0.448173 0.893511 -0.0269202 0.457447 0.888829 -0.0056759 0.54336 0.839481 0.0183207 0.517038 0.855766 -0.0924662 0.506667 0.857169 0.0876178 0.475963 0.87509 -0.0191507 0.718133 0.695642 0.0268336 0.699279 0.714345 -0.18809 0.547219 0.815582 0.153639 0.487187 0.859677 -0.0278801 0.805369 0.592119 0.0840525 0.785451 0.61319 0.192197 0.432997 0.880667 -0.282062 0.531042 0.799022 -0.0978955 0.799834 0.592185 0.131024 0.714923 0.686818 -0.400791 -0.195592 0.895048 0.464331 -0.106772 0.879202 0.201971 0.398899 0.894476 -0.0450756 0.288916 0.956293 0.229141 0.506419 0.831285 -0.287557 0.542851 0.789065 -0.546616 0.0188186 0.837172 0.571602 -0.0299979 0.819982 0.311129 0.435644 0.844638 -0.20788 0.338283 0.917797 0.0598088 0.874926 0.480549 -0.0941983 0.801164 0.590985 -0.106386 0.410472 0.905646 -0.171523 0.41441 0.893781 0.211467 0.479394 0.851741 0.114809 0.447373 0.886948 0.0189276 0.819257 0.573115 0.0243093 0.708876 0.704914 -0.0299208 0.693852 0.719496 -0.0706361 0.800783 0.594774 -0.0471013 0.384156 0.922066 0.0498996 0.3989 0.915636 0.0187343 0.513753 0.857734 -0.0298041 0.492274 0.86993 0.0141237 0.350536 0.936443 -0.0168699 0.337766 0.941079 0.0200233 0.230394 0.972891 -0.0251297 0.225442 0.973933 0.0781882 0.323601 0.942957 -0.07455 0.283455 0.956084 0.0220735 -0.0338378 0.999184 -0.0203401 -0.0252206 0.999475 0.14013 0.325674 0.93504 -0.149793 0.256591 0.954842 0.0220541 -0.276865 0.960656 -0.020569 -0.266406 0.963641 0.465771 0.788631 0.401396 0.247904 0.383025 0.889851 -0.208304 0.314817 0.926013 0.230766 0.548341 0.803784 0.0154739 -0.551453 0.834063 0.000586987 -0.532782 0.846252 -0.148763 0.41688 -0.896706 -0.176735 0.197842 -0.96417 -0.18929 -0.73507 -0.651031 -0.191518 -0.51348 -0.836456 -0.360709 0.885247 0.293644 -0.103172 0.653268 0.750065 0.423163 0.156443 0.892446 0.591231 0.1956 0.782423 0.490597 0.215546 0.844307 0.39468 0.250527 0.884004 0.22244 0.267521 0.937525 -0.0691585 0.177334 0.981718 -0.0809284 0.0502294 0.995453 0.257039 0.157604 0.953463 -0.550253 0.130638 0.824715 -0.452679 0.151019 0.878792 -0.376207 0.112741 0.919651 -0.216621 0.20499 0.954492 -0.200189 0.252073 0.946775 -0.34951 0.193615 0.91671 -0.0369209 0.322121 0.945978 -0.0320636 0.328863 0.943833 0.150487 0.442736 0.883934 0.139627 0.40592 0.90318 0.314833 0.530074 0.787338 0.28341 0.455852 0.843729 0.489331 0.577293 0.653673 0.422905 0.485514 0.765133 0.663205 0.518425 0.53981 0.538892 0.432718 0.722739 0.224533 0.64773 0.728032 0.295262 0.701267 0.64888 -0.0536203 0.724405 0.687287 -0.0544622 0.806018 0.589379 -0.606289 0.609837 0.510405 -0.493415 0.523962 0.694266 -0.432986 0.633924 0.64083 -0.376471 0.552074 0.743965 -0.256903 0.575334 0.776525 -0.233028 0.515399 0.824658 -0.0922575 0.484769 0.869763 -0.085671 0.4622 0.882628 0.0899215 0.364675 0.926783 0.0861334 0.381818 0.920215 0.27191 0.244307 0.930795 0.25065 0.305995 0.918445 -0.0569236 -0.481097 0.874817 -0.0369188 -0.404736 0.913688 -0.0413039 -0.77756 0.627451 -0.0535177 -0.691249 0.720632 -0.0194434 -0.206846 0.97818 -0.0013287 0.027814 0.999612 0.000856494 0.0258468 0.999666 -0.0156118 -0.192391 0.981194 0.0170476 0.277361 0.960615 0.017374 0.264291 0.964287 0.0381752 0.534942 0.844026 0.0367906 0.512874 0.857675 0.0733819 0.719046 0.691078 0.0678665 0.686276 0.724168 0.185692 0.813756 0.550745 0.16604 0.748906 0.641538 0.450781 0.703149 0.54989 0.372681 0.574299 0.728896 0.49185 -0.782803 0.381186 0.65204 -0.432888 0.622457 -0.805002 -0.33058 0.492634 -0.850399 -0.302121 0.430749 -0.324677 0.805487 0.495757 -0.280541 0.710215 0.645671 -0.162549 0.82317 0.544029 -0.146648 0.767342 0.624244 -0.0862169 0.713527 0.695303 -0.0775348 0.676814 0.73206 -0.0721454 0.518416 0.85208 -0.0635028 0.482357 0.87367 -0.0668531 0.250946 0.96569 -0.0581493 0.212464 0.975437 -0.0614161 -0.00609742 0.998094 -0.0542526 -0.0411023 0.997681 -0.0548935 -0.245456 0.967852 -0.049457 -0.273549 0.960586 -0.0318459 -0.521138 0.852878 -0.0434244 -0.494683 0.867988 -0.0566189 -0.72437 0.687083 -0.0554068 -0.787491 0.61383 -0.551877 0.816206 0.170999 -0.227772 0.442852 0.86718 0.211875 0.367658 0.905503 0.147562 0.320593 0.935652 -0.165329 0.388599 0.906453 -0.0998599 0.385401 0.91733 0.0808141 0.320452 0.943811 -0.0348887 0.412935 0.910092 0.0153451 0.350277 0.93652 0.0281186 0.449599 0.892788 -0.0478827 0.386711 0.920957 0.0929656 0.479314 0.872706 -0.112462 0.413442 0.903559 0.15611 0.490773 0.857188 -0.175241 0.413568 0.893449 0.222323 0.434291 0.872905 0.746053 -0.459983 0.481478 -0.900375 0.0744306 0.428703 0.0118537 -0.085756 0.996246 0.101936 -0.00574235 0.994774 -0.241627 0.335027 0.910699 -0.359306 0.00567516 0.933202 0.646787 0.709668 0.279351 0.367118 0.230162 0.901249 0.00403772 -0.794328 0.607476 0.472165 -0.578364 0.665248 -0.0101918 -0.930976 0.364938 -0.0272255 -0.935039 0.353497 -0.49721 -0.585023 0.640727 -0.194055 -0.934107 -0.299646 -0.328531 -0.944035 -0.029421 0.333601 0.202663 -0.920673 0.962735 0.0617471 -0.263304 0.0329171 -0.788028 0.614759 -0.0635338 -0.726015 0.684737 -0.082075 -0.7889 0.609016 -0.72359 -0.245095 0.645248 -0.0218628 -0.337998 0.940893 -0.00859934 -0.424272 0.905494 -0.402654 -0.879161 0.254846 -0.017614 -0.145008 0.989274 0.00597689 -0.219699 0.975549 -0.0160955 0.0995462 0.994903 0.0133866 0.0110843 0.999849 -0.0172435 0.356307 0.93421 0.0137037 0.267154 0.963556 -0.0207858 0.594125 0.804104 0.0104599 0.513645 0.857939 -0.0228925 0.788503 0.614604 0.00588062 0.725975 0.687697 -0.0214674 0.922533 0.38532 -0.00671077 0.896068 0.443865 -0.0287528 0.984347 0.17388 -0.0186864 0.974795 0.222317 0.0510317 0.993831 -0.0984682 0.218144 0.965399 -0.142894 -0.0366162 0.999329 -0.000251683 -0.206525 0.923882 0.322163 -0.0455046 0.912999 0.405416 -0.0368149 0.931694 0.361372 -0.057709 0.968189 0.243473 -0.0829333 0.964861 0.24933 -0.0355992 0.827506 0.560327 -0.0174322 0.867331 0.497427 -0.022515 0.683047 0.730028 -0.0013907 0.73373 0.679439 -0.0148976 0.490617 0.871248 0.0103842 0.557912 0.829835 -0.0108458 0.263792 0.964519 0.0183944 0.344009 0.938786 -0.0060738 0.0228864 0.99972 0.0250838 0.10769 0.993868 0.00199521 -0.197543 0.980292 0.0287445 -0.132973 0.990703 0.0199345 -0.344436 0.938598 0.00889161 -0.423881 0.905674 0.734 -0.215608 0.644017 0.325718 -0.928115 0.180306 -0.0298448 -0.958477 0.283605 -0.0280269 -0.945433 0.324608 0.808726 0.553542 0.198882 0.0330267 -0.10051 0.994388 0.291083 0.909983 0.295301 0.294613 0.953141 0.0687368 -0.0600292 0.992228 0.108995 -0.0452247 0.994874 0.0904461 -0.116812 0.988717 -0.0937797 -0.117886 0.993006 0.00650529 0.121221 0.989889 -0.0736546 -0.0348747 0.987794 -0.151812 0.287089 0.933041 0.216829 0.290719 0.956768 -0.00881057 -0.0551504 0.998164 0.0250248 -0.0415711 0.999 0.0164456 -0.100431 0.98275 -0.155292 -0.111812 0.991621 -0.0646948 0.126406 0.978285 -0.164253 -0.027482 0.978206 -0.205812 0.321157 0.91935 0.227273 0.326884 0.944992 -0.0116528 -0.0424185 0.999037 0.0112177 -0.062737 0.99789 -0.0167469 -0.104495 0.981835 -0.15837 -0.118177 0.991148 -0.0604922 0.157216 0.969053 -0.190315 -0.0314991 0.973891 -0.22482 0.437288 0.837859 0.326758 0.433375 0.900848 0.0256836 -0.07704 0.994351 -0.073015 -0.182676 0.981872 -0.0505575 -0.0772185 0.987563 -0.136953 -0.0717758 0.995358 -0.0641155 0.247112 0.949797 -0.191888 0.0292753 0.972653 -0.230412 0.646805 0.731938 0.214267 -0.66797 0.384814 -0.636973 -0.0295973 0.338808 -0.94039 0.65868 0.362777 -0.659191 -0.554911 0.331167 0.763153 -0.0188106 -0.959709 -0.280364 -0.0995053 0.983207 0.15298 -0.0920386 0.993027 0.0736586 -0.137343 0.988464 0.0638355 -0.295351 0.951415 0.0870516 -0.516413 0.822083 0.239786 0.00871424 -0.932539 0.360964 0.0092281 -0.928157 0.372075 0.0290821 -0.934072 0.355898 0.0223751 -0.923864 0.382067 0.00707971 -0.912547 0.40891 -0.0358957 -0.900998 0.432335 -0.108759 -0.919182 0.378518 -0.108806 -0.955949 0.272623 0.0451525 -0.935042 0.351651 0.0219851 -0.962506 0.270369 0.109617 -0.95456 0.277127 -0.00356082 -0.976404 0.215925 -0.0140988 -0.977154 0.212064 -0.038518 -0.967355 0.250482 -0.109474 -0.959341 0.260155 -0.197764 -0.960273 0.196887 -0.186007 -0.981883 -0.0361485 0.225449 -0.950063 0.215763 0.750268 -0.650476 0.118233 -0.746287 -0.658753 0.0953946 0.504052 -0.859375 0.0860588 </float_array>
          <technique_common>
            <accessor count="390" offset="0" source="#meshId1-bitangents-array" stride="3">
              <param name="X" type="float" />
              <param name="Y" type="float" />
              <param name="Z" type="float" />
            </accessor>
          </technique_common>
        </source>
        <source id="meshId1-tex0" name="meshId1-tex0">
          <float_array id="meshId1-tex0-array" count="780"> 0.370421 0.528324 0.390918 0.529303 0.386155 0.62582 0.365065 0.624716 0.39642 0.367763 0.394528 0.437677 0.374754 0.436898 0.377782 0.367166 0.397661 0.302569 0.380266 0.302137 0.397945 0.242273 0.382457 0.242023 0.39728 0.196524 0.384132 0.196453 0.39579 0.153677 0.385494 0.153762 0.387499 0.124975 0.392292 0.124788 0.775123 0.860812 0.776253 0.783693 0.793103 0.783317 0.799693 0.861376 0.772232 0.644134 0.78764 0.643666 0.790147 0.711443 0.774305 0.711954 0.77042 0.578349 0.785574 0.578014 0.769304 0.513927 0.784244 0.513801 0.76924 0.450016 0.784 0.450184 0.770604 0.384905 0.785268 0.385497 0.77253 0.333875 0.788155 0.334977 0.0898112 0.609436 0.0245816 0.61361 0.0356586 0.516567 0.10327 0.517351 0.0368798 0.702205 0.100377 0.687722 0.127348 0.761478 0.0717417 0.793402 0.132349 0.870223 0.17606 0.82419 0.208607 0.929023 0.233722 0.866046 0.30646 0.896278 0.293255 0.965981 0.371297 0.975606 0.374996 0.908907 0.0586085 0.460157 0.0634412 0.44405 0.123381 0.461998 0.118529 0.478171 0.101209 0.53707 0.0367202 0.519505 0.0295328 0.688702 0.0211972 0.596645 0.0915553 0.606135 0.0972743 0.684763 0.061252 0.779709 0.11879 0.752757 0.162943 0.818854 0.115035 0.861567 0.190621 0.923527 0.224464 0.867799 0.270881 0.963236 0.295481 0.902598 0.468959 0.97609 0.366565 0.983416 0.38721 0.918944 0.481534 0.905335 0.498378 0.908374 0.485433 0.979062 0.388178 0.114076 0.390803 0.113914 0.775881 0.290098 0.791442 0.291627 0.434487 0.973593 0.436328 0.911082 0.485178 0.774787 0.493451 0.780128 0.43007 0.852193 0.424482 0.847229 0.403334 0.621189 0.391219 0.627189 0.395107 0.5302 0.407598 0.52761 0.547516 0.669657 0.536129 0.665702 0.398591 0.43775 0.400186 0.367783 0.411468 0.367693 0.410424 0.437845 0.578081 0.532324 0.565773 0.530827 0.401266 0.302557 0.411164 0.302378 0.579724 0.381929 0.5669 0.382902 0.401123 0.242327 0.410017 0.242438 0.538021 0.24151 0.550204 0.236907 0.399986 0.196367 0.407935 0.195626 0.484866 0.118878 0.494538 0.112657 0.397878 0.153387 0.404245 0.152095 0.440551 0.0474339 0.434492 0.0527492 0.393492 0.12451 0.397256 0.12333 0.384987 0.0136713 0.399116 0.0153542 0.397061 0.0194042 0.386275 0.0180295 0.39069 0.113387 0.388208 0.113531 0.387432 0.112433 0.391346 0.112243 0.34641 0.045087 0.341103 0.0393063 0.386325 0.124886 0.382553 0.124065 0.218555 0.217257 0.282499 0.0981918 0.291522 0.105067 0.230338 0.22267 0.383414 0.15353 0.381445 0.196269 0.373577 0.195448 0.377112 0.152406 0.179338 0.359716 0.192072 0.36154 0.379294 0.241978 0.370462 0.241801 0.171162 0.510266 0.183599 0.509576 0.37668 0.301948 0.366858 0.30128 0.192779 0.650331 0.2045 0.647124 0.37403 0.366947 0.362826 0.366122 0.239594 0.765361 0.248348 0.760576 0.370713 0.436655 0.358965 0.435803 0.355435 0.877711 0.298029 0.843601 0.304184 0.839072 0.357643 0.873491 0.366189 0.528822 0.35406 0.525083 0.394215 0.800775 0.38629 0.799125 0.387965 0.791074 0.395891 0.792723 0.370547 0.879108 0.368987 0.874552 0.474109 0.763808 0.418833 0.838011 0.418301 0.836815 0.472334 0.762812 0.367424 0.867681 0.360317 0.866714 0.360573 0.86592 0.367299 0.86684 0.310822 0.830184 0.311478 0.829004 0.260369 0.750266 0.223939 0.645092 0.226372 0.644506 0.26224 0.749385 0.202699 0.507813 0.205453 0.507713 0.213597 0.359783 0.216379 0.360242 0.25007 0.221399 0.252567 0.222307 0.303781 0.109416 0.305662 0.110587 0.355323 0.0478224 0.356414 0.0489201 0.38743 0.0231836 0.387562 0.0240941 0.39492 0.0244468 0.394613 0.0253031 0.424932 0.0545985 0.423683 0.0556106 0.472188 0.122316 0.470187 0.123359 0.51838 0.238871 0.515812 0.239612 0.5456 0.379733 0.542793 0.380009 0.546924 0.527856 0.544194 0.52758 0.517063 0.662427 0.514695 0.661689 0.411453 0.525998 0.414603 0.524729 0.409021 0.615501 0.406368 0.618025 0.414565 0.4379 0.415384 0.367657 0.418752 0.367654 0.418128 0.437986 0.414772 0.30229 0.417878 0.302227 0.413239 0.242386 0.416008 0.242266 0.410699 0.195348 0.413082 0.195157 0.406425 0.151595 0.408316 0.151208 0.398441 0.122715 0.399325 0.122214 0.391396 0.111869 0.391479 0.111733 0.387308 0.112123 0.387232 0.111939 0.381348 0.123661 0.380478 0.123335 0.374966 0.151966 0.373106 0.151634 0.37085 0.195143 0.368499 0.194927 0.367272 0.241647 0.364534 0.241437 0.363284 0.301015 0.360207 0.300798 0.358946 0.365839 0.355607 0.365622 0.354857 0.435536 0.351319 0.435344 0.350395 0.52313 0.347395 0.521581 0.427246 0.619229 0.424939 0.616446 0.37148 0.881823 0.435215 0.854406 0.292595 0.845368 0.233521 0.768795 0.499179 0.783948 0.555331 0.672442 0.184726 0.652603 0.58713 0.533443 0.162014 0.510791 0.589062 0.38118 0.170066 0.358347 0.558601 0.233789 0.210432 0.213576 0.500977 0.108411 0.276494 0.0935021 0.444584 0.0434513 0.400127 0.0145224 0.385106 0.0124588 0.387195 0.0101216 0.399824 0.0116125 0.337546 0.0349536 0.382501 0.0107953 0.354157 0.88027 0.40428 0.0139069 0.359943 0.625544 0.36988 0.79094 0.37105 0.788009 0.377125 0.787832 0.378486 0.790744 0.395945 0.789401 0.389241 0.788005 0.074918 0.421847 0.145936 0.432262 0.348741 0.618116 0.346248 0.614629 0.343849 0.611839 0.696232 0.848006 0.706091 0.778315 0.774659 0.783721 0.769313 0.863129 0.707342 0.711413 0.772287 0.711938 0.707367 0.644227 0.769917 0.644151 0.706814 0.578296 0.767964 0.578365 0.706442 0.513172 0.766869 0.513925 0.706624 0.448359 0.766977 0.449989 0.70736 0.383465 0.768567 0.38474 0.706693 0.330988 0.769776 0.333603 0.7086 0.284631 0.712154 0.282601 0.773618 0.289605 0.855124 0.300531 0.851293 0.342021 0.790889 0.335289 0.793706 0.291961 0.853376 0.295549 0.846505 0.390332 0.787307 0.385646 0.845339 0.451668 0.786256 0.450262 0.846287 0.513785 0.786672 0.513812 0.848732 0.576973 0.788026 0.577972 0.852429 0.641625 0.789953 0.643573 0.857507 0.708082 0.792146 0.711335 0.864092 0.7747 0.794606 0.783631 0.879279 0.844229 0.805592 0.864989 0.793686 0.972045 0.770211 0.970841 0.708461 0.279645 0.698779 0.276818 0.712829 0.228703 0.722577 0.231706 0.799346 0.243947 0.850252 0.244398 0.779487 0.242171 0.796403 0.243837 0.725668 0.232428 0.776566 0.241549 0.72959 0.17599 0.739602 0.179008 0.804716 0.194647 0.843589 0.189714 0.783582 0.19306 0.801583 0.194824 0.74285 0.180053 0.7805 0.192252 0.744515 0.123231 0.754317 0.126638 0.810661 0.142409 0.840066 0.135727 0.788378 0.140883 0.807189 0.14269 0.757338 0.12791 0.785045 0.139893 0.7639 0.0763627 0.773021 0.0809426 0.814121 0.0859993 0.829785 0.0860607 0.794003 0.0844169 0.811647 0.0858345 0.776206 0.0818116 0.791539 0.0842113 0.799085 0.028175 0.808911 0.0235228 0.807287 0.0225773 0.805513 0.0232695 0.857576 0.296105 0.807322 0.0216606 0.853531 0.244317 0.84688 0.189346 0.843369 0.135076 0.833184 0.0856569 0.8145 0.0294159 0.357673 0.68023 0.344863 0.67578 0.36242 0.678445 0.38307 0.679063 0.387463 0.681109 0.399855 0.677393 0.403024 0.678778 0.423677 0.681033 0.341205 0.676985 0.36174 0.731473 0.352015 0.732107 0.36428 0.729031 0.380635 0.72884 0.3832 0.731206 0.392749 0.731591 0.396156 0.732349 0.413411 0.735695 0.348527 0.732933 0.361772 0.790596 0.386637 0.790051 0.359217 0.788543 </float_array>
          <technique_common>
            <accessor count="390" offset="0" source="#meshId1-tex0-array" stride="2">
              <param name="S" type="float" />
              <param name="T" type="float" />
            </accessor>
          </technique_common>
        </source>
        <vertices id="meshId1-vertices">
          <input semantic="POSITION" source="#meshId1-positions" />
          <input semantic="NORMAL" source="#meshId1-normals" />
          <input semantic="TANGENT" source="#meshId1-tangents" />
          <input semantic="BINORMAL" source="#meshId1-bitangents" />
          <input semantic="TEXCOORD" source="#meshId1-tex0"  />
        </vertices>
        <polylist count="608" material="defaultMaterial">
          <input offset="0" semantic="VERTEX" source="#meshId1-vertices" />
          <vcount>3 3 3 3 3 3 3 3 3 3 3 3 3 3 3 3 3 3 3 3 3 3 3 3 3 3 3 3 3 3 3 3 3 3 3 3 3 3 3 3 3 3 3 3 3 3 3 3 3 3 3 3 3 3 3 3 3 3 3 3 3 3 3 3 3 3 3 3 3 3 3 3 3 3 3 3 3 3 3 3 3 3 3 3 3 3 3 3 3 3 3 3 3 3 3 3 3 3 3 3 3 3 3 3 3 3 3 3 3 3 3 3 3 3 3 3 3 3 3 3 3 3 3 3 3 3 3 3 3 3 3 3 3 3 3 3 3 3 3 3 3 3 3 3 3 3 3 3 3 3 3 3 3 3 3 3 3 3 3 3 3 3 3 3 3 3 3 3 3 3 3 3 3 3 3 3 3 3 3 3 3 3 3 3 3 3 3 3 3 3 3 3 3 3 3 3 3 3 3 3 3 3 3 3 3 3 3 3 3 3 3 3 3 3 3 3 3 3 3 3 3 3 3 3 3 3 3 3 3 3 3 3 3 3 3 3 3 3 3 3 3 3 3 3 3 3 3 3 3 3 3 3 3 3 3 3 3 3 3 3 3 3 3 3 3 3 3 3 3 3 3 3 3 3 3 3 3 3 3 3 3 3 3 3 3 3 3 3 3 3 3 3 3 3 3 3 3 3 3 3 3 3 3 3 3 3 3 3 3 3 3 3 3 3 3 3 3 3 3 3 3 3 3 3 3 3 3 3 3 3 3 3 3 3 3 3 3 3 3 3 3 3 3 3 3 3 3 3 3 3 3 3 3 3 3 3 3 3 3 3 3 3 3 3 3 3 3 3 3 3 3 3 3 3 3 3 3 3 3 3 3 3 3 3 3 3 3 3 3 3 3 3 3 3 3 3 3 3 3 3 3 3 3 3 3 3 3 3 3 3 3 3 3 3 3 3 3 3 3 3 3 3 3 3 3 3 3 3 3 3 3 3 3 3 3 3 3 3 3 3 3 3 3 3 3 3 3 3 3 3 3 3 3 3 3 3 3 3 3 3 3 3 3 3 3 3 3 3 3 3 3 3 3 3 3 3 3 3 3 3 3 3 3 3 3 3 3 3 3 3 3 3 3 3 3 3 3 3 3 3 3 3 3 3 3 3 3 3 3 3 3 3 3 3 3 3 3 3 3 3 3 3 3 3 3 3 3 3 3 3 3 3 3 3 3 3 3 3 3 3 3 3 3 3 3 3 3 3 3 3 3 3 3 3 3 3 3 3 3 3 3 3 3 3 3 3 3 3 3 3 3 3 3 3 3 3 3 3 3 3 3 3 3 3 3 3 3 3 3 3 3 3 3 3 3 3 3 3 3 3 3 3 3 3 3 3 3 3 </vcount>
          <p>0 1 2 2 3 0 4 5 6 6 7 4 8 4 7 7 9 8 10 8 9 9 11 10 12 10 11 11 13 12 14 12 13 13 15 14 16 17 14 14 15 16 18 19 20 20 21 18 22 23 24 24 25 22 26 27 23 23 22 26 28 29 27 27 26 28 30 31 29 29 28 30 32 33 31 31 30 32 32 34 35 35 33 32 36 37 38 38 39 36 40 37 36 36 41 40 42 43 40 40 41 42 44 43 42 42 45 44 46 44 45 45 47 46 48 49 46 46 47 48 50 49 48 48 51 50 52 53 54 54 55 52 56 57 52 52 55 56 58 59 60 60 61 58 62 58 61 61 63 62 64 65 62 62 63 64 66 65 64 64 67 66 68 66 67 67 69 68 70 71 72 72 73 70 73 74 75 75 70 73 76 77 17 17 16 76 78 79 35 35 34 78 80 50 51 51 81 80 60 59 57 57 56 60 82 83 84 84 85 82 86 87 88 88 89 86 90 83 82 82 91 90 92 93 94 94 95 92 96 90 91 91 97 96 94 93 98 98 99 94 100 96 97 97 101 100 98 102 103 103 99 98 104 105 100 100 101 104 102 106 107 107 103 102 108 109 105 105 104 108 107 106 110 110 111 107 112 109 108 108 113 112 110 114 115 115 111 110 116 117 118 118 119 116 120 121 122 122 123 120 124 125 116 116 119 124 122 121 126 126 127 122 128 129 130 130 131 128 132 133 134 134 135 132 136 128 131 131 137 136 134 133 138 138 139 134 140 136 137 137 141 140 139 138 142 142 143 139 144 140 141 141 145 144 142 146 147 147 143 142 148 144 145 145 149 148 146 150 151 151 147 146 152 153 154 154 155 152 150 156 157 157 151 150 158 159 160 160 161 158 162 152 155 155 163 162 117 112 113 113 118 117 114 120 123 123 115 114 130 129 125 125 124 130 127 126 132 132 135 127 164 165 166 166 167 164 168 169 170 170 171 168 172 173 170 170 169 172 174 175 176 176 177 174 175 178 179 179 176 175 178 180 181 181 179 178 180 182 183 183 181 180 182 184 185 185 183 182 184 186 187 187 185 184 186 188 189 189 187 186 188 190 191 191 189 188 190 192 193 193 191 190 192 194 195 195 193 192 194 196 197 197 195 194 196 198 199 199 197 196 198 200 201 201 199 198 200 202 203 203 201 200 202 164 167 167 203 202 204 205 206 206 207 204 208 209 210 210 211 208 209 212 213 213 210 209 212 214 215 215 213 212 214 216 217 217 215 214 216 218 219 219 217 216 218 220 221 221 219 218 220 222 223 223 221 220 222 224 225 225 223 222 224 226 227 227 225 224 226 228 229 229 227 226 228 230 231 231 229 228 230 232 233 233 231 230 232 234 235 235 233 232 234 236 237 237 235 234 236 238 239 239 237 236 238 240 241 241 239 238 242 207 206 206 243 242 244 162 84 84 245 244 148 153 246 246 247 148 248 83 90 90 249 248 250 144 148 148 247 250 249 90 96 96 251 249 252 140 144 144 250 252 251 96 100 100 253 251 254 136 140 140 252 254 253 100 105 105 255 253 256 128 136 136 254 256 255 105 109 109 257 255 258 129 128 128 256 258 257 109 112 112 259 257 260 117 116 116 261 262 260 116 262 263 260 262 261 116 125 261 125 264 265 261 264 162 244 266 266 152 162 259 112 117 117 260 267 259 117 267 264 125 129 129 258 264 82 85 165 165 164 82 202 91 82 82 164 202 200 97 91 91 202 200 198 101 97 97 200 198 196 104 101 101 198 196 194 108 104 104 196 194 192 113 108 108 194 192 188 119 118 118 190 188 186 124 119 119 188 186 182 131 130 130 184 182 180 137 131 131 182 180 178 141 137 137 180 178 175 145 141 141 178 175 174 149 145 145 175 174 169 155 154 154 172 169 168 163 155 155 169 168 190 118 113 113 192 190 184 130 124 124 186 184 3 268 156 156 0 3 92 88 1 1 5 92 6 150 146 146 7 6 4 93 92 92 5 4 7 146 142 142 9 7 8 98 93 93 4 8 9 142 138 138 11 9 10 102 98 98 8 10 11 138 133 133 13 11 12 106 102 102 10 12 13 133 132 132 15 13 14 110 106 106 12 14 15 132 126 126 16 15 76 121 120 120 77 76 77 120 114 114 17 77 269 270 271 271 272 269 16 126 121 121 76 16 17 114 110 110 14 17 207 86 89 89 204 207 208 95 94 94 209 208 209 94 99 99 212 209 212 99 103 103 214 212 214 103 107 107 216 214 216 107 111 111 218 216 218 111 115 115 220 218 222 123 122 122 224 222 224 122 127 127 226 224 228 135 134 134 230 228 230 134 139 139 232 230 232 139 143 143 234 232 234 143 147 147 236 234 236 147 151 151 238 236 151 157 240 240 238 151 273 161 160 160 274 273 220 115 123 123 222 220 226 127 135 135 228 226 6 5 1 1 0 6 25 24 20 20 19 25 275 276 39 39 38 275 71 68 69 69 72 71 162 163 85 85 84 162 92 95 89 89 88 92 153 148 149 149 154 153 156 268 277 277 157 156 165 168 171 171 166 165 174 177 173 173 172 174 208 211 205 205 204 208 240 278 279 279 241 240 83 248 245 245 84 83 153 152 266 266 246 153 85 163 168 168 165 85 149 174 172 172 154 149 150 6 0 0 156 150 88 87 2 2 1 88 95 208 204 204 89 95 157 277 278 278 240 157 280 281 282 282 283 280 281 284 285 285 282 281 284 286 287 287 285 284 286 288 289 289 287 286 288 290 291 291 289 288 290 292 293 293 291 290 292 294 295 295 293 292 294 296 297 297 295 294 296 298 299 296 299 300 296 300 297 301 302 303 301 303 304 305 301 304 302 306 307 307 303 302 306 308 309 309 307 306 308 310 311 311 309 308 310 312 313 313 311 310 312 314 315 315 313 312 314 316 317 317 315 314 316 318 319 319 317 316 318 320 321 321 319 318 322 323 283 283 321 322 324 325 326 326 327 324 305 304 328 328 329 305 79 78 330 330 331 79 300 299 332 332 333 300 327 326 334 334 335 327 329 328 336 336 337 329 331 330 338 338 339 331 333 332 340 340 341 333 335 334 342 342 343 335 337 336 344 344 345 337 339 338 346 346 347 339 341 340 348 348 349 341 343 342 350 350 351 343 345 344 352 352 353 345 347 346 354 354 355 347 349 348 356 356 357 349 351 350 358 353 352 359 355 354 360 357 356 361 263 267 260 301 305 362 363 359 360 360 361 363 18 283 282 282 19 18 19 282 285 285 25 19 25 285 287 287 22 25 22 287 289 289 26 22 26 289 291 291 28 26 28 291 293 293 30 28 30 293 295 295 32 30 32 295 297 297 34 32 34 297 300 300 78 34 79 304 303 303 35 79 35 303 307 307 33 35 33 307 309 309 31 33 31 309 311 311 29 31 29 311 313 313 27 29 27 313 315 315 23 27 23 315 317 317 24 23 24 317 319 319 20 24 20 319 321 321 21 20 21 321 283 283 18 21 299 324 327 327 332 299 362 305 329 329 364 362 304 79 331 331 328 304 78 300 333 333 330 78 332 327 335 335 340 332 364 329 337 337 365 364 328 331 339 339 336 328 330 333 341 341 338 330 340 335 343 343 348 340 365 337 345 345 366 365 336 339 347 347 344 336 338 341 349 349 346 338 348 343 351 351 356 348 366 345 353 353 367 366 344 347 355 355 352 344 346 349 357 357 354 346 356 351 358 358 361 356 367 353 359 359 368 367 352 355 360 360 359 352 354 357 361 361 360 354 277 268 369 369 370 277 268 3 371 371 369 268 3 2 372 372 371 3 2 87 373 373 372 2 87 86 374 374 373 87 86 207 375 375 374 86 207 242 376 376 375 207 278 277 370 370 377 278 369 378 379 379 370 369 371 380 378 378 369 371 372 381 380 380 371 372 372 373 382 382 381 372 373 374 383 383 382 373 374 375 384 384 383 374 376 385 384 384 375 376 370 379 386 386 377 370 378 269 387 387 379 378 270 269 378 378 380 270 271 270 380 380 381 271 382 272 271 271 381 382 388 272 382 382 383 388 274 388 383 383 384 274 273 274 384 384 385 273 379 387 389 389 386 379 262 261 265 324 299 298 </p>
        </polylist>
      </mesh>
    </geometry>
  </library_geometries>
  <library_visual_scenes>
    <visual_scene id="root" name="root">
      <node id="Achilles helm" name="Achilles helm">
        <matrix>1 0 0 0 0 1 0 0 0 0 1 0 0 0 0 1</matrix>
        <instance_geometry url="#meshId0">
          <bind_material>
            <technique_common>
              <instance_material symbol="defaultMaterial" target="#Helm" />
            </technique_common>
          </bind_material>
        </instance_geometry>
      </node>
      <node id="Hair" name="Hair">
        <matrix>1 0 0 0 0 1 0 0 0 0 1 0 0 0 0 1</matrix>
        <instance_geometry url="#meshId1">
          <bind_material>
            <technique_common>
              <instance_material symbol="defaultMaterial" target="#Hair" />
            </technique_common>
          </bind_material>
        </instance_geometry>
      </node>
    </visual_scene>
  </library_visual_scenes>
  <scene>
    <instance_visual_scene url="#root" />
  </scene>
</COLLADA>
