# Blender v2.79 (sub 1) OBJ File: 'bucket.blend'
# www.blender.org
mtllib bucket.mtl
o Bucket_Cylinder
v 0.740649 -2.249453 -1.788086
v 0.000000 -2.249453 -1.935410
v 1.368542 -2.249453 -1.368542
v 1.788086 -2.249453 -0.740649
v 1.935410 -2.249453 0.000000
v 1.788086 -2.249453 0.740650
v 1.368542 -2.249453 1.368542
v 0.740650 -2.249453 1.788086
v 0.000000 -2.249453 1.935410
v -0.740649 -2.249453 1.788086
v -1.368541 -2.249453 1.368542
v -1.788086 -2.249453 0.740650
v -1.935410 -2.249453 -0.000000
v -1.788086 -2.249453 -0.740650
v -1.368541 -2.249453 -1.368542
v -0.740649 -2.249453 -1.788086
v 0.896712 1.992255 -2.164854
v -0.000000 1.992255 -2.343221
v 1.656907 1.992255 -1.656907
v 2.164854 1.992255 -0.896712
v 2.343221 1.992255 0.000000
v 2.164854 1.992255 0.896712
v 1.656907 1.992255 1.656907
v 0.896712 1.992255 2.164854
v 0.000000 1.992255 2.343221
v -0.896711 1.992255 2.164854
v -1.656907 1.992255 1.656908
v -2.164854 1.992255 0.896712
v -2.343221 1.992255 -0.000000
v -2.164854 1.992255 -0.896712
v -1.656907 1.992255 -1.656908
v -0.896711 1.992255 -2.164854
v 0.683871 -2.085917 -1.651011
v -0.000000 -2.085917 -1.787041
v 1.263629 -2.085917 -1.263629
v 1.651011 -2.085917 -0.683871
v 1.787041 -2.085917 0.000000
v 1.651011 -2.085917 0.683871
v 1.263629 -2.085917 1.263629
v 0.683871 -2.085917 1.651011
v -0.000000 -2.085917 1.787041
v -0.683871 -2.085917 1.651011
v -1.263629 -2.085917 1.263629
v -1.651011 -2.085917 0.683871
v -1.787041 -2.085917 -0.000000
v -1.651011 -2.085917 -0.683871
v -1.263629 -2.085917 -1.263629
v -0.683870 -2.085917 -1.651011
v -2.057842 0.970317 0.852387
v -2.227393 0.970317 -0.000000
v 2.227393 0.970317 0.000000
v 2.057843 0.970317 0.852387
v -2.057842 0.970317 -0.852387
v 1.575004 0.970317 1.575004
v -1.575004 0.970317 -1.575005
v 0.852386 0.970317 2.057843
v -0.852385 0.970317 -2.057843
v 0.000000 0.970317 2.227393
v -0.000000 0.970317 -2.227393
v 0.852386 0.970317 -2.057843
v -0.852386 0.970317 2.057843
v 1.575004 0.970317 -1.575004
v -1.575004 0.970317 1.575005
v 2.057843 0.970317 -0.852386
v -2.226835 0.798767 -0.000000
v 2.057327 0.798767 0.852173
v -2.057327 0.798767 -0.852173
v 1.574610 0.798767 1.574610
v -1.574609 0.798767 -1.574610
v 0.852173 0.798767 2.057327
v -0.852172 0.798767 -2.057327
v 0.000000 0.798767 2.226835
v 0.852173 0.798767 -2.057327
v -0.852172 0.798767 2.057327
v 1.574610 0.798767 -1.574610
v -1.574609 0.798767 1.574610
v 2.057327 0.798767 -0.852173
v -2.057327 0.798767 0.852173
v 2.226835 0.798767 0.000000
v -0.000000 0.798767 -2.226835
v -2.216442 0.631763 -0.000000
v 2.047725 0.631763 0.848196
v -2.047725 0.631763 -0.848196
v 1.567261 0.631763 1.567261
v -1.567260 0.631763 -1.567261
v 0.848196 0.631763 2.047725
v -0.848194 0.631763 -2.047725
v 0.000000 0.631763 2.216442
v 0.848195 0.631763 -2.047725
v -0.848195 0.631763 2.047725
v 1.567261 0.631763 -1.567261
v -1.567260 0.631763 1.567261
v 2.047725 0.631763 -0.848195
v -2.047725 0.631763 0.848196
v 2.216442 0.631763 0.000000
v -0.000000 0.631763 -2.216442
v -2.192203 0.481076 -0.000000
v 2.025332 0.481076 0.838920
v -2.025332 0.481076 -0.838920
v 1.550122 0.481076 1.550122
v -1.550121 0.481076 -1.550122
v 0.838920 0.481076 2.025332
v -0.838919 0.481076 -2.025332
v 0.000000 0.481076 2.192203
v 0.838920 0.481076 -2.025332
v -0.838919 0.481076 2.025332
v 1.550122 0.481076 -1.550122
v -1.550121 0.481076 1.550122
v 2.025332 0.481076 -0.838920
v -2.025332 0.481076 0.838920
v 2.192203 0.481076 0.000000
v -0.000000 0.481076 -2.192203
v 0.888951 2.031759 -2.146116
v 0.000000 2.031759 -2.322939
v 1.642566 2.031759 -1.642566
v 2.146116 2.031759 -0.888951
v 2.322940 2.031759 0.000000
v 2.146116 2.031759 0.888951
v 1.642566 2.031759 1.642566
v 0.888951 2.031759 2.146116
v 0.000000 2.031759 2.322939
v -0.888950 2.031759 2.146116
v -1.642566 2.031759 1.642567
v -2.146116 2.031759 0.888951
v -2.322939 2.031759 -0.000000
v -2.146116 2.031759 -0.888951
v -1.642565 2.031759 -1.642567
v -0.888949 2.031759 -2.146117
v 0.696405 -2.028481 -1.681273
v -0.000000 -2.028481 -1.819796
v 1.286790 -2.028481 -1.286790
v 1.681272 -2.028481 -0.696406
v 1.819796 -2.028481 0.000000
v 1.681272 -2.028481 0.696406
v 1.286790 -2.028481 1.286790
v 0.696406 -2.028481 1.681273
v -0.000000 -2.028481 1.819796
v -0.696406 -2.028481 1.681273
v -1.286790 -2.028481 1.286790
v -1.681273 -2.028481 0.696406
v -1.819796 -2.028481 -0.000000
v -1.681273 -2.028481 -0.696406
v -1.286790 -2.028481 -1.286790
v -0.696405 -2.028481 -1.681273
v 0.949672 2.026964 -2.292711
v 0.936129 1.992255 -2.260015
v 0.945705 2.002420 -2.283134
v -0.000000 1.992255 -2.446223
v -0.000000 2.026964 -2.481612
v -0.000000 2.002420 -2.471247
v 1.754765 2.026964 -1.754765
v 1.729741 1.992254 -1.729741
v 1.747435 2.002421 -1.747435
v 2.292711 2.026964 -0.949672
v 2.260015 1.992255 -0.936129
v 2.283134 2.002420 -0.945705
v 2.481612 2.026964 0.000000
v 2.446223 1.992254 0.000000
v 2.471247 2.002421 0.000000
v 2.292711 2.026964 0.949672
v 2.260015 1.992255 0.936129
v 2.283134 2.002420 0.945705
v 1.754765 2.026964 1.754765
v 1.729741 1.992255 1.729741
v 1.747435 2.002420 1.747435
v 0.949672 2.026964 2.292711
v 0.936129 1.992255 2.260015
v 0.945705 2.002420 2.283134
v 0.000000 2.026964 2.481612
v 0.000000 1.992255 2.446223
v 0.000000 2.002420 2.471247
v -0.949671 2.026964 2.292711
v -0.936128 1.992254 2.260015
v -0.945705 2.002421 2.283134
v -1.754764 2.026964 1.754765
v -1.729740 1.992255 1.729741
v -1.747435 2.002420 1.747436
v -2.292710 2.026964 0.949672
v -2.260015 1.992255 0.936129
v -2.283134 2.002420 0.945706
v -2.481612 2.026964 -0.000000
v -2.446223 1.992255 -0.000000
v -2.471247 2.002420 -0.000000
v -2.292710 2.026964 -0.949672
v -2.260015 1.992255 -0.936129
v -2.283134 2.002420 -0.945706
v -1.754764 2.026964 -1.754765
v -1.729740 1.992255 -1.729741
v -1.747435 2.002420 -1.747436
v -0.949671 2.026964 -2.292711
v -0.936128 1.992254 -2.260015
v -0.945704 2.002421 -2.283135
v 0.936129 2.089195 -2.260015
v 0.949672 2.054486 -2.292711
v 0.945705 2.079029 -2.283134
v -0.000000 2.054486 -2.481612
v -0.000000 2.089195 -2.446223
v -0.000000 2.079029 -2.471247
v 1.729741 2.089195 -1.729741
v 1.754765 2.054486 -1.754765
v 1.747435 2.079029 -1.747435
v 2.260015 2.089195 -0.936129
v 2.292711 2.054486 -0.949672
v 2.283134 2.079029 -0.945705
v 2.446223 2.089195 0.000000
v 2.481612 2.054486 0.000000
v 2.471247 2.079029 0.000000
v 2.260015 2.089195 0.936129
v 2.292711 2.054486 0.949672
v 2.283134 2.079029 0.945705
v 1.729741 2.089195 1.729741
v 1.754765 2.054486 1.754765
v 1.747435 2.079029 1.747435
v 0.936129 2.089195 2.260015
v 0.949672 2.054486 2.292711
v 0.945705 2.079029 2.283134
v 0.000000 2.089195 2.446223
v 0.000000 2.054486 2.481612
v 0.000000 2.079029 2.471247
v -0.936128 2.089195 2.260015
v -0.949671 2.054486 2.292711
v -0.945705 2.079029 2.283134
v -1.729740 2.089195 1.729741
v -1.754764 2.054486 1.754765
v -1.747435 2.079029 1.747436
v -2.260015 2.089195 0.936129
v -2.292710 2.054486 0.949672
v -2.283134 2.079029 0.945706
v -2.446223 2.089195 -0.000000
v -2.481612 2.054486 -0.000000
v -2.471247 2.079029 -0.000000
v -2.260015 2.089195 -0.936129
v -2.292710 2.054486 -0.949672
v -2.283134 2.079029 -0.945706
v -1.729740 2.089195 -1.729741
v -1.754764 2.054486 -1.754765
v -1.747435 2.079029 -1.747436
v -0.936128 2.089195 -2.260015
v -0.949671 2.054486 -2.292711
v -0.945704 2.079029 -2.283135
v 0.877745 2.067871 -2.119063
v 0.880602 2.089195 -2.125961
v 0.874156 2.082950 -2.110398
v 0.000000 2.089195 -2.301124
v 0.000000 2.067871 -2.293658
v 0.000000 2.082950 -2.284279
v 1.621861 2.067871 -1.621861
v 1.627140 2.089195 -1.627140
v 1.615229 2.082950 -1.615229
v 2.119064 2.067871 -0.877745
v 2.125961 2.089195 -0.880602
v 2.110398 2.082950 -0.874155
v 2.293658 2.067871 0.000000
v 2.301124 2.089195 0.000000
v 2.284278 2.082950 0.000000
v 2.119064 2.067871 0.877745
v 2.125961 2.089195 0.880602
v 2.110398 2.082950 0.874156
v 1.621861 2.067871 1.621861
v 1.627140 2.089195 1.627140
v 1.615229 2.082950 1.615229
v 0.877745 2.067871 2.119063
v 0.880602 2.089195 2.125961
v 0.874156 2.082950 2.110398
v 0.000000 2.067871 2.293658
v 0.000000 2.089195 2.301124
v 0.000000 2.082950 2.284279
v -0.877744 2.067871 2.119064
v -0.880602 2.089195 2.125961
v -0.874155 2.082950 2.110398
v -1.621861 2.067871 1.621861
v -1.627140 2.089195 1.627141
v -1.615228 2.082950 1.615229
v -2.119063 2.067871 0.877745
v -2.125961 2.089195 0.880602
v -2.110397 2.082950 0.874156
v -2.293658 2.067871 -0.000000
v -2.301124 2.089195 -0.000000
v -2.284278 2.082950 -0.000000
v -2.119063 2.067871 -0.877745
v -2.125961 2.089195 -0.880602
v -2.110397 2.082950 -0.874156
v -1.621860 2.067871 -1.621861
v -1.627140 2.089195 -1.627141
v -1.615228 2.082950 -1.615229
v -0.877744 2.067871 -2.119064
v -0.880601 2.089195 -2.125961
v -0.874154 2.082950 -2.110398
v 0.000000 -2.298795 -2.000000
v 0.000000 -2.249453 -1.949691
v 0.000000 -2.263905 -1.985265
v 0.746115 -2.249453 -1.801280
v 0.765367 -2.298795 -1.847759
v 0.759728 -2.263905 -1.834146
v 1.378640 -2.249453 -1.378640
v 1.414214 -2.298795 -1.414214
v 1.403794 -2.263905 -1.403794
v 1.801280 -2.249453 -0.746114
v 1.847759 -2.298795 -0.765367
v 1.834146 -2.263905 -0.759728
v 1.949691 -2.249453 0.000000
v 2.000000 -2.298795 0.000000
v 1.985265 -2.263905 0.000000
v 1.801280 -2.249453 0.746115
v 1.847759 -2.298795 0.765367
v 1.834146 -2.263905 0.759728
v 1.378640 -2.249453 1.378640
v 1.414214 -2.298795 1.414214
v 1.403794 -2.263905 1.403794
v 0.746115 -2.249453 1.801280
v 0.765367 -2.298795 1.847759
v 0.759728 -2.263905 1.834146
v 0.000000 -2.249453 1.949691
v 0.000000 -2.298795 2.000000
v 0.000000 -2.263905 1.985265
v -0.746114 -2.249453 1.801280
v -0.765366 -2.298795 1.847759
v -0.759728 -2.263905 1.834146
v -1.378639 -2.249453 1.378640
v -1.414213 -2.298795 1.414214
v -1.403794 -2.263905 1.403795
v -1.801280 -2.249453 0.746115
v -1.847759 -2.298795 0.765367
v -1.834146 -2.263905 0.759728
v -1.949691 -2.249453 -0.000000
v -2.000000 -2.298795 -0.000000
v -1.985265 -2.263905 -0.000000
v -1.801280 -2.249453 -0.746115
v -1.847759 -2.298795 -0.765367
v -1.834145 -2.263905 -0.759728
v -1.378639 -2.249453 -1.378640
v -1.414213 -2.298795 -1.414214
v -1.403794 -2.263905 -1.403795
v -0.746114 -2.249453 -1.801280
v -0.765366 -2.298795 -1.847759
v -0.759727 -2.263905 -1.834146
v -0.000000 -2.449312 -1.960347
v 0.000000 -2.410421 -2.000000
v -0.000000 -2.437921 -1.988386
v 0.765367 -2.410421 -1.847759
v 0.750193 -2.449312 -1.811125
v 0.760922 -2.437921 -1.837029
v 1.414214 -2.410421 -1.414214
v 1.386175 -2.449312 -1.386175
v 1.406001 -2.437921 -1.406001
v 1.847759 -2.410421 -0.765367
v 1.811125 -2.449312 -0.750192
v 1.837029 -2.437921 -0.760922
v 2.000000 -2.410421 0.000000
v 1.960347 -2.449312 0.000000
v 1.988386 -2.437921 0.000000
v 1.847759 -2.410421 0.765367
v 1.811125 -2.449312 0.750193
v 1.837029 -2.437921 0.760923
v 1.414214 -2.410421 1.414214
v 1.386175 -2.449312 1.386175
v 1.406001 -2.437921 1.406001
v 0.765367 -2.410421 1.847759
v 0.750193 -2.449312 1.811125
v 0.760922 -2.437921 1.837029
v 0.000000 -2.410421 2.000000
v 0.000000 -2.449312 1.960347
v 0.000000 -2.437921 1.988386
v -0.765366 -2.410421 1.847759
v -0.750192 -2.449312 1.811125
v -0.760922 -2.437921 1.837029
v -1.414213 -2.410421 1.414214
v -1.386175 -2.449312 1.386175
v -1.406001 -2.437921 1.406002
v -1.847759 -2.410421 0.765367
v -1.811125 -2.449312 0.750193
v -1.837029 -2.437921 0.760923
v -2.000000 -2.410421 -0.000000
v -1.960347 -2.449312 -0.000000
v -1.988386 -2.437921 -0.000000
v -1.847759 -2.410421 -0.765367
v -1.811125 -2.449312 -0.750193
v -1.837029 -2.437921 -0.760923
v -1.414213 -2.410421 -1.414214
v -1.386174 -2.449312 -1.386175
v -1.406001 -2.437921 -1.406002
v -0.765366 -2.410421 -1.847759
v -0.750192 -2.449312 -1.811125
v -0.760921 -2.437921 -1.837029
v -2.087155 1.008892 0.864528
v 2.259121 1.008892 0.000000
v -0.000000 1.008892 -2.259121
v -2.259120 1.008892 -0.000000
v 2.087156 1.008892 0.864528
v -2.087155 1.008892 -0.864528
v 1.597439 1.008892 1.597439
v -1.597439 1.008892 -1.597440
v 0.864528 1.008892 2.087155
v -0.864527 1.008892 -2.087156
v 0.000000 1.008892 2.259121
v 0.864528 1.008892 -2.087155
v -0.864528 1.008892 2.087155
v 1.597439 1.008892 -1.597439
v -1.597439 1.008892 1.597440
v 2.087156 1.008892 -0.864528
v -2.202948 0.439002 -0.000000
v 2.035259 0.439002 0.843032
v -2.035259 0.439002 -0.843032
v 1.557720 0.439002 1.557720
v -1.557719 0.439002 -1.557720
v 0.843032 0.439002 2.035259
v -0.843031 0.439002 -2.035259
v 0.000000 0.439002 2.202948
v 0.843032 0.439002 -2.035259
v -0.843031 0.439002 2.035259
v 1.557720 0.439002 -1.557720
v -1.557719 0.439002 1.557720
v 2.035259 0.439002 -0.843032
v -2.035259 0.439002 0.843032
v 2.202948 0.439002 0.000000
v -0.000000 0.439002 -2.202948
v 2.223910 1.591888 -0.429823
v 2.223910 1.519734 -0.459711
v 2.223910 1.489846 -0.531866
v 2.223910 1.519734 -0.604020
v 2.223910 1.591888 -0.633908
v 2.223910 1.664043 -0.604020
v 2.223910 1.693931 -0.531866
v 2.223910 1.664043 -0.459711
v 2.310435 1.591888 -0.468378
v 2.274816 1.591888 -0.429823
v 2.300002 1.591888 -0.441116
v 2.310435 1.546996 -0.486973
v 2.274816 1.519734 -0.459711
v 2.300002 1.527719 -0.467696
v 2.310435 1.528400 -0.531866
v 2.274816 1.489846 -0.531866
v 2.300002 1.501138 -0.531866
v 2.310435 1.546996 -0.576758
v 2.274816 1.519734 -0.604020
v 2.300002 1.527719 -0.596035
v 2.310435 1.591888 -0.595354
v 2.274816 1.591888 -0.633908
v 2.300002 1.591888 -0.622615
v 2.310435 1.636781 -0.576758
v 2.274816 1.664043 -0.604020
v 2.300002 1.656058 -0.596035
v 2.310435 1.655376 -0.531866
v 2.274816 1.693931 -0.531866
v 2.300002 1.682638 -0.531866
v 2.310435 1.636781 -0.486973
v 2.274816 1.664043 -0.459711
v 2.300002 1.656058 -0.467696
v 2.223910 1.591888 0.429823
v 2.223910 1.519734 0.459711
v 2.223910 1.489846 0.531865
v 2.223910 1.519734 0.604020
v 2.223910 1.591888 0.633908
v 2.223910 1.664043 0.604020
v 2.223910 1.693931 0.531865
v 2.223910 1.664043 0.459711
v 2.310435 1.591888 0.468377
v 2.274816 1.591888 0.429823
v 2.300002 1.591888 0.441115
v 2.310435 1.546996 0.486973
v 2.274816 1.519734 0.459711
v 2.300002 1.527719 0.467696
v 2.310435 1.528400 0.531865
v 2.274816 1.489846 0.531865
v 2.300002 1.501138 0.531865
v 2.310435 1.546996 0.576758
v 2.274816 1.519734 0.604020
v 2.300002 1.527719 0.596035
v 2.310435 1.591888 0.595353
v 2.274816 1.591888 0.633908
v 2.300002 1.591888 0.622615
v 2.310435 1.636781 0.576758
v 2.274816 1.664043 0.604020
v 2.300002 1.656058 0.596035
v 2.310435 1.655376 0.531865
v 2.274816 1.693931 0.531865
v 2.300002 1.682638 0.531865
v 2.310435 1.636781 0.486973
v 2.274816 1.664043 0.459711
v 2.300002 1.656058 0.467696
v -2.223910 1.591888 -0.429823
v -2.223910 1.519734 -0.459711
v -2.223910 1.489846 -0.531866
v -2.223910 1.519734 -0.604020
v -2.223910 1.591888 -0.633908
v -2.223910 1.664043 -0.604020
v -2.223910 1.693931 -0.531866
v -2.223910 1.664043 -0.459711
v -2.310435 1.591888 -0.468378
v -2.274816 1.591888 -0.429823
v -2.300002 1.591888 -0.441116
v -2.310435 1.546996 -0.486973
v -2.274816 1.519734 -0.459711
v -2.300002 1.527719 -0.467696
v -2.310435 1.528400 -0.531866
v -2.274816 1.489846 -0.531866
v -2.300002 1.501138 -0.531866
v -2.310435 1.546996 -0.576758
v -2.274816 1.519734 -0.604020
v -2.300002 1.527719 -0.596035
v -2.310435 1.591888 -0.595354
v -2.274816 1.591888 -0.633908
v -2.300002 1.591888 -0.622615
v -2.310435 1.636781 -0.576758
v -2.274816 1.664043 -0.604020
v -2.300002 1.656058 -0.596035
v -2.310435 1.655376 -0.531866
v -2.274816 1.693931 -0.531866
v -2.300002 1.682638 -0.531866
v -2.310435 1.636781 -0.486973
v -2.274816 1.664043 -0.459711
v -2.300002 1.656058 -0.467696
v -2.223910 1.591888 0.429823
v -2.223910 1.519734 0.459711
v -2.223910 1.489846 0.531865
v -2.223910 1.519734 0.604020
v -2.223910 1.591888 0.633908
v -2.223910 1.664043 0.604020
v -2.223910 1.693931 0.531865
v -2.223910 1.664043 0.459711
v -2.310435 1.591888 0.468377
v -2.274816 1.591888 0.429823
v -2.300002 1.591888 0.441115
v -2.310435 1.546996 0.486973
v -2.274816 1.519734 0.459711
v -2.300002 1.527719 0.467696
v -2.310435 1.528400 0.531865
v -2.274816 1.489846 0.531865
v -2.300002 1.501138 0.531865
v -2.310435 1.546996 0.576758
v -2.274816 1.519734 0.604020
v -2.300002 1.527719 0.596035
v -2.310435 1.591888 0.595353
v -2.274816 1.591888 0.633908
v -2.300002 1.591888 0.622615
v -2.310435 1.636781 0.576758
v -2.274816 1.664043 0.604020
v -2.300002 1.656058 0.596035
v -2.310435 1.655376 0.531865
v -2.274816 1.693931 0.531865
v -2.300002 1.682638 0.531865
v -2.310435 1.636781 0.486973
v -2.274816 1.664043 0.459711
v -2.300002 1.656058 0.467696
v 2.284718 1.298306 -0.259261
v 2.284718 1.298306 0.259261
v 2.365231 1.874141 0.259261
v 2.365231 1.874141 -0.259261
v 2.261112 1.301796 0.259261
v 2.261112 1.301796 -0.259261
v 2.341625 1.877631 -0.259261
v 2.341625 1.877631 0.259261
v 2.225522 1.303036 0.540958
v 2.194617 1.543086 0.777784
v 2.203166 1.336652 0.659371
v 2.191854 1.424516 0.746055
v 2.203559 1.646773 0.777784
v 2.272187 1.878870 0.540958
v 2.219657 1.764277 0.746055
v 2.244777 1.849231 0.659371
v 2.194617 1.543086 -0.777784
v 2.225522 1.303036 -0.540958
v 2.191854 1.424516 -0.746055
v 2.203166 1.336652 -0.659371
v 2.272187 1.878870 -0.540958
v 2.203559 1.646773 -0.777784
v 2.244777 1.849231 -0.659371
v 2.219657 1.764277 -0.746055
v 2.150938 1.546575 0.777784
v 2.181844 1.306525 0.540958
v 2.148175 1.428006 0.746055
v 2.159487 1.340142 0.659371
v 2.228508 1.882360 0.540958
v 2.159881 1.650263 0.777784
v 2.201098 1.852720 0.659371
v 2.175979 1.767767 0.746055
v 2.181844 1.306525 -0.540958
v 2.150938 1.546575 -0.777784
v 2.159487 1.340142 -0.659371
v 2.148175 1.428006 -0.746055
v 2.159881 1.650263 -0.777784
v 2.228508 1.882360 -0.540958
v 2.175979 1.767767 -0.746055
v 2.201098 1.852720 -0.659371
v 2.499532 2.015505 0.259261
v 2.499532 2.015505 -0.259261
v 2.460345 2.035110 -0.259261
v 2.460345 2.035110 0.259261
v 2.542003 2.193687 0.259261
v 2.542003 2.193687 -0.259261
v 2.498285 2.190731 -0.259261
v 2.498285 2.190731 0.259261
v 2.526102 2.305086 0.259261
v 2.516349 2.449312 0.114706
v 2.521226 2.377199 0.239895
v 2.517656 2.429989 0.186984
v 2.516349 2.449312 -0.114706
v 2.526102 2.305086 -0.259261
v 2.517656 2.429989 -0.186984
v 2.521226 2.377199 -0.239895
v 2.482384 2.302130 -0.259261
v 2.472631 2.446355 -0.114706
v 2.477508 2.374242 -0.239895
v 2.473938 2.427032 -0.186984
v 2.472631 2.446355 0.114706
v 2.482384 2.302130 0.259261
v 2.473938 2.427032 0.186984
v 2.477508 2.374242 0.239895
v 2.499532 2.015505 -0.000000
v 2.516349 2.449312 0.000000
v 2.472631 2.446355 0.000000
v 2.460345 2.035110 0.000000
v 2.507768 2.386405 -0.000000
v 2.520841 2.404553 0.000000
v 2.517766 2.391721 -0.000000
v 2.493541 2.386405 -0.000000
v 2.477041 2.402418 -0.000000
v 2.482539 2.391095 -0.000000
v 2.524189 2.371195 0.080534
v 2.510837 2.355831 0.073813
v 2.520917 2.360331 0.075782
v 2.496610 2.355831 0.073813
v 2.480534 2.367120 0.085203
v 2.485732 2.359138 0.077149
v 2.488905 2.282005 0.120450
v 2.504017 2.282018 0.104388
v 2.493422 2.282014 0.109092
v 2.518245 2.282018 0.104388
v 2.533118 2.278387 0.118963
v 2.528770 2.280954 0.108656
v 2.504017 2.282018 -0.104388
v 2.488904 2.282012 -0.120455
v 2.493422 2.282016 -0.109094
v 2.533118 2.278390 -0.118953
v 2.518245 2.282018 -0.104388
v 2.528770 2.280955 -0.108654
v 2.480534 2.367120 -0.085204
v 2.496610 2.355831 -0.073813
v 2.485732 2.359138 -0.077149
v 2.524189 2.371195 -0.080534
v 2.510837 2.355831 -0.073813
v 2.520917 2.360331 -0.075782
v 2.496677 2.206748 0.089271
v 2.511425 2.208204 0.073813
v 2.500936 2.207778 0.078341
v 2.525652 2.208204 0.073813
v 2.541985 2.197462 0.085426
v 2.536605 2.205058 0.077215
v 2.498285 2.190731 0.050602
v 2.513078 2.191731 0.034044
v 2.502618 2.191024 0.037893
v 2.523621 2.177630 -0.000000
v 2.534459 2.162036 -0.000000
v 2.532824 2.173063 -0.000000
v 2.527210 2.192687 0.036351
v 2.542003 2.193687 0.076413
v 2.537670 2.193395 0.049085
v 2.493175 2.169771 -0.000000
v 2.509640 2.177630 -0.000000
v 2.498791 2.175328 -0.000000
v 2.513078 2.191731 -0.034044
v 2.498285 2.190731 -0.050603
v 2.502618 2.191024 -0.037894
v 2.496677 2.206748 -0.089272
v 2.511425 2.208204 -0.073813
v 2.500936 2.207778 -0.078341
v 2.527210 2.192687 -0.036351
v 2.542003 2.193687 -0.076413
v 2.537670 2.193395 -0.049085
v 2.525652 2.208204 -0.073813
v 2.541986 2.197456 -0.085412
v 2.536605 2.205056 -0.077210
v -2.284718 1.298306 -0.259261
v -2.284718 1.298306 0.259261
v -2.365231 1.874141 0.259261
v -2.365231 1.874141 -0.259261
v -2.261112 1.301796 0.259261
v -2.261112 1.301796 -0.259261
v -2.341625 1.877631 -0.259261
v -2.341625 1.877631 0.259261
v -2.225522 1.303036 0.540958
v -2.194617 1.543086 0.777784
v -2.203166 1.336652 0.659371
v -2.191854 1.424516 0.746055
v -2.203559 1.646773 0.777784
v -2.272187 1.878870 0.540958
v -2.219657 1.764277 0.746055
v -2.244777 1.849231 0.659371
v -2.194617 1.543086 -0.777784
v -2.225522 1.303036 -0.540958
v -2.191854 1.424516 -0.746055
v -2.203166 1.336652 -0.659371
v -2.272187 1.878870 -0.540958
v -2.203559 1.646773 -0.777784
v -2.244777 1.849231 -0.659371
v -2.219657 1.764277 -0.746055
v -2.150938 1.546575 0.777784
v -2.181844 1.306525 0.540958
v -2.148175 1.428006 0.746055
v -2.159487 1.340142 0.659371
v -2.228508 1.882360 0.540958
v -2.159881 1.650263 0.777784
v -2.201098 1.852720 0.659371
v -2.175979 1.767767 0.746055
v -2.181844 1.306525 -0.540958
v -2.150938 1.546575 -0.777784
v -2.159487 1.340142 -0.659371
v -2.148175 1.428006 -0.746055
v -2.159881 1.650263 -0.777784
v -2.228508 1.882360 -0.540958
v -2.175979 1.767767 -0.746055
v -2.201098 1.852720 -0.659371
v -2.499532 2.015505 0.259261
v -2.499532 2.015505 -0.259261
v -2.460345 2.035110 -0.259261
v -2.460345 2.035110 0.259261
v -2.542003 2.193687 0.259261
v -2.542003 2.193687 -0.259261
v -2.498285 2.190731 -0.259261
v -2.498285 2.190731 0.259261
v -2.526102 2.305086 0.259261
v -2.516349 2.449312 0.114706
v -2.521226 2.377199 0.239895
v -2.517656 2.429989 0.186984
v -2.516349 2.449312 -0.114706
v -2.526102 2.305086 -0.259261
v -2.517656 2.429989 -0.186984
v -2.521226 2.377199 -0.239895
v -2.482384 2.302130 -0.259261
v -2.472631 2.446355 -0.114706
v -2.477508 2.374242 -0.239895
v -2.473938 2.427032 -0.186984
v -2.472631 2.446355 0.114706
v -2.482384 2.302130 0.259261
v -2.473938 2.427032 0.186984
v -2.477508 2.374242 0.239895
v -2.499532 2.015505 -0.000000
v -2.516349 2.449312 0.000000
v -2.472631 2.446355 0.000000
v -2.460345 2.035110 0.000000
v -2.507768 2.386405 -0.000000
v -2.520841 2.404553 0.000000
v -2.517766 2.391721 -0.000000
v -2.493541 2.386405 -0.000000
v -2.477041 2.402418 -0.000000
v -2.482539 2.391095 -0.000000
v -2.524189 2.371195 0.080534
v -2.510837 2.355831 0.073813
v -2.520917 2.360331 0.075782
v -2.496610 2.355831 0.073813
v -2.480534 2.367120 0.085203
v -2.485732 2.359138 0.077149
v -2.488905 2.282005 0.120450
v -2.504017 2.282018 0.104388
v -2.493422 2.282014 0.109092
v -2.518245 2.282018 0.104388
v -2.533118 2.278387 0.118963
v -2.528770 2.280954 0.108656
v -2.504017 2.282018 -0.104388
v -2.488904 2.282012 -0.120455
v -2.493422 2.282016 -0.109094
v -2.533118 2.278390 -0.118953
v -2.518245 2.282018 -0.104388
v -2.528770 2.280955 -0.108654
v -2.480534 2.367120 -0.085204
v -2.496610 2.355831 -0.073813
v -2.485732 2.359138 -0.077149
v -2.524189 2.371195 -0.080534
v -2.510837 2.355831 -0.073813
v -2.520917 2.360331 -0.075782
v -2.496677 2.206748 0.089271
v -2.511425 2.208204 0.073813
v -2.500936 2.207778 0.078341
v -2.525652 2.208204 0.073813
v -2.541985 2.197462 0.085426
v -2.536605 2.205058 0.077215
v -2.498285 2.190731 0.050602
v -2.513078 2.191731 0.034044
v -2.502618 2.191024 0.037893
v -2.523621 2.177630 -0.000000
v -2.534459 2.162036 -0.000000
v -2.532824 2.173063 -0.000000
v -2.527210 2.192687 0.036351
v -2.542003 2.193687 0.076413
v -2.537670 2.193395 0.049085
v -2.493175 2.169771 -0.000000
v -2.509640 2.177630 -0.000000
v -2.498791 2.175328 -0.000000
v -2.513078 2.191731 -0.034044
v -2.498285 2.190731 -0.050603
v -2.502618 2.191024 -0.037894
v -2.496677 2.206748 -0.089272
v -2.511425 2.208204 -0.073813
v -2.500936 2.207778 -0.078341
v -2.527210 2.192687 -0.036351
v -2.542003 2.193687 -0.076413
v -2.537670 2.193395 -0.049085
v -2.525652 2.208204 -0.073813
v -2.541986 2.197456 -0.085412
v -2.536605 2.205056 -0.077210
v -2.569172 2.278787 -0.085145
v -2.234099 2.587908 -0.059196
v -2.553871 2.218036 -0.059196
v -2.259643 2.592479 0.003452
v -2.547534 2.192873 0.003452
v -2.234099 2.587908 0.066100
v -2.553871 2.218036 0.066100
v -2.172431 2.576873 0.092050
v -2.569172 2.278787 0.092050
v -2.110762 2.565839 0.066100
v -2.584472 2.339538 0.066100
v -2.085218 2.561268 0.003452
v -2.590810 2.364702 0.003452
v -2.110762 2.565839 -0.059196
v -2.584472 2.339538 -0.059196
v -2.172431 2.576873 -0.085145
v -2.684808 2.249630 -0.085145
v -2.682017 2.187045 -0.059196
v -2.680861 2.161121 0.003452
v -2.682017 2.187045 0.066100
v -2.684808 2.249631 0.092050
v -2.687599 2.312216 0.066100
v -2.688755 2.338140 0.003452
v -2.687599 2.312216 -0.059196
v -2.322708 2.367504 -0.085145
v -2.296731 2.310496 -0.059196
v -2.285972 2.286882 0.003452
v -2.296731 2.310496 0.066100
v -2.322708 2.367504 0.092050
v -2.348684 2.424513 0.066100
v -2.359444 2.448127 0.003452
v -2.348684 2.424513 -0.059196
v -0.005726 4.511825 0.003452
v -0.004635 4.334632 0.003452
v 2.558811 2.278787 -0.085145
v 2.223738 2.587908 -0.059196
v 2.543510 2.218036 -0.059196
v 2.249282 2.592479 0.003452
v 2.537173 2.192873 0.003452
v 2.223738 2.587908 0.066100
v 2.543510 2.218036 0.066100
v 2.162070 2.576873 0.092050
v 2.558811 2.278787 0.092050
v 2.100401 2.565839 0.066100
v 2.574111 2.339538 0.066100
v 2.074857 2.561268 0.003452
v 2.580449 2.364702 0.003452
v 2.100401 2.565839 -0.059196
v 2.574111 2.339538 -0.059196
v 2.162070 2.576873 -0.085145
v 2.674447 2.249630 -0.085145
v 2.671656 2.187045 -0.059196
v 2.670500 2.161121 0.003452
v 2.671656 2.187045 0.066100
v 2.674447 2.249631 0.092050
v 2.677238 2.312216 0.066100
v 2.678394 2.338140 0.003452
v 2.677238 2.312216 -0.059196
v 2.312347 2.367504 -0.085145
v 2.286370 2.310496 -0.059196
v 2.275610 2.286882 0.003452
v 2.286370 2.310496 0.066100
v 2.312347 2.367504 0.092050
v 2.338324 2.424513 0.066100
v 2.349083 2.448127 0.003452
v 2.338324 2.424513 -0.059196
v -0.005180 4.485875 -0.059196
v -0.004635 4.511825 0.003452
v -0.005180 4.485875 0.066100
v -0.005180 4.423228 0.092050
v -0.005180 4.360581 0.066100
v -0.005726 4.334632 0.003452
v -0.005180 4.360581 -0.059196
v -0.005180 4.423228 -0.085145
v -2.878336 2.288159 -0.056428
v -2.852137 2.282943 -0.085145
v -2.870663 2.286632 -0.076734
v -2.874479 2.224535 -0.059196
v -2.893462 2.248611 -0.038890
v -2.890906 2.233703 -0.053248
v -2.883741 2.200335 0.003452
v -2.899727 2.232230 0.003452
v -2.899294 2.211778 0.003452
v -2.874479 2.224535 0.066100
v -2.893462 2.248611 0.045794
v -2.890906 2.233703 0.060153
v -2.852137 2.282943 0.092050
v -2.878336 2.288159 0.063333
v -2.870663 2.286632 0.083639
v -2.829805 2.341322 0.066100
v -2.863210 2.327708 0.045794
v -2.850421 2.339551 0.060153
v -2.820552 2.365488 0.003452
v -2.856945 2.344089 0.003452
v -2.842037 2.361466 0.003452
v -2.829806 2.341322 -0.059196
v -2.863210 2.327708 -0.038890
v -2.850421 2.339551 -0.053248
v 2.841776 2.282943 -0.085145
v 2.867975 2.288159 -0.056428
v 2.860301 2.286632 -0.076734
v 2.883101 2.248611 -0.038890
v 2.864119 2.224535 -0.059196
v 2.880546 2.233703 -0.053248
v 2.889366 2.232230 0.003452
v 2.873380 2.200335 0.003452
v 2.888933 2.211778 0.003452
v 2.883101 2.248611 0.045794
v 2.864118 2.224535 0.066100
v 2.880546 2.233703 0.060153
v 2.867975 2.288159 0.063333
v 2.841776 2.282943 0.092050
v 2.860302 2.286632 0.083639
v 2.852849 2.327708 0.045794
v 2.819445 2.341322 0.066100
v 2.840060 2.339551 0.060153
v 2.846584 2.344089 0.003452
v 2.810191 2.365488 0.003452
v 2.831676 2.361466 0.003452
v 2.852849 2.327708 -0.038890
v 2.819445 2.341322 -0.059196
v 2.840061 2.339551 -0.053248
v -0.798859 4.439494 -0.059196
v -1.129598 4.360013 -0.059196
v -0.967699 4.416139 -0.059196
v -0.803535 4.465095 0.003452
v -1.134159 4.385288 0.003452
v -0.972341 4.441612 0.003452
v -0.798859 4.439494 0.066100
v -1.129598 4.360013 0.066100
v -0.967699 4.416139 0.066100
v -0.787544 4.377687 0.092050
v -1.118476 4.299109 0.092050
v -0.956452 4.354672 0.092050
v -0.776229 4.315876 0.066100
v -1.107374 4.238295 0.066100
v -0.945212 4.293231 0.066100
v -0.771552 4.290272 0.003452
v -1.102847 4.213101 0.003452
v -0.940580 4.267780 0.003452
v -0.776229 4.315876 -0.059196
v -1.107374 4.238295 -0.059196
v -0.945212 4.293231 -0.059196
v -1.118476 4.299109 -0.085145
v -0.787544 4.377687 -0.085145
v -0.956452 4.354672 -0.085145
v 1.119237 4.360013 -0.059196
v 0.788498 4.439494 -0.059196
v 0.957338 4.416139 -0.059196
v 1.123798 4.385288 0.003452
v 0.793174 4.465095 0.003452
v 0.961980 4.441612 0.003452
v 1.119237 4.360013 0.066100
v 0.788498 4.439494 0.066100
v 0.957338 4.416139 0.066100
v 1.108115 4.299109 0.092050
v 0.777183 4.377687 0.092050
v 0.946091 4.354672 0.092050
v 1.097013 4.238295 0.066100
v 0.765868 4.315876 0.066100
v 0.934851 4.293231 0.066100
v 1.092486 4.213102 0.003452
v 0.761191 4.290272 0.003452
v 0.930219 4.267780 0.003452
v 1.097013 4.238295 -0.059196
v 0.765868 4.315876 -0.059196
v 0.934851 4.293231 -0.059196
v 0.777183 4.377687 -0.085145
v 1.108115 4.299109 -0.085145
v 0.946091 4.354672 -0.085145
v -1.891757 3.655036 -0.059196
v -2.037451 3.310067 -0.059196
v -1.974516 3.485517 -0.059196
v -1.917653 3.659790 0.003452
v -2.062995 3.314638 0.003452
v -2.000163 3.490141 0.003452
v -1.891757 3.655036 0.066100
v -2.037451 3.310067 0.066100
v -1.974516 3.485517 0.066100
v -1.829040 3.643754 0.092050
v -1.975783 3.299032 0.092050
v -1.912541 3.474410 0.092050
v -1.766204 3.632443 0.066100
v -1.914114 3.287998 0.066100
v -1.850530 3.463294 0.066100
v -1.740208 3.627630 0.003452
v -1.888570 3.283427 0.003452
v -1.824854 3.458652 0.003452
v -1.766204 3.632443 -0.059196
v -1.914114 3.287998 -0.059196
v -1.850530 3.463294 -0.059196
v -1.975783 3.299032 -0.085145
v -1.829040 3.643754 -0.085145
v -1.912541 3.474410 -0.085145
v -1.381680 4.217749 -0.059196
v -1.769109 3.864561 -0.059196
v -1.651605 4.004216 -0.059196
v -1.402049 4.234280 0.003452
v -1.788996 3.880627 0.003452
v -1.671770 4.020502 0.003452
v -1.381680 4.217749 0.066100
v -1.769109 3.864561 0.066100
v -1.651605 4.004216 0.066100
v -1.332249 4.177900 0.092050
v -1.721101 3.825902 0.092050
v -1.602850 3.964953 0.092050
v -1.282739 4.137977 0.066100
v -1.673180 3.787310 0.066100
v -1.554095 3.925689 0.066100
v -1.262322 4.121357 0.003452
v -1.653384 3.771307 0.003452
v -1.533943 3.909395 0.003452
v -1.282739 4.137977 -0.059196
v -1.673180 3.787310 -0.059196
v -1.554095 3.925689 -0.059196
v -1.721101 3.825902 -0.085145
v -1.332249 4.177900 -0.085145
v -1.602849 3.964953 -0.085145
v 2.027090 3.310067 -0.059196
v 1.881396 3.655036 -0.059196
v 1.964155 3.485517 -0.059196
v 2.052634 3.314638 0.003452
v 1.907292 3.659790 0.003452
v 1.989802 3.490141 0.003452
v 2.027090 3.310067 0.066100
v 1.881396 3.655036 0.066100
v 1.964155 3.485517 0.066100
v 1.965422 3.299032 0.092050
v 1.818679 3.643754 0.092050
v 1.902179 3.474410 0.092050
v 1.903753 3.287997 0.066100
v 1.755843 3.632443 0.066100
v 1.840169 3.463294 0.066100
v 1.878209 3.283427 0.003452
v 1.729847 3.627630 0.003452
v 1.814493 3.458652 0.003452
v 1.903753 3.287997 -0.059196
v 1.755843 3.632443 -0.059196
v 1.840169 3.463294 -0.059196
v 1.818679 3.643754 -0.085145
v 1.965422 3.299032 -0.085145
v 1.902179 3.474410 -0.085145
v 1.758748 3.864561 -0.059196
v 1.360757 4.217749 -0.059196
v 1.641245 4.004216 -0.059196
v 1.778635 3.880627 0.003452
v 1.381125 4.234280 0.003452
v 1.661409 4.020502 0.003452
v 1.758748 3.864561 0.066100
v 1.360757 4.217749 0.066100
v 1.641245 4.004216 0.066100
v 1.710740 3.825902 0.092050
v 1.311325 4.177900 0.092050
v 1.592489 3.964953 0.092050
v 1.662819 3.787310 0.066100
v 1.261815 4.137977 0.066100
v 1.543734 3.925689 0.066100
v 1.643023 3.771307 0.003452
v 1.241399 4.121357 0.003452
v 1.523582 3.909395 0.003452
v 1.662819 3.787310 -0.059196
v 1.261815 4.137977 -0.059196
v 1.543734 3.925689 -0.059196
v 1.311325 4.177900 -0.085145
v 1.710740 3.825902 -0.085145
v 1.592489 3.964953 -0.085145
v -2.255221 0.909606 -0.000000
v -2.252633 0.844976 -0.000000
v -2.260718 0.877030 -0.000000
v 2.083553 0.909606 0.863036
v 2.081162 0.844976 0.862046
v 2.088632 0.877030 0.865140
v -2.083552 0.909606 -0.863036
v -2.081161 0.844976 -0.862046
v -2.088631 0.877030 -0.865140
v 1.594682 0.909606 1.594682
v 1.592852 0.844976 1.592852
v 1.598569 0.877030 1.598569
v -1.594681 0.909606 -1.594682
v -1.592852 0.844976 -1.592853
v -1.598569 0.877030 -1.598570
v 0.863036 0.909606 2.083552
v 0.862046 0.844976 2.081161
v 0.865139 0.877030 2.088631
v -0.863034 0.909606 -2.083552
v -0.862044 0.844976 -2.081162
v -0.865138 0.877030 -2.088631
v 0.000000 0.909606 2.255221
v 0.000000 0.844976 2.252633
v 0.000000 0.877030 2.260719
v 0.863036 0.909606 -2.083552
v 0.862045 0.844976 -2.081162
v 0.865139 0.877030 -2.088631
v -0.863035 0.909606 2.083552
v -0.862045 0.844976 2.081162
v -0.865139 0.877030 2.088631
v 1.594682 0.909606 -1.594682
v 1.592852 0.844976 -1.592852
v 1.598569 0.877030 -1.598569
v -1.594681 0.909606 1.594682
v -1.592852 0.844976 1.592853
v -1.598569 0.877030 1.598570
v 2.083552 0.909606 -0.863036
v 2.081162 0.844976 -0.862045
v 2.088631 0.877030 -0.865139
v -2.081161 0.844976 0.862046
v -2.083552 0.909606 0.863036
v -2.088631 0.877030 0.865140
v 2.252633 0.844976 0.000000
v 2.255221 0.909606 0.000000
v 2.260719 0.877030 0.000000
v -0.000000 0.844976 -2.252633
v -0.000000 0.909606 -2.255221
v -0.000000 0.877030 -2.260719
v -2.250064 0.757546 -0.000000
v -2.250487 0.694090 -0.000000
v -2.257568 0.725865 -0.000000
v 2.078788 0.757546 0.861062
v 2.079180 0.694090 0.861224
v 2.085721 0.725865 0.863934
v -2.078788 0.757546 -0.861063
v -2.079179 0.694090 -0.861225
v -2.085720 0.725865 -0.863934
v 1.591035 0.757546 1.591035
v 1.591335 0.694090 1.591335
v 1.596341 0.725865 1.596341
v -1.591035 0.757546 -1.591036
v -1.591334 0.694090 -1.591335
v -1.596341 0.725865 -1.596342
v 0.861062 0.757546 2.078788
v 0.861224 0.694090 2.079179
v 0.863934 0.725865 2.085721
v -0.861061 0.757546 -2.078788
v -0.861223 0.694090 -2.079179
v -0.863933 0.725865 -2.085721
v 0.000000 0.757546 2.250064
v 0.000000 0.694090 2.250487
v 0.000000 0.725865 2.257568
v 0.861062 0.757546 -2.078788
v 0.861224 0.694090 -2.079179
v 0.863934 0.725865 -2.085721
v -0.861062 0.757546 2.078788
v -0.861224 0.694090 2.079179
v -0.863933 0.725865 2.085721
v 1.591035 0.757546 -1.591035
v 1.591335 0.694090 -1.591335
v 1.596341 0.725865 -1.596341
v -1.591035 0.757546 1.591036
v -1.591334 0.694090 1.591335
v -1.596341 0.725865 1.596342
v 2.078788 0.757546 -0.861062
v 2.079180 0.694090 -0.861224
v 2.085721 0.725865 -0.863934
v -2.079179 0.694090 0.861225
v -2.078788 0.757546 0.861063
v -2.085720 0.725865 0.863934
v 2.250487 0.694090 0.000000
v 2.250064 0.757546 0.000000
v 2.257568 0.725865 0.000000
v -0.000000 0.694090 -2.250487
v -0.000000 0.757546 -2.250064
v -0.000000 0.725865 -2.257568
v -2.235282 0.593038 -0.000000
v -2.229458 0.531239 -0.000000
v -2.240146 0.561434 -0.000000
v 2.065131 0.593038 0.855405
v 2.059751 0.531239 0.853177
v 2.069625 0.561434 0.857267
v -2.065131 0.593038 -0.855406
v -2.059751 0.531239 -0.853177
v -2.069625 0.561434 -0.857267
v 1.580583 0.593038 1.580583
v 1.576465 0.531239 1.576465
v 1.584022 0.561434 1.584022
v -1.580582 0.593038 -1.580583
v -1.576464 0.531239 -1.576465
v -1.584022 0.561434 -1.584023
v 0.855405 0.593038 2.065131
v 0.853177 0.531239 2.059751
v 0.857267 0.561434 2.069625
v -0.855404 0.593038 -2.065131
v -0.853176 0.531239 -2.059751
v -0.857266 0.561434 -2.069625
v 0.000000 0.593038 2.235282
v 0.000000 0.531239 2.229458
v 0.000000 0.561434 2.240146
v 0.855405 0.593038 -2.065131
v 0.853177 0.531239 -2.059751
v 0.857267 0.561434 -2.069625
v -0.855405 0.593038 2.065131
v -0.853176 0.531239 2.059751
v -0.857266 0.561434 2.069625
v 1.580583 0.593038 -1.580583
v 1.576465 0.531239 -1.576465
v 1.584022 0.561434 -1.584022
v -1.580582 0.593038 1.580583
v -1.576464 0.531239 1.576465
v -1.584022 0.561434 1.584023
v 2.065131 0.593038 -0.855405
v 2.059751 0.531239 -0.853177
v 2.069625 0.561434 -0.857267
v -2.059751 0.531239 0.853177
v -2.065131 0.593038 0.855406
v -2.069625 0.561434 0.857267
v 2.229458 0.531239 0.000000
v 2.235282 0.593038 0.000000
v 2.240146 0.561434 0.000000
v -0.000000 0.531239 -2.229458
v -0.000000 0.593038 -2.235281
v -0.000000 0.561434 -2.240146
v -2.204357 1.467428 -0.703143
v -2.215669 1.379564 -0.616459
v -2.225400 1.720637 -0.702415
v -2.250519 1.805591 -0.615731
v -2.225400 1.720637 0.702415
v -2.250519 1.805590 0.615731
v 2.204357 1.467428 -0.703143
v 2.215669 1.379564 -0.616459
v 2.225400 1.720637 -0.702415
v 2.250519 1.805590 -0.615731
v 2.250519 1.805590 0.615731
v 2.225400 1.720637 0.702415
v 2.204357 1.467429 0.703143
v 2.215669 1.379564 0.616458
vt 0.806774 0.306419
vt 0.800656 0.306419
vt 0.800365 0.267573
vt 0.806482 0.267573
vt 0.403114 0.475355
vt 0.361420 0.475355
vt 0.361572 0.474516
vt 0.402961 0.474516
vt 0.441634 0.457925
vt 0.441200 0.457214
vt 0.471117 0.425720
vt 0.470466 0.425245
vt 0.487072 0.383641
vt 0.486305 0.383474
vt 0.487072 0.338096
vt 0.486305 0.338262
vt 0.471117 0.296017
vt 0.470466 0.296492
vt 0.441634 0.263812
vt 0.441199 0.264523
vt 0.403114 0.246382
vt 0.402961 0.247221
vt 0.361420 0.246382
vt 0.361572 0.247221
vt 0.322899 0.263812
vt 0.323334 0.264523
vt 0.293417 0.296017
vt 0.294068 0.296492
vt 0.277461 0.338096
vt 0.278229 0.338263
vt 0.277461 0.383641
vt 0.278229 0.383474
vt 0.765171 0.353910
vt 0.771277 0.353931
vt 0.771799 0.399233
vt 0.765693 0.399212
vt 0.293417 0.425720
vt 0.294068 0.425245
vt 0.322899 0.457925
vt 0.323334 0.457214
vt 0.806774 0.398065
vt 0.800656 0.398065
vt 0.800759 0.352242
vt 0.806877 0.352242
vt 0.366361 0.679361
vt 0.413744 0.679531
vt 0.415508 0.738321
vt 0.366361 0.738145
vt 0.816565 0.400382
vt 0.822682 0.400394
vt 0.823006 0.435354
vt 0.816889 0.435341
vt 0.277056 0.097453
vt 0.293099 0.055145
vt 0.322742 0.022763
vt 0.361473 0.005239
vt 0.403396 0.005239
vt 0.442127 0.022763
vt 0.471770 0.055145
vt 0.487813 0.097453
vt 0.487813 0.143248
vt 0.471770 0.185556
vt 0.442127 0.217938
vt 0.403396 0.235462
vt 0.361474 0.235462
vt 0.322742 0.217938
vt 0.293099 0.185556
vt 0.277056 0.143248
vt 0.806482 0.436912
vt 0.800365 0.436912
vt 0.816565 0.309586
vt 0.822682 0.309599
vt 0.822569 0.356235
vt 0.816451 0.356223
vt 0.783301 0.352243
vt 0.789418 0.352243
vt 0.789556 0.398066
vt 0.783438 0.398066
vt 0.767177 0.267573
vt 0.773283 0.267594
vt 0.771799 0.307706
vt 0.765693 0.307685
vt 0.773283 0.436715
vt 0.767177 0.436694
vt 0.783830 0.267573
vt 0.789947 0.267573
vt 0.789556 0.306420
vt 0.783438 0.306420
vt 0.789947 0.436912
vt 0.783830 0.436912
vt 0.816889 0.267573
vt 0.823006 0.267585
vt 0.841691 0.906651
vt 0.841205 0.954853
vt 0.839697 0.954853
vt 0.840183 0.906651
vt 0.506099 0.678758
vt 0.552943 0.678115
vt 0.552539 0.736560
vt 0.503951 0.737227
vt 0.318978 0.679531
vt 0.317214 0.738321
vt 0.467341 0.680590
vt 0.463750 0.739127
vt 0.278808 0.680014
vt 0.275549 0.738822
vt 0.137097 0.793346
vt 0.180541 0.793746
vt 0.183227 0.852566
vt 0.138166 0.852152
vt 0.634092 0.198545
vt 0.674262 0.198905
vt 0.677521 0.257731
vt 0.635856 0.257358
vt 0.088873 0.793206
vt 0.088147 0.852006
vt 0.539326 0.198545
vt 0.586709 0.198418
vt 0.586709 0.257226
vt 0.537562 0.257358
vt 0.043210 0.793346
vt 0.040784 0.852152
vt 0.499157 0.198905
vt 0.495897 0.257731
vt 0.007060 0.793746
vt 0.003288 0.852566
vt 0.600743 0.678758
vt 0.642220 0.680590
vt 0.645140 0.739127
vt 0.602118 0.737227
vt 0.453914 0.680014
vt 0.457173 0.738822
vt 0.267627 0.120132
vt 0.267627 0.177277
vt 0.259827 0.175582
vt 0.259827 0.121827
vt 0.261034 0.705537
vt 0.261681 0.648180
vt 0.263186 0.648185
vt 0.262539 0.705542
vt 0.841861 0.849794
vt 0.840353 0.849794
vt 0.261681 0.761748
vt 0.263186 0.761753
vt 0.841691 0.792936
vt 0.840183 0.792936
vt 0.263523 0.808256
vt 0.265028 0.808261
vt 0.841205 0.744735
vt 0.839697 0.744735
vt 0.862515 0.796866
vt 0.862917 0.744735
vt 0.864425 0.744738
vt 0.864023 0.796869
vt 0.029347 0.524054
vt 0.064780 0.562760
vt 0.061643 0.567887
vt 0.024653 0.527480
vt 0.862374 0.854732
vt 0.863882 0.854735
vt 0.851239 0.792937
vt 0.851601 0.744735
vt 0.853110 0.744735
vt 0.852748 0.792937
vt 0.862515 0.909525
vt 0.864023 0.909528
vt 0.851601 0.954852
vt 0.851239 0.906651
vt 0.852748 0.906651
vt 0.853110 0.954852
vt 0.263523 0.598409
vt 0.265028 0.598414
vt 0.862917 0.952903
vt 0.864425 0.952906
vt 0.010170 0.418744
vt 0.010171 0.473482
vt 0.004634 0.474685
vt 0.004634 0.417540
vt 0.061643 0.026930
vt 0.109974 0.005062
vt 0.111525 0.013582
vt 0.066062 0.034153
vt 0.262090 0.418743
vt 0.242914 0.368172
vt 0.247608 0.364746
vt 0.267627 0.417540
vt 0.029347 0.368172
vt 0.024653 0.364746
vt 0.262090 0.473482
vt 0.267627 0.474685
vt 0.851112 0.849794
vt 0.852620 0.849794
vt 0.242914 0.524054
vt 0.247608 0.527480
vt 0.064780 0.329466
vt 0.061643 0.324338
vt 0.207481 0.562760
vt 0.210617 0.567887
vt 0.111075 0.308518
vt 0.109974 0.302470
vt 0.161185 0.583707
vt 0.162287 0.589755
vt 0.161185 0.308518
vt 0.162286 0.302470
vt 0.111075 0.583707
vt 0.109974 0.589755
vt 0.207481 0.329466
vt 0.210617 0.324338
vt 0.740510 0.735593
vt 0.703454 0.736102
vt 0.702694 0.732556
vt 0.740429 0.732038
vt 0.210617 0.270479
vt 0.162287 0.292347
vt 0.160735 0.283827
vt 0.206199 0.263255
vt 0.024653 0.067337
vt 0.031265 0.072164
vt 0.247608 0.230071
vt 0.240995 0.225245
vt 0.004634 0.120132
vt 0.012433 0.121827
vt 0.313533 0.747044
vt 0.359894 0.746901
vt 0.359673 0.749039
vt 0.312720 0.749183
vt 0.004634 0.177276
vt 0.012433 0.175582
vt 0.247608 0.067337
vt 0.240995 0.072164
vt 0.210617 0.026930
vt 0.206199 0.034153
vt 0.024653 0.230071
vt 0.031265 0.225245
vt 0.061643 0.270479
vt 0.066062 0.263255
vt 0.162287 0.005062
vt 0.160735 0.013582
vt 0.109974 0.292347
vt 0.111525 0.283827
vt 0.495562 0.393381
vt 0.495562 0.351635
vt 0.510186 0.313067
vt 0.537209 0.283548
vt 0.572516 0.267573
vt 0.610732 0.267573
vt 0.646039 0.283548
vt 0.673062 0.313067
vt 0.687686 0.351635
vt 0.687686 0.393381
vt 0.673062 0.431949
vt 0.646039 0.461468
vt 0.610732 0.477444
vt 0.572516 0.477444
vt 0.537209 0.461468
vt 0.510186 0.431949
vt 0.726016 0.004658
vt 0.774124 0.004486
vt 0.774124 0.006618
vt 0.725402 0.006793
vt 0.778321 0.736102
vt 0.778933 0.732556
vt 0.822231 0.004658
vt 0.822845 0.006793
vt 0.811131 0.737551
vt 0.812344 0.734032
vt 0.863015 0.005148
vt 0.864150 0.007290
vt 0.408856 0.747044
vt 0.409259 0.749183
vt 0.704261 0.994774
vt 0.672486 0.995059
vt 0.671216 0.991604
vt 0.703574 0.991313
vt 0.611232 0.844139
vt 0.611232 0.790558
vt 0.612806 0.790216
vt 0.612806 0.844480
vt 0.741742 0.994674
vt 0.741742 0.991212
vt 0.452964 0.747449
vt 0.453930 0.749594
vt 0.779224 0.994774
vt 0.779911 0.991313
vt 0.603081 0.844139
vt 0.603081 0.790558
vt 0.604655 0.790216
vt 0.604655 0.844481
vt 0.811000 0.995059
vt 0.812269 0.991604
vt 0.692264 0.486147
vt 0.739825 0.485494
vt 0.739737 0.487542
vt 0.691569 0.488204
vt 0.553070 0.665680
vt 0.600186 0.666314
vt 0.600652 0.668986
vt 0.552990 0.668345
vt 0.413067 0.666982
vt 0.452662 0.667458
vt 0.453662 0.670206
vt 0.413608 0.669724
vt 0.641071 0.668120
vt 0.642011 0.670813
vt 0.008491 0.781185
vt 0.044124 0.780791
vt 0.043406 0.783538
vt 0.007360 0.783937
vt 0.007241 0.787804
vt 0.043328 0.787405
vt 0.044091 0.791061
vt 0.008449 0.791455
vt 0.089134 0.780653
vt 0.088938 0.783399
vt 0.586709 0.185863
vt 0.633415 0.185987
vt 0.633956 0.188736
vt 0.586709 0.188610
vt 0.500408 0.186342
vt 0.540003 0.185987
vt 0.539462 0.188736
vt 0.499408 0.189095
vt 0.136669 0.780791
vt 0.137023 0.783538
vt 0.673010 0.186342
vt 0.674010 0.189095
vt 0.179493 0.781185
vt 0.180343 0.783937
vt 0.280060 0.667458
vt 0.319655 0.666982
vt 0.319114 0.669724
vt 0.279060 0.670206
vt 0.278959 0.674073
vt 0.319059 0.673591
vt 0.319643 0.677250
vt 0.280038 0.677727
vt 0.506208 0.672839
vt 0.552972 0.672197
vt 0.553038 0.675929
vt 0.506852 0.676563
vt 0.468691 0.668120
vt 0.506895 0.666314
vt 0.506280 0.668986
vt 0.467633 0.670813
vt 0.366361 0.666814
vt 0.366361 0.669555
vt 0.366361 0.673421
vt 0.366361 0.677083
vt 0.467517 0.674668
vt 0.468638 0.678369
vt 0.137053 0.787405
vt 0.180422 0.787804
vt 0.179494 0.791455
vt 0.136660 0.791061
vt 0.634010 0.192604
vt 0.674110 0.192963
vt 0.673032 0.196612
vt 0.633426 0.196257
vt 0.088912 0.787265
vt 0.089113 0.790923
vt 0.586709 0.192477
vt 0.586709 0.196132
vt 0.499308 0.192963
vt 0.539407 0.192604
vt 0.539991 0.196257
vt 0.500386 0.196612
vt 0.600689 0.672839
vt 0.642094 0.674668
vt 0.641061 0.678369
vt 0.600166 0.676563
vt 0.413662 0.673591
vt 0.453762 0.674073
vt 0.452684 0.677727
vt 0.413079 0.677250
vt 0.366361 0.664324
vt 0.413554 0.664493
vt 0.553128 0.655740
vt 0.600024 0.656371
vt 0.600639 0.659977
vt 0.553022 0.659337
vt 0.412849 0.656994
vt 0.452259 0.657468
vt 0.453579 0.661175
vt 0.413563 0.660694
vt 0.640718 0.658168
vt 0.641958 0.661802
vt 0.008962 0.771193
vt 0.044429 0.770802
vt 0.043481 0.774507
vt 0.007469 0.774905
vt 0.007481 0.778704
vt 0.043486 0.778306
vt 0.089229 0.770664
vt 0.088969 0.774367
vt 0.586709 0.175872
vt 0.633197 0.175997
vt 0.633911 0.179705
vt 0.586709 0.179579
vt 0.500811 0.176350
vt 0.540221 0.175997
vt 0.539507 0.179705
vt 0.499491 0.180064
vt 0.136542 0.770802
vt 0.137009 0.774507
vt 0.672608 0.176350
vt 0.673927 0.180064
vt 0.179165 0.771193
vt 0.180287 0.774905
vt 0.280462 0.657468
vt 0.319873 0.656994
vt 0.319159 0.660694
vt 0.279143 0.661175
vt 0.279159 0.664974
vt 0.319168 0.664493
vt 0.506356 0.663771
vt 0.553012 0.663130
vt 0.469142 0.658168
vt 0.507168 0.656371
vt 0.506357 0.659977
vt 0.467747 0.661802
vt 0.366361 0.656827
vt 0.366361 0.660525
vt 0.467753 0.665595
vt 0.136997 0.778306
vt 0.180266 0.778704
vt 0.633902 0.183504
vt 0.673911 0.183863
vt 0.088966 0.778167
vt 0.586709 0.183378
vt 0.499507 0.183863
vt 0.539516 0.183504
vt 0.600620 0.663771
vt 0.641931 0.665595
vt 0.453563 0.664974
vt 0.366361 0.654491
vt 0.413244 0.654658
vt 0.553221 0.646826
vt 0.599605 0.647451
vt 0.600281 0.650319
vt 0.553109 0.649684
vt 0.412340 0.647995
vt 0.451320 0.648464
vt 0.452764 0.651441
vt 0.413122 0.650964
vt 0.639853 0.649228
vt 0.641214 0.652127
vt 0.010036 0.762187
vt 0.045114 0.761799
vt 0.044079 0.764774
vt 0.008404 0.765168
vt 0.008143 0.768864
vt 0.043911 0.768469
vt 0.089425 0.761663
vt 0.089142 0.764636
vt 0.586709 0.166869
vt 0.632688 0.166992
vt 0.633470 0.169970
vt 0.586709 0.169845
vt 0.501750 0.167342
vt 0.540729 0.166992
vt 0.539948 0.169970
vt 0.500306 0.170325
vt 0.136220 0.761799
vt 0.136733 0.764774
vt 0.671668 0.167342
vt 0.673112 0.170325
vt 0.178378 0.762187
vt 0.179607 0.765168
vt 0.281402 0.648464
vt 0.320381 0.647995
vt 0.319600 0.650964
vt 0.279958 0.651441
vt 0.279732 0.655136
vt 0.319478 0.654658
vt 0.506732 0.653992
vt 0.553082 0.653355
vt 0.470154 0.649228
vt 0.507764 0.647451
vt 0.506879 0.650319
vt 0.468630 0.652127
vt 0.366361 0.647831
vt 0.366361 0.650797
vt 0.468383 0.655804
vt 0.136808 0.768469
vt 0.179793 0.768864
vt 0.633592 0.173665
vt 0.673338 0.174022
vt 0.089092 0.768330
vt 0.586709 0.173540
vt 0.500080 0.174022
vt 0.539826 0.173665
vt 0.600377 0.653992
vt 0.641417 0.655804
vt 0.452990 0.655136
vt 0.553199 0.644272
vt 0.599810 0.644899
vt 0.412566 0.645467
vt 0.451737 0.645938
vt 0.640256 0.646686
vt 0.009571 0.759662
vt 0.044821 0.759272
vt 0.501333 0.164817
vt 0.540504 0.164466
vt 0.089349 0.759135
vt 0.586709 0.164343
vt 0.632914 0.164466
vt 0.136374 0.759272
vt 0.672085 0.164817
vt 0.178738 0.759662
vt 0.280985 0.645938
vt 0.320156 0.645467
vt 0.469724 0.646686
vt 0.507519 0.644899
vt 0.366361 0.645301
vt 0.651716 0.748272
vt 0.693020 0.747901
vt 0.844650 0.250697
vt 0.812292 0.250307
vt 0.788887 0.488204
vt 0.831536 0.490087
vt 0.774124 0.250171
vt 0.735955 0.250307
vt 0.684098 0.007290
vt 0.703597 0.250697
vt 0.651716 0.490087
vt 0.671473 0.734032
vt 0.790464 0.747901
vt 0.831768 0.748271
vt 0.436850 0.992950
vt 0.401854 0.992629
vt 0.741742 0.747771
vt 0.363008 0.992516
vt 0.326225 0.992629
vt 0.275549 0.749594
vt 0.297105 0.992950
vt 0.685233 0.005148
vt 0.672795 0.737550
vt 0.789850 0.745759
vt 0.830633 0.746125
vt 0.363246 0.995981
vt 0.327125 0.996092
vt 0.435759 0.996408
vt 0.401393 0.996092
vt 0.741742 0.745631
vt 0.298530 0.996408
vt 0.693635 0.745759
vt 0.843381 0.254158
vt 0.811605 0.253775
vt 0.652851 0.746125
vt 0.774124 0.253641
vt 0.788355 0.486147
vt 0.830467 0.488007
vt 0.736642 0.253775
vt 0.704867 0.254158
vt 0.003288 0.474977
vt 0.003288 0.417248
vt 0.849901 0.906414
vt 0.849774 0.849794
vt 0.023512 0.363913
vt 0.850261 0.954414
vt 0.060881 0.323093
vt 0.260371 0.648383
vt 0.262205 0.598821
vt 0.109706 0.301001
vt 0.259727 0.705501
vt 0.162554 0.301001
vt 0.260371 0.761477
vt 0.211379 0.323093
vt 0.262205 0.807791
vt 0.248748 0.363913
vt 0.861177 0.797020
vt 0.861577 0.745107
vt 0.268972 0.417248
vt 0.861037 0.854645
vt 0.268972 0.474977
vt 0.861177 0.909210
vt 0.248748 0.528312
vt 0.861577 0.952406
vt 0.211379 0.569133
vt 0.843027 0.906414
vt 0.842543 0.954414
vt 0.162554 0.591225
vt 0.843197 0.849794
vt 0.109706 0.591225
vt 0.843027 0.793174
vt 0.060881 0.569133
vt 0.842543 0.745174
vt 0.023512 0.528312
vt 0.849901 0.793174
vt 0.850261 0.745174
vt 0.853972 0.849794
vt 0.854099 0.906414
vt 0.268972 0.119840
vt 0.268972 0.177569
vt 0.854460 0.954414
vt 0.248748 0.066505
vt 0.266396 0.598835
vt 0.264561 0.648398
vt 0.211379 0.025684
vt 0.263917 0.705516
vt 0.162554 0.003592
vt 0.264561 0.761492
vt 0.109706 0.003592
vt 0.266396 0.807805
vt 0.060881 0.025684
vt 0.865775 0.745116
vt 0.865375 0.797029
vt 0.023512 0.066505
vt 0.865235 0.854654
vt 0.003288 0.119840
vt 0.865375 0.909218
vt 0.003288 0.177569
vt 0.865775 0.952415
vt 0.023512 0.230904
vt 0.838345 0.954414
vt 0.838829 0.906414
vt 0.060881 0.271724
vt 0.838999 0.849794
vt 0.109706 0.293816
vt 0.838829 0.793174
vt 0.162554 0.293816
vt 0.838345 0.745174
vt 0.211379 0.271724
vt 0.854460 0.745174
vt 0.854099 0.793174
vt 0.248748 0.230904
vt 0.258922 0.175385
vt 0.258922 0.122023
vt 0.313794 0.746148
vt 0.359966 0.746006
vt 0.240228 0.072724
vt 0.277242 0.746552
vt 0.276831 0.747449
vt 0.205686 0.034992
vt 0.822034 0.003764
vt 0.862651 0.004252
vt 0.160555 0.014571
vt 0.774124 0.003592
vt 0.111706 0.014571
vt 0.726213 0.003764
vt 0.066575 0.034992
vt 0.685596 0.004252
vt 0.032033 0.072724
vt 0.789653 0.744863
vt 0.830270 0.745227
vt 0.013339 0.122023
vt 0.741742 0.744735
vt 0.013339 0.175385
vt 0.693831 0.744863
vt 0.032033 0.224685
vt 0.653215 0.745227
vt 0.066575 0.262417
vt 0.788185 0.485278
vt 0.830125 0.487131
vt 0.111706 0.282837
vt 0.739854 0.484628
vt 0.160555 0.282837
vt 0.692487 0.485278
vt 0.205686 0.262417
vt 0.653298 0.487131
vt 0.652914 0.488007
vt 0.240228 0.224685
vt 0.408727 0.746148
vt 0.452655 0.746552
vt 0.798837 0.352242
vt 0.798735 0.306757
vt 0.361039 0.477444
vt 0.321816 0.459696
vt 0.798446 0.268197
vt 0.403494 0.477444
vt 0.775227 0.268192
vt 0.773754 0.308008
vt 0.442718 0.459696
vt 0.773236 0.353893
vt 0.472738 0.426903
vt 0.773754 0.398862
vt 0.488985 0.384057
vt 0.775227 0.436067
vt 0.488985 0.337680
vt 0.824926 0.268122
vt 0.824605 0.309826
vt 0.472738 0.294834
vt 0.824492 0.356119
vt 0.442718 0.262041
vt 0.824605 0.399953
vt 0.403494 0.244293
vt 0.824926 0.434655
vt 0.361039 0.244293
vt 0.791869 0.268197
vt 0.791480 0.306757
vt 0.321816 0.262041
vt 0.791343 0.352243
vt 0.291796 0.294834
vt 0.791480 0.397728
vt 0.275549 0.337680
vt 0.791869 0.436289
vt 0.275549 0.384057
vt 0.798446 0.436288
vt 0.798735 0.397728
vt 0.291796 0.426903
vt 0.808274 0.306685
vt 0.808376 0.352242
vt 0.275549 0.097126
vt 0.291821 0.054212
vt 0.807984 0.268065
vt 0.321889 0.021368
vt 0.764225 0.307913
vt 0.765701 0.268034
vt 0.361174 0.003592
vt 0.763707 0.353870
vt 0.403695 0.003592
vt 0.764225 0.398909
vt 0.442980 0.021368
vt 0.765701 0.436173
vt 0.473048 0.054212
vt 0.815066 0.309760
vt 0.815388 0.267990
vt 0.489320 0.097126
vt 0.814953 0.356125
vt 0.489320 0.143575
vt 0.815066 0.400028
vt 0.473048 0.186489
vt 0.815388 0.434784
vt 0.442980 0.219333
vt 0.781941 0.306686
vt 0.782330 0.268065
vt 0.403695 0.237109
vt 0.781804 0.352243
vt 0.361174 0.237109
vt 0.781941 0.397800
vt 0.321889 0.219334
vt 0.782330 0.436421
vt 0.291821 0.186489
vt 0.808274 0.397799
vt 0.807984 0.436421
vt 0.275549 0.143575
vt 0.239513 0.799301
vt 0.239513 0.851334
vt 0.237808 0.851705
vt 0.237808 0.798931
vt 0.229525 0.851334
vt 0.229525 0.799301
vt 0.231231 0.798931
vt 0.231231 0.851705
vt 0.619383 0.842619
vt 0.619383 0.790586
vt 0.621089 0.790216
vt 0.621089 0.842990
vt 0.366361 0.484628
vt 0.406954 0.484773
vt 0.514276 0.485179
vt 0.554409 0.484628
vt 0.325767 0.484773
vt 0.481072 0.486748
vt 0.291354 0.485187
vt 0.132928 0.598529
vt 0.170147 0.598872
vt 0.627302 0.003701
vt 0.661716 0.004009
vt 0.091614 0.598409
vt 0.546115 0.003701
vt 0.586709 0.003592
vt 0.052494 0.598529
vt 0.511702 0.004009
vt 0.021525 0.598872
vt 0.595359 0.485179
vt 0.630893 0.486748
vt 0.441368 0.485187
vt 0.262714 0.857070
vt 0.259949 0.857076
vt 0.259727 0.852732
vt 0.262491 0.852727
vt 0.192594 0.857698
vt 0.189804 0.857698
vt 0.189804 0.853378
vt 0.192594 0.853378
vt 0.594225 0.864727
vt 0.591435 0.864727
vt 0.591435 0.860430
vt 0.594225 0.860430
vt 0.591435 0.856088
vt 0.594225 0.856088
vt 0.784640 0.460096
vt 0.787430 0.460096
vt 0.787430 0.464416
vt 0.784640 0.464416
vt 0.787430 0.468736
vt 0.784640 0.468736
vt 0.192594 0.862018
vt 0.189804 0.862018
vt 0.259949 0.848437
vt 0.262714 0.848431
vt 0.264141 0.848913
vt 0.263943 0.852733
vt 0.520506 0.852866
vt 0.517822 0.849921
vt 0.519154 0.849314
vt 0.521032 0.851374
vt 0.193975 0.857698
vt 0.193975 0.861539
vt 0.517822 0.845764
vt 0.519154 0.846405
vt 0.193975 0.853856
vt 0.520506 0.842829
vt 0.521032 0.844352
vt 0.595606 0.860421
vt 0.595606 0.864243
vt 0.524301 0.842837
vt 0.523687 0.844357
vt 0.595606 0.856560
vt 0.526985 0.845782
vt 0.525565 0.846418
vt 0.783259 0.464416
vt 0.783259 0.460574
vt 0.526985 0.849939
vt 0.525565 0.849326
vt 0.783259 0.468258
vt 0.524302 0.852873
vt 0.523687 0.851379
vt 0.264141 0.856596
vt 0.232315 0.858889
vt 0.232315 0.863231
vt 0.229525 0.863231
vt 0.229525 0.858889
vt 0.786049 0.448592
vt 0.786049 0.452912
vt 0.783259 0.452912
vt 0.783259 0.448592
vt 0.564828 0.846263
vt 0.564605 0.850559
vt 0.561841 0.850564
vt 0.562064 0.846269
vt 0.564828 0.854902
vt 0.562064 0.854908
vt 0.492314 0.859517
vt 0.492314 0.855197
vt 0.495104 0.855197
vt 0.495104 0.859517
vt 0.492314 0.850877
vt 0.495104 0.850877
vt 0.786049 0.444272
vt 0.783259 0.444272
vt 0.232315 0.867528
vt 0.229525 0.867528
vt 0.233696 0.863222
vt 0.233696 0.867044
vt 0.550127 0.846270
vt 0.549513 0.847791
vt 0.546857 0.847786
vt 0.546331 0.846263
vt 0.787430 0.444750
vt 0.787430 0.448592
vt 0.544980 0.849839
vt 0.543648 0.849197
vt 0.787430 0.452434
vt 0.544980 0.852747
vt 0.543648 0.853355
vt 0.566255 0.846745
vt 0.566057 0.850565
vt 0.546858 0.854807
vt 0.546332 0.856300
vt 0.566255 0.854428
vt 0.549513 0.854813
vt 0.550127 0.856307
vt 0.490934 0.859039
vt 0.490934 0.855197
vt 0.551390 0.852760
vt 0.552811 0.853372
vt 0.490934 0.851355
vt 0.551390 0.849851
vt 0.552811 0.849215
vt 0.233696 0.859361
vt 0.478700 0.857453
vt 0.478478 0.853110
vt 0.481242 0.853104
vt 0.481464 0.857447
vt 0.615209 0.855985
vt 0.615209 0.851665
vt 0.617999 0.851665
vt 0.617999 0.855985
vt 0.216549 0.855041
vt 0.216549 0.859339
vt 0.213759 0.859339
vt 0.213759 0.855041
vt 0.216549 0.863680
vt 0.213759 0.863680
vt 0.466540 0.853276
vt 0.466540 0.857596
vt 0.463750 0.857596
vt 0.463750 0.853276
vt 0.466540 0.861915
vt 0.463750 0.861915
vt 0.615209 0.860305
vt 0.617999 0.860305
vt 0.478700 0.848814
vt 0.481464 0.848808
vt 0.477194 0.853121
vt 0.477392 0.849301
vt 0.198995 0.843253
vt 0.197618 0.842619
vt 0.197618 0.839710
vt 0.198995 0.839095
vt 0.613828 0.859827
vt 0.613828 0.855985
vt 0.195735 0.837653
vt 0.196303 0.836155
vt 0.613828 0.852143
vt 0.193071 0.837653
vt 0.192496 0.836155
vt 0.217929 0.855525
vt 0.217929 0.859347
vt 0.191188 0.839710
vt 0.189804 0.839094
vt 0.217929 0.863208
vt 0.191188 0.842619
vt 0.189804 0.843252
vt 0.467920 0.853754
vt 0.467920 0.857596
vt 0.193071 0.844676
vt 0.192496 0.846193
vt 0.467920 0.861437
vt 0.195735 0.844676
vt 0.196303 0.846193
vt 0.477392 0.856984
vt 0.641189 0.859167
vt 0.643979 0.859167
vt 0.643979 0.863509
vt 0.641189 0.863509
vt 0.604461 0.855985
vt 0.607251 0.855985
vt 0.607251 0.860305
vt 0.604461 0.860305
vt 0.505884 0.849709
vt 0.508648 0.849703
vt 0.508426 0.853999
vt 0.505661 0.854005
vt 0.508648 0.858343
vt 0.505884 0.858348
vt 0.203342 0.862018
vt 0.200552 0.862018
vt 0.200552 0.857698
vt 0.203342 0.857698
vt 0.200552 0.853378
vt 0.203342 0.853378
vt 0.604461 0.851665
vt 0.607251 0.851665
vt 0.643979 0.867807
vt 0.641189 0.867807
vt 0.639809 0.867323
vt 0.639809 0.863501
vt 0.216450 0.837817
vt 0.220257 0.837818
vt 0.219694 0.839321
vt 0.217031 0.839321
vt 0.603081 0.855985
vt 0.603081 0.852143
vt 0.222948 0.840758
vt 0.221577 0.841379
vt 0.603081 0.859827
vt 0.222948 0.844917
vt 0.221577 0.844288
vt 0.504378 0.854017
vt 0.504576 0.850196
vt 0.220257 0.847857
vt 0.219694 0.846345
vt 0.504576 0.857879
vt 0.216450 0.847856
vt 0.217031 0.846345
vt 0.204722 0.857698
vt 0.204722 0.861539
vt 0.213759 0.844916
vt 0.215148 0.844287
vt 0.204722 0.853856
vt 0.213759 0.840757
vt 0.215148 0.841378
vt 0.639809 0.859640
vt 0.582134 0.845023
vt 0.583619 0.826921
vt 0.584858 0.826514
vt 0.584426 0.844269
vt 0.536122 0.758591
vt 0.539367 0.775456
vt 0.538073 0.775456
vt 0.533728 0.758591
vt 0.189992 0.777568
vt 0.189804 0.760702
vt 0.221433 0.760702
vt 0.221590 0.777567
vt 0.219941 0.784657
vt 0.215263 0.789847
vt 0.208809 0.791746
vt 0.203119 0.791746
vt 0.196619 0.789847
vt 0.191814 0.784657
vt 0.539367 0.806500
vt 0.536122 0.823366
vt 0.533728 0.823366
vt 0.538073 0.806500
vt 0.574318 0.851877
vt 0.572832 0.833776
vt 0.575124 0.834529
vt 0.575557 0.852285
vt 0.632583 0.844857
vt 0.630184 0.844972
vt 0.629969 0.838746
vt 0.632369 0.838631
vt 0.189804 0.729658
vt 0.189992 0.712793
vt 0.191814 0.705703
vt 0.196619 0.700513
vt 0.203119 0.698614
vt 0.208809 0.698614
vt 0.215263 0.700513
vt 0.219941 0.705703
vt 0.221590 0.712793
vt 0.221433 0.729658
vt 0.221661 0.830464
vt 0.216693 0.820199
vt 0.219031 0.819682
vt 0.222948 0.830633
vt 0.726063 0.429718
vt 0.725602 0.446741
vt 0.721382 0.451270
vt 0.716537 0.456471
vt 0.712365 0.460949
vt 0.706724 0.460903
vt 0.702758 0.456316
vt 0.698197 0.451040
vt 0.694263 0.446490
vt 0.694840 0.429365
vt 0.764074 0.450879
vt 0.766448 0.451054
vt 0.766081 0.457270
vt 0.763707 0.457095
vt 0.726063 0.398714
vt 0.694840 0.398361
vt 0.532503 0.751501
vt 0.534897 0.751501
vt 0.531883 0.746311
vt 0.534277 0.746311
vt 0.630833 0.852013
vt 0.633232 0.851898
vt 0.584858 0.851531
vt 0.582566 0.852285
vt 0.633232 0.826212
vt 0.632447 0.831508
vt 0.630048 0.831623
vt 0.630833 0.826328
vt 0.534897 0.830455
vt 0.532503 0.830455
vt 0.534277 0.835645
vt 0.531883 0.835645
vt 0.767499 0.444075
vt 0.765125 0.443900
vt 0.573264 0.826514
vt 0.575557 0.827268
vt 0.765125 0.469677
vt 0.763841 0.464255
vt 0.766216 0.464430
vt 0.767499 0.469852
vt 0.725602 0.382049
vt 0.694263 0.381798
vt 0.698197 0.377407
vt 0.702758 0.372316
vt 0.706724 0.367890
vt 0.712365 0.367937
vt 0.716537 0.372385
vt 0.721382 0.377550
vt 0.588396 0.795491
vt 0.588369 0.805080
vt 0.586077 0.805864
vt 0.586057 0.794898
vt 0.230170 0.729658
vt 0.230170 0.745180
vt 0.230170 0.760702
vt 0.629969 0.787984
vt 0.637330 0.787984
vt 0.637330 0.803506
vt 0.637330 0.819028
vt 0.629969 0.819028
vt 0.592705 0.784663
vt 0.591403 0.784790
vt 0.590643 0.811342
vt 0.588351 0.812126
vt 0.583494 0.864159
vt 0.583691 0.866336
vt 0.582917 0.866198
vt 0.582728 0.864159
vt 0.217070 0.809251
vt 0.219316 0.810107
vt 0.583691 0.861983
vt 0.582917 0.862121
vt 0.219529 0.803072
vt 0.221775 0.803929
vt 0.244823 0.729658
vt 0.248770 0.730817
vt 0.243726 0.737969
vt 0.774181 0.465526
vt 0.774129 0.458658
vt 0.776525 0.458637
vt 0.776577 0.465504
vt 0.776682 0.469830
vt 0.774286 0.469852
vt 0.590413 0.819330
vt 0.589538 0.816269
vt 0.591830 0.815485
vt 0.592705 0.818545
vt 0.220702 0.798931
vt 0.222948 0.799788
vt 0.776682 0.444272
vt 0.776511 0.447442
vt 0.774115 0.447463
vt 0.774286 0.444294
vt 0.776472 0.451769
vt 0.774076 0.451791
vt 0.580755 0.777343
vt 0.576793 0.776186
vt 0.586696 0.766920
vt 0.572832 0.761843
vt 0.572832 0.754984
vt 0.577132 0.757018
vt 0.575296 0.761838
vt 0.237579 0.745180
vt 0.238733 0.748210
vt 0.238733 0.760702
vt 0.252718 0.738312
vt 0.252718 0.745180
vt 0.250314 0.745180
vt 0.248383 0.740079
vt 0.580755 0.746339
vt 0.586903 0.746311
vt 0.586903 0.757245
vt 0.586696 0.756705
vt 0.238733 0.729658
vt 0.239609 0.739835
vt 0.244823 0.760702
vt 0.239609 0.750525
vt 0.243727 0.752392
vt 0.248770 0.759543
vt 0.251660 0.733985
vt 0.535113 0.859684
vt 0.534945 0.864103
vt 0.534165 0.864103
vt 0.534333 0.859684
vt 0.003866 0.868883
vt 0.003865 0.864465
vt 0.004641 0.864550
vt 0.004642 0.868969
vt 0.251660 0.756375
vt 0.248383 0.750281
vt 0.238733 0.742150
vt 0.573893 0.773023
vt 0.582239 0.768937
vt 0.252718 0.752047
vt 0.576793 0.747498
vt 0.596504 0.777478
vt 0.586903 0.777316
vt 0.586903 0.766383
vt 0.588608 0.761842
vt 0.596504 0.761976
vt 0.596504 0.746474
vt 0.535113 0.868523
vt 0.534333 0.868523
vt 0.573893 0.750662
vt 0.582239 0.754711
vt 0.583606 0.868579
vt 0.582826 0.868579
vt 0.630798 0.868429
vt 0.630564 0.863989
vt 0.631333 0.863903
vt 0.631566 0.868344
vt 0.572832 0.768701
vt 0.577132 0.766649
vt 0.630788 0.859547
vt 0.631557 0.859461
vt 0.003869 0.860001
vt 0.004645 0.860087
vt 0.583606 0.859740
vt 0.582826 0.859740
vt 0.575987 0.761849
vt 0.577715 0.766377
vt 0.535493 0.864103
vt 0.535666 0.859566
vt 0.632101 0.859198
vt 0.631870 0.863839
vt 0.247950 0.749799
vt 0.243731 0.751711
vt 0.629969 0.864116
vt 0.630204 0.859340
vt 0.582084 0.768334
vt 0.003291 0.869093
vt 0.003297 0.864341
vt 0.577715 0.757315
vt 0.582084 0.755340
vt 0.247950 0.740561
vt 0.243731 0.738649
vt 0.005216 0.869234
vt 0.005219 0.864617
vt 0.535666 0.868641
vt 0.249699 0.745180
vt 0.533562 0.864103
vt 0.533737 0.868722
vt 0.533737 0.859484
vt 0.239669 0.740490
vt 0.005219 0.860128
vt 0.003288 0.859751
vt 0.586262 0.757211
vt 0.238753 0.742911
vt 0.582251 0.859469
vt 0.582343 0.861891
vt 0.584206 0.859536
vt 0.584264 0.861221
vt 0.586904 0.758892
vt 0.587999 0.761845
vt 0.583999 0.864159
vt 0.582134 0.864159
vt 0.237889 0.745180
vt 0.582251 0.868850
vt 0.582343 0.866428
vt 0.239669 0.749870
vt 0.238753 0.747449
vt 0.584264 0.867098
vt 0.586904 0.764762
vt 0.586262 0.766444
vt 0.584206 0.868782
vt 0.632101 0.868306
vt 0.630198 0.868683
vt 0.639809 0.833474
vt 0.642101 0.834228
vt 0.642534 0.851983
vt 0.641295 0.851576
vt 0.521067 0.758591
vt 0.523461 0.758591
vt 0.519116 0.775456
vt 0.517822 0.775456
vt 0.253150 0.677401
vt 0.251388 0.684407
vt 0.246620 0.689539
vt 0.240125 0.691422
vt 0.234422 0.691429
vt 0.227940 0.689559
vt 0.223207 0.684436
vt 0.221491 0.677433
vt 0.221363 0.660933
vt 0.253137 0.660798
vt 0.517822 0.806500
vt 0.519116 0.806500
vt 0.523461 0.823366
vt 0.521067 0.823366
vt 0.247607 0.799336
vt 0.248846 0.798931
vt 0.248384 0.816685
vt 0.246090 0.817434
vt 0.262341 0.822602
vt 0.262126 0.828828
vt 0.259727 0.828713
vt 0.259941 0.822487
vt 0.253137 0.629794
vt 0.221363 0.629929
vt 0.221491 0.612741
vt 0.223207 0.605583
vt 0.227940 0.600340
vt 0.234422 0.598417
vt 0.240125 0.598409
vt 0.246620 0.600320
vt 0.251388 0.605555
vt 0.253150 0.612709
vt 0.635573 0.746411
vt 0.636865 0.746311
vt 0.632429 0.757046
vt 0.630120 0.756404
vt 0.757130 0.298617
vt 0.725646 0.298617
vt 0.725303 0.281752
vt 0.729299 0.277275
vt 0.733932 0.272085
vt 0.737960 0.267573
vt 0.743634 0.267573
vt 0.747789 0.272042
vt 0.752614 0.277231
vt 0.756817 0.281752
vt 0.246090 0.850616
vt 0.246115 0.844385
vt 0.248494 0.844379
vt 0.248469 0.850610
vt 0.757130 0.329661
vt 0.725646 0.329661
vt 0.522292 0.751501
vt 0.524686 0.751501
vt 0.522912 0.746311
vt 0.525306 0.746311
vt 0.260590 0.815445
vt 0.262989 0.815561
vt 0.640241 0.826212
vt 0.642534 0.826966
vt 0.262989 0.841247
vt 0.260590 0.841131
vt 0.259805 0.835836
vt 0.262205 0.835951
vt 0.524686 0.830455
vt 0.522292 0.830455
vt 0.525306 0.835645
vt 0.522912 0.835645
vt 0.248607 0.857694
vt 0.246228 0.857700
vt 0.248804 0.823948
vt 0.246510 0.824697
vt 0.248846 0.829351
vt 0.246553 0.830100
vt 0.246228 0.837290
vt 0.248607 0.837284
vt 0.756817 0.346527
vt 0.743634 0.360706
vt 0.737960 0.360706
vt 0.733932 0.356193
vt 0.729299 0.351003
vt 0.725303 0.346527
vt 0.575171 0.808501
vt 0.572832 0.809094
vt 0.572852 0.798128
vt 0.575144 0.798912
vt 0.212342 0.661263
vt 0.212342 0.645761
vt 0.212342 0.630259
vt 0.718021 0.329661
vt 0.718021 0.314139
vt 0.718021 0.298617
vt 0.579480 0.819330
vt 0.578177 0.819202
vt 0.575126 0.791866
vt 0.577418 0.792650
vt 0.574193 0.864159
vt 0.573427 0.864159
vt 0.573615 0.862121
vt 0.574389 0.861983
vt 0.632252 0.766632
vt 0.629969 0.767367
vt 0.574389 0.866336
vt 0.573615 0.866198
vt 0.634408 0.772940
vt 0.632125 0.773676
vt 0.197660 0.630275
vt 0.198739 0.638599
vt 0.193732 0.631405
vt 0.591435 0.830841
vt 0.593831 0.830841
vt 0.593831 0.837709
vt 0.591435 0.837709
vt 0.591507 0.826514
vt 0.593903 0.826514
vt 0.577188 0.784663
vt 0.579480 0.785447
vt 0.578605 0.788507
vt 0.576313 0.787723
vt 0.635660 0.777075
vt 0.633378 0.777810
vt 0.636865 0.780064
vt 0.634583 0.780799
vt 0.593903 0.848904
vt 0.591507 0.848904
vt 0.591435 0.844576
vt 0.593831 0.844576
vt 0.702176 0.298617
vt 0.708088 0.309025
vt 0.698219 0.299777
vt 0.694263 0.314139
vt 0.696720 0.314139
vt 0.698551 0.318961
vt 0.694263 0.321007
vt 0.204863 0.645835
vt 0.203699 0.661349
vt 0.203699 0.648872
vt 0.189804 0.638862
vt 0.194111 0.640665
vt 0.192193 0.645742
vt 0.189804 0.645720
vt 0.702176 0.329661
vt 0.708088 0.319254
vt 0.708295 0.318714
vt 0.708295 0.329661
vt 0.203699 0.630345
vt 0.202829 0.640501
vt 0.197660 0.661279
vt 0.198738 0.653003
vt 0.202829 0.651177
vt 0.193732 0.660093
vt 0.190857 0.634548
vt 0.724416 0.477172
vt 0.723636 0.477172
vt 0.723468 0.472753
vt 0.724248 0.472753
vt 0.012373 0.860101
vt 0.013149 0.860015
vt 0.013148 0.864434
vt 0.012372 0.864519
vt 0.190857 0.656908
vt 0.194111 0.650854
vt 0.203699 0.642821
vt 0.703645 0.307017
vt 0.695323 0.302944
vt 0.189804 0.652579
vt 0.698219 0.328502
vt 0.710022 0.314139
vt 0.708295 0.309564
vt 0.708295 0.298617
vt 0.723636 0.468334
vt 0.724416 0.468334
vt 0.703645 0.321261
vt 0.695323 0.325334
vt 0.573524 0.859740
vt 0.574304 0.859740
vt 0.535165 0.852055
vt 0.534396 0.851974
vt 0.534169 0.847485
vt 0.534938 0.847566
vt 0.698551 0.309318
vt 0.694263 0.307272
vt 0.534392 0.843094
vt 0.535161 0.843175
vt 0.013152 0.868897
vt 0.012376 0.868983
vt 0.574304 0.868579
vt 0.573524 0.868579
vt 0.699143 0.309602
vt 0.697420 0.314139
vt 0.724796 0.472753
vt 0.724968 0.477290
vt 0.533562 0.847417
vt 0.533797 0.842829
vt 0.194530 0.650390
vt 0.198723 0.652338
vt 0.535715 0.842962
vt 0.535470 0.847683
vt 0.703500 0.307634
vt 0.011804 0.864643
vt 0.011798 0.859892
vt 0.699143 0.318676
vt 0.703500 0.320644
vt 0.198723 0.639292
vt 0.194530 0.641164
vt 0.013724 0.859751
vt 0.013726 0.864367
vt 0.724968 0.468216
vt 0.192793 0.645761
vt 0.722865 0.472753
vt 0.723040 0.468134
vt 0.723040 0.477372
vt 0.202758 0.641167
vt 0.013726 0.868857
vt 0.011796 0.869233
vt 0.707667 0.318762
vt 0.203668 0.643594
vt 0.572950 0.868850
vt 0.573042 0.866428
vt 0.574963 0.867098
vt 0.574904 0.868782
vt 0.708307 0.317078
vt 0.709417 0.314139
vt 0.574697 0.864159
vt 0.572832 0.864159
vt 0.204540 0.645851
vt 0.573042 0.861891
vt 0.572950 0.859469
vt 0.202758 0.650536
vt 0.203668 0.648126
vt 0.574963 0.861221
vt 0.708307 0.311200
vt 0.707667 0.309517
vt 0.574904 0.859537
vt 0.533794 0.851932
vt 0.535715 0.852300
vt 0.746373 0.385258
vt 0.749806 0.384038
vt 0.749806 0.400077
vt 0.746373 0.400350
vt 0.484124 0.840082
vt 0.480754 0.841624
vt 0.481007 0.825968
vt 0.484357 0.825509
vt 0.989946 0.313559
vt 0.986839 0.315114
vt 0.975365 0.306117
vt 0.975952 0.302425
vt 0.983697 0.316669
vt 0.974743 0.309809
vt 0.507812 0.747714
vt 0.511245 0.746311
vt 0.511245 0.756206
vt 0.507812 0.756454
vt 0.954226 0.428645
vt 0.957331 0.430403
vt 0.943337 0.441405
vt 0.942752 0.437535
vt 0.477268 0.840266
vt 0.477500 0.825693
vt 0.504378 0.746311
vt 0.504378 0.756206
vt 0.951082 0.427309
vt 0.942127 0.434087
vt 0.962398 0.415161
vt 0.959088 0.414035
vt 0.960685 0.407180
vt 0.964096 0.407563
vt 0.993299 0.015931
vt 0.991473 0.005913
vt 0.994657 0.004576
vt 0.996711 0.016099
vt 0.193238 0.814474
vt 0.189804 0.814853
vt 0.189804 0.808679
vt 0.193238 0.808610
vt 0.609948 0.766992
vt 0.606515 0.767372
vt 0.606515 0.759389
vt 0.609948 0.759320
vt 0.955739 0.413332
vt 0.957236 0.407218
vt 0.988354 0.330786
vt 0.991701 0.329870
vt 0.993299 0.336793
vt 0.989852 0.336960
vt 0.995013 0.328954
vt 0.996711 0.336626
vt 0.603081 0.766992
vt 0.603081 0.759320
vt 0.196672 0.814853
vt 0.196672 0.808679
vt 0.991473 0.346811
vt 0.988257 0.345474
vt 0.193238 0.800719
vt 0.196672 0.800165
vt 0.958860 0.397251
vt 0.962041 0.396143
vt 0.713560 0.469236
vt 0.715244 0.471079
vt 0.715244 0.473799
vt 0.713561 0.475804
vt 0.711180 0.475919
vt 0.709496 0.474076
vt 0.709495 0.471356
vt 0.711178 0.469351
vt 0.606515 0.747243
vt 0.609948 0.747797
vt 0.189804 0.800165
vt 0.955641 0.398780
vt 0.603081 0.747797
vt 0.193238 0.828326
vt 0.189804 0.828970
vt 0.196672 0.828970
vt 0.606515 0.783031
vt 0.603081 0.782387
vt 0.609948 0.782387
vt 0.507812 0.799878
vt 0.504378 0.799630
vt 0.883646 0.454275
vt 0.884283 0.457785
vt 0.874301 0.464167
vt 0.872163 0.461527
vt 0.484093 0.763053
vt 0.480745 0.763527
vt 0.480825 0.755262
vt 0.484178 0.754142
vt 0.917498 0.281796
vt 0.916896 0.285558
vt 0.906913 0.279095
vt 0.909011 0.276226
vt 0.916260 0.289313
vt 0.904777 0.281970
vt 0.884884 0.461725
vt 0.876397 0.467225
vt 0.477237 0.763237
vt 0.477322 0.754326
vt 0.935165 0.298035
vt 0.935788 0.294343
vt 0.903175 0.449119
vt 0.902551 0.445671
vt 0.480724 0.783547
vt 0.484074 0.783088
vt 0.936375 0.290651
vt 0.507812 0.820683
vt 0.511245 0.820424
vt 0.511245 0.833088
vt 0.507812 0.834030
vt 0.511245 0.799630
vt 0.903760 0.452989
vt 0.477217 0.783272
vt 0.880043 0.222525
vt 0.876673 0.223203
vt 0.874177 0.176362
vt 0.877593 0.176362
vt 0.873268 0.223880
vt 0.870727 0.176362
vt 0.844062 0.519480
vt 0.847430 0.520369
vt 0.844980 0.566099
vt 0.841566 0.565881
vt 0.562821 0.792227
vt 0.559388 0.792507
vt 0.559388 0.746344
vt 0.562821 0.746311
vt 0.463750 0.793829
vt 0.463750 0.746311
vt 0.467183 0.746344
vt 0.467183 0.794109
vt 0.887622 0.255814
vt 0.885421 0.258774
vt 0.877624 0.243682
vt 0.880979 0.243016
vt 0.840655 0.519013
vt 0.838113 0.566085
vt 0.566255 0.792507
vt 0.566255 0.746344
vt 0.749806 0.419872
vt 0.753240 0.420152
vt 0.753240 0.467670
vt 0.749806 0.467637
vt 0.852807 0.484468
vt 0.855011 0.487193
vt 0.848368 0.499860
vt 0.845011 0.499404
vt 0.566255 0.822832
vt 0.562821 0.821610
vt 0.562821 0.812062
vt 0.566255 0.812333
vt 0.889793 0.252850
vt 0.884295 0.242351
vt 0.753240 0.385258
vt 0.753240 0.400350
vt 0.857179 0.490345
vt 0.851681 0.500736
vt 0.559388 0.822832
vt 0.559388 0.812333
vt 0.739533 0.443265
vt 0.739632 0.456248
vt 0.736132 0.457067
vt 0.736029 0.443386
vt 0.463750 0.828091
vt 0.463750 0.813631
vt 0.467183 0.813904
vt 0.467183 0.829310
vt 0.490934 0.842268
vt 0.490934 0.827166
vt 0.494367 0.827465
vt 0.494367 0.843692
vt 0.989946 0.039166
vt 0.975952 0.050300
vt 0.975365 0.046608
vt 0.986839 0.037611
vt 0.974743 0.042916
vt 0.983697 0.036055
vt 0.736182 0.369325
vt 0.736292 0.378327
vt 0.732938 0.378086
vt 0.732809 0.367890
vt 0.954226 0.703573
vt 0.942752 0.694637
vt 0.943337 0.691191
vt 0.957330 0.702250
vt 0.497801 0.827166
vt 0.497801 0.842268
vt 0.739667 0.368019
vt 0.739796 0.378215
vt 0.951082 0.705319
vt 0.942127 0.698504
vt 0.962398 0.717513
vt 0.964096 0.725117
vt 0.960685 0.725065
vt 0.959088 0.718202
vt 0.206682 0.813427
vt 0.206682 0.819291
vt 0.203248 0.819222
vt 0.203248 0.813048
vt 0.623392 0.762351
vt 0.623392 0.770023
vt 0.619959 0.769954
vt 0.619959 0.761971
vt 0.957236 0.725434
vt 0.955739 0.719314
vt 0.988354 0.021939
vt 0.989852 0.015764
vt 0.991701 0.022855
vt 0.995013 0.023771
vt 0.616525 0.770023
vt 0.616525 0.762351
vt 0.210116 0.813048
vt 0.210116 0.819222
vt 0.988256 0.007250
vt 0.210116 0.827736
vt 0.206682 0.827182
vt 0.962041 0.736529
vt 0.958860 0.734986
vt 0.699278 0.475929
vt 0.696878 0.475874
vt 0.695182 0.473900
vt 0.695182 0.471162
vt 0.696880 0.469265
vt 0.699279 0.469320
vt 0.700976 0.471294
vt 0.700976 0.474032
vt 0.623392 0.781546
vt 0.619959 0.782100
vt 0.203248 0.827736
vt 0.955641 0.733866
vt 0.616525 0.781546
vt 0.203248 0.798931
vt 0.206682 0.799575
vt 0.210116 0.798931
vt 0.616525 0.746956
vt 0.619959 0.746311
vt 0.623392 0.746956
vt 0.732775 0.456118
vt 0.732676 0.443136
vt 0.883646 0.678080
vt 0.872163 0.670782
vt 0.874301 0.667727
vt 0.884283 0.674150
vt 0.490934 0.763657
vt 0.490934 0.754478
vt 0.494367 0.755455
vt 0.494367 0.763970
vt 0.917498 0.070929
vt 0.909011 0.076498
vt 0.906913 0.073629
vt 0.916896 0.067167
vt 0.904777 0.070755
vt 0.916260 0.063412
vt 0.876397 0.665100
vt 0.884884 0.670635
vt 0.497801 0.754478
vt 0.497801 0.763657
vt 0.739523 0.422104
vt 0.736020 0.422215
vt 0.902551 0.686760
vt 0.903175 0.682892
vt 0.490934 0.784130
vt 0.494367 0.784429
vt 0.936375 0.062073
vt 0.935788 0.058381
vt 0.935165 0.054689
vt 0.732665 0.421975
vt 0.903760 0.679447
vt 0.497801 0.784130
vt 0.880043 0.130199
vt 0.876673 0.129522
vt 0.873268 0.128844
vt 0.844062 0.612292
vt 0.847430 0.611839
vt 0.549377 0.793163
vt 0.549377 0.839078
vt 0.545943 0.839046
vt 0.545943 0.792883
vt 0.470617 0.746311
vt 0.470617 0.793829
vt 0.840655 0.613168
vt 0.552811 0.792883
vt 0.552811 0.839046
vt 0.470617 0.813631
vt 0.470617 0.828091
vt 0.852807 0.647136
vt 0.845011 0.632794
vt 0.848368 0.631930
vt 0.855011 0.643997
vt 0.552811 0.763190
vt 0.552811 0.773057
vt 0.549377 0.773328
vt 0.549377 0.764412
vt 0.889793 0.100506
vt 0.884295 0.110373
vt 0.880979 0.109709
vt 0.887622 0.097542
vt 0.877624 0.109043
vt 0.885421 0.094583
vt 0.851681 0.631490
vt 0.857179 0.641276
vt 0.545943 0.773057
vt 0.545943 0.763190
vt 0.994657 0.348149
vt 0.994150 0.349132
vt 0.991266 0.347920
vt 0.714035 0.468134
vt 0.716288 0.470600
vt 0.606515 0.746311
vt 0.609622 0.746814
vt 0.716288 0.474243
vt 0.603407 0.746814
vt 0.714034 0.476928
vt 0.958651 0.396220
vt 0.961535 0.395216
vt 0.710848 0.477082
vt 0.955734 0.397606
vt 0.708595 0.474616
vt 0.193238 0.799433
vt 0.196346 0.798931
vt 0.708595 0.470973
vt 0.190130 0.798931
vt 0.710848 0.468288
vt 0.988350 0.346708
vt 0.702018 0.474518
vt 0.699746 0.477058
vt 0.991266 0.004804
vt 0.994150 0.003592
vt 0.702018 0.470852
vt 0.623066 0.782529
vt 0.619959 0.783031
vt 0.699746 0.468208
vt 0.616851 0.782529
vt 0.696534 0.468134
vt 0.961535 0.737551
vt 0.958651 0.736153
vt 0.694263 0.470673
vt 0.955734 0.735137
vt 0.694264 0.474339
vt 0.209790 0.828970
vt 0.206682 0.828468
vt 0.696535 0.476984
vt 0.203574 0.828970
vt 0.988349 0.006016
vt 0.881284 0.232642
vt 0.877934 0.233315
vt 0.562821 0.802347
vt 0.559388 0.802624
vt 0.566255 0.802624
vt 0.845323 0.509464
vt 0.848671 0.510349
vt 0.841935 0.509001
vt 0.749806 0.409765
vt 0.753240 0.410043
vt 0.746373 0.420152
vt 0.746373 0.410043
vt 0.874548 0.233989
vt 0.881284 0.120082
vt 0.877934 0.119409
vt 0.549377 0.783043
vt 0.545943 0.782766
vt 0.552811 0.782766
vt 0.845323 0.622314
vt 0.848671 0.621865
vt 0.841935 0.623185
vt 0.467183 0.804216
vt 0.470617 0.803938
vt 0.463750 0.803938
vt 0.874548 0.118736
vt 0.746373 0.467670
vt 0.926768 0.286844
vt 0.926176 0.290557
vt 0.480701 0.773312
vt 0.477194 0.773033
vt 0.484050 0.772849
vt 0.893564 0.452851
vt 0.894154 0.456742
vt 0.892936 0.449385
vt 0.507812 0.810446
vt 0.511245 0.810195
vt 0.504378 0.820424
vt 0.504378 0.810195
vt 0.925550 0.294267
vt 0.901427 0.269097
vt 0.899293 0.272015
vt 0.562821 0.837872
vt 0.559388 0.839078
vt 0.477500 0.746496
vt 0.481005 0.747451
vt 0.566255 0.839078
vt 0.484357 0.746311
vt 0.866681 0.471166
vt 0.868813 0.474273
vt 0.864510 0.468481
vt 0.749806 0.367890
vt 0.753240 0.369097
vt 0.511245 0.841564
vt 0.507812 0.842519
vt 0.746373 0.369097
vt 0.504378 0.841564
vt 0.504378 0.833088
vt 0.897123 0.274935
vt 0.926768 0.065880
vt 0.926176 0.062168
vt 0.494367 0.774002
vt 0.497801 0.773699
vt 0.490934 0.773699
vt 0.893564 0.679122
vt 0.894154 0.675656
vt 0.892936 0.683008
vt 0.735994 0.432938
vt 0.732640 0.432695
vt 0.739498 0.432824
vt 0.925550 0.058457
vt 0.901427 0.083628
vt 0.899293 0.080709
vt 0.494367 0.747307
vt 0.497801 0.746311
vt 0.545943 0.746311
vt 0.549377 0.747518
vt 0.490934 0.746311
vt 0.552811 0.746311
vt 0.866681 0.660698
vt 0.868813 0.658022
vt 0.864510 0.663797
vt 0.736294 0.465868
vt 0.732938 0.464907
vt 0.470617 0.844884
vt 0.467183 0.846091
vt 0.739796 0.465037
vt 0.463750 0.844884
vt 0.897123 0.077790
vt 0.366361 0.671466
vt 0.413777 0.671636
vt 0.506084 0.670873
vt 0.552962 0.670230
vt 0.318944 0.671636
vt 0.467299 0.672706
vt 0.278746 0.672119
vt 0.137132 0.785451
vt 0.180607 0.785851
vt 0.634125 0.190650
vt 0.674323 0.191010
vt 0.088874 0.785311
vt 0.539292 0.190650
vt 0.586709 0.190523
vt 0.043179 0.785451
vt 0.499095 0.191010
vt 0.007004 0.785851
vt 0.600795 0.670873
vt 0.642302 0.672707
vt 0.453975 0.672119
vt 0.366361 0.662420
vt 0.413711 0.662589
vt 0.506185 0.661852
vt 0.552997 0.661209
vt 0.319010 0.662589
vt 0.467453 0.663682
vt 0.278868 0.663072
vt 0.137104 0.776404
vt 0.180518 0.776803
vt 0.634059 0.181602
vt 0.674201 0.181962
vt 0.088913 0.776264
vt 0.539358 0.181602
vt 0.586709 0.181476
vt 0.043282 0.776404
vt 0.499217 0.181962
vt 0.007157 0.776803
vt 0.600764 0.661852
vt 0.642213 0.663682
vt 0.453853 0.663072
vt 0.366361 0.652594
vt 0.413346 0.652762
vt 0.506623 0.652087
vt 0.553074 0.651449
vt 0.319376 0.652762
vt 0.468190 0.653903
vt 0.279544 0.653241
vt 0.136879 0.766573
vt 0.179958 0.766970
vt 0.633694 0.171770
vt 0.673526 0.172127
vt 0.089059 0.766434
vt 0.539724 0.171770
vt 0.586709 0.171645
vt 0.043780 0.766573
vt 0.499892 0.172127
vt 0.007934 0.766970
vt 0.600472 0.652087
vt 0.641601 0.653903
vt 0.453178 0.653241
vt 0.731535 0.269472
vt 0.754955 0.274662
vt 0.750130 0.269472
vt 0.726903 0.274662
vt 0.726903 0.353616
vt 0.754955 0.353616
vt 0.750130 0.358806
vt 0.731536 0.358806
vt 0.700352 0.369716
vt 0.718842 0.369865
vt 0.695791 0.453659
vt 0.718842 0.459083
vt 0.723687 0.453882
vt 0.700352 0.458934
vt 0.695791 0.374807
vt 0.723687 0.375030
vn 0.3754 -0.1938 -0.9064
vn 0.3754 0.1938 -0.9064
vn 0.6937 0.1938 -0.6937
vn 0.6937 -0.1938 -0.6937
vn 0.1518 0.9767 -0.1518
vn 0.0821 0.9767 -0.1983
vn 0.0000 1.0000 0.0000
vn 0.1983 0.9767 -0.0821
vn 0.2146 0.9767 -0.0000
vn 0.1983 0.9767 0.0821
vn 0.1518 0.9767 0.1518
vn 0.0821 0.9767 0.1983
vn 0.0000 0.9767 0.2146
vn -0.0821 0.9767 0.1983
vn -0.1518 0.9767 0.1518
vn -0.1983 0.9767 0.0821
vn -0.2146 0.9767 0.0000
vn -0.1983 0.9767 -0.0821
vn -0.1518 0.9767 -0.1518
vn 0.9810 -0.1938 -0.0000
vn 0.9810 0.1938 0.0000
vn 0.9064 0.1938 0.3754
vn 0.9064 -0.1938 0.3754
vn -0.0821 0.9767 -0.1983
vn 0.0000 0.9767 -0.2146
vn -0.3754 -0.1938 -0.9064
vn -0.3754 0.1938 -0.9064
vn 0.0000 0.1938 -0.9810
vn 0.0000 -0.1938 -0.9810
vn -0.9310 -0.3649 0.0000
vn -0.8602 -0.3649 0.3563
vn -0.9205 -0.0852 0.3813
vn -0.9964 -0.0852 0.0000
vn -0.3754 -0.1938 0.9064
vn -0.3754 0.1938 0.9064
vn -0.6937 0.1938 0.6937
vn -0.6937 -0.1938 0.6937
vn 0.0000 -0.9767 -0.2146
vn 0.0821 -0.9767 -0.1983
vn 0.1518 -0.9767 -0.1518
vn 0.1983 -0.9767 -0.0821
vn 0.2146 -0.9767 0.0000
vn 0.1983 -0.9767 0.0821
vn 0.1518 -0.9767 0.1518
vn 0.0821 -0.9767 0.1983
vn 0.0000 -0.9767 0.2146
vn -0.0821 -0.9767 0.1983
vn -0.1518 -0.9767 0.1518
vn -0.1983 -0.9767 0.0821
vn -0.2146 -0.9767 0.0000
vn -0.1983 -0.9767 -0.0821
vn -0.1518 -0.9767 -0.1518
vn -0.0821 -0.9767 -0.1983
vn -0.6937 -0.1938 -0.6937
vn -0.6937 0.1938 -0.6937
vn 0.3754 -0.1938 0.9064
vn 0.3754 0.1938 0.9064
vn 0.0000 0.1938 0.9810
vn 0.0000 -0.1938 0.9810
vn -0.9810 -0.1938 -0.0000
vn -0.9810 0.1938 -0.0000
vn -0.9064 0.1938 -0.3754
vn -0.9064 -0.1938 -0.3754
vn 0.9064 0.1938 -0.3754
vn 0.9064 -0.1938 -0.3754
vn 0.6937 0.1938 0.6937
vn 0.6937 -0.1938 0.6937
vn -0.9064 0.1938 0.3754
vn -0.9064 -0.1938 0.3754
vn 0.8602 -0.3649 0.3563
vn 0.9310 -0.3649 0.0000
vn 0.9964 -0.0852 0.0000
vn 0.9205 -0.0852 0.3813
vn -0.8602 -0.3649 -0.3563
vn -0.9205 -0.0852 -0.3813
vn 0.6583 -0.3649 0.6583
vn 0.7045 -0.0852 0.7045
vn -0.6583 -0.3649 -0.6583
vn -0.7045 -0.0852 -0.7045
vn 0.3563 -0.3649 0.8602
vn 0.3813 -0.0852 0.9205
vn -0.3563 -0.3649 -0.8602
vn -0.3813 -0.0852 -0.9205
vn 0.0000 -0.3649 0.9310
vn 0.0000 -0.0852 0.9964
vn 0.3563 -0.3649 -0.8602
vn -0.0000 -0.3649 -0.9310
vn 0.0000 -0.0852 -0.9964
vn 0.3813 -0.0852 -0.9205
vn -0.3563 -0.3649 0.8602
vn -0.3813 -0.0852 0.9205
vn 0.6583 -0.3649 -0.6583
vn 0.7045 -0.0852 -0.7045
vn -0.6583 -0.3649 0.6583
vn -0.7045 -0.0852 0.7045
vn 0.8602 -0.3649 -0.3563
vn 0.9205 -0.0852 -0.3813
vn -0.0000 0.9879 0.1551
vn -0.0593 0.9879 0.1433
vn 0.0000 -1.0000 0.0000
vn -0.1517 -0.9767 -0.1517
vn -0.1433 0.9879 -0.0593
vn -0.1096 0.9879 -0.1096
vn -0.1517 -0.9767 0.1517
vn 0.1517 -0.9767 0.1517
vn 0.8687 0.4954 -0.0000
vn 0.8025 0.4954 0.3324
vn 0.8789 0.3082 0.3640
vn 0.9513 0.3082 -0.0000
vn 0.1433 0.9879 0.0593
vn 0.1096 0.9879 0.1096
vn -0.0593 0.9879 -0.1433
vn 0.0593 0.9879 0.1433
vn -0.0000 0.9879 -0.1551
vn -0.3107 -0.5838 0.7501
vn -0.0000 -0.5838 0.8119
vn -0.0000 -0.6298 0.7767
vn -0.2972 -0.6298 0.7176
vn 0.0593 0.9879 -0.1432
vn -0.1096 0.9879 0.1096
vn -0.1432 0.9879 0.0593
vn 0.1096 0.9879 -0.1096
vn 0.1433 0.9879 -0.0593
vn -0.1551 0.9879 -0.0000
vn 0.1551 0.9879 0.0000
vn -0.7501 -0.5838 -0.3107
vn -0.8119 -0.5838 -0.0000
vn -0.7767 -0.6298 -0.0000
vn -0.7176 -0.6298 -0.2972
vn 0.8025 0.4954 -0.3324
vn 0.8789 0.3082 -0.3640
vn -0.7501 -0.5838 0.3107
vn -0.7176 -0.6298 0.2972
vn 0.6142 0.4954 -0.6142
vn 0.6727 0.3082 -0.6727
vn -0.5741 -0.5838 0.5741
vn -0.5492 -0.6298 0.5492
vn 0.3107 -0.5838 0.7501
vn 0.2972 -0.6298 0.7176
vn 0.3324 0.4954 -0.8025
vn 0.3640 0.3082 -0.8789
vn -0.0000 0.4954 -0.8687
vn -0.0000 0.3082 -0.9513
vn 0.5741 -0.5838 0.5741
vn 0.5492 -0.6298 0.5492
vn -0.3324 0.4954 -0.8025
vn -0.3640 0.3082 -0.8789
vn 0.7501 -0.5838 0.3107
vn 0.7176 -0.6298 0.2972
vn -0.6142 0.4954 -0.6142
vn -0.6727 0.3082 -0.6727
vn 0.8119 -0.5838 -0.0000
vn 0.7767 -0.6298 -0.0000
vn 0.8731 -0.4875 0.0000
vn 0.8067 -0.4875 -0.3341
vn 0.8606 -0.3637 -0.3565
vn 0.9315 -0.3637 -0.0000
vn -0.8067 -0.4875 0.3341
vn -0.6174 -0.4875 0.6174
vn -0.6587 -0.3637 0.6587
vn -0.8606 -0.3637 0.3565
vn 0.6174 -0.4875 -0.6174
vn 0.6587 -0.3637 -0.6587
vn -0.3341 -0.4875 0.8067
vn -0.3565 -0.3637 0.8606
vn -0.6768 0.2896 0.6768
vn -0.3663 0.2896 0.8843
vn -0.3479 0.4167 0.8399
vn -0.6428 0.4167 0.6428
vn 0.0000 -0.4875 0.8731
vn 0.0000 -0.3637 0.9315
vn -0.0000 -0.4875 -0.8731
vn -0.3341 -0.4875 -0.8067
vn -0.3565 -0.3637 -0.8606
vn -0.0000 -0.3637 -0.9315
vn 0.3341 -0.4875 -0.8067
vn 0.3565 -0.3637 -0.8606
vn 0.3341 -0.4875 0.8067
vn 0.3565 -0.3637 0.8606
vn -0.6174 -0.4875 -0.6174
vn -0.6587 -0.3637 -0.6587
vn 0.6174 -0.4875 0.6174
vn 0.6587 -0.3637 0.6587
vn -0.8067 -0.4875 -0.3341
vn -0.8606 -0.3637 -0.3565
vn -0.6768 0.2896 -0.6768
vn -0.8843 0.2896 -0.3663
vn -0.8399 0.4167 -0.3479
vn -0.6428 0.4167 -0.6428
vn 0.8843 0.2896 0.3663
vn 0.9571 0.2896 -0.0000
vn 0.9091 0.4167 -0.0000
vn 0.8399 0.4167 0.3479
vn 0.8067 -0.4875 0.3341
vn 0.8606 -0.3637 0.3565
vn -0.8731 -0.4875 -0.0000
vn -0.9315 -0.3637 0.0000
vn -0.9571 0.2896 0.0000
vn -0.9091 0.4167 0.0000
vn 0.6768 0.2896 0.6768
vn 0.6428 0.4167 0.6428
vn 0.3663 0.2896 0.8843
vn 0.3479 0.4167 0.8399
vn -0.3663 0.2896 -0.8843
vn -0.3479 0.4167 -0.8399
vn -0.0000 0.2896 0.9571
vn -0.0000 0.4167 0.9091
vn 0.0000 0.2896 -0.9571
vn 0.0000 0.4167 -0.9091
vn 0.6768 0.2896 -0.6768
vn 0.3663 0.2896 -0.8843
vn 0.3479 0.4167 -0.8399
vn 0.6428 0.4167 -0.6428
vn 0.8843 0.2896 -0.3663
vn 0.8399 0.4167 -0.3479
vn -0.8843 0.2896 0.3663
vn -0.8399 0.4167 0.3479
vn -0.9335 0.3585 0.0000
vn -0.8625 0.3585 0.3572
vn -0.8049 0.4909 0.3334
vn -0.8712 0.4909 0.0000
vn 0.8776 -0.4794 -0.0000
vn 0.8108 -0.4794 -0.3358
vn 0.8667 -0.3463 -0.3590
vn 0.9381 -0.3463 -0.0000
vn -0.8108 -0.4794 0.3358
vn -0.6206 -0.4794 0.6206
vn -0.6634 -0.3463 0.6634
vn -0.8667 -0.3463 0.3590
vn 0.6206 -0.4794 -0.6206
vn 0.6634 -0.3463 -0.6634
vn -0.3358 -0.4794 0.8108
vn -0.3590 -0.3463 0.8667
vn -0.6601 0.3585 0.6601
vn -0.3572 0.3585 0.8625
vn -0.3334 0.4909 0.8049
vn -0.6160 0.4909 0.6160
vn -0.0000 -0.4794 0.8776
vn 0.0000 -0.3463 0.9381
vn -0.0000 -0.4794 -0.8776
vn -0.3358 -0.4794 -0.8108
vn -0.3590 -0.3463 -0.8667
vn -0.0000 -0.3463 -0.9381
vn 0.3358 -0.4794 -0.8108
vn 0.3590 -0.3463 -0.8667
vn 0.3358 -0.4794 0.8108
vn 0.3590 -0.3463 0.8667
vn -0.6206 -0.4794 -0.6206
vn -0.6634 -0.3463 -0.6634
vn 0.6206 -0.4794 0.6206
vn 0.6634 -0.3463 0.6634
vn -0.8108 -0.4794 -0.3358
vn -0.8667 -0.3463 -0.3590
vn -0.6601 0.3585 -0.6601
vn -0.8625 0.3585 -0.3572
vn -0.8049 0.4909 -0.3334
vn -0.6160 0.4909 -0.6160
vn 0.8625 0.3585 0.3572
vn 0.9335 0.3585 0.0000
vn 0.8712 0.4909 0.0000
vn 0.8049 0.4909 0.3334
vn 0.8108 -0.4794 0.3358
vn 0.8667 -0.3463 0.3590
vn -0.8776 -0.4794 0.0000
vn -0.9381 -0.3463 -0.0000
vn 0.6601 0.3585 0.6601
vn 0.6160 0.4909 0.6160
vn 0.3572 0.3585 0.8625
vn 0.3334 0.4909 0.8049
vn -0.3572 0.3585 -0.8625
vn -0.3334 0.4909 -0.8049
vn -0.0000 0.3585 0.9335
vn -0.0000 0.4909 0.8712
vn -0.0000 0.3585 -0.9335
vn -0.0000 0.4909 -0.8712
vn 0.6601 0.3585 -0.6601
vn 0.3572 0.3585 -0.8625
vn 0.3334 0.4909 -0.8049
vn 0.6160 0.4909 -0.6160
vn 0.8625 0.3585 -0.3572
vn 0.8049 0.4909 -0.3334
vn -0.9561 0.2930 -0.0000
vn -0.8833 0.2930 0.3659
vn -0.8308 0.4375 0.3441
vn -0.8992 0.4375 0.0000
vn 0.8028 -0.5962 -0.0000
vn 0.7417 -0.5962 -0.3072
vn 0.8190 -0.4627 -0.3393
vn 0.8865 -0.4627 0.0000
vn -0.7417 -0.5962 0.3072
vn -0.5677 -0.5962 0.5677
vn -0.6269 -0.4627 0.6269
vn -0.8190 -0.4627 0.3393
vn 0.5677 -0.5962 -0.5677
vn 0.6269 -0.4627 -0.6269
vn -0.3072 -0.5962 0.7417
vn -0.3393 -0.4627 0.8190
vn -0.6761 0.2930 0.6761
vn -0.3659 0.2930 0.8833
vn -0.3441 0.4375 0.8308
vn -0.6358 0.4375 0.6358
vn 0.0000 -0.5962 0.8028
vn 0.0000 -0.4627 0.8865
vn 0.0000 -0.5962 -0.8028
vn -0.3072 -0.5962 -0.7417
vn -0.3393 -0.4627 -0.8190
vn 0.0000 -0.4627 -0.8865
vn 0.3072 -0.5962 -0.7417
vn 0.3393 -0.4627 -0.8190
vn 0.3072 -0.5962 0.7417
vn 0.3393 -0.4627 0.8190
vn -0.5677 -0.5962 -0.5677
vn -0.6269 -0.4627 -0.6269
vn 0.5677 -0.5962 0.5677
vn 0.6269 -0.4627 0.6269
vn -0.7417 -0.5962 -0.3072
vn -0.8190 -0.4627 -0.3393
vn -0.6761 0.2930 -0.6761
vn -0.8833 0.2930 -0.3659
vn -0.8308 0.4375 -0.3441
vn -0.6358 0.4375 -0.6358
vn 0.8833 0.2930 0.3659
vn 0.9561 0.2930 0.0000
vn 0.8992 0.4375 -0.0000
vn 0.8308 0.4375 0.3441
vn 0.7417 -0.5962 0.3072
vn 0.8190 -0.4627 0.3393
vn -0.8028 -0.5962 0.0000
vn -0.8865 -0.4627 0.0000
vn 0.6761 0.2930 0.6761
vn 0.6358 0.4375 0.6358
vn 0.3659 0.2930 0.8833
vn 0.3441 0.4375 0.8308
vn -0.3659 0.2930 -0.8833
vn -0.3441 0.4375 -0.8308
vn 0.0000 0.2930 0.9561
vn 0.0000 0.4375 0.8992
vn 0.0000 0.2930 -0.9561
vn 0.0000 0.4375 -0.8992
vn 0.6761 0.2930 -0.6761
vn 0.3659 0.2930 -0.8833
vn 0.3441 0.4375 -0.8308
vn 0.6358 0.4375 -0.6358
vn 0.8833 0.2930 -0.3659
vn 0.8308 0.4375 -0.3441
vn 0.9973 0.0738 0.0000
vn 0.9214 0.0738 -0.3816
vn 0.8952 0.2474 -0.3708
vn 0.9689 0.2474 0.0000
vn -0.9214 0.0738 0.3816
vn -0.7052 0.0738 0.7052
vn -0.6851 0.2474 0.6851
vn -0.8952 0.2474 0.3708
vn 0.7052 0.0738 -0.7052
vn 0.6851 0.2474 -0.6851
vn -0.3816 0.0738 0.9214
vn -0.3708 0.2474 0.8952
vn 0.3816 0.0738 -0.9214
vn 0.3708 0.2474 -0.8952
vn -0.0000 0.0738 0.9973
vn 0.0000 0.2474 0.9689
vn 0.0000 0.0738 -0.9973
vn -0.3816 0.0738 -0.9214
vn -0.3708 0.2474 -0.8952
vn 0.0000 0.2474 -0.9689
vn 0.3816 0.0738 0.9214
vn 0.3708 0.2474 0.8952
vn -0.7052 0.0738 -0.7052
vn -0.6851 0.2474 -0.6851
vn 0.7052 0.0738 0.7052
vn 0.6851 0.2474 0.6851
vn -0.9214 0.0738 -0.3816
vn -0.8952 0.2474 -0.3708
vn 0.9214 0.0738 0.3816
vn 0.8951 0.2474 0.3708
vn -0.9973 0.0738 -0.0000
vn -0.9689 0.2474 -0.0000
vn 0.7017 0.1230 -0.7017
vn 0.3798 0.1230 -0.9169
vn -0.9169 0.1230 0.3798
vn -0.7017 0.1230 0.7017
vn -0.6727 0.3082 0.6727
vn -0.8789 0.3082 0.3640
vn 0.9169 0.1230 -0.3798
vn -0.9924 0.1230 0.0000
vn -0.9513 0.3082 -0.0000
vn 0.9924 0.1230 -0.0000
vn -0.9169 0.1230 -0.3798
vn -0.8789 0.3082 -0.3640
vn 0.9169 0.1230 0.3798
vn -0.7017 0.1230 -0.7017
vn 0.7017 0.1230 0.7017
vn 0.6727 0.3082 0.6727
vn -0.3798 0.1230 -0.9169
vn 0.3798 0.1230 0.9169
vn 0.3640 0.3082 0.8789
vn -0.0000 0.1230 -0.9924
vn -0.3798 0.1230 0.9169
vn -0.0000 0.1230 0.9924
vn -0.0000 0.3082 0.9513
vn -0.3640 0.3082 0.8789
vn -0.5741 -0.5838 -0.5741
vn -0.5492 -0.6298 -0.5492
vn 0.6142 0.4954 0.6142
vn -0.3107 -0.5838 -0.7501
vn -0.2972 -0.6298 -0.7176
vn -0.0000 0.4954 0.8687
vn -0.3324 0.4954 0.8025
vn 0.3324 0.4954 0.8025
vn -0.0000 -0.5838 -0.8119
vn -0.0000 -0.6298 -0.7767
vn -0.6142 0.4954 0.6142
vn 0.3107 -0.5838 -0.7501
vn 0.2972 -0.6298 -0.7176
vn -0.8025 0.4954 0.3324
vn 0.5741 -0.5838 -0.5741
vn 0.5492 -0.6298 -0.5492
vn -0.8687 0.4954 0.0000
vn 0.7501 -0.5838 -0.3107
vn 0.7176 -0.6298 -0.2972
vn -0.8025 0.4954 -0.3324
vn -0.0000 -0.9265 -0.3764
vn 0.1440 -0.9265 -0.3477
vn 0.3525 -0.3890 -0.8511
vn 0.0000 -0.3890 -0.9212
vn 0.5126 -0.6889 -0.5126
vn 0.6697 -0.6889 -0.2774
vn 0.3764 -0.9265 0.0000
vn 0.9212 -0.3891 -0.0000
vn 0.3477 -0.9265 0.1440
vn 0.8511 -0.3891 0.3525
vn 0.2661 -0.9265 0.2661
vn 0.6514 -0.3891 0.6514
vn 0.1440 -0.9265 0.3477
vn 0.3525 -0.3890 0.8511
vn -0.0000 -0.9265 0.3764
vn 0.0000 -0.3890 0.9212
vn -0.1440 -0.9265 0.3477
vn -0.3525 -0.3891 0.8511
vn -0.2661 -0.9265 0.2661
vn -0.6514 -0.3891 0.6514
vn -0.3477 -0.9265 0.1440
vn -0.8511 -0.3891 0.3525
vn -0.3764 -0.9265 -0.0000
vn -0.9212 -0.3891 0.0000
vn -0.3477 -0.9265 -0.1440
vn -0.8511 -0.3891 -0.3525
vn -0.2661 -0.9265 -0.2661
vn -0.6514 -0.3891 -0.6514
vn -0.1440 -0.9265 -0.3477
vn -0.3525 -0.3890 -0.8511
vn -0.0000 0.6889 -0.7249
vn 0.2774 0.6889 -0.6697
vn 0.5126 0.6889 -0.5126
vn 0.6697 0.6889 -0.2774
vn 0.7249 0.6889 0.0000
vn 0.6697 0.6889 0.2774
vn 0.5126 0.6889 0.5126
vn 0.2774 0.6889 0.6697
vn 0.0000 0.6889 0.7249
vn -0.2774 0.6889 0.6697
vn -0.5126 0.6889 0.5126
vn -0.6697 0.6889 0.2774
vn -0.7249 0.6889 0.0000
vn -0.6697 0.6889 -0.2774
vn -0.5126 0.6889 -0.5126
vn -0.2774 0.6889 -0.6697
vn -0.0000 0.9376 0.3476
vn -0.1330 0.9376 0.3212
vn -0.3249 -0.5282 0.7845
vn -0.0000 -0.5282 0.8491
vn -0.2458 0.9376 0.2458
vn -0.6004 -0.5282 0.6004
vn -0.3212 0.9376 0.1330
vn -0.7845 -0.5282 0.3249
vn -0.3476 0.9376 -0.0000
vn -0.8491 -0.5282 -0.0000
vn -0.3212 0.9376 -0.1330
vn -0.7845 -0.5282 -0.3249
vn -0.2458 0.9376 -0.2458
vn -0.6004 -0.5282 -0.6004
vn -0.1330 0.9376 -0.3212
vn -0.3250 -0.5282 -0.7845
vn -0.0000 0.9376 -0.3476
vn -0.0000 -0.5282 -0.8491
vn 0.1330 0.9376 -0.3212
vn 0.3249 -0.5282 -0.7845
vn 0.2458 0.9376 -0.2458
vn 0.6004 -0.5282 -0.6004
vn 0.3212 0.9376 -0.1330
vn 0.7845 -0.5282 -0.3249
vn 0.3476 0.9376 0.0000
vn 0.8491 -0.5282 0.0000
vn 0.3212 0.9376 0.1330
vn 0.7845 -0.5282 0.3250
vn 0.2458 0.9376 0.2458
vn 0.6004 -0.5282 0.6004
vn 0.1330 0.9376 0.3212
vn 0.3249 -0.5282 0.7845
vn 0.6514 0.3891 -0.6514
vn 0.2661 0.9265 -0.2661
vn 0.8511 0.3891 -0.3525
vn 0.3477 0.9265 -0.1440
vn 0.9212 0.3891 0.0000
vn 0.3764 0.9265 -0.0000
vn 0.8511 0.3891 0.3525
vn 0.3477 0.9265 0.1440
vn 0.6514 0.3891 0.6514
vn 0.2661 0.9265 0.2661
vn 0.3525 0.3891 0.8511
vn 0.1440 0.9265 0.3477
vn -0.9212 0.3891 -0.0000
vn -0.3764 0.9265 0.0000
vn -0.3525 0.3891 -0.8511
vn -0.1440 0.9265 -0.3477
vn 0.2774 -0.6889 -0.6697
vn -0.0000 -0.6889 -0.7249
vn 0.7249 -0.6889 -0.0000
vn 0.6697 -0.6889 0.2774
vn 0.5126 -0.6889 0.5126
vn 0.2774 -0.6889 0.6697
vn -0.0000 -0.6889 0.7249
vn -0.2774 -0.6889 0.6697
vn -0.5126 -0.6889 0.5126
vn -0.6697 -0.6889 0.2774
vn -0.7249 -0.6889 -0.0000
vn -0.6697 -0.6889 -0.2774
vn -0.5126 -0.6889 -0.5126
vn -0.2774 -0.6889 -0.6697
vn 0.7723 -0.6352 -0.0000
vn 0.7135 -0.6352 -0.2956
vn -0.7135 -0.6352 0.2956
vn -0.5461 -0.6352 0.5461
vn 0.5461 -0.6352 -0.5461
vn -0.2956 -0.6352 0.7135
vn 0.2956 -0.6352 -0.7135
vn -0.0000 -0.6352 0.7723
vn -0.0000 -0.6352 -0.7723
vn -0.2956 -0.6352 -0.7135
vn 0.2956 -0.6352 0.7135
vn -0.5461 -0.6352 -0.5461
vn 0.5461 -0.6352 0.5461
vn -0.7135 -0.6352 -0.2956
vn 0.7135 -0.6352 0.2956
vn -0.7723 -0.6352 0.0000
vn -0.9951 -0.0990 0.0000
vn -0.9193 -0.0990 0.3808
vn 0.9193 -0.0990 0.3808
vn 0.9951 -0.0990 0.0000
vn -0.9193 -0.0990 -0.3808
vn 0.7036 -0.0990 0.7036
vn -0.7036 -0.0990 -0.7036
vn 0.3808 -0.0990 0.9193
vn -0.3808 -0.0990 -0.9193
vn 0.0000 -0.0990 0.9951
vn 0.3808 -0.0990 -0.9193
vn 0.0000 -0.0990 -0.9951
vn -0.3808 -0.0990 0.9193
vn 0.7036 -0.0990 -0.7036
vn -0.7036 -0.0990 0.7036
vn 0.9193 -0.0990 -0.3808
vn 0.1994 0.6929 0.6929
vn 0.0000 0.7071 0.7071
vn 0.0000 0.3827 0.9239
vn 0.1994 0.0000 0.9799
vn 0.1994 -0.9799 -0.0000
vn 0.0000 -0.7071 -0.7071
vn 0.1994 -0.6929 -0.6929
vn 0.0000 -0.3827 -0.9239
vn 0.1994 0.0000 -0.9799
vn 0.0000 0.3827 -0.9239
vn 0.0000 0.7071 -0.7071
vn 0.1994 0.6929 -0.6929
vn 0.0000 0.9239 -0.3827
vn 0.1994 0.9799 -0.0000
vn 0.0000 0.9239 0.3827
vn 0.1994 -0.6929 0.6929
vn 0.0000 -0.7071 0.7071
vn 0.0000 -0.3827 0.9239
vn 0.6824 -0.5169 0.5169
vn 0.6824 -0.0000 0.7310
vn 0.9744 -0.1590 0.1590
vn 0.9744 -0.0000 0.2248
vn 0.6824 -0.7310 -0.0000
vn 0.9744 -0.2248 0.0000
vn 0.6824 -0.5169 -0.5169
vn 0.9744 -0.1590 -0.1590
vn 0.6824 0.0000 -0.7310
vn 0.9744 0.0000 -0.2248
vn 0.6824 0.5169 -0.5169
vn 0.9744 0.1590 -0.1590
vn 0.6824 0.7310 -0.0000
vn 0.9744 0.2248 -0.0000
vn 0.6824 0.5169 0.5169
vn 0.9744 0.1590 0.1590
vn -0.1994 0.6929 0.6929
vn -0.1994 0.0000 0.9799
vn -0.1994 -0.9799 -0.0000
vn -0.1994 -0.6929 -0.6929
vn -0.1994 0.0000 -0.9799
vn -0.1994 0.6929 -0.6929
vn -0.1994 0.9799 0.0000
vn -0.1994 -0.6929 0.6929
vn -0.6824 -0.0000 0.7310
vn -0.6824 -0.5169 0.5169
vn -0.9744 -0.0000 0.2248
vn -0.9744 -0.1590 0.1590
vn -0.6824 -0.7310 -0.0000
vn -0.9744 -0.2248 0.0000
vn -0.6824 -0.5169 -0.5169
vn -0.9744 -0.1590 -0.1590
vn -0.6824 0.0000 -0.7310
vn -0.9744 0.0000 -0.2248
vn -0.6824 0.5169 -0.5169
vn -0.9744 0.1590 -0.1590
vn -0.6824 0.7310 0.0000
vn -0.9744 0.2248 -0.0000
vn -0.6824 0.5169 0.5169
vn -0.9744 0.1590 0.1590
vn 0.0881 0.9824 -0.1645
vn 0.1032 0.9944 -0.0211
vn 0.0928 0.9882 -0.1218
vn -0.0926 -0.9898 -0.1087
vn -0.1263 -0.9920 0.0040
vn -0.1230 -0.9924 0.0047
vn -0.0888 -0.9851 -0.1471
vn -0.9560 0.0944 0.2777
vn -0.9830 0.1175 0.1412
vn -0.9520 0.2911 0.0949
vn -0.1263 -0.9920 -0.0040
vn -0.0926 -0.9898 0.1087
vn -0.0888 -0.9851 0.1471
vn -0.1230 -0.9924 -0.0047
vn 0.1032 0.9944 0.0211
vn 0.0881 0.9824 0.1645
vn 0.0928 0.9882 0.1218
vn -0.0106 -0.1321 -0.9912
vn -0.0102 -0.1281 -0.9917
vn 0.0102 0.1276 -0.9918
vn 0.0106 0.1326 -0.9911
vn -0.9830 0.1175 -0.1412
vn -0.9560 0.0944 -0.2777
vn -0.9520 0.2911 -0.0949
vn 0.0000 0.0000 1.0000
vn 0.9853 -0.1188 -0.1230
vn 0.9671 -0.0939 -0.2366
vn 0.9705 -0.0877 -0.2248
vn 0.9671 -0.0938 -0.2364
vn 0.9415 -0.3263 -0.0845
vn -0.0102 -0.1281 0.9917
vn -0.0106 -0.1321 0.9912
vn 0.0106 0.1326 0.9911
vn 0.0102 0.1276 0.9918
vn 0.9853 -0.1188 0.1230
vn 0.9415 -0.3263 0.0845
vn -0.0677 -0.8478 -0.5260
vn -0.0701 -0.8775 -0.4745
vn -0.0386 -0.4830 -0.8748
vn -0.0410 -0.5128 -0.8575
vn 0.0701 0.8775 -0.4745
vn 0.0677 0.8478 -0.5260
vn 0.0410 0.5128 -0.8575
vn 0.0386 0.4830 -0.8748
vn -0.0701 -0.8775 0.4745
vn -0.0677 -0.8478 0.5260
vn -0.0410 -0.5128 0.8575
vn -0.0386 -0.4830 0.8748
vn 0.0677 0.8478 0.5260
vn 0.0701 0.8775 0.4745
vn 0.0386 0.4830 0.8748
vn 0.0410 0.5128 0.8575
vn 0.9671 -0.0939 0.2366
vn 0.9705 -0.0877 0.2248
vn 0.9671 -0.0938 0.2364
vn 0.0000 0.0000 -1.0000
vn -0.9037 0.4283 -0.0000
vn 0.8791 -0.4767 0.0000
vn -0.0090 0.1334 -0.9910
vn -0.0086 0.1272 -0.9918
vn 0.2098 0.8958 0.3918
vn 0.2114 0.8978 0.3864
vn -0.0949 0.9211 0.3776
vn -0.1134 0.9935 -0.0000
vn 0.2114 0.8978 -0.3864
vn 0.2098 0.8958 -0.3918
vn -0.0949 0.9211 -0.3776
vn -0.0086 0.1272 0.9918
vn -0.0090 0.1334 0.9910
vn -0.9947 -0.1000 -0.0250
vn -0.9959 -0.0874 -0.0243
vn -0.9830 -0.1051 -0.1504
vn -0.0669 0.9892 -0.1305
vn -0.0675 0.9977 0.0000
vn -0.0584 0.8641 -0.5000
vn -0.0337 0.4989 -0.8660
vn -0.0337 0.4989 0.8660
vn -0.0584 0.8641 0.5000
vn -0.0669 0.9892 0.1305
vn 0.9947 0.0991 -0.0284
vn 0.9956 0.0893 -0.0282
vn 0.9717 0.2151 0.0974
vn 0.9950 0.0999 -0.0000
vn 0.9951 0.0986 0.0042
vn 0.9960 -0.0066 -0.0892
vn 0.9997 -0.0259 -0.0000
vn -0.9021 0.4314 0.0000
vn -0.9066 0.4007 0.1325
vn -0.9983 0.0583 0.0068
vn -0.9952 -0.0977 -0.0046
vn -0.9950 -0.0994 0.0000
vn -0.9731 -0.2304 0.0000
vn -0.9762 -0.1921 -0.1008
vn 0.9947 0.0991 0.0284
vn 0.9988 -0.0484 0.0015
vn 0.9906 0.1106 -0.0810
vn 0.9717 0.2150 -0.0974
vn -0.9983 0.0583 -0.0068
vn -0.9904 -0.0003 -0.1381
vn -0.9947 -0.1000 0.0250
vn -0.9904 -0.0003 0.1381
vn -0.9830 -0.1052 0.1504
vn -0.9959 -0.0874 0.0243
vn -0.9953 -0.0960 -0.0128
vn 0.2148 -0.6644 0.7158
vn 0.2509 -0.9680 0.0000
vn -0.2153 -0.9766 -0.0000
vn -0.2163 -0.7009 0.6797
vn 0.2148 -0.6644 -0.7158
vn 0.1989 0.0060 -0.9800
vn -0.2190 -0.0210 -0.9755
vn -0.2163 -0.7009 -0.6797
vn -0.9953 -0.0960 0.0128
vn -0.9762 -0.1921 0.1007
vn -0.9066 0.4007 -0.1325
vn 0.9952 0.0967 -0.0130
vn 0.9853 0.1051 0.1346
vn -0.9952 -0.0977 0.0046
vn 0.9956 0.0893 0.0282
vn 0.9988 -0.0484 -0.0015
vn 0.9906 0.1106 0.0810
vn 0.9958 -0.0915 -0.0000
vn 0.9952 0.0967 0.0130
vn 0.9853 0.1051 -0.1346
vn 0.2137 0.7025 0.6788
vn -0.1139 0.9162 0.3842
vn 0.1988 0.0060 0.9800
vn -0.2190 -0.0210 0.9755
vn -0.1775 0.3613 0.9154
vn 0.9951 0.0986 -0.0042
vn 0.9960 -0.0066 0.0892
vn 0.2138 0.7026 -0.6787
vn -0.1775 0.3613 -0.9154
vn -0.1139 0.9162 -0.3842
vn 0.9725 -0.2330 0.0000
vn 0.9420 -0.1459 0.3023
vn 0.4694 -0.8830 0.0000
vn 0.4125 -0.6379 0.6503
vn -0.7471 -0.5075 0.4294
vn -0.7695 -0.0823 0.6333
vn 0.7513 0.0699 0.6562
vn 0.4126 -0.6379 -0.6503
vn 0.7515 0.0699 -0.6560
vn 0.9420 -0.1459 -0.3022
vn -0.7470 -0.5075 -0.4294
vn -0.7695 -0.0823 -0.6334
vn -0.7391 -0.6736 -0.0000
vn -0.7573 0.5547 -0.3447
vn -0.3855 0.3197 -0.8655
vn 0.7456 0.5091 -0.4301
vn -0.4631 0.8285 -0.3149
vn 0.7636 0.5793 -0.2853
vn 0.9892 0.1467 -0.0000
vn 0.4106 0.8274 -0.3832
vn -0.5195 0.8545 -0.0000
vn -0.7573 0.5547 0.3447
vn -0.4631 0.8285 0.3149
vn 0.4106 0.8274 0.3833
vn 0.7635 0.5793 0.2853
vn 0.7455 0.5091 0.4302
vn -0.3855 0.3197 0.8655
vn -0.0881 0.9824 -0.1645
vn -0.0928 0.9882 -0.1218
vn -0.1032 0.9944 -0.0211
vn 0.0926 -0.9898 -0.1087
vn 0.0888 -0.9851 -0.1471
vn 0.1230 -0.9924 0.0047
vn 0.1263 -0.9920 0.0040
vn 0.9560 0.0944 0.2777
vn 0.9520 0.2911 0.0949
vn 0.9830 0.1175 0.1412
vn 0.1263 -0.9920 -0.0040
vn 0.1230 -0.9924 -0.0047
vn 0.0888 -0.9851 0.1471
vn 0.0926 -0.9898 0.1087
vn -0.1032 0.9944 0.0211
vn -0.0928 0.9882 0.1218
vn -0.0881 0.9824 0.1645
vn 0.0106 -0.1321 -0.9912
vn -0.0106 0.1326 -0.9911
vn -0.0102 0.1276 -0.9918
vn 0.0102 -0.1281 -0.9917
vn 0.9830 0.1175 -0.1412
vn 0.9520 0.2911 -0.0949
vn 0.9560 0.0944 -0.2777
vn -0.9853 -0.1188 -0.1230
vn -0.9415 -0.3263 -0.0845
vn -0.9671 -0.0939 -0.2366
vn -0.9705 -0.0877 -0.2248
vn -0.9671 -0.0938 -0.2364
vn 0.0102 -0.1281 0.9917
vn -0.0102 0.1276 0.9918
vn -0.0106 0.1326 0.9911
vn 0.0106 -0.1321 0.9912
vn -0.9853 -0.1188 0.1230
vn -0.9415 -0.3263 0.0845
vn 0.0701 -0.8775 -0.4745
vn 0.0677 -0.8478 -0.5260
vn 0.0410 -0.5128 -0.8575
vn 0.0386 -0.4830 -0.8748
vn -0.0677 0.8478 -0.5260
vn -0.0701 0.8775 -0.4745
vn -0.0386 0.4830 -0.8748
vn -0.0410 0.5128 -0.8575
vn 0.0677 -0.8478 0.5260
vn 0.0701 -0.8775 0.4745
vn 0.0386 -0.4830 0.8748
vn 0.0410 -0.5128 0.8575
vn -0.0701 0.8775 0.4745
vn -0.0677 0.8478 0.5260
vn -0.0410 0.5128 0.8575
vn -0.0386 0.4830 0.8748
vn -0.9671 -0.0939 0.2366
vn -0.9671 -0.0938 0.2364
vn -0.9705 -0.0877 0.2248
vn 0.9037 0.4283 0.0000
vn -0.8791 -0.4767 0.0000
vn 0.0086 0.1272 -0.9918
vn 0.0090 0.1334 -0.9910
vn -0.2098 0.8958 0.3918
vn 0.1134 0.9935 -0.0000
vn 0.0949 0.9211 0.3776
vn -0.2114 0.8978 0.3864
vn -0.2114 0.8978 -0.3864
vn 0.0949 0.9211 -0.3776
vn -0.2098 0.8958 -0.3918
vn 0.0090 0.1334 0.9910
vn 0.0086 0.1272 0.9918
vn 0.9947 -0.1000 -0.0250
vn 0.9830 -0.1051 -0.1504
vn 0.9959 -0.0874 -0.0243
vn 0.0669 0.9892 -0.1305
vn 0.0675 0.9977 0.0000
vn 0.0584 0.8641 -0.5000
vn 0.0337 0.4989 -0.8660
vn 0.0337 0.4989 0.8660
vn 0.0584 0.8641 0.5000
vn 0.0669 0.9892 0.1305
vn -0.9947 0.0991 -0.0284
vn -0.9717 0.2151 0.0974
vn -0.9956 0.0893 -0.0282
vn -0.9950 0.0999 -0.0000
vn -0.9997 -0.0259 -0.0000
vn -0.9960 -0.0066 -0.0892
vn -0.9951 0.0986 0.0042
vn 0.9021 0.4314 0.0000
vn 0.9983 0.0583 0.0068
vn 0.9066 0.4007 0.1325
vn 0.9952 -0.0977 -0.0046
vn 0.9762 -0.1921 -0.1008
vn 0.9731 -0.2304 0.0000
vn 0.9950 -0.0994 0.0000
vn -0.9947 0.0991 0.0284
vn -0.9717 0.2150 -0.0974
vn -0.9906 0.1106 -0.0810
vn -0.9988 -0.0484 0.0015
vn 0.9983 0.0583 -0.0068
vn 0.9904 -0.0003 -0.1381
vn 0.9947 -0.1000 0.0250
vn 0.9830 -0.1052 0.1504
vn 0.9904 -0.0004 0.1381
vn 0.9959 -0.0874 0.0243
vn 0.9953 -0.0960 -0.0128
vn -0.2148 -0.6644 0.7158
vn 0.2163 -0.7009 0.6797
vn 0.2153 -0.9766 -0.0000
vn -0.2509 -0.9680 0.0000
vn -0.2148 -0.6644 -0.7158
vn 0.2163 -0.7009 -0.6797
vn 0.2190 -0.0210 -0.9755
vn -0.1989 0.0060 -0.9800
vn 0.9953 -0.0960 0.0128
vn 0.9762 -0.1921 0.1007
vn 0.9066 0.4007 -0.1325
vn -0.9853 0.1051 0.1346
vn -0.9952 0.0967 -0.0130
vn 0.9952 -0.0977 0.0046
vn -0.9956 0.0893 0.0282
vn -0.9958 -0.0915 -0.0000
vn -0.9906 0.1106 0.0810
vn -0.9988 -0.0484 -0.0015
vn -0.9853 0.1051 -0.1346
vn -0.9952 0.0967 0.0130
vn 0.1139 0.9162 0.3842
vn -0.2137 0.7025 0.6788
vn 0.1775 0.3613 0.9154
vn 0.2190 -0.0210 0.9755
vn -0.1988 0.0060 0.9800
vn -0.9960 -0.0066 0.0892
vn -0.9951 0.0986 -0.0042
vn 0.1775 0.3613 -0.9154
vn -0.2138 0.7026 -0.6787
vn 0.1139 0.9162 -0.3842
vn -0.9420 -0.1459 0.3023
vn -0.9725 -0.2330 0.0000
vn -0.4694 -0.8830 0.0000
vn -0.4125 -0.6379 0.6503
vn 0.7695 -0.0823 0.6333
vn 0.7471 -0.5075 0.4294
vn -0.7513 0.0699 0.6562
vn -0.7515 0.0699 -0.6560
vn -0.4126 -0.6379 -0.6503
vn -0.9420 -0.1459 -0.3022
vn 0.7695 -0.0823 -0.6334
vn 0.7470 -0.5075 -0.4294
vn 0.7391 -0.6736 -0.0000
vn 0.7573 0.5547 -0.3447
vn 0.3855 0.3197 -0.8655
vn -0.7456 0.5091 -0.4301
vn 0.4631 0.8285 -0.3149
vn -0.7636 0.5793 -0.2853
vn -0.9892 0.1467 -0.0000
vn -0.4106 0.8274 -0.3832
vn 0.5195 0.8545 -0.0000
vn 0.4631 0.8285 0.3149
vn 0.7573 0.5547 0.3447
vn -0.7635 0.5793 0.2853
vn -0.4106 0.8274 0.3833
vn -0.7455 0.5091 0.4302
vn 0.3855 0.3197 0.8655
vn -0.4042 0.6023 -0.6883
vn -0.5623 0.8269 -0.0000
vn -0.4067 0.9136 0.0000
vn -0.2990 0.6621 -0.6872
vn 0.4484 -0.5926 0.6692
vn 0.5880 -0.8089 -0.0000
vn 0.9059 -0.4234 -0.0000
vn 0.6643 -0.3215 0.6748
vn 0.4484 -0.5926 -0.6692
vn 0.2501 -0.3010 -0.9202
vn 0.3560 -0.1857 -0.9158
vn 0.6643 -0.3215 -0.6748
vn -0.2228 0.3147 -0.9227
vn -0.4117 0.5300 -0.7413
vn -0.6307 0.2994 -0.7159
vn -0.3612 0.1610 -0.9185
vn -0.6228 0.7824 0.0000
vn -0.4117 0.5300 0.7413
vn -0.6307 0.2994 0.7159
vn -0.9010 0.4338 -0.0000
vn 0.2501 -0.3010 0.9202
vn 0.3560 -0.1857 0.9158
vn -0.2228 0.3147 0.9227
vn -0.3612 0.1610 0.9185
vn 0.2053 -0.6848 0.6992
vn 0.1118 -0.3679 0.9231
vn 0.0077 -0.3801 0.9249
vn 0.0160 -0.7294 0.6839
vn -0.0077 -0.3801 -0.9249
vn 0.1881 0.0640 -0.9801
vn 0.3383 -0.6276 -0.7012
vn -0.0160 -0.7294 -0.6839
vn -0.2998 0.9540 -0.0000
vn -0.2095 0.6715 -0.7108
vn -0.0277 0.9221 -0.3858
vn -0.0284 0.9996 -0.0000
vn 0.2053 -0.6848 -0.6992
vn 0.2857 -0.9583 0.0000
vn 0.0230 -0.9997 -0.0000
vn 0.0160 -0.7294 -0.6839
vn -0.1129 0.3679 0.9230
vn -0.2095 0.6715 0.7108
vn -0.0090 0.3797 0.9250
vn -0.0109 0.3797 0.9251
vn -0.1129 0.3679 -0.9230
vn -0.0109 0.3797 -0.9251
vn -0.0090 0.3797 -0.9250
vn 0.1118 -0.3679 -0.9231
vn 0.0077 -0.3801 -0.9249
vn -0.0277 0.9222 0.3858
vn -0.1881 0.0640 -0.9801
vn -0.0375 0.7334 -0.6788
vn 0.0241 0.9997 0.0000
vn -0.0375 0.7334 0.6788
vn -0.1881 0.0640 0.9801
vn -0.3383 -0.6276 0.7012
vn -0.9121 0.3435 -0.2237
vn -0.9682 0.1908 -0.1621
vn -0.9921 0.1254 0.0000
vn -0.9682 0.1908 0.1621
vn -0.9121 0.3435 0.2237
vn -0.8586 0.4889 0.1542
vn -0.8372 0.5469 0.0000
vn -0.8586 0.4889 -0.1542
vn -0.3994 -0.9168 0.0000
vn -0.3383 -0.6276 -0.7012
vn -0.9542 0.2991 -0.0000
vn -0.6806 0.2144 -0.7006
vn -0.6341 0.3397 0.6946
vn -0.3451 0.1891 0.9193
vn -0.3182 0.2240 0.9212
vn -0.5898 0.4159 0.6922
vn 0.6229 -0.3417 0.7037
vn 0.8747 -0.4846 0.0000
vn 0.8105 -0.5858 -0.0000
vn 0.5690 -0.4107 0.7124
vn 0.6229 -0.3417 -0.7037
vn 0.3464 -0.1855 -0.9196
vn 0.3156 -0.2276 -0.9212
vn 0.5690 -0.4107 -0.7124
vn -0.3451 0.1891 -0.9193
vn -0.6341 0.3397 -0.6946
vn -0.5898 0.4159 -0.6922
vn -0.3182 0.2240 -0.9212
vn 0.3464 -0.1855 0.9196
vn 0.3156 -0.2276 0.9212
vn -0.3669 0.1170 -0.9229
vn -0.3669 0.1170 0.9229
vn -0.6806 0.2144 0.7006
vn 0.9528 -0.3036 -0.0000
vn 0.8819 -0.2784 0.3804
vn 0.3673 -0.1150 -0.9230
vn 0.3668 -0.1173 -0.9229
vn -0.8832 0.4690 -0.0000
vn -0.8169 0.5767 0.0000
vn 0.3668 -0.1173 0.9229
vn 0.3673 -0.1150 0.9230
vn 0.8819 -0.2784 -0.3804
vn 0.0670 -0.6996 -0.7114
vn 0.0375 -0.3813 -0.9237
vn 0.0000 -0.3832 -0.9237
vn -0.0000 -0.7010 -0.7132
vn -0.0365 0.3814 -0.9237
vn -0.0696 0.7087 -0.7021
vn -0.0000 0.7136 -0.7005
vn 0.0000 0.3832 -0.9237
vn 0.0375 -0.3813 0.9237
vn 0.0670 -0.6996 0.7114
vn -0.0000 -0.7010 0.7132
vn 0.0000 -0.3832 0.9237
vn 0.0944 -0.9955 -0.0000
vn 0.0578 -0.9983 0.0000
vn 0.0696 0.7087 -0.7021
vn 0.0584 0.9983 0.0000
vn 0.0988 0.9951 0.0000
vn -0.2165 0.3326 -0.9179
vn -0.1678 0.3588 -0.9182
vn -0.0696 0.7087 0.7021
vn -0.0365 0.3814 0.9237
vn 0.0000 0.3832 0.9237
vn -0.0000 0.7136 0.7005
vn -0.0988 0.9951 0.0000
vn -0.0584 0.9983 0.0000
vn -0.4042 0.6023 0.6883
vn -0.2165 0.3326 0.9179
vn -0.1678 0.3588 0.9182
vn -0.2990 0.6621 0.6872
vn 0.3946 -0.5882 0.7059
vn 0.5537 -0.8327 0.0000
vn 0.4161 -0.9093 0.0000
vn 0.2899 -0.6423 0.7095
vn 0.3946 -0.5882 -0.7059
vn 0.2238 -0.3245 -0.9190
vn 0.1572 -0.3611 -0.9192
vn 0.2899 -0.6423 -0.7095
vn 0.2238 -0.3245 0.9190
vn 0.1572 -0.3611 0.9192
vn 0.6341 0.3397 -0.6946
vn 0.5898 0.4159 -0.6922
vn 0.8169 0.5767 0.0000
vn 0.8832 0.4690 0.0000
vn 0.4036 0.6013 -0.6896
vn 0.3055 0.6599 -0.6864
vn 0.4142 0.9102 0.0000
vn 0.5609 0.8278 0.0000
vn -0.4484 -0.5926 0.6692
vn -0.6643 -0.3215 0.6748
vn -0.9059 -0.4234 -0.0000
vn -0.5880 -0.8089 -0.0000
vn -0.4484 -0.5926 -0.6692
vn -0.6643 -0.3215 -0.6748
vn -0.3560 -0.1857 -0.9158
vn -0.2501 -0.3010 -0.9202
vn 0.2228 0.3147 -0.9227
vn 0.3612 0.1610 -0.9185
vn 0.6307 0.2994 -0.7159
vn 0.4117 0.5300 -0.7413
vn 0.6228 0.7824 -0.0000
vn 0.9010 0.4338 -0.0000
vn 0.6307 0.2994 0.7159
vn 0.4117 0.5300 0.7413
vn -0.2501 -0.3010 0.9202
vn -0.3560 -0.1857 0.9158
vn 0.3612 0.1610 0.9185
vn 0.2228 0.3147 0.9227
vn -0.2053 -0.6848 0.6992
vn -0.0160 -0.7294 0.6839
vn -0.0077 -0.3801 0.9249
vn -0.1118 -0.3679 0.9231
vn 0.2998 0.9540 -0.0000
vn 0.0284 0.9996 -0.0000
vn 0.0277 0.9221 -0.3858
vn 0.2095 0.6715 -0.7108
vn -0.2053 -0.6848 -0.6992
vn -0.0230 -0.9997 -0.0000
vn -0.2857 -0.9583 0.0000
vn 0.1129 0.3679 0.9230
vn 0.0109 0.3797 0.9251
vn 0.0090 0.3797 0.9250
vn 0.2095 0.6715 0.7108
vn 0.0090 0.3797 -0.9250
vn 0.0109 0.3797 -0.9251
vn 0.1129 0.3679 -0.9230
vn -0.1118 -0.3679 -0.9231
vn 0.0277 0.9221 0.3858
vn 0.0375 0.7334 -0.6788
vn 0.0375 0.7334 0.6788
vn -0.0241 0.9997 0.0000
vn 0.3383 -0.6276 0.7012
vn 0.1881 0.0640 0.9801
vn 0.9121 0.3435 -0.2237
vn 0.8586 0.4889 -0.1542
vn 0.8372 0.5469 0.0000
vn 0.8586 0.4889 0.1542
vn 0.9121 0.3435 0.2237
vn 0.9682 0.1908 0.1621
vn 0.9921 0.1254 0.0000
vn 0.9682 0.1908 -0.1621
vn 0.3994 -0.9168 0.0000
vn 0.5898 0.4159 0.6922
vn 0.6341 0.3397 0.6946
vn 0.3182 0.2240 0.9212
vn 0.3451 0.1891 0.9193
vn -0.6229 -0.3417 0.7037
vn -0.5690 -0.4107 0.7124
vn -0.8105 -0.5858 -0.0000
vn -0.8747 -0.4846 -0.0000
vn -0.6229 -0.3417 -0.7037
vn -0.5690 -0.4107 -0.7124
vn -0.3156 -0.2276 -0.9212
vn -0.3464 -0.1855 -0.9196
vn 0.3451 0.1890 -0.9193
vn 0.3182 0.2240 -0.9212
vn -0.3464 -0.1855 0.9196
vn -0.3156 -0.2276 0.9212
vn 0.6806 0.2144 -0.7006
vn 0.9542 0.2991 0.0000
vn 0.6806 0.2144 0.7006
vn 0.3669 0.1170 0.9229
vn -0.6709 -0.2127 0.7104
vn -0.9528 -0.3036 0.0000
vn -0.6709 -0.2127 -0.7104
vn -0.3673 -0.1150 -0.9230
vn 0.3669 0.1170 -0.9229
vn -0.3673 -0.1150 0.9230
vn -0.0670 -0.6996 -0.7114
vn -0.0375 -0.3813 -0.9237
vn 0.0365 0.3814 -0.9237
vn -0.0375 -0.3813 0.9237
vn -0.0670 -0.6996 0.7114
vn -0.0944 -0.9955 0.0000
vn -0.0578 -0.9983 0.0000
vn 0.0696 0.7087 0.7021
vn 0.0365 0.3814 0.9237
vn 0.3055 0.6599 0.6864
vn 0.4036 0.6013 0.6896
vn 0.1720 0.3564 0.9184
vn 0.2185 0.3324 0.9175
vn -0.3994 -0.5894 0.7022
vn -0.2978 -0.6364 0.7115
vn -0.4302 -0.9027 0.0000
vn -0.5594 -0.8289 0.0000
vn -0.3994 -0.5894 -0.7022
vn -0.2978 -0.6364 -0.7115
vn -0.1605 -0.3591 -0.9194
vn -0.2243 -0.3257 -0.9185
vn 0.2185 0.3324 -0.9175
vn 0.1720 0.3564 -0.9184
vn -0.2243 -0.3257 0.9185
vn -0.1605 -0.3591 0.9194
vn -0.5359 -0.5382 -0.6505
vn -0.6447 0.2218 -0.7316
vn -0.9604 0.0895 -0.2638
vn -0.5931 -0.8051 0.0000
vn -0.9998 -0.0211 0.0000
vn -0.5359 -0.5382 0.6505
vn -0.9604 0.0895 0.2638
vn -0.6447 0.2218 0.7316
vn -0.5041 0.7050 0.4988
vn -0.4485 0.8938 0.0000
vn -0.5041 0.7050 -0.4988
vn 0.9604 0.0895 -0.2638
vn 0.6447 0.2218 -0.7316
vn 0.5359 -0.5382 -0.6505
vn 0.9998 -0.0211 0.0000
vn 0.5931 -0.8051 0.0000
vn 0.9604 0.0895 0.2638
vn 0.5359 -0.5382 0.6505
vn 0.6447 0.2218 0.7316
vn 0.5042 0.7050 0.4988
vn 0.4485 0.8938 0.0000
vn 0.5042 0.7050 -0.4988
vn 0.1589 -0.6780 -0.7177
vn 0.0872 -0.3743 -0.9232
vn 0.2285 -0.9735 -0.0000
vn 0.1589 -0.6780 0.7177
vn 0.0873 -0.3743 0.9232
vn -0.1682 0.6999 0.6942
vn -0.0906 0.3736 0.9232
vn -0.2327 0.9726 0.0000
vn -0.1682 0.6999 -0.6942
vn -0.0906 0.3736 -0.9232
vn -0.1589 -0.6780 -0.7177
vn -0.0873 -0.3743 -0.9232
vn -0.2285 -0.9735 0.0000
vn -0.1589 -0.6780 0.7177
vn -0.0873 -0.3743 0.9232
vn 0.1682 0.6999 0.6942
vn 0.0906 0.3736 0.9232
vn 0.2327 0.9726 0.0000
vn 0.1682 0.6999 -0.6942
vn 0.0906 0.3736 -0.9232
vn 0.6476 -0.2779 -0.7094
vn 0.3582 -0.1499 -0.9215
vn 0.9175 -0.3978 -0.0000
vn 0.6476 -0.2779 0.7094
vn 0.3582 -0.1499 0.9215
vn -0.6616 0.2792 0.6959
vn -0.3571 0.1544 0.9212
vn -0.9227 0.3856 -0.0000
vn -0.6616 0.2792 -0.6959
vn -0.3571 0.1544 -0.9212
vn 0.2649 -0.2806 -0.9225
vn 0.2689 -0.2764 -0.9226
vn 0.6875 -0.7262 -0.0000
vn 0.6402 -0.6680 -0.3794
vn 0.6402 -0.6680 0.3794
vn 0.2689 -0.2764 0.9226
vn 0.2649 -0.2806 0.9225
vn -0.5020 0.5176 0.6928
vn -0.2660 0.2794 0.9226
vn -0.6990 0.7152 0.0000
vn -0.5020 0.5176 -0.6928
vn -0.2660 0.2794 -0.9226
vn -0.6476 -0.2779 -0.7094
vn -0.3582 -0.1499 -0.9215
vn -0.9175 -0.3978 0.0000
vn -0.6476 -0.2779 0.7094
vn -0.3582 -0.1499 0.9215
vn 0.6616 0.2792 0.6959
vn 0.3571 0.1544 0.9212
vn 0.9227 0.3856 0.0000
vn 0.6616 0.2792 -0.6959
vn 0.3571 0.1544 -0.9212
vn -0.4760 -0.5084 -0.7176
vn -0.2669 -0.2788 -0.9225
vn -0.6804 -0.7329 -0.0000
vn -0.4760 -0.5084 0.7176
vn -0.2669 -0.2788 0.9225
vn 0.4981 0.5233 0.6915
vn 0.2633 0.2825 0.9224
vn 0.6926 0.7213 0.0000
vn 0.4981 0.5233 -0.6915
vn 0.2633 0.2825 -0.9224
vn -0.9992 -0.0390 0.0000
vn -0.9232 -0.0390 0.3824
vn 0.9232 -0.0390 0.3824
vn 0.9992 -0.0390 0.0000
vn -0.9232 -0.0390 -0.3824
vn 0.7066 -0.0390 0.7066
vn -0.7066 -0.0390 -0.7066
vn 0.3824 -0.0390 0.9232
vn -0.3824 -0.0390 -0.9232
vn 0.0000 -0.0390 0.9992
vn 0.3824 -0.0390 -0.9232
vn -0.0000 -0.0390 -0.9992
vn -0.3824 -0.0390 0.9232
vn 0.7066 -0.0390 -0.7066
vn -0.7066 -0.0390 0.7066
vn 0.9232 -0.0390 -0.3824
vn -1.0000 0.0065 -0.0000
vn -0.9239 0.0065 0.3827
vn 0.9239 0.0065 0.3827
vn 1.0000 0.0065 0.0000
vn -0.9239 0.0065 -0.3827
vn 0.7071 0.0065 0.7071
vn -0.7071 0.0065 -0.7071
vn 0.3827 0.0065 0.9239
vn -0.3827 0.0065 -0.9239
vn -0.0000 0.0065 1.0000
vn 0.3827 0.0065 -0.9239
vn -0.0000 0.0065 -1.0000
vn -0.3827 0.0065 0.9239
vn 0.7071 0.0065 -0.7071
vn -0.7071 0.0065 0.7071
vn 0.9239 0.0065 -0.3827
vn -0.9959 -0.0909 -0.0000
vn -0.9201 -0.0909 0.3811
vn 0.9201 -0.0909 0.3811
vn 0.9959 -0.0909 0.0000
vn -0.9201 -0.0909 -0.3811
vn 0.7042 -0.0909 0.7042
vn -0.7042 -0.0909 -0.7042
vn 0.3811 -0.0909 0.9201
vn -0.3811 -0.0909 -0.9201
vn 0.0000 -0.0909 0.9959
vn 0.3811 -0.0909 -0.9201
vn 0.0000 -0.0909 -0.9959
vn -0.3811 -0.0909 0.9201
vn 0.7042 -0.0909 -0.7042
vn -0.7042 -0.0909 0.7042
vn 0.9201 -0.0909 -0.3811
vn -0.9754 -0.0779 -0.2063
vn -0.9754 -0.0779 0.2063
vn 0.9754 -0.0779 0.2063
vn 0.9754 -0.0779 -0.2063
usemtl None
s 1
f 340/1/1 293/2/2 296/3/3 343/4/4
f 295/5/5 292/6/6 1/7/7 3/8/7
f 298/9/8 295/5/5 3/8/7 4/10/7
f 301/11/9 298/9/8 4/10/7 5/12/7
f 304/13/10 301/11/9 5/12/7 6/14/7
f 307/15/11 304/13/10 6/14/7 7/16/7
f 310/17/12 307/15/11 7/16/7 8/18/7
f 313/19/13 310/17/12 8/18/7 9/20/7
f 316/21/14 313/19/13 9/20/7 10/22/7
f 319/23/15 316/21/14 10/22/7 11/24/7
f 322/25/16 319/23/15 11/24/7 12/26/7
f 325/27/17 322/25/16 12/26/7 13/28/7
f 328/29/18 325/27/17 13/28/7 14/30/7
f 331/31/19 328/29/18 14/30/7 15/32/7
f 349/33/20 302/34/21 305/35/22 352/36/23
f 334/37/24 331/31/19 15/32/7 16/38/7
f 290/39/25 334/37/24 16/38/7 2/40/7
f 382/41/26 335/42/27 289/43/28 338/44/29
f 388/45/30 385/46/31 28/47/32 29/48/33
f 364/49/34 317/50/35 320/51/36 367/52/37
f 337/53/38 341/54/39 344/55/40 347/56/41 350/57/42 353/58/43 356/59/44 359/60/45 362/61/46 365/62/47 368/63/48 371/64/49 374/65/50 377/66/51 380/67/52 383/68/53
f 379/69/54 332/70/55 335/42/27 382/41/26
f 358/71/56 311/72/57 314/73/58 361/74/59
f 373/75/60 326/76/61 329/77/62 376/78/63
f 343/79/4 296/80/3 299/81/64 346/82/65
f 352/36/23 305/35/22 308/83/66 355/84/67
f 367/85/37 320/86/36 323/87/68 370/88/69
f 346/82/65 299/81/64 302/34/21 349/33/20
f 361/74/59 314/73/58 317/50/35 364/49/34
f 376/78/63 329/77/62 332/89/55 379/90/54
f 355/91/67 308/92/66 311/72/57 358/71/56
f 370/88/69 323/87/68 326/76/61 373/75/60
f 178/93/69 175/94/37 224/95/36 227/96/68
f 389/97/70 386/98/71 21/99/72 22/100/73
f 390/101/74 388/45/30 29/48/33 30/102/75
f 391/103/76 389/97/70 22/100/73 23/104/77
f 392/105/78 390/101/74 30/102/75 31/106/79
f 393/107/80 391/108/76 23/109/77 24/110/81
f 394/111/82 392/112/78 31/113/79 32/114/83
f 395/115/84 393/107/80 24/110/81 25/116/85
f 396/117/86 387/118/87 18/119/88 17/120/89
f 387/118/87 394/111/82 32/114/83 18/119/88
f 397/121/90 395/115/84 25/116/85 26/122/91
f 398/123/92 396/117/86 17/120/89 19/124/93
f 399/125/94 397/121/90 26/122/91 27/126/95
f 400/127/96 398/128/92 19/129/93 20/130/97
f 385/46/31 399/131/94 27/132/95 28/47/32
f 386/98/71 400/127/96 20/130/97 21/99/72
f 193/133/6 197/134/25 244/135/98 242/136/99
f 157/137/20 154/138/65 203/139/64 206/140/21
f 181/141/60 178/93/69 227/96/68 230/142/61
f 160/143/23 157/137/20 206/140/21 209/144/22
f 184/145/63 181/141/60 230/142/61 233/146/62
f 163/147/67 160/143/23 209/144/22 212/148/66
f 187/149/54 184/145/63 233/146/62 236/150/55
f 166/151/56 163/152/67 212/153/66 215/154/57
f 32/155/100 31/156/100 188/157/101 191/158/53
f 169/159/59 166/151/56 215/154/57 218/160/58
f 190/161/26 187/162/54 236/163/55 239/164/27
f 172/165/34 169/159/59 218/160/58 221/166/35
f 151/167/4 145/168/1 194/169/2 200/170/3
f 154/138/65 151/171/4 200/172/3 203/139/64
f 175/173/37 172/165/34 221/166/35 224/174/36
f 17/175/100 18/176/100 148/177/38 146/178/39
f 211/179/11 208/180/10 257/181/102 260/182/103
f 25/183/100 24/184/100 167/185/45 170/186/46
f 19/187/100 17/175/100 146/178/39 152/188/40
f 18/176/100 32/155/100 191/158/53 148/177/38
f 26/189/100 25/183/100 170/186/46 173/190/47
f 149/191/29 190/161/26 239/164/27 196/192/28
f 27/193/100 26/189/100 173/190/47 176/194/104
f 20/195/100 19/187/100 152/188/40 155/196/41
f 28/197/100 27/193/100 176/194/104 179/198/49
f 21/199/100 20/195/100 155/196/41 158/200/42
f 29/201/100 28/197/100 179/198/49 182/202/50
f 22/203/100 21/199/100 158/200/42 161/204/43
f 30/205/100 29/201/100 182/202/50 185/206/51
f 23/207/100 22/203/100 161/204/43 164/208/105
f 31/156/100 30/205/100 185/206/51 188/157/101
f 24/184/100 23/207/100 164/208/105 167/185/45
f 45/209/106 46/210/107 142/211/108 141/212/109
f 235/213/19 232/214/18 281/215/110 284/216/111
f 214/217/12 211/179/11 260/182/103 263/218/112
f 238/219/24 235/213/19 284/216/111 287/220/113
f 217/221/13 214/217/12 263/218/112 266/222/114
f 241/223/115 245/224/116 114/225/117 113/226/118
f 220/227/14 217/221/13 266/222/114 269/228/119
f 199/229/5 193/133/6 242/136/99 248/230/120
f 202/231/8 199/229/5 248/230/120 251/232/121
f 223/233/15 220/227/14 269/228/119 272/234/122
f 197/134/25 238/219/24 287/220/113 244/135/98
f 226/235/16 223/233/15 272/234/122 275/236/123
f 205/237/9 202/231/8 251/232/121 254/238/124
f 229/239/17 226/235/16 275/236/123 278/240/125
f 208/180/10 205/237/9 254/238/124 257/181/102
f 232/214/18 229/239/17 278/240/125 281/215/110
f 33/241/7 34/242/7 48/243/7 47/244/7 46/245/7 45/246/7 44/247/7 43/248/7 42/249/7 41/250/7 40/251/7 39/252/7 38/253/7 37/254/7 36/255/7 35/256/7
f 256/257/126 253/258/127 117/259/128 118/260/129
f 44/261/130 45/209/106 141/212/109 140/262/131
f 253/258/127 250/263/132 116/264/133 117/259/128
f 43/265/134 44/261/130 140/262/131 139/266/135
f 250/263/132 247/267/136 115/268/137 116/264/133
f 245/224/116 286/269/138 128/270/139 114/225/117
f 42/271/140 43/272/134 139/273/135 138/274/141
f 247/275/136 241/276/115 113/277/118 115/278/137
f 41/279/142 42/271/140 138/274/141 137/280/143
f 286/269/138 283/281/144 127/282/145 128/270/139
f 40/283/146 41/279/142 137/280/143 136/284/147
f 283/285/144 280/286/148 126/287/149 127/288/145
f 39/289/150 40/283/146 136/284/147 135/290/151
f 280/291/148 277/292/152 125/293/153 126/294/149
f 79/295/154 77/296/155 1104/297/156 1109/298/157
f 78/299/158 76/300/159 1101/301/160 1106/302/161
f 77/296/155 75/303/162 1098/304/163 1104/297/156
f 76/305/159 74/306/164 1095/307/165 1101/308/160
f 1100/309/166 1094/310/167 61/311/168 63/312/169
f 74/306/164 72/313/170 1089/314/171 1095/307/165
f 80/315/172 71/316/173 1086/317/174 1112/318/175
f 75/319/162 73/320/176 1092/321/177 1098/322/163
f 72/313/170 70/323/178 1083/324/179 1089/314/171
f 71/316/173 69/325/180 1080/326/181 1086/317/174
f 70/323/178 68/327/182 1077/328/183 1083/324/179
f 69/329/180 67/330/184 1074/331/185 1080/332/181
f 1079/333/186 1073/334/187 53/335/188 55/336/189
f 1070/337/190 1110/338/191 51/339/192 52/340/193
f 68/341/182 66/342/194 1071/343/195 1077/344/183
f 67/330/184 65/345/196 1068/346/197 1074/331/185
f 1073/334/187 1067/347/198 50/348/199 53/335/188
f 1076/349/200 1070/337/190 52/340/193 54/350/201
f 65/345/196 78/299/158 1106/302/161 1068/346/197
f 66/342/194 79/295/154 1109/298/157 1071/343/195
f 1082/351/202 1076/352/200 54/353/201 56/354/203
f 1085/355/204 1079/356/186 55/357/189 57/358/205
f 1088/359/206 1082/351/202 56/354/203 58/360/207
f 1113/361/208 1085/355/204 57/358/205 59/362/209
f 1097/363/210 1091/364/211 60/365/212 62/366/213
f 1094/310/167 1088/359/206 58/360/207 61/311/168
f 1091/364/211 1113/361/208 59/362/209 60/365/212
f 73/320/176 80/315/172 1112/318/175 1092/321/177
f 1103/367/214 1097/368/210 62/369/213 64/370/215
f 1107/371/216 1100/372/166 63/373/169 49/374/217
f 1110/338/191 1103/367/214 64/370/215 51/339/192
f 1115/375/218 1155/376/219 78/299/220 65/345/221
f 95/377/222 93/378/223 1152/379/224 1157/380/225
f 94/381/226 92/382/227 1149/383/228 1154/384/229
f 93/378/223 91/385/230 1146/386/231 1152/379/224
f 92/387/227 90/388/232 1143/389/233 1149/390/228
f 1148/391/234 1142/392/235 74/306/236 76/305/237
f 90/388/232 88/393/238 1137/394/239 1143/389/233
f 96/395/240 87/396/241 1134/397/242 1160/398/243
f 91/399/230 89/400/244 1140/401/245 1146/402/231
f 88/393/238 86/403/246 1131/404/247 1137/394/239
f 87/396/241 85/405/248 1128/406/249 1134/397/242
f 86/403/246 84/407/250 1125/408/251 1131/404/247
f 85/409/248 83/410/252 1122/411/253 1128/412/249
f 1127/413/254 1121/414/255 67/330/256 69/329/257
f 1118/415/258 1158/416/259 79/295/260 66/342/261
f 84/417/250 82/418/262 1119/419/263 1125/420/251
f 83/410/252 81/421/264 1116/422/265 1122/411/253
f 1121/414/255 1115/375/218 65/345/221 67/330/256
f 1124/423/266 1118/415/258 66/342/261 68/341/267
f 81/421/264 94/381/226 1154/384/229 1116/422/265
f 82/418/262 95/377/222 1157/380/225 1119/419/263
f 1130/424/268 1124/425/266 68/327/267 70/323/269
f 1133/426/270 1127/427/254 69/325/257 71/316/271
f 1136/428/272 1130/424/268 70/323/269 72/313/273
f 1161/429/274 1133/426/270 71/316/271 80/315/275
f 1145/430/276 1139/431/277 73/320/278 75/319/279
f 1142/392/235 1136/428/272 72/313/273 74/306/236
f 1139/431/277 1161/429/274 80/315/275 73/320/278
f 89/400/244 96/395/240 1160/398/243 1140/401/245
f 1151/432/280 1145/433/276 75/303/279 77/296/281
f 1155/376/219 1148/434/234 76/300/237 78/299/220
f 1158/416/259 1151/432/280 77/296/281 79/295/260
f 1163/435/282 1203/436/283 94/381/284 81/421/285
f 111/437/286 109/438/287 1200/439/288 1205/440/289
f 110/441/290 108/442/291 1197/443/292 1202/444/293
f 109/438/287 107/445/294 1194/446/295 1200/439/288
f 108/447/291 106/448/296 1191/449/297 1197/450/292
f 1196/451/298 1190/452/299 90/388/300 92/387/301
f 106/448/296 104/453/302 1185/454/303 1191/449/297
f 112/455/304 103/456/305 1182/457/306 1208/458/307
f 107/459/294 105/460/308 1188/461/309 1194/462/295
f 104/453/302 102/463/310 1179/464/311 1185/454/303
f 103/456/305 101/465/312 1176/466/313 1182/457/306
f 102/463/310 100/467/314 1173/468/315 1179/464/311
f 101/469/312 99/470/316 1170/471/317 1176/472/313
f 1175/473/318 1169/474/319 83/410/320 85/409/321
f 1166/475/322 1206/476/323 95/377/324 82/418/325
f 100/477/314 98/478/326 1167/479/327 1173/480/315
f 99/470/316 97/481/328 1164/482/329 1170/471/317
f 1169/474/319 1163/435/282 81/421/285 83/410/320
f 1172/483/330 1166/475/322 82/418/325 84/417/331
f 97/481/328 110/441/290 1202/444/293 1164/482/329
f 98/478/326 111/437/286 1205/440/289 1167/479/327
f 1178/484/332 1172/485/330 84/407/331 86/403/333
f 1181/486/334 1175/487/318 85/405/321 87/396/335
f 1184/488/336 1178/484/332 86/403/333 88/393/337
f 1209/489/338 1181/486/334 87/396/335 96/395/339
f 1193/490/340 1187/491/341 89/400/342 91/399/343
f 1190/452/299 1184/488/336 88/393/337 90/388/300
f 1187/491/341 1209/489/338 96/395/339 89/400/342
f 105/460/308 112/455/304 1208/458/307 1188/461/309
f 1199/492/344 1193/493/340 91/385/343 93/378/345
f 1203/436/283 1196/494/298 92/382/301 94/381/284
f 1206/476/323 1199/492/344 93/378/345 95/377/324
f 415/495/346 413/496/347 109/438/348 111/437/349
f 414/497/350 412/498/351 108/442/352 110/441/353
f 413/496/347 411/499/354 107/445/355 109/438/348
f 412/500/351 410/501/356 106/448/357 108/447/352
f 411/502/354 409/503/358 105/460/359 107/459/355
f 410/501/356 408/504/360 104/453/361 106/448/357
f 416/505/362 407/506/363 103/456/364 112/455/365
f 409/503/358 416/505/362 112/455/365 105/460/359
f 408/504/360 406/507/366 102/463/367 104/453/361
f 407/506/363 405/508/368 101/465/369 103/456/364
f 406/507/366 404/509/370 100/467/371 102/463/367
f 405/510/368 403/511/372 99/470/373 101/469/369
f 404/512/370 402/513/374 98/478/375 100/477/371
f 403/511/372 401/514/376 97/481/377 99/470/373
f 402/513/374 415/495/346 111/437/349 98/478/375
f 401/514/376 414/497/350 110/441/353 97/481/377
f 123/515/378 122/516/379 138/274/141 139/273/135
f 116/264/380 115/268/381 131/517/382 132/518/383
f 124/519/384 123/520/378 139/266/135 140/262/131
f 117/259/385 116/264/380 132/518/383 133/521/386
f 125/293/387 124/519/384 140/262/131 141/212/109
f 118/260/388 117/259/385 133/521/386 134/522/389
f 126/294/390 125/293/387 141/212/109 142/211/108
f 119/523/391 118/260/388 134/522/389 135/524/151
f 127/525/392 126/294/390 142/211/108 143/526/393
f 120/527/394 119/528/391 135/290/151 136/284/147
f 128/270/395 127/282/392 143/529/393 144/530/396
f 121/531/397 120/527/394 136/284/147 137/280/143
f 113/226/398 114/225/399 130/532/400 129/533/401
f 114/225/399 128/270/395 144/530/396 130/532/400
f 122/516/379 121/531/397 137/280/143 138/274/141
f 115/534/381 113/226/398 129/533/401 131/535/382
f 259/536/402 256/257/126 118/260/129 119/523/403
f 46/210/107 47/537/404 143/526/393 142/211/108
f 262/538/405 259/539/402 119/528/403 120/527/406
f 34/540/407 33/541/408 129/533/401 130/532/400
f 47/542/404 48/543/409 144/530/396 143/529/393
f 265/544/410 262/538/405 120/527/406 121/531/411
f 33/541/408 35/545/412 131/535/382 129/533/401
f 48/543/409 34/540/407 130/532/400 144/530/396
f 268/546/413 265/544/410 121/531/411 122/516/414
f 35/547/412 36/548/415 132/518/383 131/517/382
f 271/549/416 268/546/413 122/516/414 123/515/417
f 36/548/415 37/550/418 133/521/386 132/518/383
f 274/551/419 271/552/416 123/520/417 124/519/420
f 37/550/418 38/553/421 134/522/389 133/521/386
f 277/292/152 274/551/419 124/519/420 125/293/153
f 38/553/421 39/554/150 135/524/151 134/522/389
f 146/178/39 148/177/38 150/555/422 147/556/423
f 147/557/424 150/558/425 149/191/29 145/168/1
f 152/188/40 146/178/39 147/556/423 153/559/426
f 153/560/426 147/557/424 145/168/1 151/167/4
f 155/196/41 152/188/40 153/559/426 156/561/427
f 156/562/427 153/563/426 151/171/4 154/138/65
f 158/200/42 155/196/41 156/561/427 159/564/428
f 159/565/429 156/562/427 154/138/65 157/137/20
f 161/204/43 158/200/42 159/564/428 162/566/430
f 162/567/431 159/565/429 157/137/20 160/143/23
f 164/208/105 161/204/43 162/566/430 165/568/432
f 165/569/433 162/567/431 160/143/23 163/147/67
f 167/185/45 164/208/105 165/568/432 168/570/434
f 168/571/435 165/572/433 163/152/67 166/151/56
f 170/186/46 167/185/45 168/570/434 171/573/436
f 171/574/437 168/571/435 166/151/56 169/159/59
f 173/190/47 170/186/46 171/573/436 174/575/438
f 174/576/439 171/574/437 169/159/59 172/165/34
f 176/194/104 173/190/47 174/575/438 177/577/440
f 177/578/441 174/576/439 172/165/34 175/173/37
f 179/198/49 176/194/104 177/577/440 180/579/442
f 180/580/443 177/581/441 175/94/37 178/93/69
f 182/202/50 179/198/49 180/579/442 183/582/444
f 183/583/445 180/580/443 178/93/69 181/141/60
f 185/206/51 182/202/50 183/582/444 186/584/446
f 186/585/447 183/583/445 181/141/60 184/145/63
f 188/157/101 185/206/51 186/584/446 189/586/448
f 189/587/449 186/585/447 184/145/63 187/149/54
f 191/158/53 188/157/101 189/586/448 192/588/450
f 192/589/451 189/590/449 187/162/54 190/161/26
f 148/177/38 191/158/53 192/588/450 150/555/422
f 150/558/425 192/589/451 190/161/26 149/191/29
f 194/169/2 196/192/28 198/591/452 195/592/453
f 195/593/453 198/594/452 197/134/25 193/133/6
f 200/170/3 194/169/2 195/592/453 201/595/454
f 201/596/454 195/593/453 193/133/6 199/229/5
f 203/139/64 200/172/3 201/597/454 204/598/455
f 204/599/455 201/596/454 199/229/5 202/231/8
f 206/140/21 203/139/64 204/598/455 207/600/456
f 207/601/456 204/599/455 202/231/8 205/237/9
f 209/144/22 206/140/21 207/600/456 210/602/457
f 210/603/457 207/601/456 205/237/9 208/180/10
f 212/148/66 209/144/22 210/602/457 213/604/458
f 213/605/458 210/603/457 208/180/10 211/179/11
f 215/154/57 212/153/66 213/606/458 216/607/459
f 216/608/459 213/605/458 211/179/11 214/217/12
f 218/160/58 215/154/57 216/607/459 219/609/460
f 219/610/460 216/608/459 214/217/12 217/221/13
f 221/166/35 218/160/58 219/609/460 222/611/461
f 222/612/461 219/610/460 217/221/13 220/227/14
f 224/174/36 221/166/35 222/611/461 225/613/462
f 225/614/462 222/612/461 220/227/14 223/233/15
f 227/96/68 224/95/36 225/615/462 228/616/463
f 228/617/463 225/614/462 223/233/15 226/235/16
f 230/142/61 227/96/68 228/616/463 231/618/464
f 231/619/464 228/617/463 226/235/16 229/239/17
f 233/146/62 230/142/61 231/618/464 234/620/465
f 234/621/465 231/619/464 229/239/17 232/214/18
f 236/150/55 233/146/62 234/620/465 237/622/466
f 237/623/466 234/621/465 232/214/18 235/213/19
f 239/164/27 236/163/55 237/624/466 240/625/467
f 240/626/467 237/623/466 235/213/19 238/219/24
f 196/192/28 239/164/27 240/625/467 198/591/452
f 198/594/452 240/626/467 238/219/24 197/134/25
f 242/136/99 244/135/98 246/627/468 243/628/469
f 243/629/470 246/630/471 245/224/116 241/223/115
f 248/230/120 242/136/99 243/628/469 249/631/472
f 249/632/473 243/629/470 241/223/115 247/633/136
f 251/232/121 248/230/120 249/631/472 252/634/474
f 252/635/475 249/636/473 247/267/136 250/263/132
f 254/238/124 251/232/121 252/634/474 255/637/476
f 255/638/477 252/635/475 250/263/132 253/258/127
f 257/181/102 254/238/124 255/637/476 258/639/478
f 258/640/479 255/638/477 253/258/127 256/257/126
f 260/182/103 257/181/102 258/639/478 261/641/480
f 261/642/481 258/640/479 256/257/126 259/536/402
f 263/218/112 260/182/103 261/641/480 264/643/482
f 264/644/483 261/645/481 259/539/402 262/538/405
f 266/222/114 263/218/112 264/643/482 267/646/484
f 267/647/485 264/644/483 262/538/405 265/544/410
f 269/228/119 266/222/114 267/646/484 270/648/486
f 270/649/487 267/647/485 265/544/410 268/546/413
f 272/234/122 269/228/119 270/648/486 273/650/488
f 273/651/489 270/649/487 268/546/413 271/549/416
f 275/236/123 272/234/122 273/650/488 276/652/490
f 276/653/491 273/654/489 271/552/416 274/551/419
f 278/240/125 275/236/123 276/652/490 279/655/492
f 279/656/493 276/653/491 274/551/419 277/292/152
f 281/215/110 278/240/125 279/655/492 282/657/494
f 282/658/495 279/656/493 277/292/152 280/291/148
f 284/216/111 281/215/110 282/657/494 285/659/496
f 285/660/497 282/658/495 280/291/148 283/661/144
f 287/220/113 284/216/111 285/659/496 288/662/498
f 288/663/499 285/664/497 283/281/144 286/269/138
f 244/135/98 287/220/113 288/662/498 246/627/468
f 246/630/471 288/663/499 286/269/138 245/224/116
f 145/168/1 149/191/29 196/192/28 194/169/2
f 293/2/2 289/43/28 291/665/452 294/666/453
f 294/667/453 291/668/452 290/39/25 292/6/6
f 296/3/3 293/2/2 294/666/453 297/669/500
f 297/670/501 294/667/453 292/6/6 295/5/5
f 299/81/64 296/80/3 297/671/500 300/672/502
f 300/673/503 297/670/501 295/5/5 298/9/8
f 302/34/21 299/81/64 300/672/502 303/674/504
f 303/675/505 300/673/503 298/9/8 301/11/9
f 305/35/22 302/34/21 303/674/504 306/676/506
f 306/677/507 303/675/505 301/11/9 304/13/10
f 308/83/66 305/35/22 306/676/506 309/678/508
f 309/679/509 306/677/507 304/13/10 307/15/11
f 311/72/57 308/92/66 309/680/508 312/681/510
f 312/682/511 309/679/509 307/15/11 310/17/12
f 314/73/58 311/72/57 312/681/510 315/683/460
f 315/684/460 312/682/511 310/17/12 313/19/13
f 317/50/35 314/73/58 315/683/460 318/685/461
f 318/686/461 315/684/460 313/19/13 316/21/14
f 320/51/36 317/50/35 318/685/461 321/687/462
f 321/688/462 318/686/461 316/21/14 319/23/15
f 323/87/68 320/86/36 321/689/462 324/690/463
f 324/691/463 321/688/462 319/23/15 322/25/16
f 326/76/61 323/87/68 324/690/463 327/692/512
f 327/693/513 324/691/463 322/25/16 325/27/17
f 329/77/62 326/76/61 327/692/512 330/694/465
f 330/695/465 327/693/513 325/27/17 328/29/18
f 332/89/55 329/77/62 330/694/465 333/696/466
f 333/697/466 330/695/465 328/29/18 331/31/19
f 335/42/27 332/70/55 333/698/466 336/699/514
f 336/700/515 333/697/466 331/31/19 334/37/24
f 289/43/28 335/42/27 336/699/514 291/665/452
f 291/668/452 336/700/515 334/37/24 290/39/25
f 292/6/6 290/39/25 2/40/7 1/7/7
f 338/44/29 340/1/1 342/701/516 339/702/517
f 339/703/517 342/704/516 341/54/39 337/53/38
f 340/1/1 343/4/4 345/705/426 342/701/516
f 342/704/516 345/706/426 344/55/40 341/54/39
f 343/79/4 346/82/65 348/707/427 345/708/426
f 345/706/426 348/709/427 347/56/41 344/55/40
f 346/82/65 349/33/20 351/710/518 348/707/427
f 348/709/427 351/711/518 350/57/42 347/56/41
f 349/33/20 352/36/23 354/712/519 351/710/518
f 351/711/518 354/713/519 353/58/43 350/57/42
f 352/36/23 355/84/67 357/714/520 354/712/519
f 354/713/519 357/715/520 356/59/44 353/58/43
f 355/91/67 358/71/56 360/716/521 357/717/520
f 357/715/520 360/718/521 359/60/45 356/59/44
f 358/71/56 361/74/59 363/719/522 360/716/521
f 360/718/521 363/720/522 362/61/46 359/60/45
f 361/74/59 364/49/34 366/721/523 363/719/522
f 363/720/522 366/722/523 365/62/47 362/61/46
f 364/49/34 367/52/37 369/723/524 366/721/523
f 366/722/523 369/724/524 368/63/48 365/62/47
f 367/85/37 370/88/69 372/725/525 369/726/524
f 369/724/524 372/727/525 371/64/49 368/63/48
f 370/88/69 373/75/60 375/728/526 372/725/525
f 372/727/525 375/729/526 374/65/50 371/64/49
f 373/75/60 376/78/63 378/730/527 375/728/526
f 375/729/526 378/731/527 377/66/51 374/65/50
f 376/78/63 379/90/54 381/732/528 378/730/527
f 378/731/527 381/733/528 380/67/52 377/66/51
f 379/69/54 382/41/26 384/734/529 381/735/528
f 381/733/528 384/736/529 383/68/53 380/67/52
f 382/41/26 338/44/29 339/702/517 384/734/529
f 384/736/529 339/703/517 337/53/38 383/68/53
f 338/44/29 289/43/28 293/2/2 340/1/1
f 51/339/530 64/370/531 400/127/96 386/98/71
f 49/374/532 63/373/533 399/131/94 385/46/31
f 64/737/531 62/738/534 398/739/92 400/740/96
f 63/741/533 61/742/535 397/743/90 399/744/94
f 62/366/534 60/365/536 396/117/86 398/123/92
f 61/311/535 58/360/537 395/115/84 397/121/90
f 59/362/538 57/358/539 394/111/82 387/118/87
f 60/365/536 59/362/538 387/118/87 396/117/86
f 58/360/537 56/354/540 393/107/80 395/115/84
f 57/358/539 55/357/541 392/112/78 394/111/82
f 56/354/540 54/353/542 391/108/76 393/107/80
f 55/336/541 53/335/543 390/101/74 392/105/78
f 54/745/542 52/746/544 389/747/70 391/748/76
f 53/335/543 50/348/545 388/45/30 390/101/74
f 52/340/544 51/339/530 386/98/71 389/97/70
f 50/348/545 49/374/532 385/46/31 388/45/30
f 13/749/546 12/750/547 414/497/350 401/514/376
f 6/751/548 5/752/549 415/495/346 402/513/374
f 14/753/550 13/749/546 401/514/376 403/511/372
f 7/754/551 6/751/548 402/513/374 404/512/370
f 15/755/552 14/753/550 403/511/372 405/510/368
f 8/756/553 7/757/551 404/509/370 406/507/366
f 16/758/554 15/759/552 405/508/368 407/506/363
f 9/760/555 8/756/553 406/507/366 408/504/360
f 1/761/556 2/762/557 416/505/362 409/503/358
f 2/762/557 16/758/554 407/506/363 416/505/362
f 10/763/558 9/760/555 408/504/360 410/501/356
f 3/764/559 1/761/556 409/503/358 411/502/354
f 11/765/560 10/763/558 410/501/356 412/500/351
f 4/766/561 3/767/559 411/499/354 413/496/347
f 12/750/547 11/768/560 412/498/351 414/497/350
f 5/752/549 4/766/561 413/496/347 415/495/346
f 447/769/562 424/770/563 417/771/564 426/772/565
f 432/773/566 419/774/100 420/775/567 435/776/568
f 435/777/568 420/778/567 421/779/569 438/780/570
f 438/780/570 421/779/571 422/781/572 441/782/573
f 441/783/573 422/784/572 423/785/574 444/786/575
f 444/786/575 423/785/576 424/787/563 447/788/562
f 429/789/577 418/790/578 419/774/100 432/773/566
f 426/772/565 417/771/579 418/791/578 429/792/577
f 426/772/565 429/792/577 430/793/580 427/794/581
f 427/795/581 430/796/580 428/797/582 425/798/583
f 429/789/577 432/773/566 433/799/584 430/800/580
f 430/796/580 433/801/584 431/802/585 428/797/582
f 432/773/566 435/776/568 436/803/586 433/799/584
f 433/801/584 436/804/586 434/805/587 431/802/585
f 435/777/568 438/780/570 439/806/588 436/807/586
f 436/804/586 439/808/588 437/809/589 434/805/587
f 438/780/570 441/782/573 442/810/590 439/806/588
f 439/808/588 442/811/590 440/812/591 437/809/589
f 441/783/573 444/786/575 445/813/592 442/814/590
f 442/811/590 445/815/592 443/816/593 440/812/591
f 444/786/575 447/788/562 448/817/594 445/813/592
f 445/815/592 448/818/594 446/819/595 443/816/593
f 447/769/562 426/772/565 427/794/581 448/820/594
f 448/818/594 427/795/581 425/798/583 446/819/595
f 425/798/583 428/797/582 431/802/585 434/805/587 437/809/589 440/812/591 443/816/593 446/819/595
f 479/821/573 458/822/570 449/823/571 456/824/572
f 464/825/566 467/826/577 452/827/578 451/828/100
f 467/829/577 470/830/565 453/831/579 452/832/578
f 470/830/565 473/833/562 454/834/563 453/831/564
f 473/835/562 476/836/575 455/837/576 454/838/563
f 476/836/575 479/839/573 456/840/572 455/837/574
f 461/841/568 464/825/566 451/828/100 450/842/567
f 458/822/570 461/843/568 450/844/567 449/823/569
f 458/822/570 459/845/588 462/846/586 461/843/568
f 459/847/588 457/848/589 460/849/587 462/850/586
f 461/841/568 462/851/586 465/852/584 464/825/566
f 462/850/586 460/849/587 463/853/585 465/854/584
f 464/825/566 465/852/584 468/855/580 467/826/577
f 465/854/584 463/853/585 466/856/582 468/857/580
f 467/829/577 468/858/580 471/859/581 470/830/565
f 468/857/580 466/856/582 469/860/583 471/861/581
f 470/830/565 471/859/581 474/862/594 473/833/562
f 471/861/581 469/860/583 472/863/595 474/864/594
f 473/835/562 474/865/594 477/866/592 476/836/575
f 474/864/594 472/863/595 475/867/593 477/868/592
f 476/836/575 477/866/592 480/869/590 479/839/573
f 477/868/592 475/867/593 478/870/591 480/871/590
f 479/821/573 480/872/590 459/845/588 458/822/570
f 480/871/590 478/870/591 457/848/589 459/847/588
f 457/848/589 478/870/591 475/867/593 472/863/595 469/860/583 466/856/582 463/853/585 460/849/587
f 511/873/596 490/874/597 481/875/564 488/876/563
f 496/877/598 499/878/599 484/879/567 483/880/100
f 499/881/599 502/882/600 485/883/569 484/884/567
f 502/882/600 505/885/601 486/886/572 485/883/571
f 505/887/601 508/888/602 487/889/574 486/890/572
f 508/888/602 511/891/596 488/892/563 487/889/576
f 493/893/603 496/877/598 483/880/100 482/894/578
f 490/874/597 493/895/603 482/896/578 481/875/579
f 490/874/597 491/897/604 494/898/605 493/895/603
f 491/899/604 489/900/606 492/901/607 494/902/605
f 493/893/603 494/903/605 497/904/608 496/877/598
f 494/902/605 492/901/607 495/905/609 497/906/608
f 496/877/598 497/904/608 500/907/610 499/878/599
f 497/906/608 495/905/609 498/908/611 500/909/610
f 499/881/599 500/910/610 503/911/612 502/882/600
f 500/909/610 498/908/611 501/912/613 503/913/612
f 502/882/600 503/911/612 506/914/614 505/885/601
f 503/913/612 501/912/613 504/915/615 506/916/614
f 505/887/601 506/917/614 509/918/616 508/888/602
f 506/916/614 504/915/615 507/919/617 509/920/616
f 508/888/602 509/918/616 512/921/618 511/891/596
f 509/920/616 507/919/617 510/922/619 512/923/618
f 511/873/596 512/924/618 491/897/604 490/874/597
f 512/923/618 510/922/619 489/900/606 491/899/604
f 489/900/606 510/922/619 507/919/617 504/915/615 501/912/613 498/908/611 495/905/609 492/901/607
f 543/925/601 520/926/572 513/927/571 522/928/600
f 528/929/598 515/930/100 516/931/578 531/932/603
f 531/933/603 516/934/578 517/935/579 534/936/597
f 534/936/597 517/935/564 518/937/563 537/938/596
f 537/939/596 518/940/563 519/941/576 540/942/602
f 540/942/602 519/941/574 520/943/572 543/944/601
f 525/945/599 514/946/567 515/930/100 528/929/598
f 522/928/600 513/927/569 514/947/567 525/948/599
f 522/928/600 525/948/599 526/949/610 523/950/612
f 523/951/612 526/952/610 524/953/611 521/954/613
f 525/945/599 528/929/598 529/955/608 526/956/610
f 526/952/610 529/957/608 527/958/609 524/953/611
f 528/929/598 531/932/603 532/959/605 529/955/608
f 529/957/608 532/960/605 530/961/607 527/958/609
f 531/933/603 534/936/597 535/962/604 532/963/605
f 532/960/605 535/964/604 533/965/606 530/961/607
f 534/936/597 537/938/596 538/966/618 535/962/604
f 535/964/604 538/967/618 536/968/619 533/965/606
f 537/939/596 540/942/602 541/969/616 538/970/618
f 538/967/618 541/971/616 539/972/617 536/968/619
f 540/942/602 543/944/601 544/973/614 541/969/616
f 541/971/616 544/974/614 542/975/615 539/972/617
f 543/925/601 522/928/600 523/950/612 544/976/614
f 544/974/614 523/951/612 521/954/613 542/975/615
f 521/954/613 524/953/611 527/958/609 530/961/607 533/965/606 536/968/619 539/972/617 542/975/615
f 582/977/620 551/978/621 548/979/621 565/980/622
f 562/981/623 545/982/624 550/983/625 577/984/626
f 577/985/627 550/986/628 551/987/629 582/988/627 584/989/627 583/990/627 581/991/627 578/992/627 580/993/627 579/994/627
f 546/995/630 553/996/631 570/997/632 549/998/633
f 552/999/634 573/1000/635 558/1001/636 547/1002/634
f 561/1003/637 578/1004/638 581/1005/639 566/1006/640
f 549/1007/641 570/1008/642 572/1009/642 571/1010/642 569/1011/642 574/1012/642 576/1013/642 575/1014/642 573/1015/642 552/1016/643
f 547/1017/644 585/1018/644 588/1019/644 552/1020/644
f 545/1021/645 562/1022/646 1218/1023/647 1217/1024/647 561/1025/648 566/1026/648 1219/1027/647 1220/1028/647 565/1029/646 548/1030/649
f 545/982/624 546/995/630 549/998/633 550/983/625
f 550/986/628 549/1007/641 552/1016/643 551/987/629
f 569/1031/650 554/1032/651 557/1033/652 574/1034/653
f 546/1035/654 545/1021/645 548/1030/649 547/1036/655
f 577/984/626 579/1037/656 564/1038/657 562/981/623
f 579/1037/656 580/1039/658 563/1040/659 564/1038/657
f 580/1041/658 578/1004/638 561/1003/637 563/1042/659
f 565/980/622 567/1043/660 584/1044/661 582/977/620
f 567/1045/660 568/1046/662 583/1047/663 584/1048/661
f 568/1046/662 566/1006/640 581/1005/639 583/1047/663
f 553/996/631 555/1049/664 572/1050/665 570/997/632
f 555/1049/664 556/1051/666 571/1052/667 572/1050/665
f 556/1053/666 554/1032/651 569/1031/650 571/1054/667
f 573/1000/635 575/1055/668 560/1056/669 558/1001/636
f 575/1057/668 576/1058/670 559/1059/671 560/1060/669
f 576/1058/670 574/1034/653 557/1033/652 559/1059/671
f 553/1061/672 546/1035/654 547/1036/655 558/1062/672 1221/1063/673 1222/1064/673 557/1065/674 554/1066/674 1223/1067/673 1224/1068/673
f 587/1069/675 591/1070/675 590/1071/675 586/1072/675
f 552/1016/643 588/1073/676 612/1074/676 587/1075/676 551/987/629
f 548/1076/649 586/1077/677 609/1078/677 585/1079/677 547/1080/655
f 551/1081/675 587/1069/675 586/1072/675 548/1082/675
f 591/1070/675 601/1083/678 598/1084/679 590/1071/675
f 652/1085/680 667/1086/681 661/1087/682 659/1088/683
f 585/1018/644 589/1089/644 592/1090/644 588/1019/644
f 655/1091/684 652/1085/685 659/1088/683 650/1092/686
f 589/1089/644 593/1093/687 606/1094/688 592/1090/644
f 606/1095/689 608/1096/690 625/1097/691
f 602/1098/692 611/1099/693 610/1100/693 597/1101/692
f 597/1101/692 599/1102/694 604/1103/694 602/1098/692
f 599/1104/694 600/1105/695 603/1106/695 604/1107/694
f 600/1105/695 598/1084/679 601/1083/678 603/1106/695
f 593/1093/687 595/1108/696 608/1109/696 606/1094/688
f 595/1110/696 596/1111/697 607/1112/697 608/1113/696
f 596/1111/697 594/1114/698 605/1115/698 607/1112/697
f 598/1116/699 600/1117/700 671/1118/701
f 610/1119/702 594/1120/703 619/1121/704 614/1122/705
f 658/1123/706 662/1124/707 591/1125/708 587/1075/676 612/1074/676
f 605/1126/709 611/1127/710 617/1128/711 623/1129/712
f 593/1130/713 589/1131/714 656/1132/715 647/1133/716
f 592/1134/717 606/1095/689 625/1097/691 643/1135/718
f 601/1136/719 591/1125/708 664/1137/720 632/1138/721
f 603/1139/722 601/1136/719 632/1138/721
f 608/1096/690 607/1140/723 623/1129/712 625/1097/691
f 641/1141/724 613/1142/725 616/1143/726 638/1144/727
f 620/1145/728 628/1146/729 626/1147/730 622/1148/731
f 604/1149/732 603/1139/722 632/1138/721 637/1150/733
f 588/1073/676 592/1134/717 649/1151/734 658/1123/706 612/1074/676
f 600/1117/700 599/1152/735 634/1153/736 671/1118/701
f 602/1154/737 604/1149/732 637/1150/733
f 595/1155/738 593/1130/713 647/1133/716
f 586/1156/677 590/1157/739 668/1158/740 653/1159/741 609/1160/677
f 590/1157/739 598/1116/699 671/1118/701 668/1158/740
f 653/1159/741 656/1132/715 589/1131/714 585/1161/677 609/1160/677
f 613/1142/725 620/1162/728 622/1163/731 616/1143/726
f 594/1120/703 596/1164/742 629/1165/743 619/1121/704
f 611/1127/710 602/1154/737 637/1150/733 617/1128/711
f 643/1135/718 649/1151/734 592/1134/717
f 667/1086/681 670/1166/744 665/1167/745 661/1087/682
f 670/1168/744 635/1169/746 631/1170/747 665/1171/748
f 596/1164/742 595/1155/738 647/1133/716 629/1165/743
f 607/1140/723 605/1126/709 623/1129/712
f 599/1152/735 597/1172/749 640/1173/750 634/1153/736
f 635/1169/746 641/1174/724 638/1175/727 631/1170/747
f 628/1146/729 646/1176/751 644/1177/752 626/1147/730
f 591/1125/708 662/1124/707 664/1137/720
f 611/1099/693 605/1115/698 594/1114/698 610/1100/693
f 646/1178/751 655/1091/684 650/1092/686 644/1179/753
f 614/1122/705 615/1180/754 642/1181/755 640/1173/750
f 615/1182/756 613/1142/725 641/1141/724 642/1183/757
f 638/1175/727 639/1184/758 633/1185/759 631/1170/747
f 639/1186/758 637/1150/733 632/1138/721 633/1187/759
f 635/1169/746 636/1188/760 642/1189/757 641/1174/724
f 636/1190/760 634/1153/736 640/1173/750 642/1181/755
f 620/1145/728 621/1191/761 630/1192/762 628/1146/729
f 621/1193/763 619/1121/704 629/1165/743 630/1194/762
f 623/1129/712 624/1195/764 627/1196/765 625/1097/691
f 624/1197/764 622/1148/731 626/1147/730 627/1198/765
f 613/1142/725 615/1182/756 621/1199/761 620/1162/728
f 615/1180/754 614/1122/705 619/1121/704 621/1193/763
f 617/1128/711 618/1200/766 624/1195/764 623/1129/712
f 618/1201/766 616/1143/726 622/1163/731 624/1202/764
f 637/1150/733 639/1186/758 618/1200/766 617/1128/711
f 639/1203/758 638/1144/727 616/1143/726 618/1201/766
f 625/1097/691 627/1196/765 645/1204/767 643/1135/718
f 627/1198/765 626/1147/730 644/1177/752 645/1205/768
f 628/1146/729 630/1192/762 648/1206/769 646/1176/751
f 630/1194/762 629/1165/743 647/1133/716 648/1207/769
f 643/1135/718 645/1204/767 651/1208/770 649/1151/734
f 645/1209/767 644/1179/753 650/1092/686 651/1210/770
f 646/1178/751 648/1211/769 657/1212/771 655/1091/684
f 648/1207/769 647/1133/716 656/1132/715 657/1213/771
f 653/1159/741 654/1214/772 657/1213/771 656/1132/715
f 654/1215/773 652/1085/685 655/1091/684 657/1212/771
f 659/1088/683 660/1216/774 651/1210/770 650/1092/686
f 660/1217/774 658/1123/706 649/1151/734 651/1208/770
f 665/1167/745 666/1218/775 663/1219/776 661/1087/682
f 666/1220/775 664/1137/720 662/1124/707 663/1221/776
f 658/1123/706 660/1217/774 663/1221/776 662/1124/707
f 660/1216/774 659/1088/683 661/1087/682 663/1219/776
f 652/1085/680 654/1215/777 669/1222/778 667/1086/681
f 654/1214/772 653/1159/741 668/1158/740 669/1223/778
f 671/1118/701 672/1224/779 669/1223/778 668/1158/740
f 672/1225/779 670/1166/744 667/1086/681 669/1222/778
f 664/1137/720 666/1220/775 633/1187/759 632/1138/721
f 666/1226/780 665/1171/748 631/1170/747 633/1185/759
f 670/1168/744 672/1227/779 636/1188/760 635/1169/746
f 672/1224/779 671/1118/701 634/1153/736 636/1190/760
f 597/1172/749 610/1119/702 614/1122/705 640/1173/750
f 710/1228/781 693/1229/782 676/1230/783 679/1231/783
f 690/1232/784 705/1233/785 678/1234/786 673/1235/787
f 705/1236/788 707/1237/788 708/1238/788 706/1239/788 709/1240/788 711/1241/788 712/1242/788 710/1243/788 679/1244/789 678/1245/790
f 674/1246/791 677/1247/792 698/1248/793 681/1249/794
f 680/1250/795 675/1251/795 686/1252/796 701/1253/797
f 689/1254/798 694/1255/799 709/1256/800 706/1257/801
f 677/1258/802 680/1259/803 701/1260/804 703/1261/804 704/1262/804 702/1263/804 697/1264/804 699/1265/804 700/1266/804 698/1267/804
f 675/1268/644 680/1269/644 716/1270/644 713/1271/644
f 673/1272/805 676/1273/806 693/1274/807 1214/1275/808 1213/1276/808 694/1277/809 689/1278/809 1211/1279/808 1212/1280/808 690/1281/807
f 673/1235/787 678/1234/786 677/1247/792 674/1246/791
f 678/1245/790 679/1244/789 680/1259/803 677/1258/802
f 697/1282/810 702/1283/811 685/1284/812 682/1285/813
f 674/1286/814 675/1287/815 676/1273/806 673/1272/805
f 705/1233/785 690/1232/784 692/1288/816 707/1289/817
f 707/1289/817 692/1288/816 691/1290/818 708/1291/819
f 708/1292/819 691/1293/818 689/1254/798 706/1257/801
f 693/1229/782 710/1228/781 712/1294/820 695/1295/821
f 695/1296/821 712/1297/820 711/1298/822 696/1299/823
f 696/1299/823 711/1298/822 709/1256/800 694/1255/799
f 681/1249/794 698/1248/793 700/1300/824 683/1301/825
f 683/1301/825 700/1300/824 699/1302/826 684/1303/827
f 684/1304/827 699/1305/826 697/1282/810 682/1285/813
f 701/1253/797 686/1252/796 688/1306/828 703/1307/829
f 703/1307/829 688/1306/828 687/1308/830 704/1309/831
f 704/1310/831 687/1311/830 685/1284/812 702/1283/811
f 681/1312/832 682/1313/833 685/1314/833 1215/1315/834 1216/1316/834 686/1317/832 675/1287/815 674/1286/814
f 715/1318/675 714/1319/675 718/1320/675 719/1321/675
f 680/1259/803 679/1244/789 715/1322/835 740/1323/835 716/1324/835
f 676/1273/806 675/1287/815 713/1325/836 737/1326/836 714/1327/836
f 679/1328/675 676/1329/675 714/1319/675 715/1318/675
f 719/1321/675 718/1320/675 726/1330/837 729/1331/838
f 780/1332/839 787/1333/840 789/1334/841 795/1335/842
f 713/1271/644 716/1270/644 720/1336/644 717/1337/644
f 783/1338/843 778/1339/844 787/1333/840 780/1332/845
f 717/1337/644 720/1336/644 734/1340/846 721/1341/847
f 734/1342/848 753/1343/849 736/1344/850
f 730/1345/851 725/1346/851 738/1347/852 739/1348/852
f 725/1346/851 730/1345/851 732/1349/853 727/1350/853
f 727/1351/853 732/1352/853 731/1353/854 728/1354/854
f 728/1354/854 731/1353/854 729/1331/838 726/1330/837
f 721/1341/847 734/1340/846 736/1355/855 723/1356/855
f 723/1356/855 736/1355/855 735/1357/856 724/1358/856
f 724/1359/856 735/1360/856 733/1361/857 722/1362/857
f 726/1363/858 799/1364/859 728/1365/860
f 738/1366/861 742/1367/862 747/1368/863 722/1369/864
f 786/1370/865 740/1323/835 715/1322/835 719/1371/866 790/1372/867
f 733/1373/868 751/1374/869 745/1375/870 739/1376/871
f 721/1377/872 775/1378/873 784/1379/874 717/1380/875
f 720/1381/876 771/1382/877 753/1343/849 734/1342/848
f 729/1383/878 760/1384/879 792/1385/880 719/1371/866
f 731/1386/881 760/1384/879 729/1383/878
f 736/1344/850 753/1343/849 751/1374/869 735/1387/882
f 769/1388/883 766/1389/884 744/1390/885 741/1391/886
f 748/1392/887 750/1393/888 754/1394/889 756/1395/890
f 732/1396/891 765/1397/892 760/1384/879 731/1386/881
f 716/1324/835 740/1323/835 786/1370/865 777/1398/893 720/1381/876
f 728/1365/860 799/1364/859 762/1399/894 727/1400/895
f 730/1401/896 765/1397/892 732/1396/891
f 723/1402/897 775/1378/873 721/1377/872
f 714/1327/836 737/1326/836 781/1403/898 796/1404/899 718/1405/900
f 718/1405/900 796/1404/899 799/1364/859 726/1363/858
f 781/1403/898 737/1326/836 713/1325/836 717/1380/875 784/1379/874
f 741/1391/886 744/1390/885 750/1406/888 748/1407/887
f 722/1369/864 747/1368/863 757/1408/901 724/1409/902
f 739/1376/871 745/1375/870 765/1397/892 730/1401/896
f 771/1382/877 720/1381/876 777/1398/893
f 795/1335/842 789/1334/841 793/1410/903 798/1411/904
f 798/1412/904 793/1413/905 759/1414/906 763/1415/907
f 724/1409/902 757/1408/901 775/1378/873 723/1402/897
f 735/1387/882 751/1374/869 733/1373/868
f 727/1400/895 762/1399/894 768/1416/908 725/1417/909
f 763/1415/907 759/1414/906 766/1418/884 769/1419/883
f 756/1395/890 754/1394/889 772/1420/910 774/1421/911
f 719/1371/866 792/1385/880 790/1372/867
f 739/1348/852 738/1347/852 722/1362/857 733/1361/857
f 774/1422/911 772/1423/912 778/1339/844 783/1338/843
f 742/1367/862 768/1416/908 770/1424/913 743/1425/914
f 743/1426/915 770/1427/916 769/1388/883 741/1391/886
f 766/1418/884 759/1414/906 761/1428/917 767/1429/918
f 767/1430/918 761/1431/917 760/1384/879 765/1397/892
f 763/1415/907 769/1419/883 770/1432/916 764/1433/919
f 764/1434/919 770/1424/913 768/1416/908 762/1399/894
f 748/1392/887 756/1395/890 758/1435/920 749/1436/921
f 749/1437/922 758/1438/920 757/1408/901 747/1368/863
f 751/1374/869 753/1343/849 755/1439/923 752/1440/924
f 752/1441/924 755/1442/923 754/1394/889 750/1393/888
f 741/1391/886 748/1407/887 749/1443/921 743/1426/915
f 743/1425/914 749/1437/922 747/1368/863 742/1367/862
f 745/1375/870 751/1374/869 752/1440/924 746/1444/925
f 746/1445/925 752/1446/924 750/1406/888 744/1390/885
f 765/1397/892 745/1375/870 746/1444/925 767/1430/918
f 767/1447/918 746/1445/925 744/1390/885 766/1389/884
f 753/1343/849 771/1382/877 773/1448/926 755/1439/923
f 755/1442/923 773/1449/927 772/1420/910 754/1394/889
f 756/1395/890 774/1421/911 776/1450/928 758/1435/920
f 758/1438/920 776/1451/928 775/1378/873 757/1408/901
f 771/1382/877 777/1398/893 779/1452/929 773/1448/926
f 773/1453/926 779/1454/929 778/1339/844 772/1423/912
f 774/1422/911 783/1338/843 785/1455/930 776/1456/928
f 776/1451/928 785/1457/930 784/1379/874 775/1378/873
f 781/1403/898 784/1379/874 785/1457/930 782/1458/931
f 782/1459/932 785/1455/930 783/1338/843 780/1332/845
f 787/1333/840 778/1339/844 779/1454/929 788/1460/933
f 788/1461/933 779/1452/929 777/1398/893 786/1370/865
f 793/1410/903 789/1334/841 791/1462/934 794/1463/935
f 794/1464/935 791/1465/934 790/1372/867 792/1385/880
f 786/1370/865 790/1372/867 791/1465/934 788/1461/933
f 788/1460/933 791/1462/934 789/1334/841 787/1333/840
f 780/1332/839 795/1335/842 797/1466/936 782/1459/937
f 782/1458/931 797/1467/936 796/1404/899 781/1403/898
f 799/1364/859 796/1404/899 797/1467/936 800/1468/938
f 800/1469/938 797/1466/936 795/1335/842 798/1411/904
f 792/1385/880 760/1384/879 761/1431/917 794/1464/935
f 794/1470/939 761/1428/917 759/1414/906 793/1413/905
f 798/1412/904 763/1415/907 764/1433/919 800/1471/938
f 800/1468/938 764/1434/919 762/1399/894 799/1364/859
f 725/1417/909 768/1416/908 742/1367/862 738/1366/861
f 995/1472/940 998/1473/941 927/1474/942 924/1475/943
f 828/1476/944 827/1477/945 812/1478/946 810/1479/947
f 826/1480/948 825/1481/949 816/1482/950 814/1483/951
f 825/1481/952 832/1484/953 802/1485/954 816/1482/955
f 831/1486/956 830/1487/957 806/1488/958 804/1489/959
f 829/1490/960 828/1491/944 810/1492/947 808/1493/961
f 827/1477/945 826/1494/948 814/1495/951 812/1478/946
f 832/1496/953 831/1486/956 804/1489/959 802/1497/954
f 830/1498/957 829/1490/962 808/1493/963 806/1499/958
f 807/1500/964 809/1501/965 821/1502/966 820/1503/967
f 851/1504/968 899/1505/969 903/1506/970 852/1507/971
f 813/1508/972 815/1509/973 824/1510/974 823/1511/975
f 803/1512/976 805/1513/977 819/1514/978 818/1515/979
f 809/1501/980 811/1516/981 822/1517/982 821/1502/983
f 815/1518/973 801/1519/984 817/1520/985 824/1521/986
f 801/1519/987 803/1522/976 818/1523/979 817/1520/988
f 805/1513/977 807/1524/964 820/1525/967 819/1514/978
f 811/1526/981 813/1508/972 823/1511/975 822/1527/989
f 824/1521/986 817/1520/985 876/1528/990 896/1529/991
f 822/1527/989 823/1511/975 893/1530/992 890/1531/993
f 820/1503/967 821/1502/966 887/1532/994 884/1533/995
f 875/1534/996 879/1535/997 882/1536/998 885/1537/999 888/1538/1000 891/1539/1001 894/1540/1002 897/1541/1003
f 818/1515/979 819/1514/978 881/1542/1004 878/1543/1005
f 823/1511/975 824/1510/974 896/1544/991 893/1530/992
f 821/1502/983 822/1517/982 890/1545/993 887/1532/994
f 819/1514/978 820/1525/967 884/1546/995 881/1542/1004
f 815/1518/973 832/1484/953 825/1481/952 801/1519/984
f 813/1508/972 831/1547/956 832/1548/953 815/1509/973
f 811/1526/981 830/1549/957 831/1547/956 813/1508/972
f 809/1501/980 829/1490/962 830/1498/957 811/1516/981
f 807/1500/964 828/1491/944 829/1490/960 809/1501/965
f 805/1513/977 827/1550/945 828/1551/944 807/1524/964
f 803/1512/976 826/1552/948 827/1550/945 805/1513/977
f 801/1519/987 825/1481/949 826/1480/948 803/1522/976
f 802/1497/954 804/1489/959 975/1553/1006 972/1554/1007
f 977/1555/1008 980/1556/1009 1005/1557/1010 1002/1558/1011
f 983/1559/1012 986/1560/1013 1011/1561/1014 1008/1562/1015
f 989/1563/1016 993/1564/1017 1016/1565/1018 1014/1566/1019
f 993/1564/1020 971/1567/1021 996/1568/1022 1016/1565/1023
f 980/1556/1024 983/1569/1012 1008/1570/1015 1005/1557/1025
f 986/1560/1013 989/1571/1016 1014/1572/1019 1011/1561/1014
f 816/1482/955 802/1485/954 972/1573/1007 992/1574/1026
f 806/1499/958 808/1493/963 981/1575/1027 978/1576/1028
f 810/1479/947 812/1478/946 987/1577/1029 984/1578/1030
f 814/1483/951 816/1482/950 992/1574/1031 990/1579/1032
f 974/1580/1033 977/1581/1008 1002/1582/1011 999/1583/1034
f 804/1489/959 806/1488/958 978/1584/1028 975/1553/1006
f 808/1493/961 810/1492/947 984/1585/1035 981/1575/1036
f 812/1478/946 814/1495/951 990/1586/1037 987/1577/1029
f 941/1587/1038 945/1588/1039 874/1589/1040 873/1590/1041
f 945/1588/1042 923/1591/1043 867/1592/1044 874/1589/1045
f 932/1593/1046 935/1594/1047 871/1595/1048 870/1596/1049
f 938/1597/1050 941/1598/1038 873/1599/1041 834/1600/1051
f 948/1601/1052 867/1602/1044 868/1603/1053 951/1604/1054
f 1017/1605/1055 995/1606/940 924/1607/943 944/1608/1056
f 929/1609/1057 932/1593/1058 870/1596/1059 869/1610/1060
f 935/1611/1047 938/1597/1050 834/1600/1051 871/1612/1048
f 926/1613/1061 929/1614/1057 869/1615/1060 833/1616/1062
f 1001/1617/1063 1004/1618/1064 933/1619/1065 930/1620/1066
f 1007/1621/1067 1010/1622/1068 939/1623/1069 936/1624/1070
f 1013/1625/1071 1017/1605/1072 944/1608/1073 942/1626/1074
f 998/1473/941 1001/1627/1063 930/1628/1066 927/1474/942
f 1004/1618/1075 1007/1629/1067 936/1630/1070 933/1619/1076
f 1010/1622/1068 1013/1631/1071 942/1632/1074 939/1623/1069
f 1020/1633/1077 1043/1634/1078 1046/1635/1079 1023/1636/1080
f 1044/1637/1081 947/1638/1082 950/1639/1083 1047/1640/1084
f 862/1641/1085 844/1642/1086 846/1643/1087 861/1644/1088
f 860/1645/1089 848/1646/1090 850/1647/1091 859/1648/1092
f 859/1648/1093 850/1647/1094 836/1649/1095 866/1650/1096
f 865/1651/1097 838/1652/1098 840/1653/1099 864/1654/1100
f 863/1655/1101 842/1656/1102 844/1657/1086 862/1658/1085
f 861/1644/1088 846/1643/1087 848/1659/1090 860/1660/1089
f 866/1661/1096 836/1662/1095 838/1652/1098 865/1651/1097
f 864/1663/1100 840/1664/1099 842/1656/1103 863/1655/1104
f 841/1665/1105 854/1666/1106 855/1667/1107 843/1668/1108
f 847/1669/1109 857/1670/1110 858/1671/1111 849/1672/1112
f 837/1673/1113 852/1674/971 853/1675/1114 839/1676/1115
f 843/1668/1116 855/1667/1117 856/1677/1118 845/1678/1119
f 849/1679/1112 858/1680/1120 851/1504/1121 835/1681/1122
f 835/1681/1123 851/1504/968 852/1507/971 837/1682/1113
f 839/1676/1115 853/1675/1114 854/1683/1106 841/1684/1105
f 845/1685/1119 856/1686/1124 857/1670/1110 847/1669/1109
f 858/1680/1120 921/1687/1125 899/1505/969 851/1504/1121
f 856/1686/1124 915/1688/1126 918/1689/1127 857/1670/1110
f 854/1666/1106 909/1690/1128 912/1691/1129 855/1667/1107
f 900/1692/1130 920/1693/1131 917/1694/1132 914/1695/1133 911/1696/1134 908/1697/1135 905/1698/1136 902/1699/1137
f 852/1674/971 903/1700/970 906/1701/1138 853/1675/1114
f 857/1670/1110 918/1689/1127 921/1702/1125 858/1671/1111
f 855/1667/1117 912/1691/1129 915/1703/1126 856/1677/1118
f 853/1675/1114 906/1701/1138 909/1704/1128 854/1683/1106
f 849/1679/1112 835/1681/1122 859/1648/1093 866/1650/1096
f 847/1669/1109 849/1672/1112 866/1705/1096 865/1706/1097
f 845/1685/1119 847/1669/1109 865/1706/1097 864/1707/1100
f 843/1668/1116 845/1678/1119 864/1663/1100 863/1655/1104
f 841/1665/1105 843/1668/1108 863/1655/1101 862/1658/1085
f 839/1676/1115 841/1684/1105 862/1708/1085 861/1709/1088
f 837/1673/1113 839/1676/1115 861/1709/1088 860/1710/1089
f 835/1681/1123 837/1682/1113 860/1645/1089 859/1648/1092
f 1023/1636/1080 1046/1635/1079 1049/1711/1139 1026/1712/1140
f 1026/1713/1140 1049/1714/1139 1052/1715/1141 1029/1716/1142
f 1032/1717/1143 1055/1718/1144 1058/1719/1145 1035/1720/1146
f 1038/1721/1147 1061/1722/1148 1065/1723/1149 1040/1724/1150
f 1040/1724/1151 1065/1723/1152 1043/1725/1078 1020/1726/1077
f 1029/1716/1153 1052/1715/1154 1055/1727/1144 1032/1728/1143
f 1035/1720/1146 1058/1719/1145 1061/1729/1148 1038/1730/1147
f 836/1662/1095 1019/1731/1155 1022/1732/1156 838/1652/1098
f 840/1664/1099 1025/1733/1157 1028/1734/1158 842/1656/1103
f 844/1642/1086 1031/1735/1159 1034/1736/1160 846/1643/1087
f 848/1646/1090 1037/1737/1161 1041/1738/1162 850/1647/1091
f 850/1647/1094 1041/1738/1163 1019/1739/1155 836/1649/1095
f 838/1652/1098 1022/1732/1156 1025/1740/1157 840/1653/1099
f 842/1656/1102 1028/1734/1164 1031/1741/1159 844/1657/1086
f 846/1643/1087 1034/1736/1160 1037/1742/1161 848/1659/1090
f 966/1743/1165 873/1590/1041 874/1589/1040 968/1744/1166
f 968/1744/1167 874/1589/1045 867/1592/1044 948/1745/1052
f 957/1746/1168 870/1596/1049 871/1595/1048 960/1747/1169
f 963/1748/1170 872/1749/1171 873/1750/1041 966/1751/1165
f 951/1604/1054 868/1603/1053 869/1752/1060 954/1753/1172
f 954/1754/1172 869/1610/1060 870/1596/1059 957/1746/1173
f 960/1755/1169 871/1756/1048 872/1749/1171 963/1748/1170
f 1047/1640/1084 950/1639/1083 953/1757/1174 1050/1758/1175
f 1050/1759/1175 953/1760/1174 956/1761/1176 1053/1762/1177
f 1056/1763/1178 959/1764/1179 962/1765/1180 1059/1766/1181
f 1062/1767/1182 965/1768/1183 969/1769/1184 1064/1770/1185
f 1064/1770/1186 969/1769/1187 947/1771/1082 1044/1772/1081
f 1053/1762/1188 956/1761/1189 959/1773/1179 1056/1774/1178
f 1059/1766/1181 962/1765/1180 965/1775/1183 1062/1776/1182
f 876/1528/990 878/1777/1005 880/1778/1190 877/1779/1191
f 877/1780/1191 880/1781/1192 879/1535/997 875/1534/996
f 878/1543/1005 881/1542/1004 883/1782/1193 880/1783/1190
f 880/1781/1192 883/1784/1194 882/1536/998 879/1535/997
f 881/1542/1004 884/1546/995 886/1785/1195 883/1782/1193
f 883/1784/1194 886/1786/1196 885/1537/999 882/1536/998
f 884/1533/995 887/1532/994 889/1787/1197 886/1788/1195
f 886/1786/1196 889/1789/1197 888/1538/1000 885/1537/999
f 887/1532/994 890/1545/993 892/1790/1198 889/1787/1197
f 889/1789/1197 892/1791/1198 891/1539/1001 888/1538/1000
f 890/1531/993 893/1530/992 895/1792/1199 892/1793/1198
f 892/1791/1198 895/1794/1199 894/1540/1002 891/1539/1001
f 893/1530/992 896/1544/991 898/1795/1200 895/1792/1199
f 895/1794/1199 898/1796/1200 897/1541/1003 894/1540/1002
f 896/1529/991 876/1528/990 877/1779/1191 898/1797/1200
f 898/1796/1200 877/1780/1191 875/1534/996 897/1541/1003
f 900/1692/1130 902/1699/1137 904/1798/1201 901/1799/1202
f 901/1800/1202 904/1801/1203 903/1506/970 899/1505/969
f 902/1699/1137 905/1698/1136 907/1802/1204 904/1798/1201
f 904/1803/1203 907/1804/1205 906/1701/1138 903/1700/970
f 905/1698/1136 908/1697/1135 910/1805/1206 907/1802/1204
f 907/1804/1205 910/1806/1207 909/1704/1128 906/1701/1138
f 908/1697/1135 911/1696/1134 913/1807/1208 910/1805/1206
f 910/1808/1207 913/1809/1208 912/1691/1129 909/1690/1128
f 911/1696/1134 914/1695/1133 916/1810/1209 913/1807/1208
f 913/1809/1208 916/1811/1209 915/1703/1126 912/1691/1129
f 914/1695/1133 917/1694/1132 919/1812/1210 916/1810/1209
f 916/1813/1209 919/1814/1210 918/1689/1127 915/1688/1126
f 917/1694/1132 920/1693/1131 922/1815/1211 919/1812/1210
f 919/1814/1210 922/1816/1211 921/1702/1125 918/1689/1127
f 920/1693/1131 900/1692/1130 901/1799/1202 922/1815/1211
f 922/1817/1211 901/1800/1202 899/1505/969 921/1687/1125
f 817/1520/988 818/1523/979 878/1777/1005 876/1528/990
f 945/1588/1039 941/1587/1038 943/1818/1212 946/1819/1213
f 946/1819/1213 943/1818/1212 942/1626/1074 944/1608/1073
f 941/1598/1038 938/1597/1050 940/1820/1214 943/1821/1212
f 943/1821/1212 940/1820/1214 939/1623/1069 942/1632/1074
f 938/1597/1050 935/1611/1047 937/1822/1215 940/1820/1214
f 940/1820/1214 937/1822/1215 936/1624/1070 939/1623/1069
f 935/1594/1047 932/1593/1046 934/1823/1216 937/1824/1215
f 937/1824/1215 934/1823/1216 933/1619/1076 936/1630/1070
f 932/1593/1058 929/1609/1057 931/1825/1217 934/1823/1218
f 934/1823/1218 931/1825/1217 930/1620/1066 933/1619/1065
f 929/1614/1057 926/1613/1061 928/1826/1219 931/1827/1217
f 931/1827/1217 928/1826/1219 927/1474/942 930/1628/1066
f 926/1613/1061 923/1828/1043 925/1829/1220 928/1826/1219
f 928/1826/1219 925/1829/1220 924/1475/943 927/1474/942
f 923/1591/1043 945/1588/1042 946/1819/1221 925/1830/1220
f 925/1830/1220 946/1819/1221 944/1608/1056 924/1607/943
f 969/1769/1184 965/1768/1183 967/1831/1222 970/1832/1223
f 970/1832/1223 967/1831/1222 966/1743/1165 968/1744/1166
f 965/1775/1183 962/1765/1180 964/1833/1224 967/1834/1222
f 967/1834/1222 964/1833/1224 963/1748/1170 966/1751/1165
f 962/1765/1180 959/1764/1179 961/1835/1225 964/1833/1224
f 964/1833/1224 961/1835/1225 960/1755/1169 963/1748/1170
f 959/1773/1179 956/1761/1189 958/1836/1226 961/1837/1225
f 961/1837/1225 958/1836/1226 957/1746/1168 960/1747/1169
f 956/1761/1176 953/1760/1174 955/1838/1227 958/1836/1228
f 958/1836/1228 955/1838/1227 954/1754/1172 957/1746/1173
f 953/1757/1174 950/1639/1083 952/1839/1229 955/1840/1227
f 955/1840/1227 952/1839/1229 951/1604/1054 954/1753/1172
f 950/1639/1083 947/1638/1082 949/1841/1230 952/1839/1229
f 952/1839/1229 949/1841/1230 948/1601/1052 951/1604/1054
f 947/1771/1082 969/1769/1187 970/1832/1231 949/1842/1230
f 949/1842/1230 970/1832/1231 968/1744/1167 948/1745/1052
f 923/1828/1043 926/1613/1061 833/1616/1062 867/1843/1044
f 993/1564/1017 989/1563/1016 991/1844/1232 994/1845/1233
f 994/1845/1233 991/1844/1232 990/1579/1032 992/1574/1031
f 989/1571/1016 986/1560/1013 988/1846/1234 991/1847/1232
f 991/1847/1232 988/1846/1234 987/1577/1029 990/1586/1037
f 986/1560/1013 983/1559/1012 985/1848/1235 988/1846/1234
f 988/1846/1234 985/1848/1235 984/1578/1030 987/1577/1029
f 983/1569/1012 980/1556/1024 982/1849/1236 985/1850/1235
f 985/1850/1235 982/1849/1236 981/1575/1036 984/1585/1035
f 980/1556/1009 977/1555/1008 979/1851/1237 982/1849/1238
f 982/1849/1238 979/1851/1237 978/1576/1028 981/1575/1027
f 977/1581/1008 974/1580/1033 976/1852/1239 979/1853/1237
f 979/1853/1237 976/1852/1239 975/1553/1006 978/1584/1028
f 974/1580/1033 971/1854/1021 973/1855/1240 976/1852/1239
f 976/1852/1239 973/1855/1240 972/1554/1007 975/1553/1006
f 971/1567/1021 993/1564/1020 994/1845/1241 973/1856/1240
f 973/1856/1240 994/1845/1241 992/1574/1026 972/1573/1007
f 1017/1605/1072 1013/1625/1071 1015/1857/1242 1018/1858/1243
f 1018/1858/1243 1015/1857/1242 1014/1566/1019 1016/1565/1018
f 1013/1631/1071 1010/1622/1068 1012/1859/1244 1015/1860/1245
f 1015/1861/1245 1012/1862/1244 1011/1561/1014 1014/1572/1019
f 1010/1622/1068 1007/1621/1067 1009/1863/1246 1012/1859/1244
f 1012/1862/1244 1009/1864/1246 1008/1562/1015 1011/1561/1014
f 1007/1629/1067 1004/1618/1075 1006/1865/1247 1009/1866/1248
f 1009/1866/1248 1006/1865/1247 1005/1557/1025 1008/1570/1015
f 1004/1618/1064 1001/1617/1063 1003/1867/1249 1006/1865/1250
f 1006/1865/1250 1003/1867/1249 1002/1558/1011 1005/1557/1010
f 1001/1627/1063 998/1473/941 1000/1868/1251 1003/1869/1249
f 1003/1870/1249 1000/1871/1251 999/1583/1034 1002/1582/1011
f 998/1473/941 995/1472/940 997/1872/1252 1000/1868/1251
f 1000/1871/1251 997/1873/1252 996/1874/1022 999/1583/1034
f 995/1606/940 1017/1605/1055 1018/1858/1253 997/1875/1252
f 997/1875/1252 1018/1858/1253 1016/1565/1023 996/1568/1022
f 1041/1738/1162 1037/1737/1161 1039/1876/1254 1042/1877/1255
f 1042/1877/1255 1039/1876/1254 1038/1721/1147 1040/1724/1150
f 1037/1742/1161 1034/1736/1160 1036/1878/1256 1039/1879/1254
f 1039/1879/1254 1036/1878/1256 1035/1720/1146 1038/1730/1147
f 1034/1736/1160 1031/1735/1159 1033/1880/1257 1036/1878/1256
f 1036/1878/1256 1033/1880/1257 1032/1717/1143 1035/1720/1146
f 1031/1741/1159 1028/1734/1164 1030/1881/1258 1033/1882/1257
f 1033/1882/1257 1030/1881/1258 1029/1716/1153 1032/1728/1143
f 1028/1734/1158 1025/1733/1157 1027/1883/1259 1030/1881/1260
f 1030/1881/1260 1027/1883/1259 1026/1713/1140 1029/1716/1142
f 1025/1740/1157 1022/1732/1156 1024/1884/1261 1027/1885/1259
f 1027/1885/1259 1024/1884/1261 1023/1636/1080 1026/1712/1140
f 1022/1732/1156 1019/1731/1155 1021/1886/1262 1024/1884/1261
f 1024/1884/1261 1021/1886/1262 1020/1633/1077 1023/1636/1080
f 1019/1739/1155 1041/1738/1163 1042/1877/1263 1021/1887/1262
f 1021/1887/1262 1042/1877/1263 1040/1724/1151 1020/1726/1077
f 1065/1723/1149 1061/1722/1148 1063/1888/1264 1066/1889/1265
f 1066/1889/1265 1063/1888/1264 1062/1767/1182 1064/1770/1185
f 1061/1729/1148 1058/1719/1145 1060/1890/1266 1063/1891/1264
f 1063/1892/1264 1060/1893/1266 1059/1766/1181 1062/1776/1182
f 1058/1719/1145 1055/1718/1144 1057/1894/1267 1060/1890/1266
f 1060/1893/1266 1057/1895/1267 1056/1763/1178 1059/1766/1181
f 1055/1727/1144 1052/1715/1154 1054/1896/1268 1057/1897/1267
f 1057/1897/1267 1054/1896/1268 1053/1762/1188 1056/1774/1178
f 1052/1715/1141 1049/1714/1139 1051/1898/1269 1054/1896/1270
f 1054/1896/1270 1051/1898/1269 1050/1759/1175 1053/1762/1177
f 1049/1711/1139 1046/1635/1079 1048/1899/1271 1051/1900/1269
f 1051/1901/1269 1048/1902/1271 1047/1640/1084 1050/1758/1175
f 1046/1635/1079 1043/1634/1078 1045/1903/1272 1048/1899/1271
f 1048/1902/1271 1045/1904/1272 1044/1637/1081 1047/1640/1084
f 1043/1725/1078 1065/1723/1152 1066/1889/1273 1045/1905/1272
f 1045/1905/1272 1066/1889/1273 1064/1770/1186 1044/1772/1081
f 971/1854/1021 974/1580/1033 999/1583/1034 996/1874/1022
f 1107/371/216 1067/347/198 1069/1906/1274 1108/1907/1275
f 1108/1907/1275 1069/1906/1274 1068/346/197 1106/302/161
f 1110/338/191 1070/337/190 1072/1908/1276 1111/1909/1277
f 1111/1909/1277 1072/1908/1276 1071/343/195 1109/298/157
f 1067/347/198 1073/334/187 1075/1910/1278 1069/1906/1274
f 1069/1906/1274 1075/1910/1278 1074/331/185 1068/346/197
f 1070/337/190 1076/349/200 1078/1911/1279 1072/1908/1276
f 1072/1908/1276 1078/1911/1279 1077/344/183 1071/343/195
f 1073/334/187 1079/333/186 1081/1912/1280 1075/1910/1278
f 1075/1910/1278 1081/1912/1280 1080/332/181 1074/331/185
f 1076/352/200 1082/351/202 1084/1913/1281 1078/1914/1279
f 1078/1914/1279 1084/1913/1281 1083/324/179 1077/328/183
f 1079/356/186 1085/355/204 1087/1915/1282 1081/1916/1280
f 1081/1916/1280 1087/1915/1282 1086/317/174 1080/326/181
f 1082/351/202 1088/359/206 1090/1917/1283 1084/1913/1281
f 1084/1913/1281 1090/1917/1283 1089/314/171 1083/324/179
f 1113/361/208 1091/364/211 1093/1918/1284 1114/1919/1285
f 1114/1919/1285 1093/1918/1284 1092/321/177 1112/318/175
f 1085/355/204 1113/361/208 1114/1919/1285 1087/1915/1282
f 1087/1915/1282 1114/1919/1285 1112/318/175 1086/317/174
f 1088/359/206 1094/310/167 1096/1920/1286 1090/1917/1283
f 1090/1917/1283 1096/1920/1286 1095/307/165 1089/314/171
f 1091/364/211 1097/363/210 1099/1921/1287 1093/1918/1284
f 1093/1918/1284 1099/1921/1287 1098/322/163 1092/321/177
f 1094/310/167 1100/309/166 1102/1922/1288 1096/1920/1286
f 1096/1920/1286 1102/1922/1288 1101/308/160 1095/307/165
f 1097/368/210 1103/367/214 1105/1923/1289 1099/1924/1287
f 1099/1924/1287 1105/1923/1289 1104/297/156 1098/304/163
f 1100/372/166 1107/371/216 1108/1907/1275 1102/1925/1288
f 1102/1925/1288 1108/1907/1275 1106/302/161 1101/301/160
f 1103/367/214 1110/338/191 1111/1909/1277 1105/1923/1289
f 1105/1923/1289 1111/1909/1277 1109/298/157 1104/297/156
f 1155/376/219 1115/375/218 1117/1926/1290 1156/1927/1291
f 1156/1927/1291 1117/1926/1290 1116/422/265 1154/384/229
f 1158/416/259 1118/415/258 1120/1928/1292 1159/1929/1293
f 1159/1929/1293 1120/1928/1292 1119/419/263 1157/380/225
f 1115/375/218 1121/414/255 1123/1930/1294 1117/1926/1290
f 1117/1926/1290 1123/1930/1294 1122/411/253 1116/422/265
f 1118/415/258 1124/423/266 1126/1931/1295 1120/1928/1292
f 1120/1928/1292 1126/1931/1295 1125/420/251 1119/419/263
f 1121/414/255 1127/413/254 1129/1932/1296 1123/1930/1294
f 1123/1930/1294 1129/1932/1296 1128/412/249 1122/411/253
f 1124/425/266 1130/424/268 1132/1933/1297 1126/1934/1295
f 1126/1934/1295 1132/1933/1297 1131/404/247 1125/408/251
f 1127/427/254 1133/426/270 1135/1935/1298 1129/1936/1296
f 1129/1936/1296 1135/1935/1298 1134/397/242 1128/406/249
f 1130/424/268 1136/428/272 1138/1937/1299 1132/1933/1297
f 1132/1933/1297 1138/1937/1299 1137/394/239 1131/404/247
f 1161/429/274 1139/431/277 1141/1938/1300 1162/1939/1301
f 1162/1939/1301 1141/1938/1300 1140/401/245 1160/398/243
f 1133/426/270 1161/429/274 1162/1939/1301 1135/1935/1298
f 1135/1935/1298 1162/1939/1301 1160/398/243 1134/397/242
f 1136/428/272 1142/392/235 1144/1940/1302 1138/1937/1299
f 1138/1937/1299 1144/1940/1302 1143/389/233 1137/394/239
f 1139/431/277 1145/430/276 1147/1941/1303 1141/1938/1300
f 1141/1938/1300 1147/1941/1303 1146/402/231 1140/401/245
f 1142/392/235 1148/391/234 1150/1942/1304 1144/1940/1302
f 1144/1940/1302 1150/1942/1304 1149/390/228 1143/389/233
f 1145/433/276 1151/432/280 1153/1943/1305 1147/1944/1303
f 1147/1944/1303 1153/1943/1305 1152/379/224 1146/386/231
f 1148/434/234 1155/376/219 1156/1927/1291 1150/1945/1304
f 1150/1945/1304 1156/1927/1291 1154/384/229 1149/383/228
f 1151/432/280 1158/416/259 1159/1929/1293 1153/1943/1305
f 1153/1943/1305 1159/1929/1293 1157/380/225 1152/379/224
f 1203/436/283 1163/435/282 1165/1946/1306 1204/1947/1307
f 1204/1947/1307 1165/1946/1306 1164/482/329 1202/444/293
f 1206/476/323 1166/475/322 1168/1948/1308 1207/1949/1309
f 1207/1949/1309 1168/1948/1308 1167/479/327 1205/440/289
f 1163/435/282 1169/474/319 1171/1950/1310 1165/1946/1306
f 1165/1946/1306 1171/1950/1310 1170/471/317 1164/482/329
f 1166/475/322 1172/483/330 1174/1951/1311 1168/1948/1308
f 1168/1948/1308 1174/1951/1311 1173/480/315 1167/479/327
f 1169/474/319 1175/473/318 1177/1952/1312 1171/1950/1310
f 1171/1950/1310 1177/1952/1312 1176/472/313 1170/471/317
f 1172/485/330 1178/484/332 1180/1953/1313 1174/1954/1311
f 1174/1954/1311 1180/1953/1313 1179/464/311 1173/468/315
f 1175/487/318 1181/486/334 1183/1955/1314 1177/1956/1312
f 1177/1956/1312 1183/1955/1314 1182/457/306 1176/466/313
f 1178/484/332 1184/488/336 1186/1957/1315 1180/1953/1313
f 1180/1953/1313 1186/1957/1315 1185/454/303 1179/464/311
f 1209/489/338 1187/491/341 1189/1958/1316 1210/1959/1317
f 1210/1959/1317 1189/1958/1316 1188/461/309 1208/458/307
f 1181/486/334 1209/489/338 1210/1959/1317 1183/1955/1314
f 1183/1955/1314 1210/1959/1317 1208/458/307 1182/457/306
f 1184/488/336 1190/452/299 1192/1960/1318 1186/1957/1315
f 1186/1957/1315 1192/1960/1318 1191/449/297 1185/454/303
f 1187/491/341 1193/490/340 1195/1961/1319 1189/1958/1316
f 1189/1958/1316 1195/1961/1319 1194/462/295 1188/461/309
f 1190/452/299 1196/451/298 1198/1962/1320 1192/1960/1318
f 1192/1960/1318 1198/1962/1320 1197/450/292 1191/449/297
f 1193/493/340 1199/492/344 1201/1963/1321 1195/1964/1319
f 1195/1964/1319 1201/1963/1321 1200/439/288 1194/446/295
f 1196/494/298 1203/436/283 1204/1947/1307 1198/1965/1320
f 1198/1965/1320 1204/1947/1307 1202/444/293 1197/443/292
f 1199/492/344 1206/476/323 1207/1949/1309 1201/1963/1321
f 1201/1963/1321 1207/1949/1309 1205/440/289 1200/439/288
f 1067/347/198 1107/371/216 49/374/217 50/348/199
f 694/1277/809 1213/1276/808 696/1966/1322
f 690/1281/807 1212/1280/808 692/1967/1322
f 691/1968/1322 1211/1279/808 689/1278/809
f 692/1967/1322 1212/1280/808 1211/1279/808 691/1968/1322
f 696/1966/1322 1213/1276/808 1214/1275/808 695/1969/1322
f 695/1969/1322 1214/1275/808 693/1274/807
f 686/1317/832 1216/1316/834 688/1970/1323
f 682/1313/833 681/1312/832 683/1971/1323 684/1972/1323
f 687/1973/1323 1215/1315/834 685/1314/833
f 688/1970/1323 1216/1316/834 1215/1315/834 687/1973/1323
f 557/1065/674 1222/1064/673 559/1974/1324
f 554/1066/674 556/1975/1324 1223/1067/673
f 565/1029/646 1220/1028/647 567/1976/1325
f 561/1025/648 1217/1024/647 563/1977/1325
f 563/1977/1325 1217/1024/647 1218/1023/647 564/1978/1325
f 564/1978/1325 1218/1023/647 562/1022/646
f 568/1979/1325 1219/1027/647 566/1026/648
f 567/1976/1325 1220/1028/647 1219/1027/647 568/1979/1325
f 560/1980/1324 1221/1063/673 558/1062/672
f 559/1974/1324 1222/1064/673 1221/1063/673 560/1980/1324
f 1223/1067/673 556/1975/1324 555/1981/1324 1224/1068/673
f 1224/1068/673 555/1981/1324 553/1061/672
